### host=mad12 date=2026-08-17T11:14:09+01:00 label=run
### repeats=2 cores=1,8,32,128,256 sections=l2,l2avx,l2avx512

===== lscpu =====
Architecture:                            x86_64
CPU op-mode(s):                          32-bit, 64-bit
Address sizes:                           52 bits physical, 57 bits virtual
Byte Order:                              Little Endian
CPU(s):                                  512
On-line CPU(s) list:                     0-511
Vendor ID:                               AuthenticAMD
Model name:                              AMD EPYC 9755 128-Core Processor
CPU family:                              26
Model:                                   2
Thread(s) per core:                      2
Core(s) per socket:                      128
Socket(s):                               2
Stepping:                                1
Frequency boost:                         enabled
CPU(s) scaling MHz:                      52%
CPU max MHz:                             4122.7549
CPU min MHz:                             1212.5750
BogoMIPS:                                5392.65
Flags:                                   fpu vme de pse tsc msr pae mce cx8 apic sep mtrr pge mca cmov pat pse36 clflush mmx fxsr sse sse2 ht syscall nx mmxext fxsr_opt pdpe1gb rdtscp lm constant_tsc rep_good amd_lbr_v2 nopl xtopology nonstop_tsc cpuid extd_apicid aperfmperf rapl pni pclmulqdq monitor ssse3 fma cx16 pcid sse4_1 sse4_2 x2apic movbe popcnt aes xsave avx f16c rdrand lahf_lm cmp_legacy svm extapic cr8_legacy abm sse4a misalignsse 3dnowprefetch osvw ibs skinit wdt tce topoext perfctr_core perfctr_nb bpext perfctr_llc mwaitx cpb cat_l3 cdp_l3 hw_pstate ssbd mba perfmon_v2 ibrs ibpb stibp ibrs_enhanced vmmcall fsgsbase tsc_adjust bmi1 avx2 smep bmi2 erms invpcid cqm rdt_a avx512f avx512dq rdseed adx smap avx512ifma clflushopt clwb avx512cd sha_ni avx512bw avx512vl xsaveopt xsavec xgetbv1 xsaves cqm_llc cqm_occup_llc cqm_mbm_total cqm_mbm_local user_shstk avx_vnni avx512_bf16 clzero irperf xsaveerptr rdpru wbnoinvd amd_ppin cppc arat npt lbrv svm_lock nrip_save tsc_scale vmcb_clean flushbyasid decodeassists pausefilter pfthreshold avic v_vmsave_vmload vgif x2avic v_spec_ctrl vnmi avx512vbmi umip pku ospke avx512_vbmi2 gfni vaes vpclmulqdq avx512_vnni avx512_bitalg avx512_vpopcntdq la57 rdpid bus_lock_detect movdiri movdir64b overflow_recov succor smca fsrm avx512_vp2intersect flush_l1d debug_swap amd_lbr_pmc_freeze
Virtualization:                          AMD-V
L1d cache:                               12 MiB (256 instances)
L1i cache:                               8 MiB (256 instances)
L2 cache:                                256 MiB (256 instances)
L3 cache:                                1 GiB (32 instances)
NUMA node(s):                            8
NUMA node0 CPU(s):                       0-31,256-287
NUMA node1 CPU(s):                       32-63,288-319
NUMA node2 CPU(s):                       64-95,320-351
NUMA node3 CPU(s):                       96-127,352-383
NUMA node4 CPU(s):                       128-159,384-415
NUMA node5 CPU(s):                       160-191,416-447
NUMA node6 CPU(s):                       192-223,448-479
NUMA node7 CPU(s):                       224-255,480-511
Vulnerability Gather data sampling:      Not affected
Vulnerability Indirect target selection: Not affected
Vulnerability Itlb multihit:             Not affected
Vulnerability L1tf:                      Not affected
Vulnerability Mds:                       Not affected
Vulnerability Meltdown:                  Not affected
Vulnerability Mmio stale data:           Not affected
Vulnerability Old microcode:             Not affected
Vulnerability Reg file data sampling:    Not affected
Vulnerability Retbleed:                  Not affected
Vulnerability Spec rstack overflow:      Mitigation; Reduced Speculation
Vulnerability Spec store bypass:         Mitigation; Speculative Store Bypass disabled via prctl
Vulnerability Spectre v1:                Mitigation; usercopy/swapgs barriers and __user pointer sanitization
Vulnerability Spectre v2:                Mitigation; Enhanced / Automatic IBRS; IBPB conditional; STIBP always-on; PBRSB-eIBRS Not affected; BHI Not affected
Vulnerability Srbds:                     Not affected
Vulnerability Tsa:                       Not affected
Vulnerability Tsx async abort:           Not affected
Vulnerability Vmscape:                   Mitigation; IBPB before exit to userspace

===== numactl -H =====
available: 8 nodes (0-7)
node 0 cpus: 0 1 2 3 4 5 6 7 8 9 10 11 12 13 14 15 16 17 18 19 20 21 22 23 24 25 26 27 28 29 30 31 256 257 258 259 260 261 262 263 264 265 266 267 268 269 270 271 272 273 274 275 276 277 278 279 280 281 282 283 284 285 286 287
node 0 size: 192477 MB
node 0 free: 191002 MB
node 1 cpus: 32 33 34 35 36 37 38 39 40 41 42 43 44 45 46 47 48 49 50 51 52 53 54 55 56 57 58 59 60 61 62 63 288 289 290 291 292 293 294 295 296 297 298 299 300 301 302 303 304 305 306 307 308 309 310 311 312 313 314 315 316 317 318 319
node 1 size: 193515 MB
node 1 free: 191728 MB
node 2 cpus: 64 65 66 67 68 69 70 71 72 73 74 75 76 77 78 79 80 81 82 83 84 85 86 87 88 89 90 91 92 93 94 95 320 321 322 323 324 325 326 327 328 329 330 331 332 333 334 335 336 337 338 339 340 341 342 343 344 345 346 347 348 349 350 351
node 2 size: 193515 MB
node 2 free: 192969 MB
node 3 cpus: 96 97 98 99 100 101 102 103 104 105 106 107 108 109 110 111 112 113 114 115 116 117 118 119 120 121 122 123 124 125 126 127 352 353 354 355 356 357 358 359 360 361 362 363 364 365 366 367 368 369 370 371 372 373 374 375 376 377 378 379 380 381 382 383
node 3 size: 193454 MB
node 3 free: 192742 MB
node 4 cpus: 128 129 130 131 132 133 134 135 136 137 138 139 140 141 142 143 144 145 146 147 148 149 150 151 152 153 154 155 156 157 158 159 384 385 386 387 388 389 390 391 392 393 394 395 396 397 398 399 400 401 402 403 404 405 406 407 408 409 410 411 412 413 414 415
node 4 size: 193515 MB
node 4 free: 192658 MB
node 5 cpus: 160 161 162 163 164 165 166 167 168 169 170 171 172 173 174 175 176 177 178 179 180 181 182 183 184 185 186 187 188 189 190 191 416 417 418 419 420 421 422 423 424 425 426 427 428 429 430 431 432 433 434 435 436 437 438 439 440 441 442 443 444 445 446 447
node 5 size: 193515 MB
node 5 free: 192765 MB
node 6 cpus: 192 193 194 195 196 197 198 199 200 201 202 203 204 205 206 207 208 209 210 211 212 213 214 215 216 217 218 219 220 221 222 223 448 449 450 451 452 453 454 455 456 457 458 459 460 461 462 463 464 465 466 467 468 469 470 471 472 473 474 475 476 477 478 479
node 6 size: 193515 MB
node 6 free: 192935 MB
node 7 cpus: 224 225 226 227 228 229 230 231 232 233 234 235 236 237 238 239 240 241 242 243 244 245 246 247 248 249 250 251 252 253 254 255 480 481 482 483 484 485 486 487 488 489 490 491 492 493 494 495 496 497 498 499 500 501 502 503 504 505 506 507 508 509 510 511
node 7 size: 192949 MB
node 7 free: 192215 MB
node distances:
node     0    1    2    3    4    5    6    7 
   0:   10   12   12   12   32   32   32   32 
   1:   12   10   12   12   32   32   32   32 
   2:   12   12   10   12   32   32   32   32 
   3:   12   12   12   10   32   32   32   32 
   4:   32   32   32   32   10   12   12   12 
   5:   32   32   32   32   12   10   12   12 
   6:   32   32   32   32   12   12   10   12 
   7:   32   32   32   32   12   12   12   10 

===== likwid-topology -g -c =====
--------------------------------------------------------------------------------
CPU name:	AMD EPYC 9755 128-Core Processor               
CPU type:	AMD K1A (Zen5) architecture
CPU stepping:	1
********************************************************************************
Hardware Thread Topology
********************************************************************************
Sockets:		2
CPU dies:		32
Cores per socket:	128
Threads per core:	2
--------------------------------------------------------------------------------
HWThread        Thread        Core        Die        Socket        Available
0               0             0           0          0             *                
1               0             1           0          0             *                
2               0             2           0          0             *                
3               0             3           0          0             *                
4               0             4           0          0             *                
5               0             5           0          0             *                
6               0             6           0          0             *                
7               0             7           0          0             *                
8               0             8           0          0             *                
9               0             9           0          0             *                
10              0             10          0          0             *                
11              0             11          0          0             *                
12              0             12          0          0             *                
13              0             13          0          0             *                
14              0             14          0          0             *                
15              0             15          0          0             *                
16              0             16          0          0             *                
17              0             17          0          0             *                
18              0             18          0          0             *                
19              0             19          0          0             *                
20              0             20          0          0             *                
21              0             21          0          0             *                
22              0             22          0          0             *                
23              0             23          0          0             *                
24              0             24          0          0             *                
25              0             25          0          0             *                
26              0             26          0          0             *                
27              0             27          0          0             *                
28              0             28          0          0             *                
29              0             29          0          0             *                
30              0             30          0          0             *                
31              0             31          0          0             *                
32              0             32          0          0             *                
33              0             33          0          0             *                
34              0             34          0          0             *                
35              0             35          0          0             *                
36              0             36          0          0             *                
37              0             37          0          0             *                
38              0             38          0          0             *                
39              0             39          0          0             *                
40              0             40          0          0             *                
41              0             41          0          0             *                
42              0             42          0          0             *                
43              0             43          0          0             *                
44              0             44          0          0             *                
45              0             45          0          0             *                
46              0             46          0          0             *                
47              0             47          0          0             *                
48              0             48          0          0             *                
49              0             49          0          0             *                
50              0             50          0          0             *                
51              0             51          0          0             *                
52              0             52          0          0             *                
53              0             53          0          0             *                
54              0             54          0          0             *                
55              0             55          0          0             *                
56              0             56          0          0             *                
57              0             57          0          0             *                
58              0             58          0          0             *                
59              0             59          0          0             *                
60              0             60          0          0             *                
61              0             61          0          0             *                
62              0             62          0          0             *                
63              0             63          0          0             *                
64              0             64          0          0             *                
65              0             65          0          0             *                
66              0             66          0          0             *                
67              0             67          0          0             *                
68              0             68          0          0             *                
69              0             69          0          0             *                
70              0             70          0          0             *                
71              0             71          0          0             *                
72              0             72          0          0             *                
73              0             73          0          0             *                
74              0             74          0          0             *                
75              0             75          0          0             *                
76              0             76          0          0             *                
77              0             77          0          0             *                
78              0             78          0          0             *                
79              0             79          0          0             *                
80              0             80          0          0             *                
81              0             81          0          0             *                
82              0             82          0          0             *                
83              0             83          0          0             *                
84              0             84          0          0             *                
85              0             85          0          0             *                
86              0             86          0          0             *                
87              0             87          0          0             *                
88              0             88          0          0             *                
89              0             89          0          0             *                
90              0             90          0          0             *                
91              0             91          0          0             *                
92              0             92          0          0             *                
93              0             93          0          0             *                
94              0             94          0          0             *                
95              0             95          0          0             *                
96              0             96          0          0             *                
97              0             97          0          0             *                
98              0             98          0          0             *                
99              0             99          0          0             *                
100             0             100         0          0             *                
101             0             101         0          0             *                
102             0             102         0          0             *                
103             0             103         0          0             *                
104             0             104         0          0             *                
105             0             105         0          0             *                
106             0             106         0          0             *                
107             0             107         0          0             *                
108             0             108         0          0             *                
109             0             109         0          0             *                
110             0             110         0          0             *                
111             0             111         0          0             *                
112             0             112         0          0             *                
113             0             113         0          0             *                
114             0             114         0          0             *                
115             0             115         0          0             *                
116             0             116         0          0             *                
117             0             117         0          0             *                
118             0             118         0          0             *                
119             0             119         0          0             *                
120             0             120         0          0             *                
121             0             121         0          0             *                
122             0             122         0          0             *                
123             0             123         0          0             *                
124             0             124         0          0             *                
125             0             125         0          0             *                
126             0             126         0          0             *                
127             0             127         0          0             *                
128             0             128         0          1             *                
129             0             129         0          1             *                
130             0             130         0          1             *                
131             0             131         0          1             *                
132             0             132         0          1             *                
133             0             133         0          1             *                
134             0             134         0          1             *                
135             0             135         0          1             *                
136             0             136         0          1             *                
137             0             137         0          1             *                
138             0             138         0          1             *                
139             0             139         0          1             *                
140             0             140         0          1             *                
141             0             141         0          1             *                
142             0             142         0          1             *                
143             0             143         0          1             *                
144             0             144         0          1             *                
145             0             145         0          1             *                
146             0             146         0          1             *                
147             0             147         0          1             *                
148             0             148         0          1             *                
149             0             149         0          1             *                
150             0             150         0          1             *                
151             0             151         0          1             *                
152             0             152         0          1             *                
153             0             153         0          1             *                
154             0             154         0          1             *                
155             0             155         0          1             *                
156             0             156         0          1             *                
157             0             157         0          1             *                
158             0             158         0          1             *                
159             0             159         0          1             *                
160             0             160         0          1             *                
161             0             161         0          1             *                
162             0             162         0          1             *                
163             0             163         0          1             *                
164             0             164         0          1             *                
165             0             165         0          1             *                
166             0             166         0          1             *                
167             0             167         0          1             *                
168             0             168         0          1             *                
169             0             169         0          1             *                
170             0             170         0          1             *                
171             0             171         0          1             *                
172             0             172         0          1             *                
173             0             173         0          1             *                
174             0             174         0          1             *                
175             0             175         0          1             *                
176             0             176         0          1             *                
177             0             177         0          1             *                
178             0             178         0          1             *                
179             0             179         0          1             *                
180             0             180         0          1             *                
181             0             181         0          1             *                
182             0             182         0          1             *                
183             0             183         0          1             *                
184             0             184         0          1             *                
185             0             185         0          1             *                
186             0             186         0          1             *                
187             0             187         0          1             *                
188             0             188         0          1             *                
189             0             189         0          1             *                
190             0             190         0          1             *                
191             0             191         0          1             *                
192             0             192         0          1             *                
193             0             193         0          1             *                
194             0             194         0          1             *                
195             0             195         0          1             *                
196             0             196         0          1             *                
197             0             197         0          1             *                
198             0             198         0          1             *                
199             0             199         0          1             *                
200             0             200         0          1             *                
201             0             201         0          1             *                
202             0             202         0          1             *                
203             0             203         0          1             *                
204             0             204         0          1             *                
205             0             205         0          1             *                
206             0             206         0          1             *                
207             0             207         0          1             *                
208             0             208         0          1             *                
209             0             209         0          1             *                
210             0             210         0          1             *                
211             0             211         0          1             *                
212             0             212         0          1             *                
213             0             213         0          1             *                
214             0             214         0          1             *                
215             0             215         0          1             *                
216             0             216         0          1             *                
217             0             217         0          1             *                
218             0             218         0          1             *                
219             0             219         0          1             *                
220             0             220         0          1             *                
221             0             221         0          1             *                
222             0             222         0          1             *                
223             0             223         0          1             *                
224             0             224         0          1             *                
225             0             225         0          1             *                
226             0             226         0          1             *                
227             0             227         0          1             *                
228             0             228         0          1             *                
229             0             229         0          1             *                
230             0             230         0          1             *                
231             0             231         0          1             *                
232             0             232         0          1             *                
233             0             233         0          1             *                
234             0             234         0          1             *                
235             0             235         0          1             *                
236             0             236         0          1             *                
237             0             237         0          1             *                
238             0             238         0          1             *                
239             0             239         0          1             *                
240             0             240         0          1             *                
241             0             241         0          1             *                
242             0             242         0          1             *                
243             0             243         0          1             *                
244             0             244         0          1             *                
245             0             245         0          1             *                
246             0             246         0          1             *                
247             0             247         0          1             *                
248             0             248         0          1             *                
249             0             249         0          1             *                
250             0             250         0          1             *                
251             0             251         0          1             *                
252             0             252         0          1             *                
253             0             253         0          1             *                
254             0             254         0          1             *                
255             0             255         0          1             *                
256             1             0           0          0             *                
257             1             1           0          0             *                
258             1             2           0          0             *                
259             1             3           0          0             *                
260             1             4           0          0             *                
261             1             5           0          0             *                
262             1             6           0          0             *                
263             1             7           0          0             *                
264             1             8           0          0             *                
265             1             9           0          0             *                
266             1             10          0          0             *                
267             1             11          0          0             *                
268             1             12          0          0             *                
269             1             13          0          0             *                
270             1             14          0          0             *                
271             1             15          0          0             *                
272             1             16          0          0             *                
273             1             17          0          0             *                
274             1             18          0          0             *                
275             1             19          0          0             *                
276             1             20          0          0             *                
277             1             21          0          0             *                
278             1             22          0          0             *                
279             1             23          0          0             *                
280             1             24          0          0             *                
281             1             25          0          0             *                
282             1             26          0          0             *                
283             1             27          0          0             *                
284             1             28          0          0             *                
285             1             29          0          0             *                
286             1             30          0          0             *                
287             1             31          0          0             *                
288             1             32          0          0             *                
289             1             33          0          0             *                
290             1             34          0          0             *                
291             1             35          0          0             *                
292             1             36          0          0             *                
293             1             37          0          0             *                
294             1             38          0          0             *                
295             1             39          0          0             *                
296             1             40          0          0             *                
297             1             41          0          0             *                
298             1             42          0          0             *                
299             1             43          0          0             *                
300             1             44          0          0             *                
301             1             45          0          0             *                
302             1             46          0          0             *                
303             1             47          0          0             *                
304             1             48          0          0             *                
305             1             49          0          0             *                
306             1             50          0          0             *                
307             1             51          0          0             *                
308             1             52          0          0             *                
309             1             53          0          0             *                
310             1             54          0          0             *                
311             1             55          0          0             *                
312             1             56          0          0             *                
313             1             57          0          0             *                
314             1             58          0          0             *                
315             1             59          0          0             *                
316             1             60          0          0             *                
317             1             61          0          0             *                
318             1             62          0          0             *                
319             1             63          0          0             *                
320             1             64          0          0             *                
321             1             65          0          0             *                
322             1             66          0          0             *                
323             1             67          0          0             *                
324             1             68          0          0             *                
325             1             69          0          0             *                
326             1             70          0          0             *                
327             1             71          0          0             *                
328             1             72          0          0             *                
329             1             73          0          0             *                
330             1             74          0          0             *                
331             1             75          0          0             *                
332             1             76          0          0             *                
333             1             77          0          0             *                
334             1             78          0          0             *                
335             1             79          0          0             *                
336             1             80          0          0             *                
337             1             81          0          0             *                
338             1             82          0          0             *                
339             1             83          0          0             *                
340             1             84          0          0             *                
341             1             85          0          0             *                
342             1             86          0          0             *                
343             1             87          0          0             *                
344             1             88          0          0             *                
345             1             89          0          0             *                
346             1             90          0          0             *                
347             1             91          0          0             *                
348             1             92          0          0             *                
349             1             93          0          0             *                
350             1             94          0          0             *                
351             1             95          0          0             *                
352             1             96          0          0             *                
353             1             97          0          0             *                
354             1             98          0          0             *                
355             1             99          0          0             *                
356             1             100         0          0             *                
357             1             101         0          0             *                
358             1             102         0          0             *                
359             1             103         0          0             *                
360             1             104         0          0             *                
361             1             105         0          0             *                
362             1             106         0          0             *                
363             1             107         0          0             *                
364             1             108         0          0             *                
365             1             109         0          0             *                
366             1             110         0          0             *                
367             1             111         0          0             *                
368             1             112         0          0             *                
369             1             113         0          0             *                
370             1             114         0          0             *                
371             1             115         0          0             *                
372             1             116         0          0             *                
373             1             117         0          0             *                
374             1             118         0          0             *                
375             1             119         0          0             *                
376             1             120         0          0             *                
377             1             121         0          0             *                
378             1             122         0          0             *                
379             1             123         0          0             *                
380             1             124         0          0             *                
381             1             125         0          0             *                
382             1             126         0          0             *                
383             1             127         0          0             *                
384             1             128         0          1             *                
385             1             129         0          1             *                
386             1             130         0          1             *                
387             1             131         0          1             *                
388             1             132         0          1             *                
389             1             133         0          1             *                
390             1             134         0          1             *                
391             1             135         0          1             *                
392             1             136         0          1             *                
393             1             137         0          1             *                
394             1             138         0          1             *                
395             1             139         0          1             *                
396             1             140         0          1             *                
397             1             141         0          1             *                
398             1             142         0          1             *                
399             1             143         0          1             *                
400             1             144         0          1             *                
401             1             145         0          1             *                
402             1             146         0          1             *                
403             1             147         0          1             *                
404             1             148         0          1             *                
405             1             149         0          1             *                
406             1             150         0          1             *                
407             1             151         0          1             *                
408             1             152         0          1             *                
409             1             153         0          1             *                
410             1             154         0          1             *                
411             1             155         0          1             *                
412             1             156         0          1             *                
413             1             157         0          1             *                
414             1             158         0          1             *                
415             1             159         0          1             *                
416             1             160         0          1             *                
417             1             161         0          1             *                
418             1             162         0          1             *                
419             1             163         0          1             *                
420             1             164         0          1             *                
421             1             165         0          1             *                
422             1             166         0          1             *                
423             1             167         0          1             *                
424             1             168         0          1             *                
425             1             169         0          1             *                
426             1             170         0          1             *                
427             1             171         0          1             *                
428             1             172         0          1             *                
429             1             173         0          1             *                
430             1             174         0          1             *                
431             1             175         0          1             *                
432             1             176         0          1             *                
433             1             177         0          1             *                
434             1             178         0          1             *                
435             1             179         0          1             *                
436             1             180         0          1             *                
437             1             181         0          1             *                
438             1             182         0          1             *                
439             1             183         0          1             *                
440             1             184         0          1             *                
441             1             185         0          1             *                
442             1             186         0          1             *                
443             1             187         0          1             *                
444             1             188         0          1             *                
445             1             189         0          1             *                
446             1             190         0          1             *                
447             1             191         0          1             *                
448             1             192         0          1             *                
449             1             193         0          1             *                
450             1             194         0          1             *                
451             1             195         0          1             *                
452             1             196         0          1             *                
453             1             197         0          1             *                
454             1             198         0          1             *                
455             1             199         0          1             *                
456             1             200         0          1             *                
457             1             201         0          1             *                
458             1             202         0          1             *                
459             1             203         0          1             *                
460             1             204         0          1             *                
461             1             205         0          1             *                
462             1             206         0          1             *                
463             1             207         0          1             *                
464             1             208         0          1             *                
465             1             209         0          1             *                
466             1             210         0          1             *                
467             1             211         0          1             *                
468             1             212         0          1             *                
469             1             213         0          1             *                
470             1             214         0          1             *                
471             1             215         0          1             *                
472             1             216         0          1             *                
473             1             217         0          1             *                
474             1             218         0          1             *                
475             1             219         0          1             *                
476             1             220         0          1             *                
477             1             221         0          1             *                
478             1             222         0          1             *                
479             1             223         0          1             *                
480             1             224         0          1             *                
481             1             225         0          1             *                
482             1             226         0          1             *                
483             1             227         0          1             *                
484             1             228         0          1             *                
485             1             229         0          1             *                
486             1             230         0          1             *                
487             1             231         0          1             *                
488             1             232         0          1             *                
489             1             233         0          1             *                
490             1             234         0          1             *                
491             1             235         0          1             *                
492             1             236         0          1             *                
493             1             237         0          1             *                
494             1             238         0          1             *                
495             1             239         0          1             *                
496             1             240         0          1             *                
497             1             241         0          1             *                
498             1             242         0          1             *                
499             1             243         0          1             *                
500             1             244         0          1             *                
501             1             245         0          1             *                
502             1             246         0          1             *                
503             1             247         0          1             *                
504             1             248         0          1             *                
505             1             249         0          1             *                
506             1             250         0          1             *                
507             1             251         0          1             *                
508             1             252         0          1             *                
509             1             253         0          1             *                
510             1             254         0          1             *                
511             1             255         0          1             *                
--------------------------------------------------------------------------------
Socket 0:		( 0 256 1 257 2 258 3 259 4 260 5 261 6 262 7 263 8 264 9 265 10 266 11 267 12 268 13 269 14 270 15 271 16 272 17 273 18 274 19 275 20 276 21 277 22 278 23 279 24 280 25 281 26 282 27 283 28 284 29 285 30 286 31 287 32 288 33 289 34 290 35 291 36 292 37 293 38 294 39 295 40 296 41 297 42 298 43 299 44 300 45 301 46 302 47 303 48 304 49 305 50 306 51 307 52 308 53 309 54 310 55 311 56 312 57 313 58 314 59 315 60 316 61 317 62 318 63 319 64 320 65 321 66 322 67 323 68 324 69 325 70 326 71 327 72 328 73 329 74 330 75 331 76 332 77 333 78 334 79 335 80 336 81 337 82 338 83 339 84 340 85 341 86 342 87 343 88 344 89 345 90 346 91 347 92 348 93 349 94 350 95 351 96 352 97 353 98 354 99 355 100 356 101 357 102 358 103 359 104 360 105 361 106 362 107 363 108 364 109 365 110 366 111 367 112 368 113 369 114 370 115 371 116 372 117 373 118 374 119 375 120 376 121 377 122 378 123 379 124 380 125 381 126 382 127 383 )
Socket 1:		( 128 384 129 385 130 386 131 387 132 388 133 389 134 390 135 391 136 392 137 393 138 394 139 395 140 396 141 397 142 398 143 399 144 400 145 401 146 402 147 403 148 404 149 405 150 406 151 407 152 408 153 409 154 410 155 411 156 412 157 413 158 414 159 415 160 416 161 417 162 418 163 419 164 420 165 421 166 422 167 423 168 424 169 425 170 426 171 427 172 428 173 429 174 430 175 431 176 432 177 433 178 434 179 435 180 436 181 437 182 438 183 439 184 440 185 441 186 442 187 443 188 444 189 445 190 446 191 447 192 448 193 449 194 450 195 451 196 452 197 453 198 454 199 455 200 456 201 457 202 458 203 459 204 460 205 461 206 462 207 463 208 464 209 465 210 466 211 467 212 468 213 469 214 470 215 471 216 472 217 473 218 474 219 475 220 476 221 477 222 478 223 479 224 480 225 481 226 482 227 483 228 484 229 485 230 486 231 487 232 488 233 489 234 490 235 491 236 492 237 493 238 494 239 495 240 496 241 497 242 498 243 499 244 500 245 501 246 502 247 503 248 504 249 505 250 506 251 507 252 508 253 509 254 510 255 511 )
--------------------------------------------------------------------------------
********************************************************************************
Cache Topology
********************************************************************************
Level:			1
Size:			48 kB
Type:			Data cache
Associativity:		12
Number of sets:		64
Cache line size:	64
Cache type:		Non Inclusive
Shared by threads:	2
Cache groups:		( 0 256 ) ( 1 257 ) ( 2 258 ) ( 3 259 ) ( 4 260 ) ( 5 261 ) ( 6 262 ) ( 7 263 ) ( 8 264 ) ( 9 265 ) ( 10 266 ) ( 11 267 ) ( 12 268 ) ( 13 269 ) ( 14 270 ) ( 15 271 ) ( 16 272 ) ( 17 273 ) ( 18 274 ) ( 19 275 ) ( 20 276 ) ( 21 277 ) ( 22 278 ) ( 23 279 ) ( 24 280 ) ( 25 281 ) ( 26 282 ) ( 27 283 ) ( 28 284 ) ( 29 285 ) ( 30 286 ) ( 31 287 ) ( 32 288 ) ( 33 289 ) ( 34 290 ) ( 35 291 ) ( 36 292 ) ( 37 293 ) ( 38 294 ) ( 39 295 ) ( 40 296 ) ( 41 297 ) ( 42 298 ) ( 43 299 ) ( 44 300 ) ( 45 301 ) ( 46 302 ) ( 47 303 ) ( 48 304 ) ( 49 305 ) ( 50 306 ) ( 51 307 ) ( 52 308 ) ( 53 309 ) ( 54 310 ) ( 55 311 ) ( 56 312 ) ( 57 313 ) ( 58 314 ) ( 59 315 ) ( 60 316 ) ( 61 317 ) ( 62 318 ) ( 63 319 ) ( 64 320 ) ( 65 321 ) ( 66 322 ) ( 67 323 ) ( 68 324 ) ( 69 325 ) ( 70 326 ) ( 71 327 ) ( 72 328 ) ( 73 329 ) ( 74 330 ) ( 75 331 ) ( 76 332 ) ( 77 333 ) ( 78 334 ) ( 79 335 ) ( 80 336 ) ( 81 337 ) ( 82 338 ) ( 83 339 ) ( 84 340 ) ( 85 341 ) ( 86 342 ) ( 87 343 ) ( 88 344 ) ( 89 345 ) ( 90 346 ) ( 91 347 ) ( 92 348 ) ( 93 349 ) ( 94 350 ) ( 95 351 ) ( 96 352 ) ( 97 353 ) ( 98 354 ) ( 99 355 ) ( 100 356 ) ( 101 357 ) ( 102 358 ) ( 103 359 ) ( 104 360 ) ( 105 361 ) ( 106 362 ) ( 107 363 ) ( 108 364 ) ( 109 365 ) ( 110 366 ) ( 111 367 ) ( 112 368 ) ( 113 369 ) ( 114 370 ) ( 115 371 ) ( 116 372 ) ( 117 373 ) ( 118 374 ) ( 119 375 ) ( 120 376 ) ( 121 377 ) ( 122 378 ) ( 123 379 ) ( 124 380 ) ( 125 381 ) ( 126 382 ) ( 127 383 ) ( 128 384 ) ( 129 385 ) ( 130 386 ) ( 131 387 ) ( 132 388 ) ( 133 389 ) ( 134 390 ) ( 135 391 ) ( 136 392 ) ( 137 393 ) ( 138 394 ) ( 139 395 ) ( 140 396 ) ( 141 397 ) ( 142 398 ) ( 143 399 ) ( 144 400 ) ( 145 401 ) ( 146 402 ) ( 147 403 ) ( 148 404 ) ( 149 405 ) ( 150 406 ) ( 151 407 ) ( 152 408 ) ( 153 409 ) ( 154 410 ) ( 155 411 ) ( 156 412 ) ( 157 413 ) ( 158 414 ) ( 159 415 ) ( 160 416 ) ( 161 417 ) ( 162 418 ) ( 163 419 ) ( 164 420 ) ( 165 421 ) ( 166 422 ) ( 167 423 ) ( 168 424 ) ( 169 425 ) ( 170 426 ) ( 171 427 ) ( 172 428 ) ( 173 429 ) ( 174 430 ) ( 175 431 ) ( 176 432 ) ( 177 433 ) ( 178 434 ) ( 179 435 ) ( 180 436 ) ( 181 437 ) ( 182 438 ) ( 183 439 ) ( 184 440 ) ( 185 441 ) ( 186 442 ) ( 187 443 ) ( 188 444 ) ( 189 445 ) ( 190 446 ) ( 191 447 ) ( 192 448 ) ( 193 449 ) ( 194 450 ) ( 195 451 ) ( 196 452 ) ( 197 453 ) ( 198 454 ) ( 199 455 ) ( 200 456 ) ( 201 457 ) ( 202 458 ) ( 203 459 ) ( 204 460 ) ( 205 461 ) ( 206 462 ) ( 207 463 ) ( 208 464 ) ( 209 465 ) ( 210 466 ) ( 211 467 ) ( 212 468 ) ( 213 469 ) ( 214 470 ) ( 215 471 ) ( 216 472 ) ( 217 473 ) ( 218 474 ) ( 219 475 ) ( 220 476 ) ( 221 477 ) ( 222 478 ) ( 223 479 ) ( 224 480 ) ( 225 481 ) ( 226 482 ) ( 227 483 ) ( 228 484 ) ( 229 485 ) ( 230 486 ) ( 231 487 ) ( 232 488 ) ( 233 489 ) ( 234 490 ) ( 235 491 ) ( 236 492 ) ( 237 493 ) ( 238 494 ) ( 239 495 ) ( 240 496 ) ( 241 497 ) ( 242 498 ) ( 243 499 ) ( 244 500 ) ( 245 501 ) ( 246 502 ) ( 247 503 ) ( 248 504 ) ( 249 505 ) ( 250 506 ) ( 251 507 ) ( 252 508 ) ( 253 509 ) ( 254 510 ) ( 255 511 )
--------------------------------------------------------------------------------
Level:			2
Size:			1 MB
Type:			Unified cache
Associativity:		16
Number of sets:		1024
Cache line size:	64
Cache type:		Non Inclusive
Shared by threads:	2
Cache groups:		( 0 256 ) ( 1 257 ) ( 2 258 ) ( 3 259 ) ( 4 260 ) ( 5 261 ) ( 6 262 ) ( 7 263 ) ( 8 264 ) ( 9 265 ) ( 10 266 ) ( 11 267 ) ( 12 268 ) ( 13 269 ) ( 14 270 ) ( 15 271 ) ( 16 272 ) ( 17 273 ) ( 18 274 ) ( 19 275 ) ( 20 276 ) ( 21 277 ) ( 22 278 ) ( 23 279 ) ( 24 280 ) ( 25 281 ) ( 26 282 ) ( 27 283 ) ( 28 284 ) ( 29 285 ) ( 30 286 ) ( 31 287 ) ( 32 288 ) ( 33 289 ) ( 34 290 ) ( 35 291 ) ( 36 292 ) ( 37 293 ) ( 38 294 ) ( 39 295 ) ( 40 296 ) ( 41 297 ) ( 42 298 ) ( 43 299 ) ( 44 300 ) ( 45 301 ) ( 46 302 ) ( 47 303 ) ( 48 304 ) ( 49 305 ) ( 50 306 ) ( 51 307 ) ( 52 308 ) ( 53 309 ) ( 54 310 ) ( 55 311 ) ( 56 312 ) ( 57 313 ) ( 58 314 ) ( 59 315 ) ( 60 316 ) ( 61 317 ) ( 62 318 ) ( 63 319 ) ( 64 320 ) ( 65 321 ) ( 66 322 ) ( 67 323 ) ( 68 324 ) ( 69 325 ) ( 70 326 ) ( 71 327 ) ( 72 328 ) ( 73 329 ) ( 74 330 ) ( 75 331 ) ( 76 332 ) ( 77 333 ) ( 78 334 ) ( 79 335 ) ( 80 336 ) ( 81 337 ) ( 82 338 ) ( 83 339 ) ( 84 340 ) ( 85 341 ) ( 86 342 ) ( 87 343 ) ( 88 344 ) ( 89 345 ) ( 90 346 ) ( 91 347 ) ( 92 348 ) ( 93 349 ) ( 94 350 ) ( 95 351 ) ( 96 352 ) ( 97 353 ) ( 98 354 ) ( 99 355 ) ( 100 356 ) ( 101 357 ) ( 102 358 ) ( 103 359 ) ( 104 360 ) ( 105 361 ) ( 106 362 ) ( 107 363 ) ( 108 364 ) ( 109 365 ) ( 110 366 ) ( 111 367 ) ( 112 368 ) ( 113 369 ) ( 114 370 ) ( 115 371 ) ( 116 372 ) ( 117 373 ) ( 118 374 ) ( 119 375 ) ( 120 376 ) ( 121 377 ) ( 122 378 ) ( 123 379 ) ( 124 380 ) ( 125 381 ) ( 126 382 ) ( 127 383 ) ( 128 384 ) ( 129 385 ) ( 130 386 ) ( 131 387 ) ( 132 388 ) ( 133 389 ) ( 134 390 ) ( 135 391 ) ( 136 392 ) ( 137 393 ) ( 138 394 ) ( 139 395 ) ( 140 396 ) ( 141 397 ) ( 142 398 ) ( 143 399 ) ( 144 400 ) ( 145 401 ) ( 146 402 ) ( 147 403 ) ( 148 404 ) ( 149 405 ) ( 150 406 ) ( 151 407 ) ( 152 408 ) ( 153 409 ) ( 154 410 ) ( 155 411 ) ( 156 412 ) ( 157 413 ) ( 158 414 ) ( 159 415 ) ( 160 416 ) ( 161 417 ) ( 162 418 ) ( 163 419 ) ( 164 420 ) ( 165 421 ) ( 166 422 ) ( 167 423 ) ( 168 424 ) ( 169 425 ) ( 170 426 ) ( 171 427 ) ( 172 428 ) ( 173 429 ) ( 174 430 ) ( 175 431 ) ( 176 432 ) ( 177 433 ) ( 178 434 ) ( 179 435 ) ( 180 436 ) ( 181 437 ) ( 182 438 ) ( 183 439 ) ( 184 440 ) ( 185 441 ) ( 186 442 ) ( 187 443 ) ( 188 444 ) ( 189 445 ) ( 190 446 ) ( 191 447 ) ( 192 448 ) ( 193 449 ) ( 194 450 ) ( 195 451 ) ( 196 452 ) ( 197 453 ) ( 198 454 ) ( 199 455 ) ( 200 456 ) ( 201 457 ) ( 202 458 ) ( 203 459 ) ( 204 460 ) ( 205 461 ) ( 206 462 ) ( 207 463 ) ( 208 464 ) ( 209 465 ) ( 210 466 ) ( 211 467 ) ( 212 468 ) ( 213 469 ) ( 214 470 ) ( 215 471 ) ( 216 472 ) ( 217 473 ) ( 218 474 ) ( 219 475 ) ( 220 476 ) ( 221 477 ) ( 222 478 ) ( 223 479 ) ( 224 480 ) ( 225 481 ) ( 226 482 ) ( 227 483 ) ( 228 484 ) ( 229 485 ) ( 230 486 ) ( 231 487 ) ( 232 488 ) ( 233 489 ) ( 234 490 ) ( 235 491 ) ( 236 492 ) ( 237 493 ) ( 238 494 ) ( 239 495 ) ( 240 496 ) ( 241 497 ) ( 242 498 ) ( 243 499 ) ( 244 500 ) ( 245 501 ) ( 246 502 ) ( 247 503 ) ( 248 504 ) ( 249 505 ) ( 250 506 ) ( 251 507 ) ( 252 508 ) ( 253 509 ) ( 254 510 ) ( 255 511 )
--------------------------------------------------------------------------------
Level:			3
Size:			32 MB
Type:			Unified cache
Associativity:		16
Number of sets:		32768
Cache line size:	64
Cache type:		Non Inclusive
Shared by threads:	16
Cache groups:		( 0 256 1 257 2 258 3 259 4 260 5 261 6 262 7 263 ) ( 8 264 9 265 10 266 11 267 12 268 13 269 14 270 15 271 ) ( 16 272 17 273 18 274 19 275 20 276 21 277 22 278 23 279 ) ( 24 280 25 281 26 282 27 283 28 284 29 285 30 286 31 287 ) ( 32 288 33 289 34 290 35 291 36 292 37 293 38 294 39 295 ) ( 40 296 41 297 42 298 43 299 44 300 45 301 46 302 47 303 ) ( 48 304 49 305 50 306 51 307 52 308 53 309 54 310 55 311 ) ( 56 312 57 313 58 314 59 315 60 316 61 317 62 318 63 319 ) ( 64 320 65 321 66 322 67 323 68 324 69 325 70 326 71 327 ) ( 72 328 73 329 74 330 75 331 76 332 77 333 78 334 79 335 ) ( 80 336 81 337 82 338 83 339 84 340 85 341 86 342 87 343 ) ( 88 344 89 345 90 346 91 347 92 348 93 349 94 350 95 351 ) ( 96 352 97 353 98 354 99 355 100 356 101 357 102 358 103 359 ) ( 104 360 105 361 106 362 107 363 108 364 109 365 110 366 111 367 ) ( 112 368 113 369 114 370 115 371 116 372 117 373 118 374 119 375 ) ( 120 376 121 377 122 378 123 379 124 380 125 381 126 382 127 383 ) ( 128 384 129 385 130 386 131 387 132 388 133 389 134 390 135 391 ) ( 136 392 137 393 138 394 139 395 140 396 141 397 142 398 143 399 ) ( 144 400 145 401 146 402 147 403 148 404 149 405 150 406 151 407 ) ( 152 408 153 409 154 410 155 411 156 412 157 413 158 414 159 415 ) ( 160 416 161 417 162 418 163 419 164 420 165 421 166 422 167 423 ) ( 168 424 169 425 170 426 171 427 172 428 173 429 174 430 175 431 ) ( 176 432 177 433 178 434 179 435 180 436 181 437 182 438 183 439 ) ( 184 440 185 441 186 442 187 443 188 444 189 445 190 446 191 447 ) ( 192 448 193 449 194 450 195 451 196 452 197 453 198 454 199 455 ) ( 200 456 201 457 202 458 203 459 204 460 205 461 206 462 207 463 ) ( 208 464 209 465 210 466 211 467 212 468 213 469 214 470 215 471 ) ( 216 472 217 473 218 474 219 475 220 476 221 477 222 478 223 479 ) ( 224 480 225 481 226 482 227 483 228 484 229 485 230 486 231 487 ) ( 232 488 233 489 234 490 235 491 236 492 237 493 238 494 239 495 ) ( 240 496 241 497 242 498 243 499 244 500 245 501 246 502 247 503 ) ( 248 504 249 505 250 506 251 507 252 508 253 509 254 510 255 511 )
--------------------------------------------------------------------------------
********************************************************************************
NUMA Topology
********************************************************************************
NUMA domains:		8
--------------------------------------------------------------------------------
Domain:			0
Processors:		( 0 256 1 257 2 258 3 259 4 260 5 261 6 262 7 263 8 264 9 265 10 266 11 267 12 268 13 269 14 270 15 271 16 272 17 273 18 274 19 275 20 276 21 277 22 278 23 279 24 280 25 281 26 282 27 283 28 284 29 285 30 286 31 287 )
Distances:		10 12 12 12 32 32 32 32
Free memory:		191002 MB
Total memory:		192478 MB
--------------------------------------------------------------------------------
Domain:			1
Processors:		( 32 288 33 289 34 290 35 291 36 292 37 293 38 294 39 295 40 296 41 297 42 298 43 299 44 300 45 301 46 302 47 303 48 304 49 305 50 306 51 307 52 308 53 309 54 310 55 311 56 312 57 313 58 314 59 315 60 316 61 317 62 318 63 319 )
Distances:		12 10 12 12 32 32 32 32
Free memory:		191730 MB
Total memory:		193516 MB
--------------------------------------------------------------------------------
Domain:			2
Processors:		( 64 320 65 321 66 322 67 323 68 324 69 325 70 326 71 327 72 328 73 329 74 330 75 331 76 332 77 333 78 334 79 335 80 336 81 337 82 338 83 339 84 340 85 341 86 342 87 343 88 344 89 345 90 346 91 347 92 348 93 349 94 350 95 351 )
Distances:		12 12 10 12 32 32 32 32
Free memory:		192970 MB
Total memory:		193516 MB
--------------------------------------------------------------------------------
Domain:			3
Processors:		( 96 352 97 353 98 354 99 355 100 356 101 357 102 358 103 359 104 360 105 361 106 362 107 363 108 364 109 365 110 366 111 367 112 368 113 369 114 370 115 371 116 372 117 373 118 374 119 375 120 376 121 377 122 378 123 379 124 380 125 381 126 382 127 383 )
Distances:		12 12 12 10 32 32 32 32
Free memory:		192742 MB
Total memory:		193454 MB
--------------------------------------------------------------------------------
Domain:			4
Processors:		( 128 384 129 385 130 386 131 387 132 388 133 389 134 390 135 391 136 392 137 393 138 394 139 395 140 396 141 397 142 398 143 399 144 400 145 401 146 402 147 403 148 404 149 405 150 406 151 407 152 408 153 409 154 410 155 411 156 412 157 413 158 414 159 415 )
Distances:		32 32 32 32 10 12 12 12
Free memory:		192658 MB
Total memory:		193516 MB
--------------------------------------------------------------------------------
Domain:			5
Processors:		( 160 416 161 417 162 418 163 419 164 420 165 421 166 422 167 423 168 424 169 425 170 426 171 427 172 428 173 429 174 430 175 431 176 432 177 433 178 434 179 435 180 436 181 437 182 438 183 439 184 440 185 441 186 442 187 443 188 444 189 445 190 446 191 447 )
Distances:		32 32 32 32 12 10 12 12
Free memory:		192767 MB
Total memory:		193516 MB
--------------------------------------------------------------------------------
Domain:			6
Processors:		( 192 448 193 449 194 450 195 451 196 452 197 453 198 454 199 455 200 456 201 457 202 458 203 459 204 460 205 461 206 462 207 463 208 464 209 465 210 466 211 467 212 468 213 469 214 470 215 471 216 472 217 473 218 474 219 475 220 476 221 477 222 478 223 479 )
Distances:		32 32 32 32 12 12 10 12
Free memory:		192936 MB
Total memory:		193516 MB
--------------------------------------------------------------------------------
Domain:			7
Processors:		( 224 480 225 481 226 482 227 483 228 484 229 485 230 486 231 487 232 488 233 489 234 490 235 491 236 492 237 493 238 494 239 495 240 496 241 497 242 498 243 499 244 500 245 501 246 502 247 503 248 504 249 505 250 506 251 507 252 508 253 509 254 510 255 511 )
Distances:		32 32 32 32 12 12 12 10
Free memory:		192204 MB
Total memory:		192949 MB
--------------------------------------------------------------------------------


********************************************************************************
Graphical Topology
********************************************************************************
Socket 0:
+---------------------------------------------------------------------------------------------------------------------------------------------------------------------------------------------------------------------------------------------------------------------------------------------------------------------------------------------------------------------------------------------------------------------------------------------------------------------------------------------------------------------------------------------------------------------------------------------------------------------------------------------------------------------------------------------------------------------------------------------------------------------------------------------------------------------------------------------------------------------------------------------------------------------------------------------------------------------------------------------------------------------------------------------------------------------------------------------------------------------------------------------------------------------------------------------------------------------------------------------------------------------------------------------------------------------------------------------------------------------------------------------------------------------------------------------------------------------------------------------------------------------------------------------------------------------------------------------------------------------------------------------------------------------------------------------------------------------------------+
| +----------+ +----------+ +----------+ +----------+ +----------+ +----------+ +----------+ +----------+ +----------+ +----------+ +----------+ +----------+ +----------+ +----------+ +----------+ +----------+ +----------+ +----------+ +----------+ +----------+ +----------+ +----------+ +----------+ +----------+ +----------+ +----------+ +----------+ +----------+ +----------+ +----------+ +----------+ +----------+ +----------+ +----------+ +----------+ +----------+ +----------+ +----------+ +----------+ +----------+ +----------+ +----------+ +----------+ +----------+ +----------+ +----------+ +----------+ +----------+ +----------+ +----------+ +----------+ +----------+ +----------+ +----------+ +----------+ +----------+ +----------+ +----------+ +----------+ +----------+ +----------+ +----------+ +----------+ +----------+ +----------+ +----------+ +----------+ +----------+ +----------+ +----------+ +----------+ +----------+ +----------+ +----------+ +----------+ +----------+ +----------+ +----------+ +----------+ +----------+ +----------+ +----------+ +----------+ +----------+ +----------+ +----------+ +----------+ +----------+ +----------+ +----------+ +----------+ +----------+ +----------+ +----------+ +----------+ +----------+ +----------+ +----------+ +----------+ +----------+ +----------+ +----------+ +----------+ +----------+ +----------+ +----------+ +----------+ +----------+ +----------+ +----------+ +----------+ +----------+ +----------+ +----------+ +----------+ +----------+ +----------+ +----------+ +----------+ +----------+ +----------+ +----------+ +----------+ +----------+ +----------+ +----------+ +----------+ +----------+ |
| |  0 256   | |  1 257   | |  2 258   | |  3 259   | |  4 260   | |  5 261   | |  6 262   | |  7 263   | |  8 264   | |  9 265   | |  10 266  | |  11 267  | |  12 268  | |  13 269  | |  14 270  | |  15 271  | |  16 272  | |  17 273  | |  18 274  | |  19 275  | |  20 276  | |  21 277  | |  22 278  | |  23 279  | |  24 280  | |  25 281  | |  26 282  | |  27 283  | |  28 284  | |  29 285  | |  30 286  | |  31 287  | |  32 288  | |  33 289  | |  34 290  | |  35 291  | |  36 292  | |  37 293  | |  38 294  | |  39 295  | |  40 296  | |  41 297  | |  42 298  | |  43 299  | |  44 300  | |  45 301  | |  46 302  | |  47 303  | |  48 304  | |  49 305  | |  50 306  | |  51 307  | |  52 308  | |  53 309  | |  54 310  | |  55 311  | |  56 312  | |  57 313  | |  58 314  | |  59 315  | |  60 316  | |  61 317  | |  62 318  | |  63 319  | |  64 320  | |  65 321  | |  66 322  | |  67 323  | |  68 324  | |  69 325  | |  70 326  | |  71 327  | |  72 328  | |  73 329  | |  74 330  | |  75 331  | |  76 332  | |  77 333  | |  78 334  | |  79 335  | |  80 336  | |  81 337  | |  82 338  | |  83 339  | |  84 340  | |  85 341  | |  86 342  | |  87 343  | |  88 344  | |  89 345  | |  90 346  | |  91 347  | |  92 348  | |  93 349  | |  94 350  | |  95 351  | |  96 352  | |  97 353  | |  98 354  | |  99 355  | | 100 356  | | 101 357  | | 102 358  | | 103 359  | | 104 360  | | 105 361  | | 106 362  | | 107 363  | | 108 364  | | 109 365  | | 110 366  | | 111 367  | | 112 368  | | 113 369  | | 114 370  | | 115 371  | | 116 372  | | 117 373  | | 118 374  | | 119 375  | | 120 376  | | 121 377  | | 122 378  | | 123 379  | | 124 380  | | 125 381  | | 126 382  | | 127 383  | |
| +----------+ +----------+ +----------+ +----------+ +----------+ +----------+ +----------+ +----------+ +----------+ +----------+ +----------+ +----------+ +----------+ +----------+ +----------+ +----------+ +----------+ +----------+ +----------+ +----------+ +----------+ +----------+ +----------+ +----------+ +----------+ +----------+ +----------+ +----------+ +----------+ +----------+ +----------+ +----------+ +----------+ +----------+ +----------+ +----------+ +----------+ +----------+ +----------+ +----------+ +----------+ +----------+ +----------+ +----------+ +----------+ +----------+ +----------+ +----------+ +----------+ +----------+ +----------+ +----------+ +----------+ +----------+ +----------+ +----------+ +----------+ +----------+ +----------+ +----------+ +----------+ +----------+ +----------+ +----------+ +----------+ +----------+ +----------+ +----------+ +----------+ +----------+ +----------+ +----------+ +----------+ +----------+ +----------+ +----------+ +----------+ +----------+ +----------+ +----------+ +----------+ +----------+ +----------+ +----------+ +----------+ +----------+ +----------+ +----------+ +----------+ +----------+ +----------+ +----------+ +----------+ +----------+ +----------+ +----------+ +----------+ +----------+ +----------+ +----------+ +----------+ +----------+ +----------+ +----------+ +----------+ +----------+ +----------+ +----------+ +----------+ +----------+ +----------+ +----------+ +----------+ +----------+ +----------+ +----------+ +----------+ +----------+ +----------+ +----------+ +----------+ +----------+ +----------+ +----------+ +----------+ +----------+ +----------+ +----------+ |
| +----------+ +----------+ +----------+ +----------+ +----------+ +----------+ +----------+ +----------+ +----------+ +----------+ +----------+ +----------+ +----------+ +----------+ +----------+ +----------+ +----------+ +----------+ +----------+ +----------+ +----------+ +----------+ +----------+ +----------+ +----------+ +----------+ +----------+ +----------+ +----------+ +----------+ +----------+ +----------+ +----------+ +----------+ +----------+ +----------+ +----------+ +----------+ +----------+ +----------+ +----------+ +----------+ +----------+ +----------+ +----------+ +----------+ +----------+ +----------+ +----------+ +----------+ +----------+ +----------+ +----------+ +----------+ +----------+ +----------+ +----------+ +----------+ +----------+ +----------+ +----------+ +----------+ +----------+ +----------+ +----------+ +----------+ +----------+ +----------+ +----------+ +----------+ +----------+ +----------+ +----------+ +----------+ +----------+ +----------+ +----------+ +----------+ +----------+ +----------+ +----------+ +----------+ +----------+ +----------+ +----------+ +----------+ +----------+ +----------+ +----------+ +----------+ +----------+ +----------+ +----------+ +----------+ +----------+ +----------+ +----------+ +----------+ +----------+ +----------+ +----------+ +----------+ +----------+ +----------+ +----------+ +----------+ +----------+ +----------+ +----------+ +----------+ +----------+ +----------+ +----------+ +----------+ +----------+ +----------+ +----------+ +----------+ +----------+ +----------+ +----------+ +----------+ +----------+ +----------+ +----------+ +----------+ +----------+ +----------+ |
| |   48 kB  | |   48 kB  | |   48 kB  | |   48 kB  | |   48 kB  | |   48 kB  | |   48 kB  | |   48 kB  | |   48 kB  | |   48 kB  | |   48 kB  | |   48 kB  | |   48 kB  | |   48 kB  | |   48 kB  | |   48 kB  | |   48 kB  | |   48 kB  | |   48 kB  | |   48 kB  | |   48 kB  | |   48 kB  | |   48 kB  | |   48 kB  | |   48 kB  | |   48 kB  | |   48 kB  | |   48 kB  | |   48 kB  | |   48 kB  | |   48 kB  | |   48 kB  | |   48 kB  | |   48 kB  | |   48 kB  | |   48 kB  | |   48 kB  | |   48 kB  | |   48 kB  | |   48 kB  | |   48 kB  | |   48 kB  | |   48 kB  | |   48 kB  | |   48 kB  | |   48 kB  | |   48 kB  | |   48 kB  | |   48 kB  | |   48 kB  | |   48 kB  | |   48 kB  | |   48 kB  | |   48 kB  | |   48 kB  | |   48 kB  | |   48 kB  | |   48 kB  | |   48 kB  | |   48 kB  | |   48 kB  | |   48 kB  | |   48 kB  | |   48 kB  | |   48 kB  | |   48 kB  | |   48 kB  | |   48 kB  | |   48 kB  | |   48 kB  | |   48 kB  | |   48 kB  | |   48 kB  | |   48 kB  | |   48 kB  | |   48 kB  | |   48 kB  | |   48 kB  | |   48 kB  | |   48 kB  | |   48 kB  | |   48 kB  | |   48 kB  | |   48 kB  | |   48 kB  | |   48 kB  | |   48 kB  | |   48 kB  | |   48 kB  | |   48 kB  | |   48 kB  | |   48 kB  | |   48 kB  | |   48 kB  | |   48 kB  | |   48 kB  | |   48 kB  | |   48 kB  | |   48 kB  | |   48 kB  | |   48 kB  | |   48 kB  | |   48 kB  | |   48 kB  | |   48 kB  | |   48 kB  | |   48 kB  | |   48 kB  | |   48 kB  | |   48 kB  | |   48 kB  | |   48 kB  | |   48 kB  | |   48 kB  | |   48 kB  | |   48 kB  | |   48 kB  | |   48 kB  | |   48 kB  | |   48 kB  | |   48 kB  | |   48 kB  | |   48 kB  | |   48 kB  | |   48 kB  | |   48 kB  | |   48 kB  | |   48 kB  | |
| +----------+ +----------+ +----------+ +----------+ +----------+ +----------+ +----------+ +----------+ +----------+ +----------+ +----------+ +----------+ +----------+ +----------+ +----------+ +----------+ +----------+ +----------+ +----------+ +----------+ +----------+ +----------+ +----------+ +----------+ +----------+ +----------+ +----------+ +----------+ +----------+ +----------+ +----------+ +----------+ +----------+ +----------+ +----------+ +----------+ +----------+ +----------+ +----------+ +----------+ +----------+ +----------+ +----------+ +----------+ +----------+ +----------+ +----------+ +----------+ +----------+ +----------+ +----------+ +----------+ +----------+ +----------+ +----------+ +----------+ +----------+ +----------+ +----------+ +----------+ +----------+ +----------+ +----------+ +----------+ +----------+ +----------+ +----------+ +----------+ +----------+ +----------+ +----------+ +----------+ +----------+ +----------+ +----------+ +----------+ +----------+ +----------+ +----------+ +----------+ +----------+ +----------+ +----------+ +----------+ +----------+ +----------+ +----------+ +----------+ +----------+ +----------+ +----------+ +----------+ +----------+ +----------+ +----------+ +----------+ +----------+ +----------+ +----------+ +----------+ +----------+ +----------+ +----------+ +----------+ +----------+ +----------+ +----------+ +----------+ +----------+ +----------+ +----------+ +----------+ +----------+ +----------+ +----------+ +----------+ +----------+ +----------+ +----------+ +----------+ +----------+ +----------+ +----------+ +----------+ +----------+ +----------+ +----------+ +----------+ |
| +----------+ +----------+ +----------+ +----------+ +----------+ +----------+ +----------+ +----------+ +----------+ +----------+ +----------+ +----------+ +----------+ +----------+ +----------+ +----------+ +----------+ +----------+ +----------+ +----------+ +----------+ +----------+ +----------+ +----------+ +----------+ +----------+ +----------+ +----------+ +----------+ +----------+ +----------+ +----------+ +----------+ +----------+ +----------+ +----------+ +----------+ +----------+ +----------+ +----------+ +----------+ +----------+ +----------+ +----------+ +----------+ +----------+ +----------+ +----------+ +----------+ +----------+ +----------+ +----------+ +----------+ +----------+ +----------+ +----------+ +----------+ +----------+ +----------+ +----------+ +----------+ +----------+ +----------+ +----------+ +----------+ +----------+ +----------+ +----------+ +----------+ +----------+ +----------+ +----------+ +----------+ +----------+ +----------+ +----------+ +----------+ +----------+ +----------+ +----------+ +----------+ +----------+ +----------+ +----------+ +----------+ +----------+ +----------+ +----------+ +----------+ +----------+ +----------+ +----------+ +----------+ +----------+ +----------+ +----------+ +----------+ +----------+ +----------+ +----------+ +----------+ +----------+ +----------+ +----------+ +----------+ +----------+ +----------+ +----------+ +----------+ +----------+ +----------+ +----------+ +----------+ +----------+ +----------+ +----------+ +----------+ +----------+ +----------+ +----------+ +----------+ +----------+ +----------+ +----------+ +----------+ +----------+ +----------+ +----------+ |
| |   1 MB   | |   1 MB   | |   1 MB   | |   1 MB   | |   1 MB   | |   1 MB   | |   1 MB   | |   1 MB   | |   1 MB   | |   1 MB   | |   1 MB   | |   1 MB   | |   1 MB   | |   1 MB   | |   1 MB   | |   1 MB   | |   1 MB   | |   1 MB   | |   1 MB   | |   1 MB   | |   1 MB   | |   1 MB   | |   1 MB   | |   1 MB   | |   1 MB   | |   1 MB   | |   1 MB   | |   1 MB   | |   1 MB   | |   1 MB   | |   1 MB   | |   1 MB   | |   1 MB   | |   1 MB   | |   1 MB   | |   1 MB   | |   1 MB   | |   1 MB   | |   1 MB   | |   1 MB   | |   1 MB   | |   1 MB   | |   1 MB   | |   1 MB   | |   1 MB   | |   1 MB   | |   1 MB   | |   1 MB   | |   1 MB   | |   1 MB   | |   1 MB   | |   1 MB   | |   1 MB   | |   1 MB   | |   1 MB   | |   1 MB   | |   1 MB   | |   1 MB   | |   1 MB   | |   1 MB   | |   1 MB   | |   1 MB   | |   1 MB   | |   1 MB   | |   1 MB   | |   1 MB   | |   1 MB   | |   1 MB   | |   1 MB   | |   1 MB   | |   1 MB   | |   1 MB   | |   1 MB   | |   1 MB   | |   1 MB   | |   1 MB   | |   1 MB   | |   1 MB   | |   1 MB   | |   1 MB   | |   1 MB   | |   1 MB   | |   1 MB   | |   1 MB   | |   1 MB   | |   1 MB   | |   1 MB   | |   1 MB   | |   1 MB   | |   1 MB   | |   1 MB   | |   1 MB   | |   1 MB   | |   1 MB   | |   1 MB   | |   1 MB   | |   1 MB   | |   1 MB   | |   1 MB   | |   1 MB   | |   1 MB   | |   1 MB   | |   1 MB   | |   1 MB   | |   1 MB   | |   1 MB   | |   1 MB   | |   1 MB   | |   1 MB   | |   1 MB   | |   1 MB   | |   1 MB   | |   1 MB   | |   1 MB   | |   1 MB   | |   1 MB   | |   1 MB   | |   1 MB   | |   1 MB   | |   1 MB   | |   1 MB   | |   1 MB   | |   1 MB   | |   1 MB   | |   1 MB   | |   1 MB   | |   1 MB   | |   1 MB   | |
| +----------+ +----------+ +----------+ +----------+ +----------+ +----------+ +----------+ +----------+ +----------+ +----------+ +----------+ +----------+ +----------+ +----------+ +----------+ +----------+ +----------+ +----------+ +----------+ +----------+ +----------+ +----------+ +----------+ +----------+ +----------+ +----------+ +----------+ +----------+ +----------+ +----------+ +----------+ +----------+ +----------+ +----------+ +----------+ +----------+ +----------+ +----------+ +----------+ +----------+ +----------+ +----------+ +----------+ +----------+ +----------+ +----------+ +----------+ +----------+ +----------+ +----------+ +----------+ +----------+ +----------+ +----------+ +----------+ +----------+ +----------+ +----------+ +----------+ +----------+ +----------+ +----------+ +----------+ +----------+ +----------+ +----------+ +----------+ +----------+ +----------+ +----------+ +----------+ +----------+ +----------+ +----------+ +----------+ +----------+ +----------+ +----------+ +----------+ +----------+ +----------+ +----------+ +----------+ +----------+ +----------+ +----------+ +----------+ +----------+ +----------+ +----------+ +----------+ +----------+ +----------+ +----------+ +----------+ +----------+ +----------+ +----------+ +----------+ +----------+ +----------+ +----------+ +----------+ +----------+ +----------+ +----------+ +----------+ +----------+ +----------+ +----------+ +----------+ +----------+ +----------+ +----------+ +----------+ +----------+ +----------+ +----------+ +----------+ +----------+ +----------+ +----------+ +----------+ +----------+ +----------+ +----------+ +----------+ +----------+ |
| +-----------------------------------------------------------------------------------------------------+ +-----------------------------------------------------------------------------------------------------+ +-----------------------------------------------------------------------------------------------------+ +-----------------------------------------------------------------------------------------------------+ +-----------------------------------------------------------------------------------------------------+ +-----------------------------------------------------------------------------------------------------+ +-----------------------------------------------------------------------------------------------------+ +-----------------------------------------------------------------------------------------------------+ +-----------------------------------------------------------------------------------------------------+ +-----------------------------------------------------------------------------------------------------+ +-----------------------------------------------------------------------------------------------------+ +-----------------------------------------------------------------------------------------------------+ +-----------------------------------------------------------------------------------------------------+ +-----------------------------------------------------------------------------------------------------+ +-----------------------------------------------------------------------------------------------------+ +-----------------------------------------------------------------------------------------------------+ |
| |                                                32 MB                                                | |                                                32 MB                                                | |                                                32 MB                                                | |                                                32 MB                                                | |                                                32 MB                                                | |                                                32 MB                                                | |                                                32 MB                                                | |                                                32 MB                                                | |                                                32 MB                                                | |                                                32 MB                                                | |                                                32 MB                                                | |                                                32 MB                                                | |                                                32 MB                                                | |                                                32 MB                                                | |                                                32 MB                                                | |                                                32 MB                                                | |
| +-----------------------------------------------------------------------------------------------------+ +-----------------------------------------------------------------------------------------------------+ +-----------------------------------------------------------------------------------------------------+ +-----------------------------------------------------------------------------------------------------+ +-----------------------------------------------------------------------------------------------------+ +-----------------------------------------------------------------------------------------------------+ +-----------------------------------------------------------------------------------------------------+ +-----------------------------------------------------------------------------------------------------+ +-----------------------------------------------------------------------------------------------------+ +-----------------------------------------------------------------------------------------------------+ +-----------------------------------------------------------------------------------------------------+ +-----------------------------------------------------------------------------------------------------+ +-----------------------------------------------------------------------------------------------------+ +-----------------------------------------------------------------------------------------------------+ +-----------------------------------------------------------------------------------------------------+ +-----------------------------------------------------------------------------------------------------+ |
+---------------------------------------------------------------------------------------------------------------------------------------------------------------------------------------------------------------------------------------------------------------------------------------------------------------------------------------------------------------------------------------------------------------------------------------------------------------------------------------------------------------------------------------------------------------------------------------------------------------------------------------------------------------------------------------------------------------------------------------------------------------------------------------------------------------------------------------------------------------------------------------------------------------------------------------------------------------------------------------------------------------------------------------------------------------------------------------------------------------------------------------------------------------------------------------------------------------------------------------------------------------------------------------------------------------------------------------------------------------------------------------------------------------------------------------------------------------------------------------------------------------------------------------------------------------------------------------------------------------------------------------------------------------------------------------------------------------------------------+
Socket 1:
+---------------------------------------------------------------------------------------------------------------------------------------------------------------------------------------------------------------------------------------------------------------------------------------------------------------------------------------------------------------------------------------------------------------------------------------------------------------------------------------------------------------------------------------------------------------------------------------------------------------------------------------------------------------------------------------------------------------------------------------------------------------------------------------------------------------------------------------------------------------------------------------------------------------------------------------------------------------------------------------------------------------------------------------------------------------------------------------------------------------------------------------------------------------------------------------------------------------------------------------------------------------------------------------------------------------------------------------------------------------------------------------------------------------------------------------------------------------------------------------------------------------------------------------------------------------------------------------------------------------------------------------------------------------------------------------------------------------------------------+
| +----------+ +----------+ +----------+ +----------+ +----------+ +----------+ +----------+ +----------+ +----------+ +----------+ +----------+ +----------+ +----------+ +----------+ +----------+ +----------+ +----------+ +----------+ +----------+ +----------+ +----------+ +----------+ +----------+ +----------+ +----------+ +----------+ +----------+ +----------+ +----------+ +----------+ +----------+ +----------+ +----------+ +----------+ +----------+ +----------+ +----------+ +----------+ +----------+ +----------+ +----------+ +----------+ +----------+ +----------+ +----------+ +----------+ +----------+ +----------+ +----------+ +----------+ +----------+ +----------+ +----------+ +----------+ +----------+ +----------+ +----------+ +----------+ +----------+ +----------+ +----------+ +----------+ +----------+ +----------+ +----------+ +----------+ +----------+ +----------+ +----------+ +----------+ +----------+ +----------+ +----------+ +----------+ +----------+ +----------+ +----------+ +----------+ +----------+ +----------+ +----------+ +----------+ +----------+ +----------+ +----------+ +----------+ +----------+ +----------+ +----------+ +----------+ +----------+ +----------+ +----------+ +----------+ +----------+ +----------+ +----------+ +----------+ +----------+ +----------+ +----------+ +----------+ +----------+ +----------+ +----------+ +----------+ +----------+ +----------+ +----------+ +----------+ +----------+ +----------+ +----------+ +----------+ +----------+ +----------+ +----------+ +----------+ +----------+ +----------+ +----------+ +----------+ +----------+ +----------+ +----------+ +----------+ +----------+ +----------+ |
| | 128 384  | | 129 385  | | 130 386  | | 131 387  | | 132 388  | | 133 389  | | 134 390  | | 135 391  | | 136 392  | | 137 393  | | 138 394  | | 139 395  | | 140 396  | | 141 397  | | 142 398  | | 143 399  | | 144 400  | | 145 401  | | 146 402  | | 147 403  | | 148 404  | | 149 405  | | 150 406  | | 151 407  | | 152 408  | | 153 409  | | 154 410  | | 155 411  | | 156 412  | | 157 413  | | 158 414  | | 159 415  | | 160 416  | | 161 417  | | 162 418  | | 163 419  | | 164 420  | | 165 421  | | 166 422  | | 167 423  | | 168 424  | | 169 425  | | 170 426  | | 171 427  | | 172 428  | | 173 429  | | 174 430  | | 175 431  | | 176 432  | | 177 433  | | 178 434  | | 179 435  | | 180 436  | | 181 437  | | 182 438  | | 183 439  | | 184 440  | | 185 441  | | 186 442  | | 187 443  | | 188 444  | | 189 445  | | 190 446  | | 191 447  | | 192 448  | | 193 449  | | 194 450  | | 195 451  | | 196 452  | | 197 453  | | 198 454  | | 199 455  | | 200 456  | | 201 457  | | 202 458  | | 203 459  | | 204 460  | | 205 461  | | 206 462  | | 207 463  | | 208 464  | | 209 465  | | 210 466  | | 211 467  | | 212 468  | | 213 469  | | 214 470  | | 215 471  | | 216 472  | | 217 473  | | 218 474  | | 219 475  | | 220 476  | | 221 477  | | 222 478  | | 223 479  | | 224 480  | | 225 481  | | 226 482  | | 227 483  | | 228 484  | | 229 485  | | 230 486  | | 231 487  | | 232 488  | | 233 489  | | 234 490  | | 235 491  | | 236 492  | | 237 493  | | 238 494  | | 239 495  | | 240 496  | | 241 497  | | 242 498  | | 243 499  | | 244 500  | | 245 501  | | 246 502  | | 247 503  | | 248 504  | | 249 505  | | 250 506  | | 251 507  | | 252 508  | | 253 509  | | 254 510  | | 255 511  | |
| +----------+ +----------+ +----------+ +----------+ +----------+ +----------+ +----------+ +----------+ +----------+ +----------+ +----------+ +----------+ +----------+ +----------+ +----------+ +----------+ +----------+ +----------+ +----------+ +----------+ +----------+ +----------+ +----------+ +----------+ +----------+ +----------+ +----------+ +----------+ +----------+ +----------+ +----------+ +----------+ +----------+ +----------+ +----------+ +----------+ +----------+ +----------+ +----------+ +----------+ +----------+ +----------+ +----------+ +----------+ +----------+ +----------+ +----------+ +----------+ +----------+ +----------+ +----------+ +----------+ +----------+ +----------+ +----------+ +----------+ +----------+ +----------+ +----------+ +----------+ +----------+ +----------+ +----------+ +----------+ +----------+ +----------+ +----------+ +----------+ +----------+ +----------+ +----------+ +----------+ +----------+ +----------+ +----------+ +----------+ +----------+ +----------+ +----------+ +----------+ +----------+ +----------+ +----------+ +----------+ +----------+ +----------+ +----------+ +----------+ +----------+ +----------+ +----------+ +----------+ +----------+ +----------+ +----------+ +----------+ +----------+ +----------+ +----------+ +----------+ +----------+ +----------+ +----------+ +----------+ +----------+ +----------+ +----------+ +----------+ +----------+ +----------+ +----------+ +----------+ +----------+ +----------+ +----------+ +----------+ +----------+ +----------+ +----------+ +----------+ +----------+ +----------+ +----------+ +----------+ +----------+ +----------+ +----------+ +----------+ |
| +----------+ +----------+ +----------+ +----------+ +----------+ +----------+ +----------+ +----------+ +----------+ +----------+ +----------+ +----------+ +----------+ +----------+ +----------+ +----------+ +----------+ +----------+ +----------+ +----------+ +----------+ +----------+ +----------+ +----------+ +----------+ +----------+ +----------+ +----------+ +----------+ +----------+ +----------+ +----------+ +----------+ +----------+ +----------+ +----------+ +----------+ +----------+ +----------+ +----------+ +----------+ +----------+ +----------+ +----------+ +----------+ +----------+ +----------+ +----------+ +----------+ +----------+ +----------+ +----------+ +----------+ +----------+ +----------+ +----------+ +----------+ +----------+ +----------+ +----------+ +----------+ +----------+ +----------+ +----------+ +----------+ +----------+ +----------+ +----------+ +----------+ +----------+ +----------+ +----------+ +----------+ +----------+ +----------+ +----------+ +----------+ +----------+ +----------+ +----------+ +----------+ +----------+ +----------+ +----------+ +----------+ +----------+ +----------+ +----------+ +----------+ +----------+ +----------+ +----------+ +----------+ +----------+ +----------+ +----------+ +----------+ +----------+ +----------+ +----------+ +----------+ +----------+ +----------+ +----------+ +----------+ +----------+ +----------+ +----------+ +----------+ +----------+ +----------+ +----------+ +----------+ +----------+ +----------+ +----------+ +----------+ +----------+ +----------+ +----------+ +----------+ +----------+ +----------+ +----------+ +----------+ +----------+ +----------+ +----------+ |
| |   48 kB  | |   48 kB  | |   48 kB  | |   48 kB  | |   48 kB  | |   48 kB  | |   48 kB  | |   48 kB  | |   48 kB  | |   48 kB  | |   48 kB  | |   48 kB  | |   48 kB  | |   48 kB  | |   48 kB  | |   48 kB  | |   48 kB  | |   48 kB  | |   48 kB  | |   48 kB  | |   48 kB  | |   48 kB  | |   48 kB  | |   48 kB  | |   48 kB  | |   48 kB  | |   48 kB  | |   48 kB  | |   48 kB  | |   48 kB  | |   48 kB  | |   48 kB  | |   48 kB  | |   48 kB  | |   48 kB  | |   48 kB  | |   48 kB  | |   48 kB  | |   48 kB  | |   48 kB  | |   48 kB  | |   48 kB  | |   48 kB  | |   48 kB  | |   48 kB  | |   48 kB  | |   48 kB  | |   48 kB  | |   48 kB  | |   48 kB  | |   48 kB  | |   48 kB  | |   48 kB  | |   48 kB  | |   48 kB  | |   48 kB  | |   48 kB  | |   48 kB  | |   48 kB  | |   48 kB  | |   48 kB  | |   48 kB  | |   48 kB  | |   48 kB  | |   48 kB  | |   48 kB  | |   48 kB  | |   48 kB  | |   48 kB  | |   48 kB  | |   48 kB  | |   48 kB  | |   48 kB  | |   48 kB  | |   48 kB  | |   48 kB  | |   48 kB  | |   48 kB  | |   48 kB  | |   48 kB  | |   48 kB  | |   48 kB  | |   48 kB  | |   48 kB  | |   48 kB  | |   48 kB  | |   48 kB  | |   48 kB  | |   48 kB  | |   48 kB  | |   48 kB  | |   48 kB  | |   48 kB  | |   48 kB  | |   48 kB  | |   48 kB  | |   48 kB  | |   48 kB  | |   48 kB  | |   48 kB  | |   48 kB  | |   48 kB  | |   48 kB  | |   48 kB  | |   48 kB  | |   48 kB  | |   48 kB  | |   48 kB  | |   48 kB  | |   48 kB  | |   48 kB  | |   48 kB  | |   48 kB  | |   48 kB  | |   48 kB  | |   48 kB  | |   48 kB  | |   48 kB  | |   48 kB  | |   48 kB  | |   48 kB  | |   48 kB  | |   48 kB  | |   48 kB  | |   48 kB  | |   48 kB  | |   48 kB  | |   48 kB  | |
| +----------+ +----------+ +----------+ +----------+ +----------+ +----------+ +----------+ +----------+ +----------+ +----------+ +----------+ +----------+ +----------+ +----------+ +----------+ +----------+ +----------+ +----------+ +----------+ +----------+ +----------+ +----------+ +----------+ +----------+ +----------+ +----------+ +----------+ +----------+ +----------+ +----------+ +----------+ +----------+ +----------+ +----------+ +----------+ +----------+ +----------+ +----------+ +----------+ +----------+ +----------+ +----------+ +----------+ +----------+ +----------+ +----------+ +----------+ +----------+ +----------+ +----------+ +----------+ +----------+ +----------+ +----------+ +----------+ +----------+ +----------+ +----------+ +----------+ +----------+ +----------+ +----------+ +----------+ +----------+ +----------+ +----------+ +----------+ +----------+ +----------+ +----------+ +----------+ +----------+ +----------+ +----------+ +----------+ +----------+ +----------+ +----------+ +----------+ +----------+ +----------+ +----------+ +----------+ +----------+ +----------+ +----------+ +----------+ +----------+ +----------+ +----------+ +----------+ +----------+ +----------+ +----------+ +----------+ +----------+ +----------+ +----------+ +----------+ +----------+ +----------+ +----------+ +----------+ +----------+ +----------+ +----------+ +----------+ +----------+ +----------+ +----------+ +----------+ +----------+ +----------+ +----------+ +----------+ +----------+ +----------+ +----------+ +----------+ +----------+ +----------+ +----------+ +----------+ +----------+ +----------+ +----------+ +----------+ +----------+ |
| +----------+ +----------+ +----------+ +----------+ +----------+ +----------+ +----------+ +----------+ +----------+ +----------+ +----------+ +----------+ +----------+ +----------+ +----------+ +----------+ +----------+ +----------+ +----------+ +----------+ +----------+ +----------+ +----------+ +----------+ +----------+ +----------+ +----------+ +----------+ +----------+ +----------+ +----------+ +----------+ +----------+ +----------+ +----------+ +----------+ +----------+ +----------+ +----------+ +----------+ +----------+ +----------+ +----------+ +----------+ +----------+ +----------+ +----------+ +----------+ +----------+ +----------+ +----------+ +----------+ +----------+ +----------+ +----------+ +----------+ +----------+ +----------+ +----------+ +----------+ +----------+ +----------+ +----------+ +----------+ +----------+ +----------+ +----------+ +----------+ +----------+ +----------+ +----------+ +----------+ +----------+ +----------+ +----------+ +----------+ +----------+ +----------+ +----------+ +----------+ +----------+ +----------+ +----------+ +----------+ +----------+ +----------+ +----------+ +----------+ +----------+ +----------+ +----------+ +----------+ +----------+ +----------+ +----------+ +----------+ +----------+ +----------+ +----------+ +----------+ +----------+ +----------+ +----------+ +----------+ +----------+ +----------+ +----------+ +----------+ +----------+ +----------+ +----------+ +----------+ +----------+ +----------+ +----------+ +----------+ +----------+ +----------+ +----------+ +----------+ +----------+ +----------+ +----------+ +----------+ +----------+ +----------+ +----------+ +----------+ |
| |   1 MB   | |   1 MB   | |   1 MB   | |   1 MB   | |   1 MB   | |   1 MB   | |   1 MB   | |   1 MB   | |   1 MB   | |   1 MB   | |   1 MB   | |   1 MB   | |   1 MB   | |   1 MB   | |   1 MB   | |   1 MB   | |   1 MB   | |   1 MB   | |   1 MB   | |   1 MB   | |   1 MB   | |   1 MB   | |   1 MB   | |   1 MB   | |   1 MB   | |   1 MB   | |   1 MB   | |   1 MB   | |   1 MB   | |   1 MB   | |   1 MB   | |   1 MB   | |   1 MB   | |   1 MB   | |   1 MB   | |   1 MB   | |   1 MB   | |   1 MB   | |   1 MB   | |   1 MB   | |   1 MB   | |   1 MB   | |   1 MB   | |   1 MB   | |   1 MB   | |   1 MB   | |   1 MB   | |   1 MB   | |   1 MB   | |   1 MB   | |   1 MB   | |   1 MB   | |   1 MB   | |   1 MB   | |   1 MB   | |   1 MB   | |   1 MB   | |   1 MB   | |   1 MB   | |   1 MB   | |   1 MB   | |   1 MB   | |   1 MB   | |   1 MB   | |   1 MB   | |   1 MB   | |   1 MB   | |   1 MB   | |   1 MB   | |   1 MB   | |   1 MB   | |   1 MB   | |   1 MB   | |   1 MB   | |   1 MB   | |   1 MB   | |   1 MB   | |   1 MB   | |   1 MB   | |   1 MB   | |   1 MB   | |   1 MB   | |   1 MB   | |   1 MB   | |   1 MB   | |   1 MB   | |   1 MB   | |   1 MB   | |   1 MB   | |   1 MB   | |   1 MB   | |   1 MB   | |   1 MB   | |   1 MB   | |   1 MB   | |   1 MB   | |   1 MB   | |   1 MB   | |   1 MB   | |   1 MB   | |   1 MB   | |   1 MB   | |   1 MB   | |   1 MB   | |   1 MB   | |   1 MB   | |   1 MB   | |   1 MB   | |   1 MB   | |   1 MB   | |   1 MB   | |   1 MB   | |   1 MB   | |   1 MB   | |   1 MB   | |   1 MB   | |   1 MB   | |   1 MB   | |   1 MB   | |   1 MB   | |   1 MB   | |   1 MB   | |   1 MB   | |   1 MB   | |   1 MB   | |   1 MB   | |   1 MB   | |   1 MB   | |
| +----------+ +----------+ +----------+ +----------+ +----------+ +----------+ +----------+ +----------+ +----------+ +----------+ +----------+ +----------+ +----------+ +----------+ +----------+ +----------+ +----------+ +----------+ +----------+ +----------+ +----------+ +----------+ +----------+ +----------+ +----------+ +----------+ +----------+ +----------+ +----------+ +----------+ +----------+ +----------+ +----------+ +----------+ +----------+ +----------+ +----------+ +----------+ +----------+ +----------+ +----------+ +----------+ +----------+ +----------+ +----------+ +----------+ +----------+ +----------+ +----------+ +----------+ +----------+ +----------+ +----------+ +----------+ +----------+ +----------+ +----------+ +----------+ +----------+ +----------+ +----------+ +----------+ +----------+ +----------+ +----------+ +----------+ +----------+ +----------+ +----------+ +----------+ +----------+ +----------+ +----------+ +----------+ +----------+ +----------+ +----------+ +----------+ +----------+ +----------+ +----------+ +----------+ +----------+ +----------+ +----------+ +----------+ +----------+ +----------+ +----------+ +----------+ +----------+ +----------+ +----------+ +----------+ +----------+ +----------+ +----------+ +----------+ +----------+ +----------+ +----------+ +----------+ +----------+ +----------+ +----------+ +----------+ +----------+ +----------+ +----------+ +----------+ +----------+ +----------+ +----------+ +----------+ +----------+ +----------+ +----------+ +----------+ +----------+ +----------+ +----------+ +----------+ +----------+ +----------+ +----------+ +----------+ +----------+ +----------+ |
| +-----------------------------------------------------------------------------------------------------+ +-----------------------------------------------------------------------------------------------------+ +-----------------------------------------------------------------------------------------------------+ +-----------------------------------------------------------------------------------------------------+ +-----------------------------------------------------------------------------------------------------+ +-----------------------------------------------------------------------------------------------------+ +-----------------------------------------------------------------------------------------------------+ +-----------------------------------------------------------------------------------------------------+ +-----------------------------------------------------------------------------------------------------+ +-----------------------------------------------------------------------------------------------------+ +-----------------------------------------------------------------------------------------------------+ +-----------------------------------------------------------------------------------------------------+ +-----------------------------------------------------------------------------------------------------+ +-----------------------------------------------------------------------------------------------------+ +-----------------------------------------------------------------------------------------------------+ +-----------------------------------------------------------------------------------------------------+ |
| |                                                32 MB                                                | |                                                32 MB                                                | |                                                32 MB                                                | |                                                32 MB                                                | |                                                32 MB                                                | |                                                32 MB                                                | |                                                32 MB                                                | |                                                32 MB                                                | |                                                32 MB                                                | |                                                32 MB                                                | |                                                32 MB                                                | |                                                32 MB                                                | |                                                32 MB                                                | |                                                32 MB                                                | |                                                32 MB                                                | |                                                32 MB                                                | |
| +-----------------------------------------------------------------------------------------------------+ +-----------------------------------------------------------------------------------------------------+ +-----------------------------------------------------------------------------------------------------+ +-----------------------------------------------------------------------------------------------------+ +-----------------------------------------------------------------------------------------------------+ +-----------------------------------------------------------------------------------------------------+ +-----------------------------------------------------------------------------------------------------+ +-----------------------------------------------------------------------------------------------------+ +-----------------------------------------------------------------------------------------------------+ +-----------------------------------------------------------------------------------------------------+ +-----------------------------------------------------------------------------------------------------+ +-----------------------------------------------------------------------------------------------------+ +-----------------------------------------------------------------------------------------------------+ +-----------------------------------------------------------------------------------------------------+ +-----------------------------------------------------------------------------------------------------+ +-----------------------------------------------------------------------------------------------------+ |
+---------------------------------------------------------------------------------------------------------------------------------------------------------------------------------------------------------------------------------------------------------------------------------------------------------------------------------------------------------------------------------------------------------------------------------------------------------------------------------------------------------------------------------------------------------------------------------------------------------------------------------------------------------------------------------------------------------------------------------------------------------------------------------------------------------------------------------------------------------------------------------------------------------------------------------------------------------------------------------------------------------------------------------------------------------------------------------------------------------------------------------------------------------------------------------------------------------------------------------------------------------------------------------------------------------------------------------------------------------------------------------------------------------------------------------------------------------------------------------------------------------------------------------------------------------------------------------------------------------------------------------------------------------------------------------------------------------------------------------+

===== likwid-perfctr --version =====
likwid-perfctr -- Version 5.5.1 (commit: 0123456789)

===== cpupower frequency-info =====
analyzing CPU 511:
  driver: amd-pstate-epp
  CPUs which run at the same hardware frequency: 511
  CPUs which need to have their frequency coordinated by software: 511
  energy performance preference: performance
  hardware limits: 1.21 GHz - 4.12 GHz
  available cpufreq governors: performance powersave
  current policy: frequency should be within 2.10 GHz and 4.12 GHz.
                  The governor "performance" may decide which speed to use
                  within this range.
  current CPU frequency: 4.13 GHz (asserted by call to kernel)
  boost state support:
    Supported: yes
    Active: yes
  amd-pstate limits:
    Highest Performance: 255. Maximum Frequency: 4.12 GHz.
    Nominal Performance: 167. Nominal Frequency: 2.70 GHz.
    Lowest Non-linear Performance: 130. Lowest Non-linear Frequency: 2.10 GHz.
    Lowest Performance: 75. Lowest Frequency: 1.20 GHz.
    Preferred Core Support: 0. Preferred Core Ranking: 255.

===== likwid-bench -a =====
clcopy - Double-precision cache line copy, only touches first element of each cache line.
clload - Double-precision cache line load, only loads first element of each cache line.
clstore - Double-precision cache line store, only stores first element of each cache line.
copy - Double-precision vector copy, only scalar operations
copy_avx - Double-precision vector copy, optimized for AVX
copy_avx512 - Double-precision vector copy, optimized for AVX-512
copy_mem - Double-precision vector copy, only scalar operations but with non-temporal stores
copy_mem_avx - Double-precision vector copy, uses AVX and non-temporal stores
copy_mem_avx512 - Double-precision vector copy, uses AVX-512 and non-temporal stores
copy_mem_sse - Double-precision vector copy, uses SSE and non-temporal stores
copy_sse - Double-precision vector copy, optimized for SSE
daxpy - Double-precision linear combination of two vectors, only scalar operations
daxpy_avx - Double-precision linear combination of two vectors, optimized for AVX
daxpy_avx512 - Double-precision linear combination of two vectors, optimized for AVX-512
daxpy_avx512_fma - Double-precision linear combination of two vectors, optimized for AVX-512 FMAs
daxpy_avx_fma - Double-precision linear combination of two vectors, optimized for AVX FMAs
daxpy_mem_avx - Double-precision linear combination of two vectors, optimized for AVX and non-temporal stores (Just for architectural research)
daxpy_mem_avx512 - Double-precision linear combination of two vectors, optimized for AVX-512 and non-temporal stores
daxpy_mem_avx512_fma - Double-precision linear combination of two vectors, optimized for AVX-512 FMAs and non-temporal stores (Just for architectural research)
daxpy_mem_avx_fma - Double-precision linear combination of two vectors, optimized for AVX FMAs and non-temporal stores (Just for architectural research)
daxpy_mem_sse - Double-precision linear combination of two vectors, optimized for SSE and non-temporal stores (Just for architectural research)
daxpy_mem_sse_fma - Double-precision linear combination of two vectors, optimized for SSE FMAs and non temporal stores (Just for architectural research)
daxpy_sp - Single-precision linear combination of two vectors, only scalar operations
daxpy_sp_avx - Single-precision linear combination of two vectors, optimized for AVX
daxpy_sp_avx512 - Single-precision linear combination of two vectors, optimized for AVX-512
daxpy_sp_avx512_fma - Single-precision linear combination of two vectors, optimized for AVX-512 FMAs
daxpy_sp_avx_fma - Single-precision linear combination of two vectors, optimized for AVX FMAs
daxpy_sp_mem_avx - Single-precision linear combination of two vectors, optimized for AVX and non-temporal stores (Just for architectural research)
daxpy_sp_mem_avx512 - Single-precision linear combination of two vectors, optimized for AVX-512 and non-temporal stores (Just for architectural research)
daxpy_sp_mem_avx512_fma - Single-precision linear combination of two vectors, optimized for AVX-512 FMAs and non-temporal stores (Just for architectural research)
daxpy_sp_mem_avx_fma - Single-precision linear combination of two vectors, optimized for AVX FMAs and non-temporal stores (Just for architectural research)
daxpy_sp_mem_sse - Single-precision linear combination of two vectors, optimized for SSE and non-temporal stores (Just for architectural research)
daxpy_sp_mem_sse_fma - Single-precision linear combination of two vectors, optimized for SSE FMAs and non-temporal stores (Just for architectural research)
daxpy_sp_sse - Single-precision linear combination of two vectors, optimized for SSE
daxpy_sp_sse_fma - Single-precision linear combination of two vectors, optimized for SSE FMAs
daxpy_sse - Double-precision linear combination of two vectors, optimized for SSE
daxpy_sse_fma - Double-precision linear combination of two vectors, optimized for SSE FMAs
ddot - Double-precision dot product of two vectors, only scalar operations
ddot_avx - Double-precision dot product of two vectors, optimized for AVX
ddot_avx512 - Double-precision dot product of two vectors, optimized for AVX-512
ddot_sp - Single-precision dot product of two vectors, only scalar operations
ddot_sp_avx - Single-precision dot product of two vectors, optimized for AVX
ddot_sp_avx512 - Single-precision dot product of two vectors, optimized for AVX-512
ddot_sp_sse - Single-precision dot product of two vectors, optimized for SSE
ddot_sse - Double-precision dot product of two vectors, optimized for SSE
divide - Double-precision vector update, only scalar operations
load - Double-precision load, only scalar operations
load_avx - Double-precision load, optimized for AVX
load_avx512 - Double-precision load, optimized for AVX-512
load_mem - Double-precision load, using non-temporal loads
load_sse - Double-precision load, optimized for SSE
peakflops - Double-precision multiplications and additions with a single load, only scalar operations
peakflops_amd_zen_avx512_fma_add - Double-precision FMA and ADD with a single load. Designed for architectures that can perform AVX-512 FMA and AVX ADD simultaneously.
peakflops_amd_zen_avx_fma_add - Double-precision FMA and ADD with a single load. Designed for architectures that can perform AVX2 FMA and AVX ADD simultaneously.
peakflops_avx - Double-precision multiplications and additions with a single load, optimized for AVX
peakflops_avx512 - Double-precision multiplications and additions with a single load, optimized for AVX-512
peakflops_avx512_fma - Double-precision multiplications and additions with a single load, optimized for AVX-512 FMAs
peakflops_avx_fma - Double-precision multiplications and additions with a single load, optimized for AVX FMAs
peakflops_sp - Single-precision multiplications and additions with a single load, only scalar operations
peakflops_sp_avx - Single-precision multiplications and additions with a single load, optimized for AVX
peakflops_sp_avx512 - Single-precision multiplications and additions with a single load, optimized for AVX-512
peakflops_sp_avx512_fma - Single-precision multiplications and additions with a single load, optimized for AVX-512 FMAs
peakflops_sp_avx_fma - Single-precision multiplications and additions with a single load, optimized for AVX FMAs
peakflops_sp_sse - Single-precision multiplications and additions with a single load, optimised for SSE
peakflops_sse - Double-precision multiplications and additions with a single load, optimised for SSE
store - Double-precision store, only scalar operations
store_avx - Double-precision store, optimized for AVX
store_avx512 - Double-precision store, optimized for AVX-512
store_mem - Double-precision store, uses non-temporal stores
store_mem_avx - Double-precision store, uses AVX and non-temporal stores
store_mem_avx512 - Double-precision store, uses AVX-512 and non-temporal stores
store_mem_sse - Double-precision store, uses SSE and non-temporal stores
store_sse - Double-precision store, optimized for SSE
stream - Double-precision stream triad A(i) = B(i)*c + C(i), only scalar operations
stream_avx - Double-precision stream triad A(i) = B(i)*c + C(i), optimized for AVX
stream_avx512 - Double-precision stream triad A(i) = B(i)*c + C(i), optimized for AVX-512
stream_avx512_fma - Double-precision stream triad A(i) = B(i)*c + C(i), optimized for AVX-512 FMAs
stream_avx_fma - Double-precision stream triad A(i) = B(i)*c + C(i), optimized for AVX FMAs
stream_mem - Double-precision stream triad A(i) = B(i)*c + C(i), uses scalar arithmetic and SSE non-temporal stores
stream_mem_avx - Double-precision stream triad A(i) = B(i)*c + C(i), uses AVX and non-temporal stores
stream_mem_avx512 - Double-precision stream triad A(i) = B(i)*c + C(i), uses AVX-512 and non-temporal stores
stream_mem_avx_fma - Double-precision stream triad A(i) = B(i)*c + C(i), optimized for AVX FMAs and non-temporal stores
stream_mem_sse - Double-precision stream triad A(i) = B(i)*c + C(i), uses SSE and non-temporal stores
stream_mem_sse_fma - Double-precision stream triad A(i) = B(i)*c + C(i), uses SSE FMAs and non-temporal stores
stream_sp - Single-precision stream triad A(i) = B(i)*c + C(i), only scalar operations
stream_sp_avx - Single-precision stream triad A(i) = B(i)*c + C(i), optimized for AVX
stream_sp_avx512 - Single-precision stream triad A(i) = B(i)*c + C(i), optimized for AVX-512
stream_sp_avx512_fma - Single-precision stream triad A(i) = B(i)*c + C(i), optimized for AVX-512 FMAs
stream_sp_avx_fma - Single-precision stream triad A(i) = B(i)*c + C(i), optimized for AVX FMAs
stream_sp_mem - Single-precision stream triad A(i) = B(i)*c + C(i), uses scalar arithmetic and SSE non-temporal stores
stream_sp_mem_avx - Single-precision stream triad A(i) = B(i)*c + C(i), optimized for AVX and non-temporal stores
stream_sp_mem_avx512 - Single-precision stream triad A(i) = B(i)*c + C(i), optimized for AVX-512 and non-temporal stores
stream_sp_mem_avx512_fma - Single-precision stream triad A(i) = B(i)*c + C(i), optimized for AVX-512 FMAs and non-temporal stores
stream_sp_mem_avx_fma - Single-precision stream triad A(i) = B(i)*c + C(i), optimized for AVX FMAs and non-temporal stores
stream_sp_mem_sse - Single-precision stream triad A(i) = B(i)*c + C(i), optimized for SSE and non-temporal stores
stream_sp_mem_sse_fma - Single-precision stream triad A(i) = B(i)*c + C(i), optimized for SSE FMAs and non-temporal stores
stream_sp_sse - Single-precision stream triad A(i) = B(i)*c + C(i), optimized for SSE
stream_sp_sse_fma - Single-precision stream triad A(i) = B(i)*c + C(i), optimized for SSE FMAs
stream_sse - Double-precision stream triad A(i) = B(i)*c + C(i), optimized for SSE
stream_sse_fma - Double-precision stream triad A(i) = B(i)*c + C(i), optimized for SSE FMAs
sum - Double-precision sum of a vector, only scalar operations
sum_avx - Double-precision sum of a vector, optimized for AVX
sum_avx512 - Double-precision sum of a vector, optimized for AVX-512
sum_sp - Single-precision sum of a vector, only scalar operations
sum_sp_avx - Single-precision sum of a vector, optimized for AVX
sum_sp_avx512 - Single-precision sum of a vector, optimized for AVX-512
sum_sp_sse - Single-precision sum of a vector, optimized for SSE
sum_sse - Double-precision sum of a vector, optimized for SSE
triad - Double-precision triad A(i) = B(i) * C(i) + D(i), only scalar operations
triad_avx - Double-precision triad A(i) = B(i) * C(i) + D(i), optimized for AVX
triad_avx512 - Double-precision triad A(i) = B(i) * C(i) + D(i), optimized for AVX-512
triad_avx512_fma - Double-precision triad A(i) = B(i) * C(i) + D(i), optimized for AVX-512 FMAs
triad_avx_fma - Double-precision triad A(i) = B(i) * C(i) + D(i), optimized for AVX FMAs
triad_mem_avx - Double-precision triad A(i) = B(i) * C(i) + D(i), uses AVX and non-temporal stores
triad_mem_avx512 - Double-precision triad A(i) = B(i) * C(i) + D(i), uses AVX-512 and non-temporal stores
triad_mem_avx512_fma - Double-precision triad A(i) = B(i) * C(i) + D(i), optimized for AVX-512 FMAs and non-temporal stores
triad_mem_avx_fma - Double-precision triad A(i) = B(i) * C(i) + D(i), optimized for AVX FMAs and non-temporal stores
triad_mem_sse - Double-precision triad A(i) = B(i) * C(i) + D(i), optimized for SSE and non-temporal stores
triad_mem_sse_fma - Double-precision triad A(i) = B(i) * C(i) + D(i), optimized for SSE FMAs and non-temporal stores
triad_sp - Single-precision triad A(i) = B(i) * C(i) + D(i), only scalar operations
triad_sp_avx - Single-precision triad A(i) = B(i) * C(i) + D(i), optimized for AVX
triad_sp_avx512 - Single-precision triad A(i) = B(i) * C(i) + D(i), optimized for AVX-512
triad_sp_avx512_fma - Single-precision triad A(i) = B(i) * C(i) + D(i), optimized for AVX-512 FMAs
triad_sp_avx_fma - Single-precision triad A(i) = B(i) * C(i) + D(i), optimized for AVX FMAs
triad_sp_mem_avx - Single-precision triad A(i) = B(i) * C(i) + D(i), optimized for AVX and non-temporal stores
triad_sp_mem_avx512 - Single-precision triad A(i) = B(i) * C(i) + D(i), optimized for AVX-512 and non-temporal stores
triad_sp_mem_avx512_fma - Single-precision triad A(i) = B(i) * C(i) + D(i), optimized for AVX-512 FMAs and non-temporal stores
triad_sp_mem_avx_fma - Single-precision triad A(i) = B(i) * C(i) + D(i), optimized for AVX FMAs and non-temporal stores
triad_sp_mem_sse - Single-precision triad A(i) = B(i) * C(i) + D(i), optimized for SSE and non-temporal stores
triad_sp_mem_sse_fma - Single-precision triad A(i) = B(i) * C(i) + D(i), optimized for SSE FMAs and non-temporal stores
triad_sp_sse - Single-precision triad A(i) = B(i) * C(i) + D(i), optimized for SSE
triad_sp_sse_fma - Single-precision triad A(i) = B(i) * C(i) + D(i), optimized for SSE FMAs
triad_sse - Double-precision triad A(i) = B(i) * C(i) + D(i), optimized for SSE
triad_sse_fma - Double-precision triad A(i) = B(i) * C(i) + D(i), optimized for SSE FMAs
update - Double-precision vector update, only scalar operations
update_avx - Double-precision vector update, optimized for AVX
update_avx512 - Double-precision vector update, optimized for AVX-512
update_sp - Single-precision vector update, only scalar operations
update_sp_avx - Single-precision vector update, optimized for AVX
update_sp_avx512 - Single-precision vector update, optimized for AVX-512
update_sp_sse - Single-precision vector update, optimized for SSE
update_sse - Double-precision vector update, optimized for SSE

User benchmarks:

