--------------------------------------------------------------------------------
CPU name:	AMD EPYC 9755 128-Core Processor               
CPU type:	AMD K1A (Zen5) architecture
CPU clock:	2.70 GHz
--------------------------------------------------------------------------------
Region bench, Group 1: FLOPS_DP
+-------------------+------------+------------+------------+------------+------------+------------+------------+------------+------------+------------+-------------+-------------+-------------+-------------+-------------+-------------+-------------+-------------+-------------+-------------+-------------+-------------+-------------+-------------+-------------+-------------+-------------+-------------+-------------+-------------+-------------+-------------+-------------+-------------+-------------+-------------+-------------+-------------+-------------+-------------+-------------+-------------+-------------+-------------+-------------+-------------+-------------+-------------+-------------+-------------+-------------+-------------+-------------+-------------+-------------+-------------+-------------+-------------+-------------+-------------+-------------+-------------+-------------+-------------+-------------+-------------+-------------+-------------+-------------+-------------+-------------+-------------+-------------+-------------+-------------+-------------+-------------+-------------+-------------+-------------+-------------+-------------+-------------+-------------+-------------+-------------+-------------+-------------+-------------+-------------+-------------+-------------+-------------+-------------+-------------+-------------+-------------+-------------+-------------+-------------+--------------+--------------+--------------+--------------+--------------+--------------+--------------+--------------+--------------+--------------+--------------+--------------+--------------+--------------+--------------+--------------+--------------+--------------+--------------+--------------+--------------+--------------+--------------+--------------+--------------+--------------+--------------+--------------+--------------+--------------+--------------+--------------+--------------+--------------+--------------+--------------+--------------+--------------+--------------+--------------+--------------+--------------+--------------+--------------+--------------+--------------+--------------+--------------+--------------+--------------+--------------+--------------+--------------+--------------+--------------+--------------+--------------+--------------+--------------+--------------+--------------+--------------+--------------+--------------+--------------+--------------+--------------+--------------+--------------+--------------+--------------+--------------+--------------+--------------+--------------+--------------+--------------+--------------+--------------+--------------+--------------+--------------+--------------+--------------+--------------+--------------+--------------+--------------+--------------+--------------+--------------+--------------+--------------+--------------+--------------+--------------+--------------+--------------+--------------+--------------+--------------+--------------+--------------+--------------+--------------+--------------+--------------+--------------+--------------+--------------+--------------+--------------+--------------+--------------+--------------+--------------+--------------+--------------+--------------+--------------+--------------+--------------+--------------+--------------+--------------+--------------+--------------+--------------+--------------+--------------+--------------+--------------+--------------+--------------+--------------+--------------+--------------+--------------+--------------+--------------+--------------+--------------+--------------+--------------+--------------+--------------+--------------+--------------+--------------+--------------+--------------+--------------+--------------+--------------+--------------+--------------+
|    Region Info    | HWThread 0 | HWThread 1 | HWThread 2 | HWThread 3 | HWThread 4 | HWThread 5 | HWThread 6 | HWThread 7 | HWThread 8 | HWThread 9 | HWThread 10 | HWThread 11 | HWThread 12 | HWThread 13 | HWThread 14 | HWThread 15 | HWThread 16 | HWThread 17 | HWThread 18 | HWThread 19 | HWThread 20 | HWThread 21 | HWThread 22 | HWThread 23 | HWThread 24 | HWThread 25 | HWThread 26 | HWThread 27 | HWThread 28 | HWThread 29 | HWThread 30 | HWThread 31 | HWThread 32 | HWThread 33 | HWThread 34 | HWThread 35 | HWThread 36 | HWThread 37 | HWThread 38 | HWThread 39 | HWThread 40 | HWThread 41 | HWThread 42 | HWThread 43 | HWThread 44 | HWThread 45 | HWThread 46 | HWThread 47 | HWThread 48 | HWThread 49 | HWThread 50 | HWThread 51 | HWThread 52 | HWThread 53 | HWThread 54 | HWThread 55 | HWThread 56 | HWThread 57 | HWThread 58 | HWThread 59 | HWThread 60 | HWThread 61 | HWThread 62 | HWThread 63 | HWThread 64 | HWThread 65 | HWThread 66 | HWThread 67 | HWThread 68 | HWThread 69 | HWThread 70 | HWThread 71 | HWThread 72 | HWThread 73 | HWThread 74 | HWThread 75 | HWThread 76 | HWThread 77 | HWThread 78 | HWThread 79 | HWThread 80 | HWThread 81 | HWThread 82 | HWThread 83 | HWThread 84 | HWThread 85 | HWThread 86 | HWThread 87 | HWThread 88 | HWThread 89 | HWThread 90 | HWThread 91 | HWThread 92 | HWThread 93 | HWThread 94 | HWThread 95 | HWThread 96 | HWThread 97 | HWThread 98 | HWThread 99 | HWThread 100 | HWThread 101 | HWThread 102 | HWThread 103 | HWThread 104 | HWThread 105 | HWThread 106 | HWThread 107 | HWThread 108 | HWThread 109 | HWThread 110 | HWThread 111 | HWThread 112 | HWThread 113 | HWThread 114 | HWThread 115 | HWThread 116 | HWThread 117 | HWThread 118 | HWThread 119 | HWThread 120 | HWThread 121 | HWThread 122 | HWThread 123 | HWThread 124 | HWThread 125 | HWThread 126 | HWThread 127 | HWThread 128 | HWThread 129 | HWThread 130 | HWThread 131 | HWThread 132 | HWThread 133 | HWThread 134 | HWThread 135 | HWThread 136 | HWThread 137 | HWThread 138 | HWThread 139 | HWThread 140 | HWThread 141 | HWThread 142 | HWThread 143 | HWThread 144 | HWThread 145 | HWThread 146 | HWThread 147 | HWThread 148 | HWThread 149 | HWThread 150 | HWThread 151 | HWThread 152 | HWThread 153 | HWThread 154 | HWThread 155 | HWThread 156 | HWThread 157 | HWThread 158 | HWThread 159 | HWThread 160 | HWThread 161 | HWThread 162 | HWThread 163 | HWThread 164 | HWThread 165 | HWThread 166 | HWThread 167 | HWThread 168 | HWThread 169 | HWThread 170 | HWThread 171 | HWThread 172 | HWThread 173 | HWThread 174 | HWThread 175 | HWThread 176 | HWThread 177 | HWThread 178 | HWThread 179 | HWThread 180 | HWThread 181 | HWThread 182 | HWThread 183 | HWThread 184 | HWThread 185 | HWThread 186 | HWThread 187 | HWThread 188 | HWThread 189 | HWThread 190 | HWThread 191 | HWThread 192 | HWThread 193 | HWThread 194 | HWThread 195 | HWThread 196 | HWThread 197 | HWThread 198 | HWThread 199 | HWThread 200 | HWThread 201 | HWThread 202 | HWThread 203 | HWThread 204 | HWThread 205 | HWThread 206 | HWThread 207 | HWThread 208 | HWThread 209 | HWThread 210 | HWThread 211 | HWThread 212 | HWThread 213 | HWThread 214 | HWThread 215 | HWThread 216 | HWThread 217 | HWThread 218 | HWThread 219 | HWThread 220 | HWThread 221 | HWThread 222 | HWThread 223 | HWThread 224 | HWThread 225 | HWThread 226 | HWThread 227 | HWThread 228 | HWThread 229 | HWThread 230 | HWThread 231 | HWThread 232 | HWThread 233 | HWThread 234 | HWThread 235 | HWThread 236 | HWThread 237 | HWThread 238 | HWThread 239 | HWThread 240 | HWThread 241 | HWThread 242 | HWThread 243 | HWThread 244 | HWThread 245 | HWThread 246 | HWThread 247 | HWThread 248 | HWThread 249 | HWThread 250 | HWThread 251 | HWThread 252 | HWThread 253 | HWThread 254 | HWThread 255 |
+-------------------+------------+------------+------------+------------+------------+------------+------------+------------+------------+------------+-------------+-------------+-------------+-------------+-------------+-------------+-------------+-------------+-------------+-------------+-------------+-------------+-------------+-------------+-------------+-------------+-------------+-------------+-------------+-------------+-------------+-------------+-------------+-------------+-------------+-------------+-------------+-------------+-------------+-------------+-------------+-------------+-------------+-------------+-------------+-------------+-------------+-------------+-------------+-------------+-------------+-------------+-------------+-------------+-------------+-------------+-------------+-------------+-------------+-------------+-------------+-------------+-------------+-------------+-------------+-------------+-------------+-------------+-------------+-------------+-------------+-------------+-------------+-------------+-------------+-------------+-------------+-------------+-------------+-------------+-------------+-------------+-------------+-------------+-------------+-------------+-------------+-------------+-------------+-------------+-------------+-------------+-------------+-------------+-------------+-------------+-------------+-------------+-------------+-------------+--------------+--------------+--------------+--------------+--------------+--------------+--------------+--------------+--------------+--------------+--------------+--------------+--------------+--------------+--------------+--------------+--------------+--------------+--------------+--------------+--------------+--------------+--------------+--------------+--------------+--------------+--------------+--------------+--------------+--------------+--------------+--------------+--------------+--------------+--------------+--------------+--------------+--------------+--------------+--------------+--------------+--------------+--------------+--------------+--------------+--------------+--------------+--------------+--------------+--------------+--------------+--------------+--------------+--------------+--------------+--------------+--------------+--------------+--------------+--------------+--------------+--------------+--------------+--------------+--------------+--------------+--------------+--------------+--------------+--------------+--------------+--------------+--------------+--------------+--------------+--------------+--------------+--------------+--------------+--------------+--------------+--------------+--------------+--------------+--------------+--------------+--------------+--------------+--------------+--------------+--------------+--------------+--------------+--------------+--------------+--------------+--------------+--------------+--------------+--------------+--------------+--------------+--------------+--------------+--------------+--------------+--------------+--------------+--------------+--------------+--------------+--------------+--------------+--------------+--------------+--------------+--------------+--------------+--------------+--------------+--------------+--------------+--------------+--------------+--------------+--------------+--------------+--------------+--------------+--------------+--------------+--------------+--------------+--------------+--------------+--------------+--------------+--------------+--------------+--------------+--------------+--------------+--------------+--------------+--------------+--------------+--------------+--------------+--------------+--------------+--------------+--------------+--------------+--------------+--------------+--------------+
| RDTSC Runtime [s] |   1.690413 |   1.688771 |   1.689672 |   1.689002 |   1.689649 |   1.688962 |   1.690295 |   1.689928 |   1.688883 |   1.689012 |    1.689011 |    1.689085 |    1.688917 |    1.688781 |    1.689193 |    1.688775 |    1.689088 |    1.688933 |    1.689065 |    1.690777 |    1.688905 |    1.688786 |    1.689024 |    1.688786 |    1.689087 |    1.689096 |    1.688926 |    1.689411 |    1.688774 |    1.689196 |    1.688885 |    1.688905 |    1.689000 |    1.688787 |    1.689094 |    1.688772 |    1.689676 |    1.689094 |    1.688770 |    1.689142 |    1.688957 |    1.689094 |    1.688767 |    1.689150 |    1.688972 |    1.689067 |    1.689673 |    1.689084 |    1.688880 |    1.689071 |    1.688927 |    1.689197 |    1.689072 |    1.688884 |    1.689012 |    1.689025 |    1.689209 |    1.689516 |    1.688772 |    1.689094 |    1.689445 |    1.688851 |    1.689446 |    1.689094 |    1.688771 |    1.688960 |    1.689051 |    1.689196 |    1.688779 |    1.689083 |    1.689196 |    1.689196 |    1.690292 |    1.689916 |    1.689948 |    1.689935 |    1.688882 |    1.689947 |    1.690297 |    1.688951 |    1.689893 |    1.689097 |    1.693015 |    1.689992 |    1.692995 |    1.690444 |    1.690359 |    1.688935 |    1.689673 |    1.688888 |    1.688899 |    1.689670 |    1.689001 |    1.689637 |    1.689196 |    1.688881 |    1.693031 |    1.690033 |    1.689831 |    1.689911 |     1.689237 |     1.690402 |     1.693031 |     1.690367 |     1.688772 |     1.688771 |     1.689161 |     1.689413 |     1.689405 |     1.689197 |     1.689553 |     1.689412 |     1.689622 |     1.688949 |     1.688880 |     1.689982 |     1.690012 |     1.688926 |     1.688786 |     1.689659 |     1.689007 |     1.688979 |     1.688931 |     1.688901 |     1.688870 |     1.690500 |     1.688962 |     1.688869 |     1.689150 |     1.688785 |     1.689148 |     1.688785 |     1.689676 |     1.689406 |     1.689184 |     1.689413 |     1.689051 |     1.689239 |     1.689088 |     1.689997 |     1.688934 |     1.689071 |     1.689517 |     1.688786 |     1.689404 |     1.688929 |     1.689640 |     1.689561 |     1.688926 |     1.689407 |     1.689652 |     1.688876 |     1.689212 |     1.688935 |     1.689961 |     1.689893 |     1.689962 |     1.688776 |     1.688777 |     1.688779 |     1.688907 |     1.688925 |     1.689240 |     1.688787 |     1.689526 |     1.689207 |     1.689522 |     1.689144 |     1.689146 |     1.689208 |     1.689546 |     1.689689 |     1.688783 |     1.689236 |     1.688782 |     1.688790 |     1.690445 |     1.690461 |     1.688989 |     1.688782 |     1.689990 |     1.688929 |     1.688930 |     1.690089 |     1.689054 |     1.688888 |     1.689096 |     1.688789 |     1.689016 |     1.689054 |     1.688775 |     1.689036 |     1.689042 |     1.688787 |     1.689523 |     1.689073 |     1.689198 |     1.688884 |     1.688885 |     1.689153 |     1.689237 |     1.688890 |     1.688786 |     1.688774 |     1.689291 |     1.689093 |     1.689688 |     1.689404 |     1.688967 |     1.688967 |     1.689607 |     1.689616 |     1.688778 |     1.689650 |     1.688947 |     1.688933 |     1.689153 |     1.689153 |     1.689676 |     1.688811 |     1.688891 |     1.688893 |     1.689681 |     1.688891 |     1.689428 |     1.688988 |     1.691870 |     1.688904 |     1.689459 |     1.689087 |     1.689513 |     1.689199 |     1.689211 |     1.688888 |     1.689239 |     1.688891 |     1.688789 |     1.688790 |     1.688892 |     1.689994 |     1.689053 |     1.688781 |     1.688932 |     1.689053 |     1.689147 |     1.688781 |     1.689066 |     1.689086 |     1.689405 |     1.688879 |     1.689086 |     1.689002 |     1.689003 |     1.689493 |     1.689238 |     1.688773 |
|     call count    |          1 |          1 |          1 |          1 |          1 |          1 |          1 |          1 |          1 |          1 |           1 |           1 |           1 |           1 |           1 |           1 |           1 |           1 |           1 |           1 |           1 |           1 |           1 |           1 |           1 |           1 |           1 |           1 |           1 |           1 |           1 |           1 |           1 |           1 |           1 |           1 |           1 |           1 |           1 |           1 |           1 |           1 |           1 |           1 |           1 |           1 |           1 |           1 |           1 |           1 |           1 |           1 |           1 |           1 |           1 |           1 |           1 |           1 |           1 |           1 |           1 |           1 |           1 |           1 |           1 |           1 |           1 |           1 |           1 |           1 |           1 |           1 |           1 |           1 |           1 |           1 |           1 |           1 |           1 |           1 |           1 |           1 |           1 |           1 |           1 |           1 |           1 |           1 |           1 |           1 |           1 |           1 |           1 |           1 |           1 |           1 |           1 |           1 |           1 |           1 |            1 |            1 |            1 |            1 |            1 |            1 |            1 |            1 |            1 |            1 |            1 |            1 |            1 |            1 |            1 |            1 |            1 |            1 |            1 |            1 |            1 |            1 |            1 |            1 |            1 |            1 |            1 |            1 |            1 |            1 |            1 |            1 |            1 |            1 |            1 |            1 |            1 |            1 |            1 |            1 |            1 |            1 |            1 |            1 |            1 |            1 |            1 |            1 |            1 |            1 |            1 |            1 |            1 |            1 |            1 |            1 |            1 |            1 |            1 |            1 |            1 |            1 |            1 |            1 |            1 |            1 |            1 |            1 |            1 |            1 |            1 |            1 |            1 |            1 |            1 |            1 |            1 |            1 |            1 |            1 |            1 |            1 |            1 |            1 |            1 |            1 |            1 |            1 |            1 |            1 |            1 |            1 |            1 |            1 |            1 |            1 |            1 |            1 |            1 |            1 |            1 |            1 |            1 |            1 |            1 |            1 |            1 |            1 |            1 |            1 |            1 |            1 |            1 |            1 |            1 |            1 |            1 |            1 |            1 |            1 |            1 |            1 |            1 |            1 |            1 |            1 |            1 |            1 |            1 |            1 |            1 |            1 |            1 |            1 |            1 |            1 |            1 |            1 |            1 |            1 |            1 |            1 |            1 |            1 |            1 |            1 |            1 |            1 |            1 |            1 |            1 |            1 |            1 |            1 |            1 |            1 |
+-------------------+------------+------------+------------+------------+------------+------------+------------+------------+------------+------------+-------------+-------------+-------------+-------------+-------------+-------------+-------------+-------------+-------------+-------------+-------------+-------------+-------------+-------------+-------------+-------------+-------------+-------------+-------------+-------------+-------------+-------------+-------------+-------------+-------------+-------------+-------------+-------------+-------------+-------------+-------------+-------------+-------------+-------------+-------------+-------------+-------------+-------------+-------------+-------------+-------------+-------------+-------------+-------------+-------------+-------------+-------------+-------------+-------------+-------------+-------------+-------------+-------------+-------------+-------------+-------------+-------------+-------------+-------------+-------------+-------------+-------------+-------------+-------------+-------------+-------------+-------------+-------------+-------------+-------------+-------------+-------------+-------------+-------------+-------------+-------------+-------------+-------------+-------------+-------------+-------------+-------------+-------------+-------------+-------------+-------------+-------------+-------------+-------------+-------------+--------------+--------------+--------------+--------------+--------------+--------------+--------------+--------------+--------------+--------------+--------------+--------------+--------------+--------------+--------------+--------------+--------------+--------------+--------------+--------------+--------------+--------------+--------------+--------------+--------------+--------------+--------------+--------------+--------------+--------------+--------------+--------------+--------------+--------------+--------------+--------------+--------------+--------------+--------------+--------------+--------------+--------------+--------------+--------------+--------------+--------------+--------------+--------------+--------------+--------------+--------------+--------------+--------------+--------------+--------------+--------------+--------------+--------------+--------------+--------------+--------------+--------------+--------------+--------------+--------------+--------------+--------------+--------------+--------------+--------------+--------------+--------------+--------------+--------------+--------------+--------------+--------------+--------------+--------------+--------------+--------------+--------------+--------------+--------------+--------------+--------------+--------------+--------------+--------------+--------------+--------------+--------------+--------------+--------------+--------------+--------------+--------------+--------------+--------------+--------------+--------------+--------------+--------------+--------------+--------------+--------------+--------------+--------------+--------------+--------------+--------------+--------------+--------------+--------------+--------------+--------------+--------------+--------------+--------------+--------------+--------------+--------------+--------------+--------------+--------------+--------------+--------------+--------------+--------------+--------------+--------------+--------------+--------------+--------------+--------------+--------------+--------------+--------------+--------------+--------------+--------------+--------------+--------------+--------------+--------------+--------------+--------------+--------------+--------------+--------------+--------------+--------------+--------------+--------------+--------------+--------------+
+-------------------------------------+---------+--------------+--------------+--------------+--------------+--------------+--------------+--------------+--------------+--------------+--------------+--------------+--------------+--------------+--------------+--------------+--------------+--------------+--------------+--------------+--------------+--------------+--------------+--------------+--------------+--------------+--------------+--------------+--------------+--------------+--------------+--------------+--------------+--------------+--------------+--------------+--------------+--------------+--------------+--------------+--------------+--------------+--------------+--------------+--------------+--------------+--------------+--------------+--------------+--------------+--------------+--------------+--------------+--------------+--------------+--------------+--------------+--------------+--------------+--------------+--------------+--------------+--------------+--------------+--------------+--------------+--------------+--------------+--------------+--------------+--------------+--------------+--------------+--------------+--------------+--------------+--------------+--------------+--------------+--------------+--------------+--------------+--------------+--------------+--------------+--------------+--------------+--------------+--------------+--------------+--------------+--------------+--------------+--------------+--------------+--------------+--------------+--------------+--------------+--------------+--------------+--------------+--------------+--------------+--------------+--------------+--------------+--------------+--------------+--------------+--------------+--------------+--------------+--------------+--------------+--------------+--------------+--------------+--------------+--------------+--------------+--------------+--------------+--------------+--------------+--------------+--------------+--------------+--------------+--------------+--------------+--------------+--------------+--------------+--------------+--------------+--------------+--------------+--------------+--------------+--------------+--------------+--------------+--------------+--------------+--------------+--------------+--------------+--------------+--------------+--------------+--------------+--------------+--------------+--------------+--------------+--------------+--------------+--------------+--------------+--------------+--------------+--------------+--------------+--------------+--------------+--------------+--------------+--------------+--------------+--------------+--------------+--------------+--------------+--------------+--------------+--------------+--------------+--------------+--------------+--------------+--------------+--------------+--------------+--------------+--------------+--------------+--------------+--------------+--------------+--------------+--------------+--------------+--------------+--------------+--------------+--------------+--------------+--------------+--------------+--------------+--------------+--------------+--------------+--------------+--------------+--------------+--------------+--------------+--------------+--------------+--------------+--------------+--------------+--------------+--------------+--------------+--------------+--------------+--------------+--------------+--------------+--------------+--------------+--------------+--------------+--------------+--------------+--------------+--------------+--------------+--------------+--------------+--------------+--------------+--------------+--------------+--------------+--------------+--------------+--------------+--------------+--------------+--------------+--------------+--------------+--------------+--------------+--------------+--------------+--------------+--------------+--------------+--------------+--------------+--------------+--------------+
|                Event                | Counter |  HWThread 0  |  HWThread 1  |  HWThread 2  |  HWThread 3  |  HWThread 4  |  HWThread 5  |  HWThread 6  |  HWThread 7  |  HWThread 8  |  HWThread 9  |  HWThread 10 |  HWThread 11 |  HWThread 12 |  HWThread 13 |  HWThread 14 |  HWThread 15 |  HWThread 16 |  HWThread 17 |  HWThread 18 |  HWThread 19 |  HWThread 20 |  HWThread 21 |  HWThread 22 |  HWThread 23 |  HWThread 24 |  HWThread 25 |  HWThread 26 |  HWThread 27 |  HWThread 28 |  HWThread 29 |  HWThread 30 |  HWThread 31 |  HWThread 32 |  HWThread 33 |  HWThread 34 |  HWThread 35 |  HWThread 36 |  HWThread 37 |  HWThread 38 |  HWThread 39 |  HWThread 40 |  HWThread 41 |  HWThread 42 |  HWThread 43 |  HWThread 44 |  HWThread 45 |  HWThread 46 |  HWThread 47 |  HWThread 48 |  HWThread 49 |  HWThread 50 |  HWThread 51 |  HWThread 52 |  HWThread 53 |  HWThread 54 |  HWThread 55 |  HWThread 56 |  HWThread 57 |  HWThread 58 |  HWThread 59 |  HWThread 60 |  HWThread 61 |  HWThread 62 |  HWThread 63 |  HWThread 64 |  HWThread 65 |  HWThread 66 |  HWThread 67 |  HWThread 68 |  HWThread 69 |  HWThread 70 |  HWThread 71 |  HWThread 72 |  HWThread 73 |  HWThread 74 |  HWThread 75 |  HWThread 76 |  HWThread 77 |  HWThread 78 |  HWThread 79 |  HWThread 80 |  HWThread 81 |  HWThread 82 |  HWThread 83 |  HWThread 84 |  HWThread 85 |  HWThread 86 |  HWThread 87 |  HWThread 88 |  HWThread 89 |  HWThread 90 |  HWThread 91 |  HWThread 92 |  HWThread 93 |  HWThread 94 |  HWThread 95 |  HWThread 96 |  HWThread 97 |  HWThread 98 |  HWThread 99 | HWThread 100 | HWThread 101 | HWThread 102 | HWThread 103 | HWThread 104 | HWThread 105 | HWThread 106 | HWThread 107 | HWThread 108 | HWThread 109 | HWThread 110 | HWThread 111 | HWThread 112 | HWThread 113 | HWThread 114 | HWThread 115 | HWThread 116 | HWThread 117 | HWThread 118 | HWThread 119 | HWThread 120 | HWThread 121 | HWThread 122 | HWThread 123 | HWThread 124 | HWThread 125 | HWThread 126 | HWThread 127 | HWThread 128 | HWThread 129 | HWThread 130 | HWThread 131 | HWThread 132 | HWThread 133 | HWThread 134 | HWThread 135 | HWThread 136 | HWThread 137 | HWThread 138 | HWThread 139 | HWThread 140 | HWThread 141 | HWThread 142 | HWThread 143 | HWThread 144 | HWThread 145 | HWThread 146 | HWThread 147 | HWThread 148 | HWThread 149 | HWThread 150 | HWThread 151 | HWThread 152 | HWThread 153 | HWThread 154 | HWThread 155 | HWThread 156 | HWThread 157 | HWThread 158 | HWThread 159 | HWThread 160 | HWThread 161 | HWThread 162 | HWThread 163 | HWThread 164 | HWThread 165 | HWThread 166 | HWThread 167 | HWThread 168 | HWThread 169 | HWThread 170 | HWThread 171 | HWThread 172 | HWThread 173 | HWThread 174 | HWThread 175 | HWThread 176 | HWThread 177 | HWThread 178 | HWThread 179 | HWThread 180 | HWThread 181 | HWThread 182 | HWThread 183 | HWThread 184 | HWThread 185 | HWThread 186 | HWThread 187 | HWThread 188 | HWThread 189 | HWThread 190 | HWThread 191 | HWThread 192 | HWThread 193 | HWThread 194 | HWThread 195 | HWThread 196 | HWThread 197 | HWThread 198 | HWThread 199 | HWThread 200 | HWThread 201 | HWThread 202 | HWThread 203 | HWThread 204 | HWThread 205 | HWThread 206 | HWThread 207 | HWThread 208 | HWThread 209 | HWThread 210 | HWThread 211 | HWThread 212 | HWThread 213 | HWThread 214 | HWThread 215 | HWThread 216 | HWThread 217 | HWThread 218 | HWThread 219 | HWThread 220 | HWThread 221 | HWThread 222 | HWThread 223 | HWThread 224 | HWThread 225 | HWThread 226 | HWThread 227 | HWThread 228 | HWThread 229 | HWThread 230 | HWThread 231 | HWThread 232 | HWThread 233 | HWThread 234 | HWThread 235 | HWThread 236 | HWThread 237 | HWThread 238 | HWThread 239 | HWThread 240 | HWThread 241 | HWThread 242 | HWThread 243 | HWThread 244 | HWThread 245 | HWThread 246 | HWThread 247 | HWThread 248 | HWThread 249 | HWThread 250 | HWThread 251 | HWThread 252 | HWThread 253 | HWThread 254 | HWThread 255 |
+-------------------------------------+---------+--------------+--------------+--------------+--------------+--------------+--------------+--------------+--------------+--------------+--------------+--------------+--------------+--------------+--------------+--------------+--------------+--------------+--------------+--------------+--------------+--------------+--------------+--------------+--------------+--------------+--------------+--------------+--------------+--------------+--------------+--------------+--------------+--------------+--------------+--------------+--------------+--------------+--------------+--------------+--------------+--------------+--------------+--------------+--------------+--------------+--------------+--------------+--------------+--------------+--------------+--------------+--------------+--------------+--------------+--------------+--------------+--------------+--------------+--------------+--------------+--------------+--------------+--------------+--------------+--------------+--------------+--------------+--------------+--------------+--------------+--------------+--------------+--------------+--------------+--------------+--------------+--------------+--------------+--------------+--------------+--------------+--------------+--------------+--------------+--------------+--------------+--------------+--------------+--------------+--------------+--------------+--------------+--------------+--------------+--------------+--------------+--------------+--------------+--------------+--------------+--------------+--------------+--------------+--------------+--------------+--------------+--------------+--------------+--------------+--------------+--------------+--------------+--------------+--------------+--------------+--------------+--------------+--------------+--------------+--------------+--------------+--------------+--------------+--------------+--------------+--------------+--------------+--------------+--------------+--------------+--------------+--------------+--------------+--------------+--------------+--------------+--------------+--------------+--------------+--------------+--------------+--------------+--------------+--------------+--------------+--------------+--------------+--------------+--------------+--------------+--------------+--------------+--------------+--------------+--------------+--------------+--------------+--------------+--------------+--------------+--------------+--------------+--------------+--------------+--------------+--------------+--------------+--------------+--------------+--------------+--------------+--------------+--------------+--------------+--------------+--------------+--------------+--------------+--------------+--------------+--------------+--------------+--------------+--------------+--------------+--------------+--------------+--------------+--------------+--------------+--------------+--------------+--------------+--------------+--------------+--------------+--------------+--------------+--------------+--------------+--------------+--------------+--------------+--------------+--------------+--------------+--------------+--------------+--------------+--------------+--------------+--------------+--------------+--------------+--------------+--------------+--------------+--------------+--------------+--------------+--------------+--------------+--------------+--------------+--------------+--------------+--------------+--------------+--------------+--------------+--------------+--------------+--------------+--------------+--------------+--------------+--------------+--------------+--------------+--------------+--------------+--------------+--------------+--------------+--------------+--------------+--------------+--------------+--------------+--------------+--------------+--------------+--------------+--------------+--------------+--------------+
|           ACTUAL_CPU_CLOCK          |  FIXC1  |   4568244000 |   4566055000 |   4567841000 |   4566786000 |   4567051000 |   4566939000 |   4568139000 |   4568031000 |   4519341000 |   4521320000 |   4520134000 |   4518430000 |   4519865000 |   4519262000 |   4520067000 |   4520059000 |   4571356000 |   4572768000 |   4571420000 |   4571369000 |   4572835000 |   4571914000 |   4571835000 |   4570413000 |   4550395000 |   4549266000 |   4552278000 |   4551239000 |   4549796000 |   4549381000 |   4550046000 |   4550623000 |   4509397000 |   4508579000 |   4507880000 |   4507776000 |   4509309000 |   4508585000 |   4508246000 |   4508062000 |   4547375000 |   4545872000 |   4546241000 |   4545799000 |   4547208000 |   4545681000 |   4547672000 |   4546284000 |   4570844000 |   4569772000 |   4571370000 |   4570462000 |   4569820000 |   4573736000 |   4571055000 |   4572894000 |   4525406000 |   4528380000 |   4526422000 |   4524870000 |   4526964000 |   4528362000 |   4527244000 |   4527529000 |   4534788000 |   4535109000 |   4535590000 |   4533125000 |   4534498000 |   4535643000 |   4533065000 |   4533060000 |   4576766000 |   4577824000 |   4579227000 |   4577911000 |   4576236000 |   4577713000 |   4579242000 |   4576636000 |   4593103000 |   4590375000 |   4593857000 |   4592866000 |   4592276000 |   4591886000 |   4591819000 |   4590314000 |   4545947000 |   4544491000 |   4543333000 |   4547436000 |   4543687000 |   4544392000 |   4542351000 |   4546339000 |   4594858000 |   4592946000 |   4593029000 |   4592914000 |   4593233000 |   4594352000 |   4593607000 |   4592985000 |   4543606000 |   4542305000 |   4542124000 |   4543936000 |   4543932000 |   4542104000 |   4544138000 |   4545377000 |   4567079000 |   4565981000 |   4565775000 |   4569833000 |   4568409000 |   4566145000 |   4566275000 |   4567016000 |   4525186000 |   4524957000 |   4523063000 |   4524751000 |   4523896000 |   4526516000 |   4523201000 |   4524185000 |   4533862000 |   4536146000 |   4535230000 |   4535914000 |   4537438000 |   4537246000 |   4534738000 |   4537080000 |   4570643000 |   4569665000 |   4568688000 |   4571355000 |   4571056000 |   4568591000 |   4570797000 |   4569582000 |   4599115000 |   4598575000 |   4600999000 |   4599256000 |   4599892000 |   4599112000 |   4599187000 |   4599813000 |   4555602000 |   4556563000 |   4558183000 |   4558079000 |   4558138000 |   4552592000 |   4553159000 |   4555729000 |   4553579000 |   4552652000 |   4552923000 |   4552622000 |   4554396000 |   4552009000 |   4553802000 |   4552303000 |   4568121000 |   4568522000 |   4571004000 |   4569397000 |   4568837000 |   4568233000 |   4569835000 |   4568845000 |   4551741000 |   4551023000 |   4549773000 |   4548488000 |   4550847000 |   4551021000 |   4549566000 |   4550721000 |   4578538000 |   4580635000 |   4578682000 |   4579160000 |   4581725000 |   4579335000 |   4580065000 |   4581231000 |   4540885000 |   4539689000 |   4543056000 |   4537759000 |   4538368000 |   4540265000 |   4538931000 |   4538268000 |   4550990000 |   4551982000 |   4550679000 |   4551007000 |   4552536000 |   4550562000 |   4552540000 |   4552569000 |   4572908000 |   4572917000 |   4573910000 |   4573625000 |   4573081000 |   4573612000 |   4572581000 |   4572758000 |   4569704000 |   4570339000 |   4572050000 |   4570310000 |   4570967000 |   4570497000 |   4572021000 |   4570764000 |   4597028000 |   4596567000 |   4597746000 |   4595722000 |   4596620000 |   4595003000 |   4598507000 |   4595925000 |   4563782000 |   4564867000 |   4562383000 |   4564887000 |   4562719000 |   4564312000 |   4564745000 |   4565953000 |   4545862000 |   4544271000 |   4545477000 |   4545756000 |   4543945000 |   4544537000 |   4544303000 |   4546215000 |   4548321000 |   4548316000 |   4546311000 |   4548190000 |   4549193000 |   4551045000 |   4546565000 |   4546824000 |
|            MAX_CPU_CLOCK            |  FIXC2  |   4567110000 |   4565021000 |   4566419000 |   4564105000 |   4565833000 |   4564248000 |   4567021000 |   4567514000 |   4564360000 |   4564188000 |   4564513000 |   4564660000 |   4564320000 |   4565116000 |   4564675000 |   4564649000 |   4566051000 |   4565749000 |   4565581000 |   4565239000 |   4565218000 |   4565569000 |   4564486000 |   4565454000 |   4564358000 |   4564664000 |   4564424000 |   4565578000 |   4564992000 |   4564782000 |   4563336000 |   4564310000 |   4562289000 |   4563171000 |   4562769000 |   4561444000 |   4562910000 |   4565045000 |   4562898000 |   4563832000 |   4563364000 |   4563130000 |   4562859000 |   4562653000 |   4562249000 |   4562526000 |   4563356000 |   4561713000 |   4564349000 |   4562428000 |   4564431000 |   4564975000 |   4564627000 |   4565277000 |   4562010000 |   4564324000 |   4565016000 |   4565893000 |   4564742000 |   4564814000 |   4565747000 |   4565148000 |   4565774000 |   4565579000 |   4561863000 |   4564406000 |   4564561000 |   4562123000 |   4563294000 |   4564560000 |   4562088000 |   4562086000 |   4567453000 |   4567114000 |   4568201000 |   4567240000 |   4564137000 |   4567054000 |   4568251000 |   4564441000 |   4568206000 |   4565730000 |   4568925000 |   4567926000 |   4567730000 |   4567410000 |   4567299000 |   4564274000 |   4566574000 |   4564098000 |   4562245000 |   4568253000 |   4564434000 |   4564722000 |   4564940000 |   4565811000 |   4567628000 |   4567109000 |   4567491000 |   4567259000 |   4566360000 |   4567149000 |   4566872000 |   4566128000 |   4564499000 |   4563071000 |   4564881000 |   4565650000 |   4565608000 |   4563958000 |   4566030000 |   4565510000 |   4566695000 |   4564422000 |   4563325000 |   4567690000 |   4566813000 |   4564462000 |   4563872000 |   4566714000 |   4564459000 |   4564260000 |   4562061000 |   4564223000 |   4563958000 |   4567452000 |   4562113000 |   4564082000 |   4562444000 |   4563897000 |   4564943000 |   4564428000 |   4565216000 |   4565800000 |   4564917000 |   4565738000 |   4564762000 |   4565154000 |   4564840000 |   4567117000 |   4564114000 |   4564747000 |   4566036000 |   4564429000 |   4565584000 |   4564406000 |   4568082000 |   4565971000 |   4565849000 |   4565593000 |   4566361000 |   4565721000 |   4564715000 |   4564150000 |   4567231000 |   4567075000 |   4567212000 |   4563635000 |   4563257000 |   4564837000 |   4564742000 |   4564574000 |   4564649000 |   4564480000 |   4565773000 |   4565063000 |   4566081000 |   4564564000 |   4564545000 |   4564864000 |   4566891000 |   4565718000 |   4564215000 |   4564587000 |   4565241000 |   4564039000 |   4568255000 |   4567273000 |   4564444000 |   4564789000 |   4566738000 |   4565762000 |   4564292000 |   4566969000 |   4564765000 |   4564112000 |   4564845000 |   4564272000 |   4564503000 |   4564892000 |   4564471000 |   4564739000 |   4564173000 |   4563873000 |   4566879000 |   4562662000 |   4564970000 |   4564303000 |   4564386000 |   4564921000 |   4565133000 |   4564547000 |   4564323000 |   4565158000 |   4565739000 |   4564898000 |   4565730000 |   4565771000 |   4564442000 |   4564442000 |   4566568000 |   4566296000 |   4566397000 |   4566437000 |   4564138000 |   4564321000 |   4564993000 |   4564803000 |   4565666000 |   4564489000 |   4564068000 |   4564531000 |   4565368000 |   4564875000 |   4565576000 |   4564417000 |   4567989000 |   4564540000 |   4565969000 |   4564715000 |   4566618000 |   4565765000 |   4566215000 |   4565679000 |   4564715000 |   4565680000 |   4564071000 |   4565163000 |   4565556000 |   4568188000 |   4564138000 |   4565217000 |   4563997000 |   4564830000 |   4565023000 |   4563747000 |   4564573000 |   4564454000 |   4565706000 |   4564135000 |   4564825000 |   4564661000 |   4564349000 |   4567233000 |   4565004000 |   4565138000 |
|         RETIRED_INSTRUCTIONS        |   PMC0  |  18279590000 |  18280200000 |  18280400000 |  18280530000 |  18280760000 |  18279440000 |  18280490000 |  18280230000 |  18262330000 |  18262370000 |  18262610000 |  18262610000 |  18262320000 |  18262400000 |  18262140000 |  18261900000 |  18273930000 |  18274170000 |  18274390000 |  18275660000 |  18274340000 |  18273830000 |  18274140000 |  18273910000 |  18271990000 |  18272370000 |  18271920000 |  18272230000 |  18271930000 |  18272350000 |  18272130000 |  18272180000 |  18257510000 |  18257500000 |  18257460000 |  18256900000 |  18257550000 |  18257590000 |  18257190000 |  18257510000 |  18273490000 |  18273420000 |  18273330000 |  18273470000 |  18273410000 |  18273560000 |  18273880000 |  18273360000 |  18275260000 |  18275310000 |  18275530000 |  18275490000 |  18275440000 |  18275550000 |  18275280000 |  18275810000 |  18264990000 |  18265280000 |  18264710000 |  18264820000 |  18264890000 |  18264700000 |  18264710000 |  18264730000 |  18268750000 |  18269500000 |  18269090000 |  18269120000 |  18268660000 |  18269610000 |  18268820000 |  18269080000 |  18276870000 |  18276170000 |  18276420000 |  18276330000 |  18275820000 |  18276270000 |  18277010000 |  18276360000 |  18290110000 |  18289830000 |  18293020000 |  18290670000 |  18293020000 |  18291020000 |  18290760000 |  18289610000 |  18268410000 |  18267880000 |  18267790000 |  18268020000 |  18267120000 |  18267880000 |  18267440000 |  18267360000 |  18293590000 |  18291480000 |  18291130000 |  18291090000 |  18290410000 |  18291770000 |  18293240000 |  18291580000 |  18273070000 |  18272950000 |  18273260000 |  18273350000 |  18273250000 |  18273290000 |  18273250000 |  18273160000 |  18278090000 |  18277660000 |  18277560000 |  18278130000 |  18278190000 |  18277830000 |  18277840000 |  18277800000 |  18261560000 |  18261130000 |  18261510000 |  18261590000 |  18260550000 |  18263140000 |  18261680000 |  18260910000 |  18274990000 |  18274930000 |  18275310000 |  18275390000 |  18275300000 |  18275050000 |  18275220000 |  18275390000 |  18283450000 |  18283450000 |  18283390000 |  18284350000 |  18283470000 |  18283490000 |  18283860000 |  18283640000 |  18288260000 |  18288430000 |  18288600000 |  18288610000 |  18288010000 |  18288160000 |  18288990000 |  18288820000 |  18281820000 |  18281830000 |  18282100000 |  18282050000 |  18282210000 |  18281500000 |  18281010000 |  18280980000 |  18279370000 |  18278800000 |  18278630000 |  18278960000 |  18279210000 |  18279230000 |  18279160000 |  18279530000 |  18282150000 |  18282320000 |  18282310000 |  18282630000 |  18282210000 |  18282440000 |  18281930000 |  18281630000 |  18282400000 |  18282280000 |  18281410000 |  18281350000 |  18282070000 |  18280990000 |  18281510000 |  18282000000 |  18283590000 |  18283590000 |  18283740000 |  18283600000 |  18282980000 |  18283320000 |  18283210000 |  18283110000 |  18274920000 |  18275440000 |  18275300000 |  18275070000 |  18275160000 |  18275140000 |  18275110000 |  18275500000 |  18279080000 |  18279090000 |  18278880000 |  18278940000 |  18279480000 |  18279070000 |  18279460000 |  18279220000 |  18283780000 |  18283990000 |  18284470000 |  18284300000 |  18283760000 |  18284360000 |  18283380000 |  18283920000 |  18283380000 |  18283720000 |  18284100000 |  18283440000 |  18283690000 |  18282520000 |  18283460000 |  18283240000 |  18289480000 |  18289080000 |  18291640000 |  18289210000 |  18289580000 |  18289240000 |  18289410000 |  18289330000 |  18281070000 |  18280670000 |  18281630000 |  18281110000 |  18281040000 |  18281170000 |  18281060000 |  18281760000 |  18274440000 |  18274040000 |  18274360000 |  18274380000 |  18274150000 |  18274460000 |  18274180000 |  18274350000 |  18277170000 |  18277120000 |  18277210000 |  18276600000 |  18276390000 |  18277210000 |  18276180000 |  18276410000 |
|         CPU_CLOCKS_UNHALTED         |   PMC1  |   4531900000 |   4530089000 |   4532360000 |   4530844000 |   4532467000 |   4526390000 |   4535062000 |   4534706000 |   4480841000 |   4481283000 |   4480951000 |   4481297000 |   4480662000 |   4480305000 |   4481512000 |   4480179000 |   4531982000 |   4531338000 |   4531401000 |   4538576000 |   4531302000 |   4530948000 |   4531441000 |   4530763000 |   4512249000 |   4512592000 |   4511757000 |   4513380000 |   4511063000 |   4512504000 |   4511406000 |   4511337000 |   4472622000 |   4472152000 |   4472703000 |   4471210000 |   4474807000 |   4472914000 |   4471007000 |   4472829000 |   4508198000 |   4508797000 |   4507438000 |   4508834000 |   4508038000 |   4508339000 |   4509623000 |   4508227000 |   4532232000 |   4532990000 |   4532586000 |   4533506000 |   4533206000 |   4532494000 |   4532808000 |   4532844000 |   4487357000 |   4488435000 |   4486430000 |   4487528000 |   4488418000 |   4486559000 |   4488513000 |   4487382000 |   4496589000 |   4497270000 |   4497429000 |   4497716000 |   4496490000 |   4497284000 |   4497506000 |   4497773000 |   4541679000 |   4540287000 |   4540225000 |   4540208000 |   4536436000 |   4540312000 |   4541530000 |   4536989000 |   4554451000 |   4551647000 |   4567032000 |   4554926000 |   4566851000 |   4556317000 |   4555937000 |   4550562000 |   4508003000 |   4505546000 |   4505511000 |   4508013000 |   4505728000 |   4507891000 |   4506093000 |   4505224000 |   4571304000 |   4559232000 |   4557703000 |   4558480000 |   4555766000 |   4560360000 |   4570965000 |   4560107000 |   4505152000 |   4505068000 |   4506217000 |   4507120000 |   4506792000 |   4506230000 |   4507521000 |   4506867000 |   4531268000 |   4529440000 |   4528927000 |   4532773000 |   4532664000 |   4529220000 |   4528595000 |   4531189000 |   4485769000 |   4485916000 |   4485559000 |   4485724000 |   4484937000 |   4491464000 |   4485372000 |   4485326000 |   4494046000 |   4493191000 |   4493928000 |   4493091000 |   4495820000 |   4494923000 |   4493702000 |   4494700000 |   4527316000 |   4528073000 |   4527519000 |   4530888000 |   4526930000 |   4527420000 |   4528718000 |   4526356000 |   4555700000 |   4554138000 |   4556100000 |   4556105000 |   4553792000 |   4555671000 |   4556226000 |   4553747000 |   4513617000 |   4512838000 |   4516251000 |   4516321000 |   4516187000 |   4512087000 |   4511600000 |   4511380000 |   4510003000 |   4510175000 |   4510672000 |   4509604000 |   4511917000 |   4510779000 |   4511833000 |   4510558000 |   4526085000 |   4526209000 |   4527400000 |   4527882000 |   4524675000 |   4526413000 |   4524768000 |   4524668000 |   4510772000 |   4511012000 |   4505300000 |   4505008000 |   4508998000 |   4505220000 |   4505223000 |   4509579000 |   4537440000 |   4536846000 |   4537436000 |   4536618000 |   4536711000 |   4537193000 |   4536044000 |   4537151000 |   4497182000 |   4496363000 |   4498658000 |   4497263000 |   4497225000 |   4496698000 |   4496481000 |   4497397000 |   4509144000 |   4508120000 |   4507727000 |   4507559000 |   4509247000 |   4508750000 |   4510663000 |   4509663000 |   4529233000 |   4529167000 |   4530864000 |   4531351000 |   4528349000 |   4531384000 |   4528909000 |   4528696000 |   4528290000 |   4528231000 |   4530059000 |   4527243000 |   4527131000 |   4526605000 |   4529804000 |   4527109000 |   4553875000 |   4552637000 |   4563577000 |   4552245000 |   4554135000 |   4552512000 |   4553941000 |   4553157000 |   4520770000 |   4519747000 |   4520577000 |   4519572000 |   4519313000 |   4519272000 |   4519269000 |   4523529000 |   4502280000 |   4501340000 |   4501656000 |   4502260000 |   4502185000 |   4501204000 |   4501881000 |   4502280000 |   4506460000 |   4504935000 |   4505168000 |   4505069000 |   4504914000 |   4506619000 |   4505427000 |   4504387000 |
|                MERGE                |   PMC3  |            0 |            0 |            0 |            0 |            0 |            0 |            0 |            0 |            0 |            0 |            0 |            0 |            0 |            0 |            0 |            0 |            0 |            0 |            0 |            0 |            0 |            0 |            0 |            0 |            0 |            0 |            0 |            0 |            0 |            0 |            0 |            0 |            0 |            0 |            0 |            0 |            0 |            0 |            0 |            0 |            0 |            0 |            0 |            0 |            0 |            0 |            0 |            0 |            0 |            0 |            0 |            0 |            0 |            0 |            0 |            0 |            0 |            0 |            0 |            0 |            0 |            0 |            0 |            0 |            0 |            0 |            0 |            0 |            0 |            0 |            0 |            0 |            0 |            0 |            0 |            0 |            0 |            0 |            0 |            0 |            0 |            0 |            0 |            0 |            0 |            0 |            0 |            0 |            0 |            0 |            0 |            0 |            0 |            0 |            0 |            0 |            0 |            0 |            0 |            0 |            0 |            0 |            0 |            0 |            0 |            0 |            0 |            0 |            0 |            0 |            0 |            0 |            0 |            0 |            0 |            0 |            0 |            0 |            0 |            0 |            0 |            0 |            0 |            0 |            0 |            0 |            0 |            0 |            0 |            0 |            0 |            0 |            0 |            0 |            0 |            0 |            0 |            0 |            0 |            0 |            0 |            0 |            0 |            0 |            0 |            0 |            0 |            0 |            0 |            0 |            0 |            0 |            0 |            0 |            0 |            0 |            0 |            0 |            0 |            0 |            0 |            0 |            0 |            0 |            0 |            0 |            0 |            0 |            0 |            0 |            0 |            0 |            0 |            0 |            0 |            0 |            0 |            0 |            0 |            0 |            0 |            0 |            0 |            0 |            0 |            0 |            0 |            0 |            0 |            0 |            0 |            0 |            0 |            0 |            0 |            0 |            0 |            0 |            0 |            0 |            0 |            0 |            0 |            0 |            0 |            0 |            0 |            0 |            0 |            0 |            0 |            0 |            0 |            0 |            0 |            0 |            0 |            0 |            0 |            0 |            0 |            0 |            0 |            0 |            0 |            0 |            0 |            0 |            0 |            0 |            0 |            0 |            0 |            0 |            0 |            0 |            0 |            0 |            0 |            0 |            0 |            0 |            0 |            0 |            0 |            0 |            0 |            0 |            0 |            0 |            0 |            0 |            0 |            0 |            0 |            0 |
| RETIRED_SSE_AVX_FLOPS_ALL_DP_SCALAR |   PMC2  |           12 |           12 |           12 |           12 |           12 |           12 |           12 |           12 |           12 |           12 |           12 |           12 |           12 |           12 |           12 |           12 |           12 |           12 |           12 |           12 |           12 |           12 |           12 |           12 |           12 |           12 |           12 |           12 |           12 |           12 |           12 |           12 |           12 |           12 |           12 |           12 |           12 |           12 |           12 |           12 |           12 |           12 |           12 |           12 |           12 |           12 |           12 |           12 |           12 |           12 |           12 |           12 |           12 |           12 |           12 |           12 |           12 |           12 |           12 |           12 |           12 |           12 |           12 |           12 |           12 |           12 |           12 |           12 |           12 |           12 |           12 |           12 |           12 |           12 |           12 |           12 |           12 |           12 |           12 |           12 |           12 |           12 |           12 |           12 |           12 |           12 |           12 |           12 |           12 |           12 |           12 |           12 |           12 |           12 |           12 |           12 |           12 |           12 |           12 |           12 |           12 |           12 |           12 |           12 |           12 |           12 |           12 |           12 |           12 |           12 |           12 |           12 |           12 |           12 |           12 |           12 |           12 |           12 |           12 |           12 |           12 |           12 |           12 |           12 |           12 |           12 |           12 |           12 |           12 |           12 |           12 |           12 |           12 |           12 |           12 |           12 |           12 |           12 |           12 |           12 |           12 |           12 |           12 |           12 |           12 |           12 |           12 |           12 |           12 |           12 |           12 |           12 |           12 |           12 |           12 |           12 |           12 |           12 |           12 |           12 |           12 |           12 |           12 |           12 |           12 |           12 |           12 |           12 |           12 |           12 |           12 |           12 |           12 |           12 |           12 |           12 |           12 |           12 |           12 |           12 |           12 |           12 |           12 |           12 |           12 |           12 |           12 |           12 |           12 |           12 |           12 |           12 |           12 |           12 |           12 |           12 |           12 |           12 |           12 |           12 |           12 |           12 |           12 |           12 |           12 |           12 |           12 |           12 |           12 |           12 |           12 |           12 |           12 |           12 |           12 |           12 |           12 |           12 |           12 |           12 |           12 |           12 |           12 |           12 |           12 |           12 |           12 |           12 |           12 |           12 |           12 |           12 |           12 |           12 |           12 |           12 |           12 |           12 |           12 |           12 |           12 |           12 |           12 |           12 |           12 |           12 |           12 |           12 |           12 |           12 |           12 |           12 |           12 |           12 |           12 |           12 |
|                MERGE                |   PMC5  |            0 |            0 |            0 |            0 |            0 |            0 |            0 |            0 |            0 |            0 |            0 |            0 |            0 |            0 |            0 |            0 |            0 |            0 |            0 |            0 |            0 |            0 |            0 |            0 |            0 |            0 |            0 |            0 |            0 |            0 |            0 |            0 |            0 |            0 |            0 |            0 |            0 |            0 |            0 |            0 |            0 |            0 |            0 |            0 |            0 |            0 |            0 |            0 |            0 |            0 |            0 |            0 |            0 |            0 |            0 |            0 |            0 |            0 |            0 |            0 |            0 |            0 |            0 |            0 |            0 |            0 |            0 |            0 |            0 |            0 |            0 |            0 |            0 |            0 |            0 |            0 |            0 |            0 |            0 |            0 |            0 |            0 |            0 |            0 |            0 |            0 |            0 |            0 |            0 |            0 |            0 |            0 |            0 |            0 |            0 |            0 |            0 |            0 |            0 |            0 |            0 |            0 |            0 |            0 |            0 |            0 |            0 |            0 |            0 |            0 |            0 |            0 |            0 |            0 |            0 |            0 |            0 |            0 |            0 |            0 |            0 |            0 |            0 |            0 |            0 |            0 |            0 |            0 |            0 |            0 |            0 |            0 |            0 |            0 |            0 |            0 |            0 |            0 |            0 |            0 |            0 |            0 |            0 |            0 |            0 |            0 |            0 |            0 |            0 |            0 |            0 |            0 |            0 |            0 |            0 |            0 |            0 |            0 |            0 |            0 |            0 |            0 |            0 |            0 |            0 |            0 |            0 |            0 |            0 |            0 |            0 |            0 |            0 |            0 |            0 |            0 |            0 |            0 |            0 |            0 |            0 |            0 |            0 |            0 |            0 |            0 |            0 |            0 |            0 |            0 |            0 |            0 |            0 |            0 |            0 |            0 |            0 |            0 |            0 |            0 |            0 |            0 |            0 |            0 |            0 |            0 |            0 |            0 |            0 |            0 |            0 |            0 |            0 |            0 |            0 |            0 |            0 |            0 |            0 |            0 |            0 |            0 |            0 |            0 |            0 |            0 |            0 |            0 |            0 |            0 |            0 |            0 |            0 |            0 |            0 |            0 |            0 |            0 |            0 |            0 |            0 |            0 |            0 |            0 |            0 |            0 |            0 |            0 |            0 |            0 |            0 |            0 |            0 |            0 |            0 |            0 |
| RETIRED_SSE_AVX_FLOPS_ALL_DP_PACKED |   PMC4  | 193273500000 | 193273500000 | 193273500000 | 193273500000 | 193273500000 | 193273500000 | 193273500000 | 193273500000 | 193273500000 | 193273500000 | 193273500000 | 193273500000 | 193273500000 | 193273500000 | 193273500000 | 193273500000 | 193273500000 | 193273500000 | 193273500000 | 193273500000 | 193273500000 | 193273500000 | 193273500000 | 193273500000 | 193273500000 | 193273500000 | 193273500000 | 193273500000 | 193273500000 | 193273500000 | 193273500000 | 193273500000 | 193273500000 | 193273500000 | 193273500000 | 193273500000 | 193273500000 | 193273500000 | 193273500000 | 193273500000 | 193273500000 | 193273500000 | 193273500000 | 193273500000 | 193273500000 | 193273500000 | 193273500000 | 193273500000 | 193273500000 | 193273500000 | 193273500000 | 193273500000 | 193273500000 | 193273500000 | 193273500000 | 193273500000 | 193273500000 | 193273500000 | 193273500000 | 193273500000 | 193273500000 | 193273500000 | 193273500000 | 193273500000 | 193273500000 | 193273500000 | 193273500000 | 193273500000 | 193273500000 | 193273500000 | 193273500000 | 193273500000 | 193273500000 | 193273500000 | 193273500000 | 193273500000 | 193273500000 | 193273500000 | 193273500000 | 193273500000 | 193273500000 | 193273500000 | 193273500000 | 193273500000 | 193273500000 | 193273500000 | 193273500000 | 193273500000 | 193273500000 | 193273500000 | 193273500000 | 193273500000 | 193273500000 | 193273500000 | 193273500000 | 193273500000 | 193273500000 | 193273500000 | 193273500000 | 193273500000 | 193273500000 | 193273500000 | 193273500000 | 193273500000 | 193273500000 | 193273500000 | 193273500000 | 193273500000 | 193273500000 | 193273500000 | 193273500000 | 193273500000 | 193273500000 | 193273500000 | 193273500000 | 193273500000 | 193273500000 | 193273500000 | 193273500000 | 193273500000 | 193273500000 | 193273500000 | 193273500000 | 193273500000 | 193273500000 | 193273500000 | 193273500000 | 193273500000 | 193273500000 | 193273500000 | 193273500000 | 193273500000 | 193273500000 | 193273500000 | 193273500000 | 193273500000 | 193273500000 | 193273500000 | 193273500000 | 193273500000 | 193273500000 | 193273500000 | 193273500000 | 193273500000 | 193273500000 | 193273500000 | 193273500000 | 193273500000 | 193273500000 | 193273500000 | 193273500000 | 193273500000 | 193273500000 | 193273500000 | 193273500000 | 193273500000 | 193273500000 | 193273500000 | 193273500000 | 193273500000 | 193273500000 | 193273500000 | 193273500000 | 193273500000 | 193273500000 | 193273500000 | 193273500000 | 193273500000 | 193273500000 | 193273500000 | 193273500000 | 193273500000 | 193273500000 | 193273500000 | 193273500000 | 193273500000 | 193273500000 | 193273500000 | 193273500000 | 193273500000 | 193273500000 | 193273500000 | 193273500000 | 193273500000 | 193273500000 | 193273500000 | 193273500000 | 193273500000 | 193273500000 | 193273500000 | 193273500000 | 193273500000 | 193273500000 | 193273500000 | 193273500000 | 193273500000 | 193273500000 | 193273500000 | 193273500000 | 193273500000 | 193273500000 | 193273500000 | 193273500000 | 193273500000 | 193273500000 | 193273500000 | 193273500000 | 193273500000 | 193273500000 | 193273500000 | 193273500000 | 193273500000 | 193273500000 | 193273500000 | 193273500000 | 193273500000 | 193273500000 | 193273500000 | 193273500000 | 193273500000 | 193273500000 | 193273500000 | 193273500000 | 193273500000 | 193273500000 | 193273500000 | 193273500000 | 193273500000 | 193273500000 | 193273500000 | 193273500000 | 193273500000 | 193273500000 | 193273500000 | 193273500000 | 193273500000 | 193273500000 | 193273500000 | 193273500000 | 193273500000 | 193273500000 | 193273500000 | 193273500000 | 193273500000 | 193273500000 | 193273500000 | 193273500000 | 193273500000 | 193273500000 | 193273500000 | 193273500000 | 193273500000 | 193273500000 | 193273500000 | 193273500000 | 193273500000 |
+-------------------------------------+---------+--------------+--------------+--------------+--------------+--------------+--------------+--------------+--------------+--------------+--------------+--------------+--------------+--------------+--------------+--------------+--------------+--------------+--------------+--------------+--------------+--------------+--------------+--------------+--------------+--------------+--------------+--------------+--------------+--------------+--------------+--------------+--------------+--------------+--------------+--------------+--------------+--------------+--------------+--------------+--------------+--------------+--------------+--------------+--------------+--------------+--------------+--------------+--------------+--------------+--------------+--------------+--------------+--------------+--------------+--------------+--------------+--------------+--------------+--------------+--------------+--------------+--------------+--------------+--------------+--------------+--------------+--------------+--------------+--------------+--------------+--------------+--------------+--------------+--------------+--------------+--------------+--------------+--------------+--------------+--------------+--------------+--------------+--------------+--------------+--------------+--------------+--------------+--------------+--------------+--------------+--------------+--------------+--------------+--------------+--------------+--------------+--------------+--------------+--------------+--------------+--------------+--------------+--------------+--------------+--------------+--------------+--------------+--------------+--------------+--------------+--------------+--------------+--------------+--------------+--------------+--------------+--------------+--------------+--------------+--------------+--------------+--------------+--------------+--------------+--------------+--------------+--------------+--------------+--------------+--------------+--------------+--------------+--------------+--------------+--------------+--------------+--------------+--------------+--------------+--------------+--------------+--------------+--------------+--------------+--------------+--------------+--------------+--------------+--------------+--------------+--------------+--------------+--------------+--------------+--------------+--------------+--------------+--------------+--------------+--------------+--------------+--------------+--------------+--------------+--------------+--------------+--------------+--------------+--------------+--------------+--------------+--------------+--------------+--------------+--------------+--------------+--------------+--------------+--------------+--------------+--------------+--------------+--------------+--------------+--------------+--------------+--------------+--------------+--------------+--------------+--------------+--------------+--------------+--------------+--------------+--------------+--------------+--------------+--------------+--------------+--------------+--------------+--------------+--------------+--------------+--------------+--------------+--------------+--------------+--------------+--------------+--------------+--------------+--------------+--------------+--------------+--------------+--------------+--------------+--------------+--------------+--------------+--------------+--------------+--------------+--------------+--------------+--------------+--------------+--------------+--------------+--------------+--------------+--------------+--------------+--------------+--------------+--------------+--------------+--------------+--------------+--------------+--------------+--------------+--------------+--------------+--------------+--------------+--------------+--------------+--------------+--------------+--------------+--------------+--------------+--------------+
+------------------------------------------+---------+----------------+--------------+--------------+--------------+
|                   Event                  | Counter |       Sum      |      Min     |      Max     |      Avg     |
+------------------------------------------+---------+----------------+--------------+--------------+--------------+
|           ACTUAL_CPU_CLOCK STAT          |  FIXC1  |  1166743896000 |   4507776000 |   4600999000 | 4.557593e+09 |
|            MAX_CPU_CLOCK STAT            |  FIXC2  |  1168654732000 |   4561444000 |   4568925000 | 4.565058e+09 |
|         RETIRED_INSTRUCTIONS STAT        |   PMC0  |  4678943500000 |  18256900000 |  18293590000 | 1.827712e+10 |
|         CPU_CLOCKS_UNHALTED STAT         |   PMC1  |  1156495726000 |   4471007000 |   4571304000 | 4.517561e+09 |
|                MERGE STAT                |   PMC3  |              0 |            0 |            0 |            0 |
| RETIRED_SSE_AVX_FLOPS_ALL_DP_SCALAR STAT |   PMC2  |           3072 |           12 |           12 |           12 |
|                MERGE STAT                |   PMC5  |              0 |            0 |            0 |            0 |
| RETIRED_SSE_AVX_FLOPS_ALL_DP_PACKED STAT |   PMC4  | 49478016000000 | 193273500000 | 193273500000 | 193273500000 |
+------------------------------------------+---------+----------------+--------------+--------------+--------------+
+----------------------+-------------+-------------+-------------+-------------+-------------+-------------+-------------+-------------+-------------+-------------+-------------+-------------+-------------+-------------+-------------+-------------+-------------+-------------+-------------+-------------+-------------+-------------+-------------+-------------+-------------+-------------+-------------+-------------+-------------+-------------+-------------+-------------+-------------+-------------+-------------+-------------+-------------+-------------+-------------+-------------+-------------+-------------+-------------+-------------+-------------+-------------+-------------+-------------+-------------+-------------+-------------+-------------+-------------+-------------+-------------+-------------+-------------+-------------+-------------+-------------+-------------+-------------+-------------+-------------+-------------+-------------+-------------+-------------+-------------+-------------+-------------+-------------+-------------+-------------+-------------+-------------+-------------+-------------+-------------+-------------+-------------+-------------+-------------+-------------+-------------+-------------+-------------+-------------+-------------+-------------+-------------+-------------+-------------+-------------+-------------+-------------+-------------+-------------+-------------+-------------+--------------+--------------+--------------+--------------+--------------+--------------+--------------+--------------+--------------+--------------+--------------+--------------+--------------+--------------+--------------+--------------+--------------+--------------+--------------+--------------+--------------+--------------+--------------+--------------+--------------+--------------+--------------+--------------+--------------+--------------+--------------+--------------+--------------+--------------+--------------+--------------+--------------+--------------+--------------+--------------+--------------+--------------+--------------+--------------+--------------+--------------+--------------+--------------+--------------+--------------+--------------+--------------+--------------+--------------+--------------+--------------+--------------+--------------+--------------+--------------+--------------+--------------+--------------+--------------+--------------+--------------+--------------+--------------+--------------+--------------+--------------+--------------+--------------+--------------+--------------+--------------+--------------+--------------+--------------+--------------+--------------+--------------+--------------+--------------+--------------+--------------+--------------+--------------+--------------+--------------+--------------+--------------+--------------+--------------+--------------+--------------+--------------+--------------+--------------+--------------+--------------+--------------+--------------+--------------+--------------+--------------+--------------+--------------+--------------+--------------+--------------+--------------+--------------+--------------+--------------+--------------+--------------+--------------+--------------+--------------+--------------+--------------+--------------+--------------+--------------+--------------+--------------+--------------+--------------+--------------+--------------+--------------+--------------+--------------+--------------+--------------+--------------+--------------+--------------+--------------+--------------+--------------+--------------+--------------+--------------+--------------+--------------+--------------+--------------+--------------+--------------+--------------+--------------+--------------+--------------+--------------+
|        Metric        |  HWThread 0 |  HWThread 1 |  HWThread 2 |  HWThread 3 |  HWThread 4 |  HWThread 5 |  HWThread 6 |  HWThread 7 |  HWThread 8 |  HWThread 9 | HWThread 10 | HWThread 11 | HWThread 12 | HWThread 13 | HWThread 14 | HWThread 15 | HWThread 16 | HWThread 17 | HWThread 18 | HWThread 19 | HWThread 20 | HWThread 21 | HWThread 22 | HWThread 23 | HWThread 24 | HWThread 25 | HWThread 26 | HWThread 27 | HWThread 28 | HWThread 29 | HWThread 30 | HWThread 31 | HWThread 32 | HWThread 33 | HWThread 34 | HWThread 35 | HWThread 36 | HWThread 37 | HWThread 38 | HWThread 39 | HWThread 40 | HWThread 41 | HWThread 42 | HWThread 43 | HWThread 44 | HWThread 45 | HWThread 46 | HWThread 47 | HWThread 48 | HWThread 49 | HWThread 50 | HWThread 51 | HWThread 52 | HWThread 53 | HWThread 54 | HWThread 55 | HWThread 56 | HWThread 57 | HWThread 58 | HWThread 59 | HWThread 60 | HWThread 61 | HWThread 62 | HWThread 63 | HWThread 64 | HWThread 65 | HWThread 66 | HWThread 67 | HWThread 68 | HWThread 69 | HWThread 70 | HWThread 71 | HWThread 72 | HWThread 73 | HWThread 74 | HWThread 75 | HWThread 76 | HWThread 77 | HWThread 78 | HWThread 79 | HWThread 80 | HWThread 81 | HWThread 82 | HWThread 83 | HWThread 84 | HWThread 85 | HWThread 86 | HWThread 87 | HWThread 88 | HWThread 89 | HWThread 90 | HWThread 91 | HWThread 92 | HWThread 93 | HWThread 94 | HWThread 95 | HWThread 96 | HWThread 97 | HWThread 98 | HWThread 99 | HWThread 100 | HWThread 101 | HWThread 102 | HWThread 103 | HWThread 104 | HWThread 105 | HWThread 106 | HWThread 107 | HWThread 108 | HWThread 109 | HWThread 110 | HWThread 111 | HWThread 112 | HWThread 113 | HWThread 114 | HWThread 115 | HWThread 116 | HWThread 117 | HWThread 118 | HWThread 119 | HWThread 120 | HWThread 121 | HWThread 122 | HWThread 123 | HWThread 124 | HWThread 125 | HWThread 126 | HWThread 127 | HWThread 128 | HWThread 129 | HWThread 130 | HWThread 131 | HWThread 132 | HWThread 133 | HWThread 134 | HWThread 135 | HWThread 136 | HWThread 137 | HWThread 138 | HWThread 139 | HWThread 140 | HWThread 141 | HWThread 142 | HWThread 143 | HWThread 144 | HWThread 145 | HWThread 146 | HWThread 147 | HWThread 148 | HWThread 149 | HWThread 150 | HWThread 151 | HWThread 152 | HWThread 153 | HWThread 154 | HWThread 155 | HWThread 156 | HWThread 157 | HWThread 158 | HWThread 159 | HWThread 160 | HWThread 161 | HWThread 162 | HWThread 163 | HWThread 164 | HWThread 165 | HWThread 166 | HWThread 167 | HWThread 168 | HWThread 169 | HWThread 170 | HWThread 171 | HWThread 172 | HWThread 173 | HWThread 174 | HWThread 175 | HWThread 176 | HWThread 177 | HWThread 178 | HWThread 179 | HWThread 180 | HWThread 181 | HWThread 182 | HWThread 183 | HWThread 184 | HWThread 185 | HWThread 186 | HWThread 187 | HWThread 188 | HWThread 189 | HWThread 190 | HWThread 191 | HWThread 192 | HWThread 193 | HWThread 194 | HWThread 195 | HWThread 196 | HWThread 197 | HWThread 198 | HWThread 199 | HWThread 200 | HWThread 201 | HWThread 202 | HWThread 203 | HWThread 204 | HWThread 205 | HWThread 206 | HWThread 207 | HWThread 208 | HWThread 209 | HWThread 210 | HWThread 211 | HWThread 212 | HWThread 213 | HWThread 214 | HWThread 215 | HWThread 216 | HWThread 217 | HWThread 218 | HWThread 219 | HWThread 220 | HWThread 221 | HWThread 222 | HWThread 223 | HWThread 224 | HWThread 225 | HWThread 226 | HWThread 227 | HWThread 228 | HWThread 229 | HWThread 230 | HWThread 231 | HWThread 232 | HWThread 233 | HWThread 234 | HWThread 235 | HWThread 236 | HWThread 237 | HWThread 238 | HWThread 239 | HWThread 240 | HWThread 241 | HWThread 242 | HWThread 243 | HWThread 244 | HWThread 245 | HWThread 246 | HWThread 247 | HWThread 248 | HWThread 249 | HWThread 250 | HWThread 251 | HWThread 252 | HWThread 253 | HWThread 254 | HWThread 255 |
+----------------------+-------------+-------------+-------------+-------------+-------------+-------------+-------------+-------------+-------------+-------------+-------------+-------------+-------------+-------------+-------------+-------------+-------------+-------------+-------------+-------------+-------------+-------------+-------------+-------------+-------------+-------------+-------------+-------------+-------------+-------------+-------------+-------------+-------------+-------------+-------------+-------------+-------------+-------------+-------------+-------------+-------------+-------------+-------------+-------------+-------------+-------------+-------------+-------------+-------------+-------------+-------------+-------------+-------------+-------------+-------------+-------------+-------------+-------------+-------------+-------------+-------------+-------------+-------------+-------------+-------------+-------------+-------------+-------------+-------------+-------------+-------------+-------------+-------------+-------------+-------------+-------------+-------------+-------------+-------------+-------------+-------------+-------------+-------------+-------------+-------------+-------------+-------------+-------------+-------------+-------------+-------------+-------------+-------------+-------------+-------------+-------------+-------------+-------------+-------------+-------------+--------------+--------------+--------------+--------------+--------------+--------------+--------------+--------------+--------------+--------------+--------------+--------------+--------------+--------------+--------------+--------------+--------------+--------------+--------------+--------------+--------------+--------------+--------------+--------------+--------------+--------------+--------------+--------------+--------------+--------------+--------------+--------------+--------------+--------------+--------------+--------------+--------------+--------------+--------------+--------------+--------------+--------------+--------------+--------------+--------------+--------------+--------------+--------------+--------------+--------------+--------------+--------------+--------------+--------------+--------------+--------------+--------------+--------------+--------------+--------------+--------------+--------------+--------------+--------------+--------------+--------------+--------------+--------------+--------------+--------------+--------------+--------------+--------------+--------------+--------------+--------------+--------------+--------------+--------------+--------------+--------------+--------------+--------------+--------------+--------------+--------------+--------------+--------------+--------------+--------------+--------------+--------------+--------------+--------------+--------------+--------------+--------------+--------------+--------------+--------------+--------------+--------------+--------------+--------------+--------------+--------------+--------------+--------------+--------------+--------------+--------------+--------------+--------------+--------------+--------------+--------------+--------------+--------------+--------------+--------------+--------------+--------------+--------------+--------------+--------------+--------------+--------------+--------------+--------------+--------------+--------------+--------------+--------------+--------------+--------------+--------------+--------------+--------------+--------------+--------------+--------------+--------------+--------------+--------------+--------------+--------------+--------------+--------------+--------------+--------------+--------------+--------------+--------------+--------------+--------------+--------------+
|  Runtime (RDTSC) [s] |      1.6904 |      1.6888 |      1.6897 |      1.6890 |      1.6896 |      1.6890 |      1.6903 |      1.6899 |      1.6889 |      1.6890 |      1.6890 |      1.6891 |      1.6889 |      1.6888 |      1.6892 |      1.6888 |      1.6891 |      1.6889 |      1.6891 |      1.6908 |      1.6889 |      1.6888 |      1.6890 |      1.6888 |      1.6891 |      1.6891 |      1.6889 |      1.6894 |      1.6888 |      1.6892 |      1.6889 |      1.6889 |      1.6890 |      1.6888 |      1.6891 |      1.6888 |      1.6897 |      1.6891 |      1.6888 |      1.6891 |      1.6890 |      1.6891 |      1.6888 |      1.6891 |      1.6890 |      1.6891 |      1.6897 |      1.6891 |      1.6889 |      1.6891 |      1.6889 |      1.6892 |      1.6891 |      1.6889 |      1.6890 |      1.6890 |      1.6892 |      1.6895 |      1.6888 |      1.6891 |      1.6894 |      1.6889 |      1.6894 |      1.6891 |      1.6888 |      1.6890 |      1.6891 |      1.6892 |      1.6888 |      1.6891 |      1.6892 |      1.6892 |      1.6903 |      1.6899 |      1.6899 |      1.6899 |      1.6889 |      1.6899 |      1.6903 |      1.6890 |      1.6899 |      1.6891 |      1.6930 |      1.6900 |      1.6930 |      1.6904 |      1.6904 |      1.6889 |      1.6897 |      1.6889 |      1.6889 |      1.6897 |      1.6890 |      1.6896 |      1.6892 |      1.6889 |      1.6930 |      1.6900 |      1.6898 |      1.6899 |       1.6892 |       1.6904 |       1.6930 |       1.6904 |       1.6888 |       1.6888 |       1.6892 |       1.6894 |       1.6894 |       1.6892 |       1.6896 |       1.6894 |       1.6896 |       1.6889 |       1.6889 |       1.6900 |       1.6900 |       1.6889 |       1.6888 |       1.6897 |       1.6890 |       1.6890 |       1.6889 |       1.6889 |       1.6889 |       1.6905 |       1.6890 |       1.6889 |       1.6891 |       1.6888 |       1.6891 |       1.6888 |       1.6897 |       1.6894 |       1.6892 |       1.6894 |       1.6891 |       1.6892 |       1.6891 |       1.6900 |       1.6889 |       1.6891 |       1.6895 |       1.6888 |       1.6894 |       1.6889 |       1.6896 |       1.6896 |       1.6889 |       1.6894 |       1.6897 |       1.6889 |       1.6892 |       1.6889 |       1.6900 |       1.6899 |       1.6900 |       1.6888 |       1.6888 |       1.6888 |       1.6889 |       1.6889 |       1.6892 |       1.6888 |       1.6895 |       1.6892 |       1.6895 |       1.6891 |       1.6891 |       1.6892 |       1.6895 |       1.6897 |       1.6888 |       1.6892 |       1.6888 |       1.6888 |       1.6904 |       1.6905 |       1.6890 |       1.6888 |       1.6900 |       1.6889 |       1.6889 |       1.6901 |       1.6891 |       1.6889 |       1.6891 |       1.6888 |       1.6890 |       1.6891 |       1.6888 |       1.6890 |       1.6890 |       1.6888 |       1.6895 |       1.6891 |       1.6892 |       1.6889 |       1.6889 |       1.6892 |       1.6892 |       1.6889 |       1.6888 |       1.6888 |       1.6893 |       1.6891 |       1.6897 |       1.6894 |       1.6890 |       1.6890 |       1.6896 |       1.6896 |       1.6888 |       1.6897 |       1.6889 |       1.6889 |       1.6892 |       1.6892 |       1.6897 |       1.6888 |       1.6889 |       1.6889 |       1.6897 |       1.6889 |       1.6894 |       1.6890 |       1.6919 |       1.6889 |       1.6895 |       1.6891 |       1.6895 |       1.6892 |       1.6892 |       1.6889 |       1.6892 |       1.6889 |       1.6888 |       1.6888 |       1.6889 |       1.6900 |       1.6891 |       1.6888 |       1.6889 |       1.6891 |       1.6891 |       1.6888 |       1.6891 |       1.6891 |       1.6894 |       1.6889 |       1.6891 |       1.6890 |       1.6890 |       1.6895 |       1.6892 |       1.6888 |
| Runtime unhalted [s] |      1.6950 |      1.6942 |      1.6948 |      1.6944 |      1.6945 |      1.6945 |      1.6949 |      1.6949 |      1.6768 |      1.6776 |      1.6771 |      1.6765 |      1.6770 |      1.6768 |      1.6771 |      1.6771 |      1.6961 |      1.6967 |      1.6962 |      1.6961 |      1.6967 |      1.6963 |      1.6963 |      1.6958 |      1.6884 |      1.6879 |      1.6890 |      1.6887 |      1.6881 |      1.6880 |      1.6882 |      1.6884 |      1.6731 |      1.6728 |      1.6726 |      1.6725 |      1.6731 |      1.6728 |      1.6727 |      1.6726 |      1.6872 |      1.6867 |      1.6868 |      1.6866 |      1.6872 |      1.6866 |      1.6873 |      1.6868 |      1.6959 |      1.6955 |      1.6961 |      1.6958 |      1.6956 |      1.6970 |      1.6960 |      1.6967 |      1.6791 |      1.6802 |      1.6795 |      1.6789 |      1.6797 |      1.6802 |      1.6798 |      1.6799 |      1.6826 |      1.6827 |      1.6829 |      1.6819 |      1.6825 |      1.6829 |      1.6819 |      1.6819 |      1.6981 |      1.6985 |      1.6990 |      1.6986 |      1.6979 |      1.6985 |      1.6991 |      1.6981 |      1.7042 |      1.7032 |      1.7045 |      1.7041 |      1.7039 |      1.7037 |      1.7037 |      1.7032 |      1.6867 |      1.6862 |      1.6857 |      1.6873 |      1.6859 |      1.6861 |      1.6854 |      1.6868 |      1.7048 |      1.7041 |      1.7042 |      1.7041 |       1.7042 |       1.7047 |       1.7044 |       1.7042 |       1.6858 |       1.6853 |       1.6853 |       1.6860 |       1.6860 |       1.6853 |       1.6860 |       1.6865 |       1.6945 |       1.6941 |       1.6941 |       1.6956 |       1.6950 |       1.6942 |       1.6942 |       1.6945 |       1.6790 |       1.6789 |       1.6782 |       1.6788 |       1.6785 |       1.6795 |       1.6783 |       1.6786 |       1.6822 |       1.6831 |       1.6827 |       1.6830 |       1.6835 |       1.6835 |       1.6825 |       1.6834 |       1.6959 |       1.6955 |       1.6951 |       1.6961 |       1.6960 |       1.6951 |       1.6959 |       1.6955 |       1.7064 |       1.7062 |       1.7071 |       1.7065 |       1.7067 |       1.7064 |       1.7065 |       1.7067 |       1.6903 |       1.6906 |       1.6912 |       1.6912 |       1.6912 |       1.6892 |       1.6894 |       1.6903 |       1.6895 |       1.6892 |       1.6893 |       1.6892 |       1.6898 |       1.6889 |       1.6896 |       1.6891 |       1.6949 |       1.6951 |       1.6960 |       1.6954 |       1.6952 |       1.6950 |       1.6956 |       1.6952 |       1.6889 |       1.6886 |       1.6881 |       1.6876 |       1.6885 |       1.6886 |       1.6880 |       1.6885 |       1.6988 |       1.6996 |       1.6988 |       1.6990 |       1.7000 |       1.6991 |       1.6994 |       1.6998 |       1.6848 |       1.6844 |       1.6856 |       1.6837 |       1.6839 |       1.6846 |       1.6841 |       1.6839 |       1.6886 |       1.6889 |       1.6885 |       1.6886 |       1.6891 |       1.6884 |       1.6891 |       1.6892 |       1.6967 |       1.6967 |       1.6971 |       1.6970 |       1.6968 |       1.6970 |       1.6966 |       1.6966 |       1.6955 |       1.6958 |       1.6964 |       1.6957 |       1.6960 |       1.6958 |       1.6964 |       1.6959 |       1.7057 |       1.7055 |       1.7059 |       1.7052 |       1.7055 |       1.7049 |       1.7062 |       1.7052 |       1.6933 |       1.6937 |       1.6928 |       1.6937 |       1.6929 |       1.6935 |       1.6937 |       1.6941 |       1.6867 |       1.6861 |       1.6865 |       1.6866 |       1.6860 |       1.6862 |       1.6861 |       1.6868 |       1.6876 |       1.6876 |       1.6868 |       1.6875 |       1.6879 |       1.6886 |       1.6869 |       1.6870 |
|      Clock [MHz]     |   2695.8402 |   2695.7815 |   2696.0103 |   2696.7542 |   2695.8900 |   2696.7600 |   2695.8308 |   2695.4761 |   2668.5881 |   2669.8573 |   2668.9669 |   2667.8748 |   2668.9209 |   2668.0995 |   2668.8326 |   2668.8431 |   2698.3023 |   2699.3143 |   2698.6179 |   2698.7900 |   2699.6679 |   2698.9166 |   2699.5103 |   2698.0985 |   2686.9261 |   2686.0794 |   2687.9991 |   2686.7063 |   2686.1993 |   2686.0778 |   2687.3217 |   2687.0890 |   2663.9251 |   2662.9270 |   2662.7488 |   2663.4608 |   2663.5105 |   2661.8374 |   2662.8897 |   2662.2360 |   2685.7277 |   2684.9777 |   2685.3552 |   2685.2153 |   2686.2855 |   2685.2203 |   2685.9079 |   2686.0552 |   2699.0062 |   2699.5093 |   2699.2683 |   2698.4105 |   2698.2372 |   2700.1649 |   2700.5147 |   2700.2315 |   2671.7854 |   2673.0277 |   2672.5456 |   2671.5871 |   2672.2773 |   2673.4533 |   2672.4268 |   2672.7092 |   2679.1750 |   2677.8718 |   2678.0649 |   2678.0398 |   2678.1635 |   2678.0968 |   2678.0249 |   2678.0231 |   2700.6664 |   2701.4912 |   2701.6762 |   2701.4681 |   2702.3156 |   2701.4612 |   2701.6555 |   2702.3718 |   2709.8598 |   2709.7191 |   2709.8782 |   2709.8861 |   2709.6543 |   2709.6140 |   2709.6403 |   2710.5474 |   2682.9970 |   2683.5928 |   2683.9986 |   2682.8894 |   2682.9205 |   2683.1675 |   2681.8343 |   2683.6768 |   2711.2383 |   2710.4181 |   2710.2404 |   2710.3102 |    2711.0321 |    2711.2241 |    2710.9488 |    2711.0234 |    2682.8344 |    2682.9056 |    2681.7349 |    2682.3529 |    2682.3752 |    2682.2655 |    2682.2489 |    2683.2858 |    2695.3976 |    2696.0916 |    2696.6180 |    2696.4355 |    2696.1129 |    2696.1648 |    2696.5901 |    2695.3492 |    2671.9815 |    2671.9628 |    2672.1318 |    2671.8628 |    2671.5130 |    2671.0154 |    2672.1829 |    2671.6111 |    2678.2868 |    2678.7829 |    2677.6283 |    2678.3343 |    2678.7717 |    2678.3157 |    2677.3530 |    2678.2541 |    2698.6433 |    2697.8342 |    2697.4429 |    2697.6720 |    2699.2703 |    2697.4406 |    2697.9813 |    2698.2137 |    2714.9651 |    2715.3470 |    2714.5921 |    2714.8183 |    2715.2662 |    2714.9580 |    2714.5457 |    2715.2957 |    2689.7904 |    2690.6908 |    2689.8317 |    2689.8622 |    2689.8163 |    2688.6493 |    2689.2069 |    2689.7935 |    2688.5800 |    2688.1316 |    2688.2475 |    2688.1693 |    2688.4552 |    2687.4640 |    2687.9232 |    2687.9314 |    2697.2825 |    2697.3307 |    2697.5983 |    2697.3427 |    2697.9003 |    2697.3238 |    2697.8832 |    2698.0091 |    2685.4281 |    2685.5818 |    2686.5082 |    2685.5465 |    2685.7925 |    2686.4694 |    2686.4754 |    2685.5823 |    2703.3030 |    2704.9281 |    2703.3406 |    2703.9623 |    2705.3400 |    2703.6983 |    2704.3788 |    2704.9084 |    2681.4193 |    2680.8893 |    2681.1117 |    2680.4608 |    2679.4651 |    2680.9768 |    2680.1404 |    2679.4348 |    2686.8212 |    2687.7519 |    2687.1144 |    2686.8166 |    2687.3772 |    2686.7069 |    2687.3849 |    2687.3779 |    2700.1699 |    2700.1752 |    2699.5042 |    2699.4968 |    2699.1160 |    2699.4058 |    2700.1567 |    2700.1529 |    2697.9524 |    2698.4396 |    2698.9396 |    2698.6081 |    2699.2450 |    2698.6937 |    2699.0986 |    2698.6480 |    2713.7379 |    2714.1548 |    2712.7280 |    2713.5827 |    2713.2635 |    2713.0541 |    2713.9916 |    2712.9745 |    2693.7349 |    2694.6917 |    2693.7941 |    2694.7029 |    2694.3726 |    2694.6686 |    2694.6922 |    2693.8524 |    2684.3788 |    2682.8051 |    2684.2344 |    2683.9093 |    2682.7266 |    2683.8263 |    2683.2025 |    2684.4014 |    2684.9085 |    2685.8297 |    2684.2399 |    2685.4458 |    2686.2216 |    2685.6183 |    2684.2846 |    2684.3588 |
|          CPI         |      0.2479 |      0.2478 |      0.2479 |      0.2479 |      0.2479 |      0.2476 |      0.2481 |      0.2481 |      0.2454 |      0.2454 |      0.2454 |      0.2454 |      0.2454 |      0.2453 |      0.2454 |      0.2453 |      0.2480 |      0.2480 |      0.2480 |      0.2483 |      0.2480 |      0.2479 |      0.2480 |      0.2479 |      0.2469 |      0.2470 |      0.2469 |      0.2470 |      0.2469 |      0.2470 |      0.2469 |      0.2469 |      0.2450 |      0.2449 |      0.2450 |      0.2449 |      0.2451 |      0.2450 |      0.2449 |      0.2450 |      0.2467 |      0.2467 |      0.2467 |      0.2467 |      0.2467 |      0.2467 |      0.2468 |      0.2467 |      0.2480 |      0.2480 |      0.2480 |      0.2481 |      0.2480 |      0.2480 |      0.2480 |      0.2480 |      0.2457 |      0.2457 |      0.2456 |      0.2457 |      0.2457 |      0.2456 |      0.2457 |      0.2457 |      0.2461 |      0.2462 |      0.2462 |      0.2462 |      0.2461 |      0.2462 |      0.2462 |      0.2462 |      0.2485 |      0.2484 |      0.2484 |      0.2484 |      0.2482 |      0.2484 |      0.2485 |      0.2482 |      0.2490 |      0.2489 |      0.2497 |      0.2490 |      0.2496 |      0.2491 |      0.2491 |      0.2488 |      0.2468 |      0.2466 |      0.2466 |      0.2468 |      0.2467 |      0.2468 |      0.2467 |      0.2466 |      0.2499 |      0.2493 |      0.2492 |      0.2492 |       0.2491 |       0.2493 |       0.2499 |       0.2493 |       0.2465 |       0.2465 |       0.2466 |       0.2466 |       0.2466 |       0.2466 |       0.2467 |       0.2466 |       0.2479 |       0.2478 |       0.2478 |       0.2480 |       0.2480 |       0.2478 |       0.2478 |       0.2479 |       0.2456 |       0.2457 |       0.2456 |       0.2456 |       0.2456 |       0.2459 |       0.2456 |       0.2456 |       0.2459 |       0.2459 |       0.2459 |       0.2459 |       0.2460 |       0.2460 |       0.2459 |       0.2459 |       0.2476 |       0.2477 |       0.2476 |       0.2478 |       0.2476 |       0.2476 |       0.2477 |       0.2476 |       0.2491 |       0.2490 |       0.2491 |       0.2491 |       0.2490 |       0.2491 |       0.2491 |       0.2490 |       0.2469 |       0.2468 |       0.2470 |       0.2470 |       0.2470 |       0.2468 |       0.2468 |       0.2468 |       0.2467 |       0.2467 |       0.2468 |       0.2467 |       0.2468 |       0.2468 |       0.2468 |       0.2468 |       0.2476 |       0.2476 |       0.2476 |       0.2477 |       0.2475 |       0.2476 |       0.2475 |       0.2475 |       0.2467 |       0.2467 |       0.2464 |       0.2464 |       0.2466 |       0.2464 |       0.2464 |       0.2467 |       0.2482 |       0.2481 |       0.2482 |       0.2481 |       0.2481 |       0.2482 |       0.2481 |       0.2482 |       0.2461 |       0.2460 |       0.2462 |       0.2461 |       0.2461 |       0.2461 |       0.2460 |       0.2461 |       0.2467 |       0.2466 |       0.2466 |       0.2466 |       0.2467 |       0.2467 |       0.2468 |       0.2467 |       0.2477 |       0.2477 |       0.2478 |       0.2478 |       0.2477 |       0.2478 |       0.2477 |       0.2477 |       0.2477 |       0.2477 |       0.2478 |       0.2476 |       0.2476 |       0.2476 |       0.2478 |       0.2476 |       0.2490 |       0.2489 |       0.2495 |       0.2489 |       0.2490 |       0.2489 |       0.2490 |       0.2490 |       0.2473 |       0.2472 |       0.2473 |       0.2472 |       0.2472 |       0.2472 |       0.2472 |       0.2474 |       0.2464 |       0.2463 |       0.2463 |       0.2464 |       0.2464 |       0.2463 |       0.2464 |       0.2464 |       0.2466 |       0.2465 |       0.2465 |       0.2465 |       0.2465 |       0.2466 |       0.2465 |       0.2465 |
|     DP [MFLOP/s]     | 114335.0767 | 114446.2452 | 114385.2180 | 114430.5927 | 114386.7750 | 114433.3028 | 114343.0585 | 114367.8902 | 114438.6556 | 114429.9152 | 114429.9830 | 114424.9697 | 114436.3518 | 114445.5675 | 114417.6539 | 114445.9742 | 114424.7665 | 114435.2677 | 114426.3246 | 114310.4620 | 114437.1649 | 114445.2287 | 114429.1023 | 114445.2287 | 114424.8343 | 114424.2246 | 114435.7420 | 114402.8895 | 114446.0419 | 114417.4507 | 114438.5201 | 114437.1649 | 114430.7282 | 114445.1609 | 114424.3600 | 114446.1775 | 114384.9472 | 114424.3600 | 114446.3130 | 114421.1085 | 114433.6416 | 114424.3600 | 114446.5163 | 114420.5666 | 114432.6253 | 114426.1891 | 114385.1503 | 114425.0375 | 114438.8589 | 114425.9182 | 114435.6743 | 114417.3829 | 114425.8504 | 114438.5879 | 114429.9152 | 114429.0345 | 114416.5701 | 114395.7796 | 114446.1775 | 114424.3600 | 114400.5872 | 114440.8240 | 114400.5195 | 114424.3600 | 114446.2452 | 114433.4383 | 114427.2731 | 114417.4507 | 114445.7031 | 114425.1052 | 114417.4507 | 114417.4507 | 114343.2614 | 114368.7024 | 114366.5367 | 114367.4165 | 114438.7234 | 114366.6044 | 114342.9232 | 114434.0481 | 114370.2590 | 114424.1568 | 114159.3548 | 114363.5591 | 114160.7034 | 114332.9800 | 114338.7292 | 114435.1322 | 114385.1503 | 114438.3168 | 114437.5715 | 114385.3534 | 114430.6605 | 114387.5874 | 114417.4507 | 114438.7911 | 114158.2759 | 114360.7847 | 114374.4552 | 114369.0407 |  114414.6736 |  114335.8207 |  114158.2759 |  114338.1881 |  114446.1775 |  114446.2452 |  114419.8214 |  114402.7541 |  114403.2958 |  114417.3829 |  114393.2744 |  114402.8218 |  114388.6029 |  114434.1836 |  114438.8589 |  114364.2358 |  114362.2057 |  114435.7420 |  114445.2287 |  114386.0980 |  114430.2540 |  114432.1510 |  114435.4032 |  114437.4359 |  114439.5365 |  114329.1926 |  114433.3028 |  114439.6043 |  114420.5666 |  114445.2965 |  114420.7020 |  114445.2965 |  114384.9472 |  114403.2281 |  114418.2635 |  114402.7541 |  114427.2731 |  114414.5382 |  114424.7665 |  114363.2208 |  114435.2000 |  114425.9182 |  114395.7119 |  114445.2287 |  114403.3636 |  114435.5387 |  114387.3843 |  114392.7328 |  114435.7420 |  114403.1604 |  114386.5719 |  114439.1299 |  114416.3669 |  114435.1322 |  114365.6570 |  114370.2590 |  114365.5893 |  114445.9064 |  114445.8386 |  114445.7031 |  114437.0294 |  114435.8098 |  114414.4704 |  114445.1609 |  114395.1025 |  114416.7056 |  114395.3734 |  114420.9730 |  114420.8375 |  114416.6379 |  114393.7484 |  114384.0671 |  114445.4320 |  114414.7413 |  114445.4998 |  114444.9576 |  114332.9123 |  114331.8302 |  114431.4735 |  114445.4998 |  114363.6945 |  114435.5387 |  114435.4710 |  114356.9954 |  114427.0698 |  114438.3168 |  114424.2246 |  114445.0254 |  114429.6442 |  114427.0698 |  114445.9742 |  114428.2893 |  114427.8828 |  114445.1609 |  114395.3057 |  114425.7827 |  114417.3152 |  114438.5879 |  114438.5201 |  114420.3633 |  114414.6736 |  114438.1813 |  114445.2287 |  114446.0419 |  114411.0162 |  114424.4278 |  114384.1348 |  114403.3636 |  114432.9641 |  114432.9641 |  114389.6184 |  114389.0091 |  114445.7709 |  114386.7073 |  114434.3191 |  114435.2677 |  114420.3633 |  114420.3633 |  114384.9472 |  114443.5345 |  114438.1135 |  114437.9780 |  114384.6087 |  114438.1135 |  114401.7383 |  114431.5413 |  114236.6139 |  114437.2327 |  114399.6392 |  114424.8343 |  114395.9828 |  114417.2475 |  114416.4347 |  114438.3168 |  114414.5382 |  114438.1135 |  114445.0254 |  114444.9576 |  114438.0458 |  114363.4238 |  114427.1376 |  114445.5675 |  114435.3355 |  114427.1376 |  114420.7698 |  114445.5675 |  114426.2569 |  114424.9020 |  114403.2958 |  114438.9267 |  114424.9020 |  114430.5927 |  114430.5250 |  114397.3370 |  114414.6059 |  114446.1097 |
+----------------------+-------------+-------------+-------------+-------------+-------------+-------------+-------------+-------------+-------------+-------------+-------------+-------------+-------------+-------------+-------------+-------------+-------------+-------------+-------------+-------------+-------------+-------------+-------------+-------------+-------------+-------------+-------------+-------------+-------------+-------------+-------------+-------------+-------------+-------------+-------------+-------------+-------------+-------------+-------------+-------------+-------------+-------------+-------------+-------------+-------------+-------------+-------------+-------------+-------------+-------------+-------------+-------------+-------------+-------------+-------------+-------------+-------------+-------------+-------------+-------------+-------------+-------------+-------------+-------------+-------------+-------------+-------------+-------------+-------------+-------------+-------------+-------------+-------------+-------------+-------------+-------------+-------------+-------------+-------------+-------------+-------------+-------------+-------------+-------------+-------------+-------------+-------------+-------------+-------------+-------------+-------------+-------------+-------------+-------------+-------------+-------------+-------------+-------------+-------------+-------------+--------------+--------------+--------------+--------------+--------------+--------------+--------------+--------------+--------------+--------------+--------------+--------------+--------------+--------------+--------------+--------------+--------------+--------------+--------------+--------------+--------------+--------------+--------------+--------------+--------------+--------------+--------------+--------------+--------------+--------------+--------------+--------------+--------------+--------------+--------------+--------------+--------------+--------------+--------------+--------------+--------------+--------------+--------------+--------------+--------------+--------------+--------------+--------------+--------------+--------------+--------------+--------------+--------------+--------------+--------------+--------------+--------------+--------------+--------------+--------------+--------------+--------------+--------------+--------------+--------------+--------------+--------------+--------------+--------------+--------------+--------------+--------------+--------------+--------------+--------------+--------------+--------------+--------------+--------------+--------------+--------------+--------------+--------------+--------------+--------------+--------------+--------------+--------------+--------------+--------------+--------------+--------------+--------------+--------------+--------------+--------------+--------------+--------------+--------------+--------------+--------------+--------------+--------------+--------------+--------------+--------------+--------------+--------------+--------------+--------------+--------------+--------------+--------------+--------------+--------------+--------------+--------------+--------------+--------------+--------------+--------------+--------------+--------------+--------------+--------------+--------------+--------------+--------------+--------------+--------------+--------------+--------------+--------------+--------------+--------------+--------------+--------------+--------------+--------------+--------------+--------------+--------------+--------------+--------------+--------------+--------------+--------------+--------------+--------------+--------------+--------------+--------------+--------------+--------------+--------------+--------------+
+---------------------------+--------------+-------------+-------------+-------------+
|           Metric          |      Sum     |     Min     |     Max     |     Avg     |
+---------------------------+--------------+-------------+-------------+-------------+
|  Runtime (RDTSC) [s] STAT |     432.4587 |      1.6888 |      1.6930 |      1.6893 |
| Runtime unhalted [s] STAT |     432.9013 |      1.6725 |      1.7071 |      1.6910 |
|      Clock [MHz] STAT     |  688835.1900 |   2661.8374 |   2715.3470 |   2690.7625 |
|          CPI STAT         |      63.2752 |      0.2449 |      0.2499 |      0.2472 |
|     DP [MFLOP/s] STAT     | 2.928927e+07 | 114158.2759 | 114446.5163 | 114411.2053 |
+---------------------------+--------------+-------------+-------------+-------------+
