--------------------------------------------------------------------------------
CPU name:	AMD EPYC 9755 128-Core Processor               
CPU type:	AMD K1A (Zen5) architecture
CPU clock:	2.70 GHz
--------------------------------------------------------------------------------
Region bench, Group 1: FLOPS_DP
+-------------------+------------+------------+------------+------------+------------+------------+------------+------------+------------+------------+-------------+-------------+-------------+-------------+-------------+-------------+-------------+-------------+-------------+-------------+-------------+-------------+-------------+-------------+-------------+-------------+-------------+-------------+-------------+-------------+-------------+-------------+-------------+-------------+-------------+-------------+-------------+-------------+-------------+-------------+-------------+-------------+-------------+-------------+-------------+-------------+-------------+-------------+-------------+-------------+-------------+-------------+-------------+-------------+-------------+-------------+-------------+-------------+-------------+-------------+-------------+-------------+-------------+-------------+-------------+-------------+-------------+-------------+-------------+-------------+-------------+-------------+-------------+-------------+-------------+-------------+-------------+-------------+-------------+-------------+-------------+-------------+-------------+-------------+-------------+-------------+-------------+-------------+-------------+-------------+-------------+-------------+-------------+-------------+-------------+-------------+-------------+-------------+-------------+-------------+--------------+--------------+--------------+--------------+--------------+--------------+--------------+--------------+--------------+--------------+--------------+--------------+--------------+--------------+--------------+--------------+--------------+--------------+--------------+--------------+--------------+--------------+--------------+--------------+--------------+--------------+--------------+--------------+--------------+--------------+--------------+--------------+--------------+--------------+--------------+--------------+--------------+--------------+--------------+--------------+--------------+--------------+--------------+--------------+--------------+--------------+--------------+--------------+--------------+--------------+--------------+--------------+--------------+--------------+--------------+--------------+--------------+--------------+--------------+--------------+--------------+--------------+--------------+--------------+--------------+--------------+--------------+--------------+--------------+--------------+--------------+--------------+--------------+--------------+--------------+--------------+--------------+--------------+--------------+--------------+--------------+--------------+--------------+--------------+--------------+--------------+--------------+--------------+--------------+--------------+--------------+--------------+--------------+--------------+--------------+--------------+--------------+--------------+--------------+--------------+--------------+--------------+--------------+--------------+--------------+--------------+--------------+--------------+--------------+--------------+--------------+--------------+--------------+--------------+--------------+--------------+--------------+--------------+--------------+--------------+--------------+--------------+--------------+--------------+--------------+--------------+--------------+--------------+--------------+--------------+--------------+--------------+--------------+--------------+--------------+--------------+--------------+--------------+--------------+--------------+--------------+--------------+--------------+--------------+--------------+--------------+--------------+--------------+--------------+--------------+--------------+--------------+--------------+--------------+--------------+--------------+
|    Region Info    | HWThread 0 | HWThread 1 | HWThread 2 | HWThread 3 | HWThread 4 | HWThread 5 | HWThread 6 | HWThread 7 | HWThread 8 | HWThread 9 | HWThread 10 | HWThread 11 | HWThread 12 | HWThread 13 | HWThread 14 | HWThread 15 | HWThread 16 | HWThread 17 | HWThread 18 | HWThread 19 | HWThread 20 | HWThread 21 | HWThread 22 | HWThread 23 | HWThread 24 | HWThread 25 | HWThread 26 | HWThread 27 | HWThread 28 | HWThread 29 | HWThread 30 | HWThread 31 | HWThread 32 | HWThread 33 | HWThread 34 | HWThread 35 | HWThread 36 | HWThread 37 | HWThread 38 | HWThread 39 | HWThread 40 | HWThread 41 | HWThread 42 | HWThread 43 | HWThread 44 | HWThread 45 | HWThread 46 | HWThread 47 | HWThread 48 | HWThread 49 | HWThread 50 | HWThread 51 | HWThread 52 | HWThread 53 | HWThread 54 | HWThread 55 | HWThread 56 | HWThread 57 | HWThread 58 | HWThread 59 | HWThread 60 | HWThread 61 | HWThread 62 | HWThread 63 | HWThread 64 | HWThread 65 | HWThread 66 | HWThread 67 | HWThread 68 | HWThread 69 | HWThread 70 | HWThread 71 | HWThread 72 | HWThread 73 | HWThread 74 | HWThread 75 | HWThread 76 | HWThread 77 | HWThread 78 | HWThread 79 | HWThread 80 | HWThread 81 | HWThread 82 | HWThread 83 | HWThread 84 | HWThread 85 | HWThread 86 | HWThread 87 | HWThread 88 | HWThread 89 | HWThread 90 | HWThread 91 | HWThread 92 | HWThread 93 | HWThread 94 | HWThread 95 | HWThread 96 | HWThread 97 | HWThread 98 | HWThread 99 | HWThread 100 | HWThread 101 | HWThread 102 | HWThread 103 | HWThread 104 | HWThread 105 | HWThread 106 | HWThread 107 | HWThread 108 | HWThread 109 | HWThread 110 | HWThread 111 | HWThread 112 | HWThread 113 | HWThread 114 | HWThread 115 | HWThread 116 | HWThread 117 | HWThread 118 | HWThread 119 | HWThread 120 | HWThread 121 | HWThread 122 | HWThread 123 | HWThread 124 | HWThread 125 | HWThread 126 | HWThread 127 | HWThread 128 | HWThread 129 | HWThread 130 | HWThread 131 | HWThread 132 | HWThread 133 | HWThread 134 | HWThread 135 | HWThread 136 | HWThread 137 | HWThread 138 | HWThread 139 | HWThread 140 | HWThread 141 | HWThread 142 | HWThread 143 | HWThread 144 | HWThread 145 | HWThread 146 | HWThread 147 | HWThread 148 | HWThread 149 | HWThread 150 | HWThread 151 | HWThread 152 | HWThread 153 | HWThread 154 | HWThread 155 | HWThread 156 | HWThread 157 | HWThread 158 | HWThread 159 | HWThread 160 | HWThread 161 | HWThread 162 | HWThread 163 | HWThread 164 | HWThread 165 | HWThread 166 | HWThread 167 | HWThread 168 | HWThread 169 | HWThread 170 | HWThread 171 | HWThread 172 | HWThread 173 | HWThread 174 | HWThread 175 | HWThread 176 | HWThread 177 | HWThread 178 | HWThread 179 | HWThread 180 | HWThread 181 | HWThread 182 | HWThread 183 | HWThread 184 | HWThread 185 | HWThread 186 | HWThread 187 | HWThread 188 | HWThread 189 | HWThread 190 | HWThread 191 | HWThread 192 | HWThread 193 | HWThread 194 | HWThread 195 | HWThread 196 | HWThread 197 | HWThread 198 | HWThread 199 | HWThread 200 | HWThread 201 | HWThread 202 | HWThread 203 | HWThread 204 | HWThread 205 | HWThread 206 | HWThread 207 | HWThread 208 | HWThread 209 | HWThread 210 | HWThread 211 | HWThread 212 | HWThread 213 | HWThread 214 | HWThread 215 | HWThread 216 | HWThread 217 | HWThread 218 | HWThread 219 | HWThread 220 | HWThread 221 | HWThread 222 | HWThread 223 | HWThread 224 | HWThread 225 | HWThread 226 | HWThread 227 | HWThread 228 | HWThread 229 | HWThread 230 | HWThread 231 | HWThread 232 | HWThread 233 | HWThread 234 | HWThread 235 | HWThread 236 | HWThread 237 | HWThread 238 | HWThread 239 | HWThread 240 | HWThread 241 | HWThread 242 | HWThread 243 | HWThread 244 | HWThread 245 | HWThread 246 | HWThread 247 | HWThread 248 | HWThread 249 | HWThread 250 | HWThread 251 | HWThread 252 | HWThread 253 | HWThread 254 | HWThread 255 |
+-------------------+------------+------------+------------+------------+------------+------------+------------+------------+------------+------------+-------------+-------------+-------------+-------------+-------------+-------------+-------------+-------------+-------------+-------------+-------------+-------------+-------------+-------------+-------------+-------------+-------------+-------------+-------------+-------------+-------------+-------------+-------------+-------------+-------------+-------------+-------------+-------------+-------------+-------------+-------------+-------------+-------------+-------------+-------------+-------------+-------------+-------------+-------------+-------------+-------------+-------------+-------------+-------------+-------------+-------------+-------------+-------------+-------------+-------------+-------------+-------------+-------------+-------------+-------------+-------------+-------------+-------------+-------------+-------------+-------------+-------------+-------------+-------------+-------------+-------------+-------------+-------------+-------------+-------------+-------------+-------------+-------------+-------------+-------------+-------------+-------------+-------------+-------------+-------------+-------------+-------------+-------------+-------------+-------------+-------------+-------------+-------------+-------------+-------------+--------------+--------------+--------------+--------------+--------------+--------------+--------------+--------------+--------------+--------------+--------------+--------------+--------------+--------------+--------------+--------------+--------------+--------------+--------------+--------------+--------------+--------------+--------------+--------------+--------------+--------------+--------------+--------------+--------------+--------------+--------------+--------------+--------------+--------------+--------------+--------------+--------------+--------------+--------------+--------------+--------------+--------------+--------------+--------------+--------------+--------------+--------------+--------------+--------------+--------------+--------------+--------------+--------------+--------------+--------------+--------------+--------------+--------------+--------------+--------------+--------------+--------------+--------------+--------------+--------------+--------------+--------------+--------------+--------------+--------------+--------------+--------------+--------------+--------------+--------------+--------------+--------------+--------------+--------------+--------------+--------------+--------------+--------------+--------------+--------------+--------------+--------------+--------------+--------------+--------------+--------------+--------------+--------------+--------------+--------------+--------------+--------------+--------------+--------------+--------------+--------------+--------------+--------------+--------------+--------------+--------------+--------------+--------------+--------------+--------------+--------------+--------------+--------------+--------------+--------------+--------------+--------------+--------------+--------------+--------------+--------------+--------------+--------------+--------------+--------------+--------------+--------------+--------------+--------------+--------------+--------------+--------------+--------------+--------------+--------------+--------------+--------------+--------------+--------------+--------------+--------------+--------------+--------------+--------------+--------------+--------------+--------------+--------------+--------------+--------------+--------------+--------------+--------------+--------------+--------------+--------------+
| RDTSC Runtime [s] |   2.637812 |   2.637814 |   2.637543 |   2.637545 |   2.637543 |   2.637703 |   2.637550 |   2.638175 |   2.637639 |   2.637568 |    2.637545 |    2.639906 |    2.637629 |    2.637869 |    2.637630 |    2.637635 |    2.638060 |    2.638627 |    2.637548 |    2.637815 |    2.638610 |    2.637553 |    2.637553 |    2.637746 |    2.638635 |    2.637645 |    2.638634 |    2.638600 |    2.637903 |    2.637548 |    2.637548 |    2.638646 |    2.638301 |    2.638207 |    2.638286 |    2.637632 |    2.637544 |    2.637837 |    2.637827 |    2.637541 |    2.639550 |    2.637548 |    2.638672 |    2.637829 |    2.639060 |    2.637551 |    2.639190 |    2.637830 |    2.638321 |    2.637544 |    2.637788 |    2.637752 |    2.638693 |    2.637550 |    2.637550 |    2.637764 |    2.637542 |    2.638102 |    2.637542 |    2.638174 |    2.637860 |    2.638312 |    2.637546 |    2.637827 |    2.637765 |    2.641337 |    2.637712 |    2.637765 |    2.638318 |    2.641424 |    2.637546 |    2.637542 |    2.637554 |    2.637765 |    2.638292 |    2.637545 |    2.638091 |    2.637697 |    2.637816 |    2.637535 |    2.641225 |    2.637553 |    2.638624 |    2.637548 |    2.638635 |    2.638049 |    2.637838 |    2.638054 |    2.638065 |    2.638047 |    2.637891 |    2.637538 |    2.637892 |    2.637688 |    2.637814 |    2.638073 |    2.637544 |    2.637549 |    2.637550 |    2.638319 |     2.638748 |     2.637839 |     2.637746 |     2.637832 |     2.638158 |     2.637827 |     2.637814 |     2.641476 |     2.637743 |     2.638651 |     2.637854 |     2.641396 |     2.641396 |     2.637693 |     2.638300 |     2.637890 |     2.637742 |     2.638302 |     2.637830 |     2.637888 |     2.638304 |     2.638108 |     2.637539 |     2.637788 |     2.637547 |     2.638308 |     2.637859 |     2.637839 |     2.637639 |     2.637552 |     2.637746 |     2.637839 |     2.637874 |     2.637638 |     2.637638 |     2.637638 |     2.637792 |     2.637546 |     2.637869 |     2.637556 |     2.637637 |     2.637875 |     2.637636 |     2.637748 |     2.637639 |     2.637640 |     2.637640 |     2.637640 |     2.637858 |     2.637864 |     2.637639 |     2.637541 |     2.637542 |     2.637541 |     2.637639 |     2.637637 |     2.637635 |     2.637544 |     2.637622 |     2.637636 |     2.637552 |     2.637867 |     2.637842 |     2.637635 |     2.637866 |     2.637699 |     2.637699 |     2.637541 |     2.638189 |     2.637552 |     2.638676 |     2.638745 |     2.638312 |     2.638310 |     2.638303 |     2.638336 |     2.637750 |     2.637544 |     2.637635 |     2.637769 |     2.637544 |     2.637863 |     2.637638 |     2.637712 |     2.637636 |     2.637635 |     2.641478 |     2.637648 |     2.637642 |     2.637638 |     2.637549 |     2.637839 |     2.637692 |     2.638138 |     2.638052 |     2.637553 |     2.638177 |     2.637542 |     2.638165 |     2.638052 |     2.637904 |     2.637637 |     2.637723 |     2.637711 |     2.639501 |     2.637872 |     2.637904 |     2.637841 |     2.637576 |     2.637817 |     2.637817 |     2.637637 |     2.637637 |     2.637637 |     2.637863 |     2.637576 |     2.637872 |     2.637648 |     2.637648 |     2.637641 |     2.637649 |     2.637900 |     2.637649 |     2.637748 |     2.637789 |     2.637809 |     2.637846 |     2.637856 |     2.637872 |     2.637857 |     2.637877 |     2.637858 |     2.637635 |     2.639023 |     2.637636 |     2.637636 |     2.637862 |     2.637758 |     2.637837 |     2.637569 |     2.637861 |     2.638057 |     2.638324 |     2.638055 |     2.637538 |     2.637538 |     2.637637 |     2.637637 |     2.638290 |     2.637544 |     2.638310 |     2.638282 |     2.638282 |     2.638313 |     2.637695 |     2.638167 |
|     call count    |          1 |          1 |          1 |          1 |          1 |          1 |          1 |          1 |          1 |          1 |           1 |           1 |           1 |           1 |           1 |           1 |           1 |           1 |           1 |           1 |           1 |           1 |           1 |           1 |           1 |           1 |           1 |           1 |           1 |           1 |           1 |           1 |           1 |           1 |           1 |           1 |           1 |           1 |           1 |           1 |           1 |           1 |           1 |           1 |           1 |           1 |           1 |           1 |           1 |           1 |           1 |           1 |           1 |           1 |           1 |           1 |           1 |           1 |           1 |           1 |           1 |           1 |           1 |           1 |           1 |           1 |           1 |           1 |           1 |           1 |           1 |           1 |           1 |           1 |           1 |           1 |           1 |           1 |           1 |           1 |           1 |           1 |           1 |           1 |           1 |           1 |           1 |           1 |           1 |           1 |           1 |           1 |           1 |           1 |           1 |           1 |           1 |           1 |           1 |           1 |            1 |            1 |            1 |            1 |            1 |            1 |            1 |            1 |            1 |            1 |            1 |            1 |            1 |            1 |            1 |            1 |            1 |            1 |            1 |            1 |            1 |            1 |            1 |            1 |            1 |            1 |            1 |            1 |            1 |            1 |            1 |            1 |            1 |            1 |            1 |            1 |            1 |            1 |            1 |            1 |            1 |            1 |            1 |            1 |            1 |            1 |            1 |            1 |            1 |            1 |            1 |            1 |            1 |            1 |            1 |            1 |            1 |            1 |            1 |            1 |            1 |            1 |            1 |            1 |            1 |            1 |            1 |            1 |            1 |            1 |            1 |            1 |            1 |            1 |            1 |            1 |            1 |            1 |            1 |            1 |            1 |            1 |            1 |            1 |            1 |            1 |            1 |            1 |            1 |            1 |            1 |            1 |            1 |            1 |            1 |            1 |            1 |            1 |            1 |            1 |            1 |            1 |            1 |            1 |            1 |            1 |            1 |            1 |            1 |            1 |            1 |            1 |            1 |            1 |            1 |            1 |            1 |            1 |            1 |            1 |            1 |            1 |            1 |            1 |            1 |            1 |            1 |            1 |            1 |            1 |            1 |            1 |            1 |            1 |            1 |            1 |            1 |            1 |            1 |            1 |            1 |            1 |            1 |            1 |            1 |            1 |            1 |            1 |            1 |            1 |            1 |            1 |            1 |            1 |            1 |            1 |
+-------------------+------------+------------+------------+------------+------------+------------+------------+------------+------------+------------+-------------+-------------+-------------+-------------+-------------+-------------+-------------+-------------+-------------+-------------+-------------+-------------+-------------+-------------+-------------+-------------+-------------+-------------+-------------+-------------+-------------+-------------+-------------+-------------+-------------+-------------+-------------+-------------+-------------+-------------+-------------+-------------+-------------+-------------+-------------+-------------+-------------+-------------+-------------+-------------+-------------+-------------+-------------+-------------+-------------+-------------+-------------+-------------+-------------+-------------+-------------+-------------+-------------+-------------+-------------+-------------+-------------+-------------+-------------+-------------+-------------+-------------+-------------+-------------+-------------+-------------+-------------+-------------+-------------+-------------+-------------+-------------+-------------+-------------+-------------+-------------+-------------+-------------+-------------+-------------+-------------+-------------+-------------+-------------+-------------+-------------+-------------+-------------+-------------+-------------+--------------+--------------+--------------+--------------+--------------+--------------+--------------+--------------+--------------+--------------+--------------+--------------+--------------+--------------+--------------+--------------+--------------+--------------+--------------+--------------+--------------+--------------+--------------+--------------+--------------+--------------+--------------+--------------+--------------+--------------+--------------+--------------+--------------+--------------+--------------+--------------+--------------+--------------+--------------+--------------+--------------+--------------+--------------+--------------+--------------+--------------+--------------+--------------+--------------+--------------+--------------+--------------+--------------+--------------+--------------+--------------+--------------+--------------+--------------+--------------+--------------+--------------+--------------+--------------+--------------+--------------+--------------+--------------+--------------+--------------+--------------+--------------+--------------+--------------+--------------+--------------+--------------+--------------+--------------+--------------+--------------+--------------+--------------+--------------+--------------+--------------+--------------+--------------+--------------+--------------+--------------+--------------+--------------+--------------+--------------+--------------+--------------+--------------+--------------+--------------+--------------+--------------+--------------+--------------+--------------+--------------+--------------+--------------+--------------+--------------+--------------+--------------+--------------+--------------+--------------+--------------+--------------+--------------+--------------+--------------+--------------+--------------+--------------+--------------+--------------+--------------+--------------+--------------+--------------+--------------+--------------+--------------+--------------+--------------+--------------+--------------+--------------+--------------+--------------+--------------+--------------+--------------+--------------+--------------+--------------+--------------+--------------+--------------+--------------+--------------+--------------+--------------+--------------+--------------+--------------+--------------+
+-------------------------------------+---------+--------------+--------------+--------------+--------------+--------------+--------------+--------------+--------------+--------------+--------------+--------------+--------------+--------------+--------------+--------------+--------------+--------------+--------------+--------------+--------------+--------------+--------------+--------------+--------------+--------------+--------------+--------------+--------------+--------------+--------------+--------------+--------------+--------------+--------------+--------------+--------------+--------------+--------------+--------------+--------------+--------------+--------------+--------------+--------------+--------------+--------------+--------------+--------------+--------------+--------------+--------------+--------------+--------------+--------------+--------------+--------------+--------------+--------------+--------------+--------------+--------------+--------------+--------------+--------------+--------------+--------------+--------------+--------------+--------------+--------------+--------------+--------------+--------------+--------------+--------------+--------------+--------------+--------------+--------------+--------------+--------------+--------------+--------------+--------------+--------------+--------------+--------------+--------------+--------------+--------------+--------------+--------------+--------------+--------------+--------------+--------------+--------------+--------------+--------------+--------------+--------------+--------------+--------------+--------------+--------------+--------------+--------------+--------------+--------------+--------------+--------------+--------------+--------------+--------------+--------------+--------------+--------------+--------------+--------------+--------------+--------------+--------------+--------------+--------------+--------------+--------------+--------------+--------------+--------------+--------------+--------------+--------------+--------------+--------------+--------------+--------------+--------------+--------------+--------------+--------------+--------------+--------------+--------------+--------------+--------------+--------------+--------------+--------------+--------------+--------------+--------------+--------------+--------------+--------------+--------------+--------------+--------------+--------------+--------------+--------------+--------------+--------------+--------------+--------------+--------------+--------------+--------------+--------------+--------------+--------------+--------------+--------------+--------------+--------------+--------------+--------------+--------------+--------------+--------------+--------------+--------------+--------------+--------------+--------------+--------------+--------------+--------------+--------------+--------------+--------------+--------------+--------------+--------------+--------------+--------------+--------------+--------------+--------------+--------------+--------------+--------------+--------------+--------------+--------------+--------------+--------------+--------------+--------------+--------------+--------------+--------------+--------------+--------------+--------------+--------------+--------------+--------------+--------------+--------------+--------------+--------------+--------------+--------------+--------------+--------------+--------------+--------------+--------------+--------------+--------------+--------------+--------------+--------------+--------------+--------------+--------------+--------------+--------------+--------------+--------------+--------------+--------------+--------------+--------------+--------------+--------------+--------------+--------------+--------------+--------------+--------------+--------------+--------------+--------------+--------------+--------------+
|                Event                | Counter |  HWThread 0  |  HWThread 1  |  HWThread 2  |  HWThread 3  |  HWThread 4  |  HWThread 5  |  HWThread 6  |  HWThread 7  |  HWThread 8  |  HWThread 9  |  HWThread 10 |  HWThread 11 |  HWThread 12 |  HWThread 13 |  HWThread 14 |  HWThread 15 |  HWThread 16 |  HWThread 17 |  HWThread 18 |  HWThread 19 |  HWThread 20 |  HWThread 21 |  HWThread 22 |  HWThread 23 |  HWThread 24 |  HWThread 25 |  HWThread 26 |  HWThread 27 |  HWThread 28 |  HWThread 29 |  HWThread 30 |  HWThread 31 |  HWThread 32 |  HWThread 33 |  HWThread 34 |  HWThread 35 |  HWThread 36 |  HWThread 37 |  HWThread 38 |  HWThread 39 |  HWThread 40 |  HWThread 41 |  HWThread 42 |  HWThread 43 |  HWThread 44 |  HWThread 45 |  HWThread 46 |  HWThread 47 |  HWThread 48 |  HWThread 49 |  HWThread 50 |  HWThread 51 |  HWThread 52 |  HWThread 53 |  HWThread 54 |  HWThread 55 |  HWThread 56 |  HWThread 57 |  HWThread 58 |  HWThread 59 |  HWThread 60 |  HWThread 61 |  HWThread 62 |  HWThread 63 |  HWThread 64 |  HWThread 65 |  HWThread 66 |  HWThread 67 |  HWThread 68 |  HWThread 69 |  HWThread 70 |  HWThread 71 |  HWThread 72 |  HWThread 73 |  HWThread 74 |  HWThread 75 |  HWThread 76 |  HWThread 77 |  HWThread 78 |  HWThread 79 |  HWThread 80 |  HWThread 81 |  HWThread 82 |  HWThread 83 |  HWThread 84 |  HWThread 85 |  HWThread 86 |  HWThread 87 |  HWThread 88 |  HWThread 89 |  HWThread 90 |  HWThread 91 |  HWThread 92 |  HWThread 93 |  HWThread 94 |  HWThread 95 |  HWThread 96 |  HWThread 97 |  HWThread 98 |  HWThread 99 | HWThread 100 | HWThread 101 | HWThread 102 | HWThread 103 | HWThread 104 | HWThread 105 | HWThread 106 | HWThread 107 | HWThread 108 | HWThread 109 | HWThread 110 | HWThread 111 | HWThread 112 | HWThread 113 | HWThread 114 | HWThread 115 | HWThread 116 | HWThread 117 | HWThread 118 | HWThread 119 | HWThread 120 | HWThread 121 | HWThread 122 | HWThread 123 | HWThread 124 | HWThread 125 | HWThread 126 | HWThread 127 | HWThread 128 | HWThread 129 | HWThread 130 | HWThread 131 | HWThread 132 | HWThread 133 | HWThread 134 | HWThread 135 | HWThread 136 | HWThread 137 | HWThread 138 | HWThread 139 | HWThread 140 | HWThread 141 | HWThread 142 | HWThread 143 | HWThread 144 | HWThread 145 | HWThread 146 | HWThread 147 | HWThread 148 | HWThread 149 | HWThread 150 | HWThread 151 | HWThread 152 | HWThread 153 | HWThread 154 | HWThread 155 | HWThread 156 | HWThread 157 | HWThread 158 | HWThread 159 | HWThread 160 | HWThread 161 | HWThread 162 | HWThread 163 | HWThread 164 | HWThread 165 | HWThread 166 | HWThread 167 | HWThread 168 | HWThread 169 | HWThread 170 | HWThread 171 | HWThread 172 | HWThread 173 | HWThread 174 | HWThread 175 | HWThread 176 | HWThread 177 | HWThread 178 | HWThread 179 | HWThread 180 | HWThread 181 | HWThread 182 | HWThread 183 | HWThread 184 | HWThread 185 | HWThread 186 | HWThread 187 | HWThread 188 | HWThread 189 | HWThread 190 | HWThread 191 | HWThread 192 | HWThread 193 | HWThread 194 | HWThread 195 | HWThread 196 | HWThread 197 | HWThread 198 | HWThread 199 | HWThread 200 | HWThread 201 | HWThread 202 | HWThread 203 | HWThread 204 | HWThread 205 | HWThread 206 | HWThread 207 | HWThread 208 | HWThread 209 | HWThread 210 | HWThread 211 | HWThread 212 | HWThread 213 | HWThread 214 | HWThread 215 | HWThread 216 | HWThread 217 | HWThread 218 | HWThread 219 | HWThread 220 | HWThread 221 | HWThread 222 | HWThread 223 | HWThread 224 | HWThread 225 | HWThread 226 | HWThread 227 | HWThread 228 | HWThread 229 | HWThread 230 | HWThread 231 | HWThread 232 | HWThread 233 | HWThread 234 | HWThread 235 | HWThread 236 | HWThread 237 | HWThread 238 | HWThread 239 | HWThread 240 | HWThread 241 | HWThread 242 | HWThread 243 | HWThread 244 | HWThread 245 | HWThread 246 | HWThread 247 | HWThread 248 | HWThread 249 | HWThread 250 | HWThread 251 | HWThread 252 | HWThread 253 | HWThread 254 | HWThread 255 |
+-------------------------------------+---------+--------------+--------------+--------------+--------------+--------------+--------------+--------------+--------------+--------------+--------------+--------------+--------------+--------------+--------------+--------------+--------------+--------------+--------------+--------------+--------------+--------------+--------------+--------------+--------------+--------------+--------------+--------------+--------------+--------------+--------------+--------------+--------------+--------------+--------------+--------------+--------------+--------------+--------------+--------------+--------------+--------------+--------------+--------------+--------------+--------------+--------------+--------------+--------------+--------------+--------------+--------------+--------------+--------------+--------------+--------------+--------------+--------------+--------------+--------------+--------------+--------------+--------------+--------------+--------------+--------------+--------------+--------------+--------------+--------------+--------------+--------------+--------------+--------------+--------------+--------------+--------------+--------------+--------------+--------------+--------------+--------------+--------------+--------------+--------------+--------------+--------------+--------------+--------------+--------------+--------------+--------------+--------------+--------------+--------------+--------------+--------------+--------------+--------------+--------------+--------------+--------------+--------------+--------------+--------------+--------------+--------------+--------------+--------------+--------------+--------------+--------------+--------------+--------------+--------------+--------------+--------------+--------------+--------------+--------------+--------------+--------------+--------------+--------------+--------------+--------------+--------------+--------------+--------------+--------------+--------------+--------------+--------------+--------------+--------------+--------------+--------------+--------------+--------------+--------------+--------------+--------------+--------------+--------------+--------------+--------------+--------------+--------------+--------------+--------------+--------------+--------------+--------------+--------------+--------------+--------------+--------------+--------------+--------------+--------------+--------------+--------------+--------------+--------------+--------------+--------------+--------------+--------------+--------------+--------------+--------------+--------------+--------------+--------------+--------------+--------------+--------------+--------------+--------------+--------------+--------------+--------------+--------------+--------------+--------------+--------------+--------------+--------------+--------------+--------------+--------------+--------------+--------------+--------------+--------------+--------------+--------------+--------------+--------------+--------------+--------------+--------------+--------------+--------------+--------------+--------------+--------------+--------------+--------------+--------------+--------------+--------------+--------------+--------------+--------------+--------------+--------------+--------------+--------------+--------------+--------------+--------------+--------------+--------------+--------------+--------------+--------------+--------------+--------------+--------------+--------------+--------------+--------------+--------------+--------------+--------------+--------------+--------------+--------------+--------------+--------------+--------------+--------------+--------------+--------------+--------------+--------------+--------------+--------------+--------------+--------------+--------------+--------------+--------------+--------------+--------------+--------------+
|           ACTUAL_CPU_CLOCK          |  FIXC1  |   8241074000 |   8241100000 |   8238132000 |   8239294000 |   8239984000 |   8242847000 |   8240028000 |   8242408000 |   8200763000 |   8200488000 |   8201108000 |   8203808000 |   8200467000 |   8199553000 |   8202098000 |   8200455000 |   8230134000 |   8231939000 |   8229170000 |   8230081000 |   8230630000 |   8229074000 |   8229035000 |   8228368000 |   8219185000 |   8215439000 |   8217885000 |   8217965000 |   8217893000 |   8216337000 |   8216326000 |   8217870000 |   8142284000 |   8144824000 |   8144492000 |   8140013000 |   8142784000 |   8142680000 |   8140730000 |   8143080000 |   8199058000 |   8197264000 |   8199368000 |   8196854000 |   8201012000 |   8197685000 |   8201561000 |   8196436000 |   8222872000 |   8221592000 |   8221020000 |   8222822000 |   8223398000 |   8221755000 |   8221767000 |   8224588000 |   8162614000 |   8164021000 |   8164465000 |   8164310000 |   8162281000 |   8164358000 |   8162690000 |   8162170000 |   8231091000 |   8231522000 |   8229243000 |   8230292000 |   8231094000 |   8232584000 |   8231040000 |   8229883000 |   8258536000 |   8257591000 |   8259653000 |   8258923000 |   8260156000 |   8259136000 |   8257550000 |   8258100000 |   8227779000 |   8225619000 |   8227197000 |   8225563000 |   8227293000 |   8227174000 |   8227047000 |   8227226000 |   8232949000 |   8232915000 |   8231368000 |   8232915000 |   8231363000 |   8232614000 |   8232637000 |   8232951000 |   8235660000 |   8236903000 |   8235848000 |   8237204000 |   8237346000 |   8235133000 |   8234916000 |   8235072000 |   8185674000 |   8185213000 |   8185340000 |   8187230000 |   8185648000 |   8186124000 |   8183726000 |   8188335000 |   8242346000 |   8239465000 |   8239180000 |   8238170000 |   8239005000 |   8240927000 |   8239322000 |   8238154000 |   8183684000 |   8185072000 |   8182449000 |   8182175000 |   8182797000 |   8183985000 |   8182325000 |   8183319000 |   8190970000 |   8190367000 |   8189058000 |   8189711000 |   8189787000 |   8190553000 |   8190333000 |   8190480000 |   8256431000 |   8258133000 |   8257935000 |   8257783000 |   8257417000 |   8257923000 |   8258506000 |   8257621000 |   8293583000 |   8291475000 |   8294201000 |   8293696000 |   8292042000 |   8292157000 |   8293562000 |   8293142000 |   8230652000 |   8229877000 |   8231674000 |   8231483000 |   8230995000 |   8230365000 |   8231441000 |   8230936000 |   8216833000 |   8216383000 |   8218087000 |   8216856000 |   8218151000 |   8216786000 |   8217786000 |   8215574000 |   8251669000 |   8249975000 |   8251584000 |   8252224000 |   8249825000 |   8251682000 |   8251174000 |   8250991000 |   8198809000 |   8199056000 |   8200085000 |   8198834000 |   8198942000 |   8198830000 |   8199889000 |   8198549000 |   8273246000 |   8272609000 |   8274551000 |   8272786000 |   8272787000 |   8272767000 |   8272362000 |   8271316000 |   8226649000 |   8228978000 |   8228181000 |   8227060000 |   8228256000 |   8226913000 |   8228210000 |   8228212000 |   8250396000 |   8250731000 |   8249250000 |   8250256000 |   8252003000 |   8249558000 |   8250403000 |   8249636000 |   8249580000 |   8249288000 |   8248779000 |   8250119000 |   8248047000 |   8250107000 |   8247344000 |   8248048000 |   8256171000 |   8257380000 |   8257574000 |   8256542000 |   8256762000 |   8256884000 |   8257547000 |   8256489000 |   8272984000 |   8272873000 |   8273366000 |   8273367000 |   8273603000 |   8272853000 |   8273712000 |   8272830000 |   8240847000 |   8242296000 |   8240187000 |   8240125000 |   8240058000 |   8239826000 |   8239902000 |   8241909000 |   8217523000 |   8218360000 |   8217447000 |   8218825000 |   8216112000 |   8217199000 |   8218036000 |   8217156000 |   8227277000 |   8225588000 |   8227225000 |   8227481000 |   8227283000 |   8226841000 |   8227098000 |   8227205000 |
|            MAX_CPU_CLOCK            |  FIXC2  |   7118969000 |   7119952000 |   7117115000 |   7117585000 |   7118403000 |   7119938000 |   7118384000 |   7120660000 |   7118659000 |   7117160000 |   7118667000 |   7122088000 |   7117072000 |   7117956000 |   7118938000 |   7117114000 |   7119020000 |   7121878000 |   7118433000 |   7119608000 |   7120724000 |   7118390000 |   7118407000 |   7118712000 |   7121110000 |   7118523000 |   7120800000 |   7120781000 |   7120655000 |   7118451000 |   7118435000 |   7120840000 |   7118558000 |   7120873000 |   7121351000 |   7116651000 |   7119074000 |   7120113000 |   7118882000 |   7119460000 |   7119352000 |   7117620000 |   7119642000 |   7117379000 |   7122165000 |   7116944000 |   7122040000 |   7116894000 |   7117961000 |   7116712000 |   7117144000 |   7117128000 |   7119300000 |   7116796000 |   7116803000 |   7119860000 |   7116970000 |   7118235000 |   7119383000 |   7118375000 |   7117588000 |   7119335000 |   7117029000 |   7117431000 |   7118779000 |   7119644000 |   7118547000 |   7116896000 |   7119471000 |   7121656000 |   7119206000 |   7118331000 |   7119092000 |   7119240000 |   7120896000 |   7119561000 |   7119996000 |   7119592000 |   7119824000 |   7119450000 |   7121343000 |   7118361000 |   7120724000 |   7118338000 |   7120826000 |   7120599000 |   7120056000 |   7120659000 |   7119483000 |   7119578000 |   7119017000 |   7119424000 |   7118950000 |   7118710000 |   7119577000 |   7119485000 |   7118405000 |   7119397000 |   7118402000 |   7120601000 |   7120834000 |   7118888000 |   7118717000 |   7118864000 |   7119816000 |   7119852000 |   7119354000 |   7121654000 |   7118679000 |   7120014000 |   7117501000 |   7122664000 |   7122305000 |   7118720000 |   7118176000 |   7119045000 |   7117301000 |   7119874000 |   7119534000 |   7119042000 |   7119375000 |   7120569000 |   7118320000 |   7118839000 |   7118443000 |   7119553000 |   7118961000 |   7119834000 |   7119719000 |   7119596000 |   7120026000 |   7120072000 |   7120151000 |   7119257000 |   7119519000 |   7119833000 |   7118881000 |   7119361000 |   7120157000 |   7119650000 |   7118542000 |   7120142000 |   7119746000 |   7119907000 |   7119251000 |   7116886000 |   7119753000 |   7119897000 |   7119965000 |   7120123000 |   7119874000 |   7120315000 |   7119538000 |   7119485000 |   7119791000 |   7119741000 |   7119235000 |   7119452000 |   7119722000 |   7119289000 |   7118499000 |   7119011000 |   7120113000 |   7118511000 |   7120184000 |   7119572000 |   7119811000 |   7117583000 |   7120750000 |   7119744000 |   7122128000 |   7122120000 |   7119572000 |   7120750000 |   7120246000 |   7120129000 |   7119574000 |   7120340000 |   7119263000 |   7119583000 |   7120298000 |   7120137000 |   7119136000 |   7119779000 |   7119710000 |   7119756000 |   7122786000 |   7119625000 |   7119807000 |   7119294000 |   7120366000 |   7120096000 |   7120227000 |   7120882000 |   7120802000 |   7119538000 |   7120890000 |   7119039000 |   7120946000 |   7120856000 |   7120284000 |   7119541000 |   7119753000 |   7120272000 |   7122502000 |   7120206000 |   7120280000 |   7119714000 |   7119652000 |   7119957000 |   7120031000 |   7119609000 |   7118451000 |   7119619000 |   7118913000 |   7118447000 |   7120184000 |   7119732000 |   7119795000 |   7119644000 |   7119747000 |   7120480000 |   7119792000 |   7120344000 |   7119631000 |   7120119000 |   7120040000 |   7120048000 |   7120196000 |   7120034000 |   7120277000 |   7120036000 |   7119492000 |   7122161000 |   7118569000 |   7118567000 |   7119964000 |   7119398000 |   7120096000 |   7119728000 |   7120163000 |   7120452000 |   7119609000 |   7120407000 |   7118398000 |   7118785000 |   7119458000 |   7118610000 |   7121852000 |   7118977000 |   7120581000 |   7121396000 |   7121783000 |   7120636000 |   7119814000 |   7120527000 |
|         RETIRED_INSTRUCTIONS        |   PMC0  |  20424100000 |  20427240000 |  20426820000 |  20427000000 |  20426830000 |  20426950000 |  20426830000 |  20427260000 |  20419820000 |  20419790000 |  20419780000 |  20421610000 |  20419780000 |  20420250000 |  20419810000 |  20419720000 |  20425460000 |  20426300000 |  20425000000 |  20425500000 |  20426000000 |  20425350000 |  20425580000 |  20425400000 |  20423760000 |  20423340000 |  20423710000 |  20423810000 |  20423580000 |  20423170000 |  20423130000 |  20423730000 |  20408120000 |  20408510000 |  20408170000 |  20407660000 |  20407900000 |  20408000000 |  20407800000 |  20407830000 |  20421690000 |  20420270000 |  20421000000 |  20420470000 |  20421290000 |  20420200000 |  20421180000 |  20420400000 |  20424050000 |  20423590000 |  20423670000 |  20423730000 |  20424280000 |  20423650000 |  20423600000 |  20423920000 |  20412160000 |  20412590000 |  20412260000 |  20410780000 |  20411870000 |  20412650000 |  20412360000 |  20412440000 |  20426560000 |  20429200000 |  20426560000 |  20426520000 |  20426790000 |  20429160000 |  20426500000 |  20426290000 |  20429890000 |  20429900000 |  20430410000 |  20429810000 |  20429970000 |  20429740000 |  20430070000 |  20429760000 |  20428440000 |  20425720000 |  20426420000 |  20425730000 |  20426370000 |  20425970000 |  20426030000 |  20425980000 |  20425640000 |  20425650000 |  20425590000 |  20425490000 |  20424890000 |  20424900000 |  20424950000 |  20424940000 |  20426920000 |  20427090000 |  20426820000 |  20427330000 |  20427430000 |  20427020000 |  20426910000 |  20427000000 |  20418750000 |  20418610000 |  20418520000 |  20421250000 |  20418470000 |  20419100000 |  20418470000 |  20421060000 |  20430810000 |  20428180000 |  20428620000 |  20428180000 |  20428180000 |  20428480000 |  20428110000 |  20428350000 |  20415920000 |  20415830000 |  20415540000 |  20415600000 |  20414760000 |  20415310000 |  20414960000 |  20414850000 |  20416350000 |  20416100000 |  20416130000 |  20416320000 |  20416100000 |  20416090000 |  20416210000 |  20416030000 |  20428940000 |  20428630000 |  20429000000 |  20428630000 |  20428790000 |  20428800000 |  20428760000 |  20428850000 |  20434780000 |  20434970000 |  20434880000 |  20434750000 |  20434980000 |  20434890000 |  20434700000 |  20434720000 |  20423240000 |  20423250000 |  20423350000 |  20423250000 |  20422370000 |  20422550000 |  20422610000 |  20422540000 |  20420800000 |  20420990000 |  20420900000 |  20420890000 |  20420880000 |  20420920000 |  20420770000 |  20420730000 |  20428780000 |  20428550000 |  20429120000 |  20429180000 |  20428610000 |  20428800000 |  20428940000 |  20428980000 |  20416890000 |  20416960000 |  20416840000 |  20416970000 |  20416750000 |  20416940000 |  20416830000 |  20416900000 |  20431540000 |  20431540000 |  20434170000 |  20431750000 |  20430870000 |  20430860000 |  20430830000 |  20431050000 |  20423930000 |  20424150000 |  20424000000 |  20423880000 |  20424160000 |  20423850000 |  20424290000 |  20424020000 |  20428800000 |  20428560000 |  20428560000 |  20428560000 |  20429840000 |  20428570000 |  20428570000 |  20428760000 |  20427330000 |  20427550000 |  20427430000 |  20427390000 |  20427270000 |  20427340000 |  20427380000 |  20427270000 |  20428590000 |  20428590000 |  20428590000 |  20428580000 |  20427820000 |  20428130000 |  20427610000 |  20427990000 |  20431330000 |  20431300000 |  20431300000 |  20431360000 |  20431240000 |  20431300000 |  20431300000 |  20431240000 |  20426360000 |  20427350000 |  20426350000 |  20426440000 |  20426420000 |  20426500000 |  20426450000 |  20426330000 |  20421010000 |  20421250000 |  20421280000 |  20421300000 |  20420890000 |  20421070000 |  20420930000 |  20420970000 |  20423440000 |  20423140000 |  20423380000 |  20423440000 |  20422690000 |  20422710000 |  20422560000 |  20422680000 |
|         CPU_CLOCKS_UNHALTED         |   PMC1  |   8166207000 |   8176499000 |   8173740000 |   8174908000 |   8174274000 |   8174572000 |   8174000000 |   8176497000 |   8131518000 |   8131139000 |   8131032000 |   8140116000 |   8131227000 |   8132474000 |   8131547000 |   8131091000 |   8162125000 |   8165464000 |   8158175000 |   8161317000 |   8164727000 |   8161238000 |   8161085000 |   8161736000 |   8152576000 |   8149241000 |   8152048000 |   8152355000 |   8149629000 |   8148746000 |   8148003000 |   8152343000 |   8077315000 |   8077530000 |   8077159000 |   8074817000 |   8075272000 |   8076116000 |   8074997000 |   8074824000 |   8137296000 |   8129716000 |   8133493000 |   8130180000 |   8135159000 |   8129417000 |   8134476000 |   8130156000 |   8157983000 |   8155224000 |   8155804000 |   8156095000 |   8159036000 |   8155293000 |   8154944000 |   8155970000 |   8098157000 |   8101059000 |   8099304000 |   8089596000 |   8099652000 |   8100765000 |   8097866000 |   8098602000 |   8164037000 |   8178288000 |   8163635000 |   8163972000 |   8165325000 |   8178518000 |   8162934000 |   8162841000 |   8189889000 |   8190595000 |   8192181000 |   8189560000 |   8190986000 |   8190153000 |   8190395000 |   8189279000 |   8173961000 |   8159573000 |   8163241000 |   8159575000 |   8163140000 |   8161065000 |   8159984000 |   8160742000 |   8166139000 |   8166167000 |   8165431000 |   8164476000 |   8165292000 |   8164925000 |   8164899000 |   8165849000 |   8172866000 |   8172795000 |   8172774000 |   8174701000 |   8175946000 |   8173670000 |   8172988000 |   8173385000 |   8121529000 |   8120886000 |   8120319000 |   8134994000 |   8120061000 |   8123537000 |   8120256000 |   8134767000 |   8189436000 |   8175405000 |   8177165000 |   8175618000 |   8175145000 |   8177283000 |   8175133000 |   8175646000 |   8119747000 |   8119060000 |   8116805000 |   8117595000 |   8116127000 |   8119531000 |   8117250000 |   8117294000 |   8115330000 |   8115032000 |   8115233000 |   8115481000 |   8115068000 |   8115196000 |   8114777000 |   8114871000 |   8182840000 |   8181883000 |   8182625000 |   8181810000 |   8182107000 |   8182947000 |   8181728000 |   8182519000 |   8217757000 |   8217809000 |   8217623000 |   8217452000 |   8217969000 |   8218002000 |   8217178000 |   8217156000 |   8154070000 |   8154063000 |   8154222000 |   8154173000 |   8153877000 |   8153727000 |   8153577000 |   8153893000 |   8144101000 |   8145269000 |   8144782000 |   8144559000 |   8144719000 |   8144598000 |   8143912000 |   8143610000 |   8176944000 |   8175011000 |   8178591000 |   8178915000 |   8177045000 |   8177122000 |   8177165000 |   8177635000 |   8124260000 |   8123660000 |   8123844000 |   8124615000 |   8123336000 |   8124560000 |   8123654000 |   8124144000 |   8195385000 |   8195484000 |   8210187000 |   8195668000 |   8194854000 |   8194945000 |   8194856000 |   8196182000 |   8152318000 |   8153785000 |   8152980000 |   8151930000 |   8153921000 |   8151414000 |   8153642000 |   8153089000 |   8175892000 |   8174896000 |   8174869000 |   8175042000 |   8181737000 |   8175353000 |   8175366000 |   8175091000 |   8174171000 |   8175387000 |   8174662000 |   8174407000 |   8173858000 |   8174225000 |   8174408000 |   8173777000 |   8182035000 |   8181314000 |   8181163000 |   8181208000 |   8180978000 |   8181992000 |   8180941000 |   8181340000 |   8199762000 |   8199428000 |   8199286000 |   8199485000 |   8199559000 |   8199329000 |   8199240000 |   8199476000 |   8166042000 |   8171572000 |   8166044000 |   8166283000 |   8166639000 |   8166839000 |   8166500000 |   8165805000 |   8143317000 |   8144585000 |   8144703000 |   8144016000 |   8142275000 |   8142465000 |   8142535000 |   8142686000 |   8152825000 |   8150167000 |   8152477000 |   8152763000 |   8152144000 |   8152302000 |   8150225000 |   8151970000 |
|                MERGE                |   PMC3  |            0 |            0 |            0 |            0 |            0 |            0 |            0 |            0 |            0 |            0 |            0 |            0 |            0 |            0 |            0 |            0 |            0 |            0 |            0 |            0 |            0 |            0 |            0 |            0 |            0 |            0 |            0 |            0 |            0 |            0 |            0 |            0 |            0 |            0 |            0 |            0 |            0 |            0 |            0 |            0 |            0 |            0 |            0 |            0 |            0 |            0 |            0 |            0 |            0 |            0 |            0 |            0 |            0 |            0 |            0 |            0 |            0 |            0 |            0 |            0 |            0 |            0 |            0 |            0 |            0 |            0 |            0 |            0 |            0 |            0 |            0 |            0 |            0 |            0 |            0 |            0 |            0 |            0 |            0 |            0 |            0 |            0 |            0 |            0 |            0 |            0 |            0 |            0 |            0 |            0 |            0 |            0 |            0 |            0 |            0 |            0 |            0 |            0 |            0 |            0 |            0 |            0 |            0 |            0 |            0 |            0 |            0 |            0 |            0 |            0 |            0 |            0 |            0 |            0 |            0 |            0 |            0 |            0 |            0 |            0 |            0 |            0 |            0 |            0 |            0 |            0 |            0 |            0 |            0 |            0 |            0 |            0 |            0 |            0 |            0 |            0 |            0 |            0 |            0 |            0 |            0 |            0 |            0 |            0 |            0 |            0 |            0 |            0 |            0 |            0 |            0 |            0 |            0 |            0 |            0 |            0 |            0 |            0 |            0 |            0 |            0 |            0 |            0 |            0 |            0 |            0 |            0 |            0 |            0 |            0 |            0 |            0 |            0 |            0 |            0 |            0 |            0 |            0 |            0 |            0 |            0 |            0 |            0 |            0 |            0 |            0 |            0 |            0 |            0 |            0 |            0 |            0 |            0 |            0 |            0 |            0 |            0 |            0 |            0 |            0 |            0 |            0 |            0 |            0 |            0 |            0 |            0 |            0 |            0 |            0 |            0 |            0 |            0 |            0 |            0 |            0 |            0 |            0 |            0 |            0 |            0 |            0 |            0 |            0 |            0 |            0 |            0 |            0 |            0 |            0 |            0 |            0 |            0 |            0 |            0 |            0 |            0 |            0 |            0 |            0 |            0 |            0 |            0 |            0 |            0 |            0 |            0 |            0 |            0 |            0 |            0 |            0 |            0 |            0 |            0 |            0 |
| RETIRED_SSE_AVX_FLOPS_ALL_DP_SCALAR |   PMC2  |           12 |           12 |           12 |           12 |           12 |           12 |           12 |           12 |           12 |           12 |           12 |           12 |           12 |           12 |           12 |           12 |           12 |           12 |           12 |           12 |           12 |           12 |           12 |           12 |           12 |           12 |           12 |           12 |           12 |           12 |           12 |           12 |           12 |           12 |           12 |           12 |           12 |           12 |           12 |           12 |           12 |           12 |           12 |           12 |           12 |           12 |           12 |           12 |           12 |           12 |           12 |           12 |           12 |           12 |           12 |           12 |           12 |           12 |           12 |           12 |           12 |           12 |           12 |           12 |           12 |           12 |           12 |           12 |           12 |           12 |           12 |           12 |           12 |           12 |           12 |           12 |           12 |           12 |           12 |           12 |           12 |           12 |           12 |           12 |           12 |           12 |           12 |           12 |           12 |           12 |           12 |           12 |           12 |           12 |           12 |           12 |           12 |           12 |           12 |           12 |           12 |           12 |           12 |           12 |           12 |           12 |           12 |           12 |           12 |           12 |           12 |           12 |           12 |           12 |           12 |           12 |           12 |           12 |           12 |           12 |           12 |           12 |           12 |           12 |           12 |           12 |           12 |           12 |           12 |           12 |           12 |           12 |           12 |           12 |           12 |           12 |           12 |           12 |           12 |           12 |           12 |           12 |           12 |           12 |           12 |           12 |           12 |           12 |           12 |           12 |           12 |           12 |           12 |           12 |           12 |           12 |           12 |           12 |           12 |           12 |           12 |           12 |           12 |           12 |           12 |           12 |           12 |           12 |           12 |           12 |           12 |           12 |           12 |           12 |           12 |           12 |           12 |           12 |           12 |           12 |           12 |           12 |           12 |           12 |           12 |           12 |           12 |           12 |           12 |           12 |           12 |           12 |           12 |           12 |           12 |           12 |           12 |           12 |           12 |           12 |           12 |           12 |           12 |           12 |           12 |           12 |           12 |           12 |           12 |           12 |           12 |           12 |           12 |           12 |           12 |           12 |           12 |           12 |           12 |           12 |           12 |           12 |           12 |           12 |           12 |           12 |           12 |           12 |           12 |           12 |           12 |           12 |           12 |           12 |           12 |           12 |           12 |           12 |           12 |           12 |           12 |           12 |           12 |           12 |           12 |           12 |           12 |           12 |           12 |           12 |           12 |           12 |           12 |           12 |           12 |           12 |
|                MERGE                |   PMC5  |            0 |            0 |            0 |            0 |            0 |            0 |            0 |            0 |            0 |            0 |            0 |            0 |            0 |            0 |            0 |            0 |            0 |            0 |            0 |            0 |            0 |            0 |            0 |            0 |            0 |            0 |            0 |            0 |            0 |            0 |            0 |            0 |            0 |            0 |            0 |            0 |            0 |            0 |            0 |            0 |            0 |            0 |            0 |            0 |            0 |            0 |            0 |            0 |            0 |            0 |            0 |            0 |            0 |            0 |            0 |            0 |            0 |            0 |            0 |            0 |            0 |            0 |            0 |            0 |            0 |            0 |            0 |            0 |            0 |            0 |            0 |            0 |            0 |            0 |            0 |            0 |            0 |            0 |            0 |            0 |            0 |            0 |            0 |            0 |            0 |            0 |            0 |            0 |            0 |            0 |            0 |            0 |            0 |            0 |            0 |            0 |            0 |            0 |            0 |            0 |            0 |            0 |            0 |            0 |            0 |            0 |            0 |            0 |            0 |            0 |            0 |            0 |            0 |            0 |            0 |            0 |            0 |            0 |            0 |            0 |            0 |            0 |            0 |            0 |            0 |            0 |            0 |            0 |            0 |            0 |            0 |            0 |            0 |            0 |            0 |            0 |            0 |            0 |            0 |            0 |            0 |            0 |            0 |            0 |            0 |            0 |            0 |            0 |            0 |            0 |            0 |            0 |            0 |            0 |            0 |            0 |            0 |            0 |            0 |            0 |            0 |            0 |            0 |            0 |            0 |            0 |            0 |            0 |            0 |            0 |            0 |            0 |            0 |            0 |            0 |            0 |            0 |            0 |            0 |            0 |            0 |            0 |            0 |            0 |            0 |            0 |            0 |            0 |            0 |            0 |            0 |            0 |            0 |            0 |            0 |            0 |            0 |            0 |            0 |            0 |            0 |            0 |            0 |            0 |            0 |            0 |            0 |            0 |            0 |            0 |            0 |            0 |            0 |            0 |            0 |            0 |            0 |            0 |            0 |            0 |            0 |            0 |            0 |            0 |            0 |            0 |            0 |            0 |            0 |            0 |            0 |            0 |            0 |            0 |            0 |            0 |            0 |            0 |            0 |            0 |            0 |            0 |            0 |            0 |            0 |            0 |            0 |            0 |            0 |            0 |            0 |            0 |            0 |            0 |            0 |            0 |
| RETIRED_SSE_AVX_FLOPS_ALL_DP_PACKED |   PMC4  | 257698000000 | 257698000000 | 257698000000 | 257698000000 | 257698000000 | 257698000000 | 257698000000 | 257698000000 | 257698000000 | 257698000000 | 257698000000 | 257698000000 | 257698000000 | 257698000000 | 257698000000 | 257698000000 | 257698000000 | 257698000000 | 257698000000 | 257698000000 | 257698000000 | 257698000000 | 257698000000 | 257698000000 | 257698000000 | 257698000000 | 257698000000 | 257698000000 | 257698000000 | 257698000000 | 257698000000 | 257698000000 | 257698000000 | 257698000000 | 257698000000 | 257698000000 | 257698000000 | 257698000000 | 257698000000 | 257698000000 | 257698000000 | 257698000000 | 257698000000 | 257698000000 | 257698000000 | 257698000000 | 257698000000 | 257698000000 | 257698000000 | 257698000000 | 257698000000 | 257698000000 | 257698000000 | 257698000000 | 257698000000 | 257698000000 | 257698000000 | 257698000000 | 257698000000 | 257698000000 | 257698000000 | 257698000000 | 257698000000 | 257698000000 | 257698000000 | 257698000000 | 257698000000 | 257698000000 | 257698000000 | 257698000000 | 257698000000 | 257698000000 | 257698000000 | 257698000000 | 257698000000 | 257698000000 | 257698000000 | 257698000000 | 257698000000 | 257698000000 | 257698000000 | 257698000000 | 257698000000 | 257698000000 | 257698000000 | 257698000000 | 257698000000 | 257698000000 | 257698000000 | 257698000000 | 257698000000 | 257698000000 | 257698000000 | 257698000000 | 257698000000 | 257698000000 | 257698000000 | 257698000000 | 257698000000 | 257698000000 | 257698000000 | 257698000000 | 257698000000 | 257698000000 | 257698000000 | 257698000000 | 257698000000 | 257698000000 | 257698000000 | 257698000000 | 257698000000 | 257698000000 | 257698000000 | 257698000000 | 257698000000 | 257698000000 | 257698000000 | 257698000000 | 257698000000 | 257698000000 | 257698000000 | 257698000000 | 257698000000 | 257698000000 | 257698000000 | 257698000000 | 257698000000 | 257698000000 | 257698000000 | 257698000000 | 257698000000 | 257698000000 | 257698000000 | 257698000000 | 257698000000 | 257698000000 | 257698000000 | 257698000000 | 257698000000 | 257698000000 | 257698000000 | 257698000000 | 257698000000 | 257698000000 | 257698000000 | 257698000000 | 257698000000 | 257698000000 | 257698000000 | 257698000000 | 257698000000 | 257698000000 | 257698000000 | 257698000000 | 257698000000 | 257698000000 | 257698000000 | 257698000000 | 257698000000 | 257698000000 | 257698000000 | 257698000000 | 257698000000 | 257698000000 | 257698000000 | 257698000000 | 257698000000 | 257698000000 | 257698000000 | 257698000000 | 257698000000 | 257698000000 | 257698000000 | 257698000000 | 257698000000 | 257698000000 | 257698000000 | 257698000000 | 257698000000 | 257698000000 | 257698000000 | 257698000000 | 257698000000 | 257698000000 | 257698000000 | 257698000000 | 257698000000 | 257698000000 | 257698000000 | 257698000000 | 257698000000 | 257698000000 | 257698000000 | 257698000000 | 257698000000 | 257698000000 | 257698000000 | 257698000000 | 257698000000 | 257698000000 | 257698000000 | 257698000000 | 257698000000 | 257698000000 | 257698000000 | 257698000000 | 257698000000 | 257698000000 | 257698000000 | 257698000000 | 257698000000 | 257698000000 | 257698000000 | 257698000000 | 257698000000 | 257698000000 | 257698000000 | 257698000000 | 257698000000 | 257698000000 | 257698000000 | 257698000000 | 257698000000 | 257698000000 | 257698000000 | 257698000000 | 257698000000 | 257698000000 | 257698000000 | 257698000000 | 257698000000 | 257698000000 | 257698000000 | 257698000000 | 257698000000 | 257698000000 | 257698000000 | 257698000000 | 257698000000 | 257698000000 | 257698000000 | 257698000000 | 257698000000 | 257698000000 | 257698000000 | 257698000000 | 257698000000 | 257698000000 | 257698000000 | 257698000000 | 257698000000 | 257698000000 | 257698000000 | 257698000000 | 257698000000 | 257698000000 |
+-------------------------------------+---------+--------------+--------------+--------------+--------------+--------------+--------------+--------------+--------------+--------------+--------------+--------------+--------------+--------------+--------------+--------------+--------------+--------------+--------------+--------------+--------------+--------------+--------------+--------------+--------------+--------------+--------------+--------------+--------------+--------------+--------------+--------------+--------------+--------------+--------------+--------------+--------------+--------------+--------------+--------------+--------------+--------------+--------------+--------------+--------------+--------------+--------------+--------------+--------------+--------------+--------------+--------------+--------------+--------------+--------------+--------------+--------------+--------------+--------------+--------------+--------------+--------------+--------------+--------------+--------------+--------------+--------------+--------------+--------------+--------------+--------------+--------------+--------------+--------------+--------------+--------------+--------------+--------------+--------------+--------------+--------------+--------------+--------------+--------------+--------------+--------------+--------------+--------------+--------------+--------------+--------------+--------------+--------------+--------------+--------------+--------------+--------------+--------------+--------------+--------------+--------------+--------------+--------------+--------------+--------------+--------------+--------------+--------------+--------------+--------------+--------------+--------------+--------------+--------------+--------------+--------------+--------------+--------------+--------------+--------------+--------------+--------------+--------------+--------------+--------------+--------------+--------------+--------------+--------------+--------------+--------------+--------------+--------------+--------------+--------------+--------------+--------------+--------------+--------------+--------------+--------------+--------------+--------------+--------------+--------------+--------------+--------------+--------------+--------------+--------------+--------------+--------------+--------------+--------------+--------------+--------------+--------------+--------------+--------------+--------------+--------------+--------------+--------------+--------------+--------------+--------------+--------------+--------------+--------------+--------------+--------------+--------------+--------------+--------------+--------------+--------------+--------------+--------------+--------------+--------------+--------------+--------------+--------------+--------------+--------------+--------------+--------------+--------------+--------------+--------------+--------------+--------------+--------------+--------------+--------------+--------------+--------------+--------------+--------------+--------------+--------------+--------------+--------------+--------------+--------------+--------------+--------------+--------------+--------------+--------------+--------------+--------------+--------------+--------------+--------------+--------------+--------------+--------------+--------------+--------------+--------------+--------------+--------------+--------------+--------------+--------------+--------------+--------------+--------------+--------------+--------------+--------------+--------------+--------------+--------------+--------------+--------------+--------------+--------------+--------------+--------------+--------------+--------------+--------------+--------------+--------------+--------------+--------------+--------------+--------------+--------------+--------------+--------------+--------------+--------------+--------------+--------------+
+------------------------------------------+---------+----------------+--------------+--------------+--------------+
|                   Event                  | Counter |       Sum      |      Min     |      Max     |      Avg     |
+------------------------------------------+---------+----------------+--------------+--------------+--------------+
|           ACTUAL_CPU_CLOCK STAT          |  FIXC1  |  2106110571000 |   8140013000 |   8294201000 | 8.226994e+09 |
|            MAX_CPU_CLOCK STAT            |  FIXC2  |  1822598401000 |   7116651000 |   7122786000 | 7.119525e+09 |
|         RETIRED_INSTRUCTIONS STAT        |   PMC0  |  5228566530000 |  20407660000 |  20434980000 | 2.042409e+10 |
|         CPU_CLOCKS_UNHALTED STAT         |   PMC1  |  2088157225000 |   8074817000 |   8218002000 | 8.156864e+09 |
|                MERGE STAT                |   PMC3  |              0 |            0 |            0 |            0 |
| RETIRED_SSE_AVX_FLOPS_ALL_DP_SCALAR STAT |   PMC2  |           3072 |           12 |           12 |           12 |
|                MERGE STAT                |   PMC5  |              0 |            0 |            0 |            0 |
| RETIRED_SSE_AVX_FLOPS_ALL_DP_PACKED STAT |   PMC4  | 65970688000000 | 257698000000 | 257698000000 | 257698000000 |
+------------------------------------------+---------+----------------+--------------+--------------+--------------+
+----------------------+------------+------------+------------+------------+------------+------------+------------+------------+------------+------------+-------------+-------------+-------------+-------------+-------------+-------------+-------------+-------------+-------------+-------------+-------------+-------------+-------------+-------------+-------------+-------------+-------------+-------------+-------------+-------------+-------------+-------------+-------------+-------------+-------------+-------------+-------------+-------------+-------------+-------------+-------------+-------------+-------------+-------------+-------------+-------------+-------------+-------------+-------------+-------------+-------------+-------------+-------------+-------------+-------------+-------------+-------------+-------------+-------------+-------------+-------------+-------------+-------------+-------------+-------------+-------------+-------------+-------------+-------------+-------------+-------------+-------------+-------------+-------------+-------------+-------------+-------------+-------------+-------------+-------------+-------------+-------------+-------------+-------------+-------------+-------------+-------------+-------------+-------------+-------------+-------------+-------------+-------------+-------------+-------------+-------------+-------------+-------------+-------------+-------------+--------------+--------------+--------------+--------------+--------------+--------------+--------------+--------------+--------------+--------------+--------------+--------------+--------------+--------------+--------------+--------------+--------------+--------------+--------------+--------------+--------------+--------------+--------------+--------------+--------------+--------------+--------------+--------------+--------------+--------------+--------------+--------------+--------------+--------------+--------------+--------------+--------------+--------------+--------------+--------------+--------------+--------------+--------------+--------------+--------------+--------------+--------------+--------------+--------------+--------------+--------------+--------------+--------------+--------------+--------------+--------------+--------------+--------------+--------------+--------------+--------------+--------------+--------------+--------------+--------------+--------------+--------------+--------------+--------------+--------------+--------------+--------------+--------------+--------------+--------------+--------------+--------------+--------------+--------------+--------------+--------------+--------------+--------------+--------------+--------------+--------------+--------------+--------------+--------------+--------------+--------------+--------------+--------------+--------------+--------------+--------------+--------------+--------------+--------------+--------------+--------------+--------------+--------------+--------------+--------------+--------------+--------------+--------------+--------------+--------------+--------------+--------------+--------------+--------------+--------------+--------------+--------------+--------------+--------------+--------------+--------------+--------------+--------------+--------------+--------------+--------------+--------------+--------------+--------------+--------------+--------------+--------------+--------------+--------------+--------------+--------------+--------------+--------------+--------------+--------------+--------------+--------------+--------------+--------------+--------------+--------------+--------------+--------------+--------------+--------------+--------------+--------------+--------------+--------------+--------------+--------------+
|        Metric        | HWThread 0 | HWThread 1 | HWThread 2 | HWThread 3 | HWThread 4 | HWThread 5 | HWThread 6 | HWThread 7 | HWThread 8 | HWThread 9 | HWThread 10 | HWThread 11 | HWThread 12 | HWThread 13 | HWThread 14 | HWThread 15 | HWThread 16 | HWThread 17 | HWThread 18 | HWThread 19 | HWThread 20 | HWThread 21 | HWThread 22 | HWThread 23 | HWThread 24 | HWThread 25 | HWThread 26 | HWThread 27 | HWThread 28 | HWThread 29 | HWThread 30 | HWThread 31 | HWThread 32 | HWThread 33 | HWThread 34 | HWThread 35 | HWThread 36 | HWThread 37 | HWThread 38 | HWThread 39 | HWThread 40 | HWThread 41 | HWThread 42 | HWThread 43 | HWThread 44 | HWThread 45 | HWThread 46 | HWThread 47 | HWThread 48 | HWThread 49 | HWThread 50 | HWThread 51 | HWThread 52 | HWThread 53 | HWThread 54 | HWThread 55 | HWThread 56 | HWThread 57 | HWThread 58 | HWThread 59 | HWThread 60 | HWThread 61 | HWThread 62 | HWThread 63 | HWThread 64 | HWThread 65 | HWThread 66 | HWThread 67 | HWThread 68 | HWThread 69 | HWThread 70 | HWThread 71 | HWThread 72 | HWThread 73 | HWThread 74 | HWThread 75 | HWThread 76 | HWThread 77 | HWThread 78 | HWThread 79 | HWThread 80 | HWThread 81 | HWThread 82 | HWThread 83 | HWThread 84 | HWThread 85 | HWThread 86 | HWThread 87 | HWThread 88 | HWThread 89 | HWThread 90 | HWThread 91 | HWThread 92 | HWThread 93 | HWThread 94 | HWThread 95 | HWThread 96 | HWThread 97 | HWThread 98 | HWThread 99 | HWThread 100 | HWThread 101 | HWThread 102 | HWThread 103 | HWThread 104 | HWThread 105 | HWThread 106 | HWThread 107 | HWThread 108 | HWThread 109 | HWThread 110 | HWThread 111 | HWThread 112 | HWThread 113 | HWThread 114 | HWThread 115 | HWThread 116 | HWThread 117 | HWThread 118 | HWThread 119 | HWThread 120 | HWThread 121 | HWThread 122 | HWThread 123 | HWThread 124 | HWThread 125 | HWThread 126 | HWThread 127 | HWThread 128 | HWThread 129 | HWThread 130 | HWThread 131 | HWThread 132 | HWThread 133 | HWThread 134 | HWThread 135 | HWThread 136 | HWThread 137 | HWThread 138 | HWThread 139 | HWThread 140 | HWThread 141 | HWThread 142 | HWThread 143 | HWThread 144 | HWThread 145 | HWThread 146 | HWThread 147 | HWThread 148 | HWThread 149 | HWThread 150 | HWThread 151 | HWThread 152 | HWThread 153 | HWThread 154 | HWThread 155 | HWThread 156 | HWThread 157 | HWThread 158 | HWThread 159 | HWThread 160 | HWThread 161 | HWThread 162 | HWThread 163 | HWThread 164 | HWThread 165 | HWThread 166 | HWThread 167 | HWThread 168 | HWThread 169 | HWThread 170 | HWThread 171 | HWThread 172 | HWThread 173 | HWThread 174 | HWThread 175 | HWThread 176 | HWThread 177 | HWThread 178 | HWThread 179 | HWThread 180 | HWThread 181 | HWThread 182 | HWThread 183 | HWThread 184 | HWThread 185 | HWThread 186 | HWThread 187 | HWThread 188 | HWThread 189 | HWThread 190 | HWThread 191 | HWThread 192 | HWThread 193 | HWThread 194 | HWThread 195 | HWThread 196 | HWThread 197 | HWThread 198 | HWThread 199 | HWThread 200 | HWThread 201 | HWThread 202 | HWThread 203 | HWThread 204 | HWThread 205 | HWThread 206 | HWThread 207 | HWThread 208 | HWThread 209 | HWThread 210 | HWThread 211 | HWThread 212 | HWThread 213 | HWThread 214 | HWThread 215 | HWThread 216 | HWThread 217 | HWThread 218 | HWThread 219 | HWThread 220 | HWThread 221 | HWThread 222 | HWThread 223 | HWThread 224 | HWThread 225 | HWThread 226 | HWThread 227 | HWThread 228 | HWThread 229 | HWThread 230 | HWThread 231 | HWThread 232 | HWThread 233 | HWThread 234 | HWThread 235 | HWThread 236 | HWThread 237 | HWThread 238 | HWThread 239 | HWThread 240 | HWThread 241 | HWThread 242 | HWThread 243 | HWThread 244 | HWThread 245 | HWThread 246 | HWThread 247 | HWThread 248 | HWThread 249 | HWThread 250 | HWThread 251 | HWThread 252 | HWThread 253 | HWThread 254 | HWThread 255 |
+----------------------+------------+------------+------------+------------+------------+------------+------------+------------+------------+------------+-------------+-------------+-------------+-------------+-------------+-------------+-------------+-------------+-------------+-------------+-------------+-------------+-------------+-------------+-------------+-------------+-------------+-------------+-------------+-------------+-------------+-------------+-------------+-------------+-------------+-------------+-------------+-------------+-------------+-------------+-------------+-------------+-------------+-------------+-------------+-------------+-------------+-------------+-------------+-------------+-------------+-------------+-------------+-------------+-------------+-------------+-------------+-------------+-------------+-------------+-------------+-------------+-------------+-------------+-------------+-------------+-------------+-------------+-------------+-------------+-------------+-------------+-------------+-------------+-------------+-------------+-------------+-------------+-------------+-------------+-------------+-------------+-------------+-------------+-------------+-------------+-------------+-------------+-------------+-------------+-------------+-------------+-------------+-------------+-------------+-------------+-------------+-------------+-------------+-------------+--------------+--------------+--------------+--------------+--------------+--------------+--------------+--------------+--------------+--------------+--------------+--------------+--------------+--------------+--------------+--------------+--------------+--------------+--------------+--------------+--------------+--------------+--------------+--------------+--------------+--------------+--------------+--------------+--------------+--------------+--------------+--------------+--------------+--------------+--------------+--------------+--------------+--------------+--------------+--------------+--------------+--------------+--------------+--------------+--------------+--------------+--------------+--------------+--------------+--------------+--------------+--------------+--------------+--------------+--------------+--------------+--------------+--------------+--------------+--------------+--------------+--------------+--------------+--------------+--------------+--------------+--------------+--------------+--------------+--------------+--------------+--------------+--------------+--------------+--------------+--------------+--------------+--------------+--------------+--------------+--------------+--------------+--------------+--------------+--------------+--------------+--------------+--------------+--------------+--------------+--------------+--------------+--------------+--------------+--------------+--------------+--------------+--------------+--------------+--------------+--------------+--------------+--------------+--------------+--------------+--------------+--------------+--------------+--------------+--------------+--------------+--------------+--------------+--------------+--------------+--------------+--------------+--------------+--------------+--------------+--------------+--------------+--------------+--------------+--------------+--------------+--------------+--------------+--------------+--------------+--------------+--------------+--------------+--------------+--------------+--------------+--------------+--------------+--------------+--------------+--------------+--------------+--------------+--------------+--------------+--------------+--------------+--------------+--------------+--------------+--------------+--------------+--------------+--------------+--------------+--------------+
|  Runtime (RDTSC) [s] |     2.6378 |     2.6378 |     2.6375 |     2.6375 |     2.6375 |     2.6377 |     2.6376 |     2.6382 |     2.6376 |     2.6376 |      2.6375 |      2.6399 |      2.6376 |      2.6379 |      2.6376 |      2.6376 |      2.6381 |      2.6386 |      2.6375 |      2.6378 |      2.6386 |      2.6376 |      2.6376 |      2.6377 |      2.6386 |      2.6376 |      2.6386 |      2.6386 |      2.6379 |      2.6375 |      2.6375 |      2.6386 |      2.6383 |      2.6382 |      2.6383 |      2.6376 |      2.6375 |      2.6378 |      2.6378 |      2.6375 |      2.6395 |      2.6375 |      2.6387 |      2.6378 |      2.6391 |      2.6376 |      2.6392 |      2.6378 |      2.6383 |      2.6375 |      2.6378 |      2.6378 |      2.6387 |      2.6376 |      2.6376 |      2.6378 |      2.6375 |      2.6381 |      2.6375 |      2.6382 |      2.6379 |      2.6383 |      2.6375 |      2.6378 |      2.6378 |      2.6413 |      2.6377 |      2.6378 |      2.6383 |      2.6414 |      2.6375 |      2.6375 |      2.6376 |      2.6378 |      2.6383 |      2.6375 |      2.6381 |      2.6377 |      2.6378 |      2.6375 |      2.6412 |      2.6376 |      2.6386 |      2.6375 |      2.6386 |      2.6380 |      2.6378 |      2.6381 |      2.6381 |      2.6380 |      2.6379 |      2.6375 |      2.6379 |      2.6377 |      2.6378 |      2.6381 |      2.6375 |      2.6375 |      2.6376 |      2.6383 |       2.6387 |       2.6378 |       2.6377 |       2.6378 |       2.6382 |       2.6378 |       2.6378 |       2.6415 |       2.6377 |       2.6387 |       2.6379 |       2.6414 |       2.6414 |       2.6377 |       2.6383 |       2.6379 |       2.6377 |       2.6383 |       2.6378 |       2.6379 |       2.6383 |       2.6381 |       2.6375 |       2.6378 |       2.6375 |       2.6383 |       2.6379 |       2.6378 |       2.6376 |       2.6376 |       2.6377 |       2.6378 |       2.6379 |       2.6376 |       2.6376 |       2.6376 |       2.6378 |       2.6375 |       2.6379 |       2.6376 |       2.6376 |       2.6379 |       2.6376 |       2.6377 |       2.6376 |       2.6376 |       2.6376 |       2.6376 |       2.6379 |       2.6379 |       2.6376 |       2.6375 |       2.6375 |       2.6375 |       2.6376 |       2.6376 |       2.6376 |       2.6375 |       2.6376 |       2.6376 |       2.6376 |       2.6379 |       2.6378 |       2.6376 |       2.6379 |       2.6377 |       2.6377 |       2.6375 |       2.6382 |       2.6376 |       2.6387 |       2.6387 |       2.6383 |       2.6383 |       2.6383 |       2.6383 |       2.6378 |       2.6375 |       2.6376 |       2.6378 |       2.6375 |       2.6379 |       2.6376 |       2.6377 |       2.6376 |       2.6376 |       2.6415 |       2.6376 |       2.6376 |       2.6376 |       2.6375 |       2.6378 |       2.6377 |       2.6381 |       2.6381 |       2.6376 |       2.6382 |       2.6375 |       2.6382 |       2.6381 |       2.6379 |       2.6376 |       2.6377 |       2.6377 |       2.6395 |       2.6379 |       2.6379 |       2.6378 |       2.6376 |       2.6378 |       2.6378 |       2.6376 |       2.6376 |       2.6376 |       2.6379 |       2.6376 |       2.6379 |       2.6376 |       2.6376 |       2.6376 |       2.6376 |       2.6379 |       2.6376 |       2.6377 |       2.6378 |       2.6378 |       2.6378 |       2.6379 |       2.6379 |       2.6379 |       2.6379 |       2.6379 |       2.6376 |       2.6390 |       2.6376 |       2.6376 |       2.6379 |       2.6378 |       2.6378 |       2.6376 |       2.6379 |       2.6381 |       2.6383 |       2.6381 |       2.6375 |       2.6375 |       2.6376 |       2.6376 |       2.6383 |       2.6375 |       2.6383 |       2.6383 |       2.6383 |       2.6383 |       2.6377 |       2.6382 |
| Runtime unhalted [s] |     3.0565 |     3.0565 |     3.0554 |     3.0558 |     3.0561 |     3.0571 |     3.0561 |     3.0569 |     3.0415 |     3.0414 |      3.0416 |      3.0426 |      3.0414 |      3.0411 |      3.0420 |      3.0414 |      3.0524 |      3.0531 |      3.0520 |      3.0524 |      3.0526 |      3.0520 |      3.0520 |      3.0517 |      3.0483 |      3.0469 |      3.0479 |      3.0479 |      3.0479 |      3.0473 |      3.0473 |      3.0478 |      3.0198 |      3.0208 |      3.0206 |      3.0190 |      3.0200 |      3.0200 |      3.0192 |      3.0201 |      3.0409 |      3.0402 |      3.0410 |      3.0401 |      3.0416 |      3.0404 |      3.0418 |      3.0399 |      3.0497 |      3.0492 |      3.0490 |      3.0497 |      3.0499 |      3.0493 |      3.0493 |      3.0503 |      3.0274 |      3.0279 |      3.0280 |      3.0280 |      3.0272 |      3.0280 |      3.0274 |      3.0272 |      3.0528 |      3.0529 |      3.0521 |      3.0525 |      3.0528 |      3.0533 |      3.0527 |      3.0523 |      3.0629 |      3.0626 |      3.0633 |      3.0631 |      3.0635 |      3.0632 |      3.0626 |      3.0628 |      3.0515 |      3.0507 |      3.0513 |      3.0507 |      3.0513 |      3.0513 |      3.0513 |      3.0513 |      3.0534 |      3.0534 |      3.0529 |      3.0534 |      3.0529 |      3.0533 |      3.0533 |      3.0534 |      3.0544 |      3.0549 |      3.0545 |      3.0550 |       3.0551 |       3.0543 |       3.0542 |       3.0542 |       3.0359 |       3.0357 |       3.0358 |       3.0365 |       3.0359 |       3.0361 |       3.0352 |       3.0369 |       3.0569 |       3.0559 |       3.0558 |       3.0554 |       3.0557 |       3.0564 |       3.0558 |       3.0554 |       3.0352 |       3.0357 |       3.0347 |       3.0346 |       3.0348 |       3.0353 |       3.0347 |       3.0350 |       3.0379 |       3.0376 |       3.0372 |       3.0374 |       3.0374 |       3.0377 |       3.0376 |       3.0377 |       3.0622 |       3.0628 |       3.0627 |       3.0627 |       3.0625 |       3.0627 |       3.0629 |       3.0626 |       3.0759 |       3.0751 |       3.0762 |       3.0760 |       3.0754 |       3.0754 |       3.0759 |       3.0758 |       3.0526 |       3.0523 |       3.0530 |       3.0529 |       3.0527 |       3.0525 |       3.0529 |       3.0527 |       3.0475 |       3.0473 |       3.0479 |       3.0475 |       3.0480 |       3.0474 |       3.0478 |       3.0470 |       3.0604 |       3.0598 |       3.0604 |       3.0606 |       3.0597 |       3.0604 |       3.0602 |       3.0601 |       3.0408 |       3.0409 |       3.0413 |       3.0408 |       3.0408 |       3.0408 |       3.0412 |       3.0407 |       3.0684 |       3.0682 |       3.0689 |       3.0682 |       3.0682 |       3.0682 |       3.0681 |       3.0677 |       3.0511 |       3.0520 |       3.0517 |       3.0513 |       3.0517 |       3.0512 |       3.0517 |       3.0517 |       3.0599 |       3.0600 |       3.0595 |       3.0599 |       3.0605 |       3.0596 |       3.0599 |       3.0596 |       3.0596 |       3.0595 |       3.0593 |       3.0598 |       3.0590 |       3.0598 |       3.0588 |       3.0590 |       3.0621 |       3.0625 |       3.0626 |       3.0622 |       3.0623 |       3.0623 |       3.0626 |       3.0622 |       3.0683 |       3.0682 |       3.0684 |       3.0684 |       3.0685 |       3.0682 |       3.0686 |       3.0682 |       3.0564 |       3.0569 |       3.0561 |       3.0561 |       3.0561 |       3.0560 |       3.0560 |       3.0568 |       3.0477 |       3.0480 |       3.0477 |       3.0482 |       3.0472 |       3.0476 |       3.0479 |       3.0476 |       3.0513 |       3.0507 |       3.0513 |       3.0514 |       3.0513 |       3.0512 |       3.0513 |       3.0513 |
|      Clock [MHz]     |  3121.2787 |  3120.8576 |  3120.9772 |  3121.2113 |  3121.1140 |  3121.5253 |  3121.1390 |  3121.0426 |  3106.1463 |  3106.6963 |   3106.2735 |   3105.8036 |   3106.7268 |   3105.9947 |   3106.5302 |   3106.7039 |   3117.1128 |   3116.5453 |   3117.0047 |   3116.8353 |   3116.5547 |   3116.9872 |   3116.9650 |   3116.5788 |   3112.0523 |   3111.7644 |   3111.6956 |   3111.7342 |   3111.7620 |   3112.1361 |   3112.1389 |   3111.6724 |   3084.0403 |   3083.9995 |   3083.6668 |   3084.0063 |   3084.0062 |   3083.5168 |   3083.3114 |   3083.9511 |   3105.1982 |   3105.2742 |   3105.1891 |   3105.2240 |   3104.7115 |   3105.7287 |   3104.9738 |   3105.2773 |   3114.8258 |   3114.8875 |   3114.4817 |   3115.1714 |   3114.4391 |   3114.9125 |   3114.9139 |   3114.6448 |   3092.4306 |   3092.4139 |   3092.0834 |   3092.4626 |   3092.0359 |   3092.0638 |   3092.4337 |   3092.0621 |   3117.5808 |   3117.3653 |   3116.9825 |   3118.1030 |   3117.2790 |   3116.8867 |   3117.3745 |   3117.3195 |   3127.8383 |   3127.4154 |   3127.4688 |   3127.7788 |   3128.0546 |   3127.8459 |   3127.1433 |   3127.5159 |   3115.2044 |   3115.6912 |   3115.2548 |   3115.6801 |   3115.2465 |   3115.3008 |   3115.4903 |   3115.2942 |   3117.9762 |   3117.9217 |   3117.5815 |   3117.9892 |   3117.6090 |   3118.1879 |   3117.8169 |   3117.9761 |   3119.4753 |   3119.5114 |   3119.5478 |   3119.0979 |    3119.0496 |    3119.0640 |    3119.0568 |    3119.0514 |    3099.9273 |    3099.7370 |    3100.0019 |    3099.7163 |    3100.4126 |    3100.0115 |    3100.1976 |    3099.6951 |    3120.2982 |    3120.7784 |    3120.9090 |    3120.1455 |    3121.2264 |    3120.8263 |    3120.3674 |    3120.1407 |    3099.3656 |    3099.3715 |    3099.3572 |    3099.0275 |    3099.4355 |    3099.4021 |    3099.0312 |    3099.0276 |    3101.9751 |    3101.8004 |    3101.1173 |    3101.3446 |    3101.3390 |    3102.0185 |    3101.8210 |    3101.7399 |    3127.1337 |    3127.5675 |    3127.1429 |    3127.3080 |    3127.6561 |    3127.1449 |    3127.5396 |    3127.1337 |    3141.0418 |    3141.2870 |    3141.0544 |    3140.7996 |    3140.1433 |    3140.1172 |    3140.7590 |    3140.4055 |    3117.0822 |    3116.8119 |    3117.3585 |    3117.3081 |    3117.3448 |    3117.0112 |    3117.3005 |    3117.2988 |    3112.3029 |    3111.9087 |    3112.0723 |    3112.3064 |    3112.0655 |    3111.8161 |    3112.0903 |    3112.2265 |    3124.5098 |    3124.3098 |    3123.8731 |    3124.1189 |    3124.3284 |    3124.5147 |    3124.5435 |    3124.5256 |    3105.0071 |    3104.7666 |    3105.6260 |    3105.0126 |    3104.7417 |    3104.7695 |    3105.6071 |    3104.8192 |    3133.1376 |    3132.8761 |    3132.2785 |    3133.0008 |    3132.9211 |    3133.1392 |    3132.5142 |    3132.2369 |    3115.2647 |    3115.8601 |    3115.5933 |    3115.7219 |    3115.5832 |    3115.8846 |    3115.5413 |    3115.5814 |    3124.2322 |    3124.6852 |    3124.0313 |    3124.1845 |    3123.8677 |    3123.9491 |    3124.2366 |    3124.1945 |    3124.2005 |    3123.9561 |    3123.7309 |    3124.4235 |    3124.1470 |    3124.4146 |    3123.6780 |    3124.1491 |    3126.4630 |    3127.1193 |    3127.1651 |    3126.8406 |    3126.8787 |    3126.6030 |    3127.1562 |    3126.5132 |    3133.0731 |    3132.8163 |    3133.0378 |    3133.0347 |    3133.0589 |    3132.8462 |    3133.0645 |    3132.8366 |    3120.9634 |    3120.3424 |    3121.1181 |    3121.0955 |    3120.4577 |    3120.6179 |    3120.3408 |    3121.2621 |    3111.8369 |    3112.0275 |    3112.0502 |    3112.2233 |    3112.0740 |    3112.3165 |    3112.3393 |    3112.3768 |    3114.7917 |    3115.4099 |    3115.3280 |    3115.0684 |    3114.8241 |    3115.1585 |    3115.6155 |    3115.3440 |
|          CPI         |     0.3998 |     0.4003 |     0.4001 |     0.4002 |     0.4002 |     0.4002 |     0.4002 |     0.4003 |     0.3982 |     0.3982 |      0.3982 |      0.3986 |      0.3982 |      0.3983 |      0.3982 |      0.3982 |      0.3996 |      0.3998 |      0.3994 |      0.3996 |      0.3997 |      0.3996 |      0.3996 |      0.3996 |      0.3992 |      0.3990 |      0.3991 |      0.3992 |      0.3990 |      0.3990 |      0.3990 |      0.3992 |      0.3958 |      0.3958 |      0.3958 |      0.3957 |      0.3957 |      0.3957 |      0.3957 |      0.3957 |      0.3985 |      0.3981 |      0.3983 |      0.3981 |      0.3984 |      0.3981 |      0.3983 |      0.3981 |      0.3994 |      0.3993 |      0.3993 |      0.3993 |      0.3995 |      0.3993 |      0.3993 |      0.3993 |      0.3967 |      0.3969 |      0.3968 |      0.3963 |      0.3968 |      0.3969 |      0.3967 |      0.3967 |      0.3997 |      0.4003 |      0.3997 |      0.3997 |      0.3997 |      0.4003 |      0.3996 |      0.3996 |      0.4009 |      0.4009 |      0.4010 |      0.4009 |      0.4009 |      0.4009 |      0.4009 |      0.4009 |      0.4001 |      0.3995 |      0.3996 |      0.3995 |      0.3996 |      0.3995 |      0.3995 |      0.3995 |      0.3998 |      0.3998 |      0.3998 |      0.3997 |      0.3998 |      0.3998 |      0.3998 |      0.3998 |      0.4001 |      0.4001 |      0.4001 |      0.4002 |       0.4002 |       0.4001 |       0.4001 |       0.4001 |       0.3977 |       0.3977 |       0.3977 |       0.3984 |       0.3977 |       0.3978 |       0.3977 |       0.3984 |       0.4008 |       0.4002 |       0.4003 |       0.4002 |       0.4002 |       0.4003 |       0.4002 |       0.4002 |       0.3977 |       0.3977 |       0.3976 |       0.3976 |       0.3976 |       0.3977 |       0.3976 |       0.3976 |       0.3975 |       0.3975 |       0.3975 |       0.3975 |       0.3975 |       0.3975 |       0.3975 |       0.3975 |       0.4006 |       0.4005 |       0.4005 |       0.4005 |       0.4005 |       0.4006 |       0.4005 |       0.4005 |       0.4021 |       0.4021 |       0.4021 |       0.4021 |       0.4022 |       0.4022 |       0.4021 |       0.4021 |       0.3993 |       0.3993 |       0.3993 |       0.3993 |       0.3993 |       0.3993 |       0.3992 |       0.3993 |       0.3988 |       0.3989 |       0.3988 |       0.3988 |       0.3988 |       0.3988 |       0.3988 |       0.3988 |       0.4003 |       0.4002 |       0.4003 |       0.4004 |       0.4003 |       0.4003 |       0.4003 |       0.4003 |       0.3979 |       0.3979 |       0.3979 |       0.3979 |       0.3979 |       0.3979 |       0.3979 |       0.3979 |       0.4011 |       0.4011 |       0.4018 |       0.4011 |       0.4011 |       0.4011 |       0.4011 |       0.4012 |       0.3992 |       0.3992 |       0.3992 |       0.3991 |       0.3992 |       0.3991 |       0.3992 |       0.3992 |       0.4002 |       0.4002 |       0.4002 |       0.4002 |       0.4005 |       0.4002 |       0.4002 |       0.4002 |       0.4002 |       0.4002 |       0.4002 |       0.4002 |       0.4001 |       0.4002 |       0.4002 |       0.4001 |       0.4005 |       0.4005 |       0.4005 |       0.4005 |       0.4005 |       0.4005 |       0.4005 |       0.4005 |       0.4013 |       0.4013 |       0.4013 |       0.4013 |       0.4013 |       0.4013 |       0.4013 |       0.4013 |       0.3998 |       0.4000 |       0.3998 |       0.3998 |       0.3998 |       0.3998 |       0.3998 |       0.3998 |       0.3988 |       0.3988 |       0.3988 |       0.3988 |       0.3987 |       0.3987 |       0.3987 |       0.3987 |       0.3992 |       0.3991 |       0.3992 |       0.3992 |       0.3992 |       0.3992 |       0.3991 |       0.3992 |
|     DP [MFLOP/s]     | 97693.8463 | 97693.7722 | 97703.8100 | 97703.7359 | 97703.8100 | 97697.8834 | 97703.5506 | 97680.4041 | 97700.2539 | 97702.8839 |  97703.7359 |  97616.3545 |  97700.6243 |  97691.7353 |  97700.5873 |  97700.4021 |  97684.6622 |  97663.6713 |  97703.6247 |  97693.7352 |  97664.3005 |  97703.4395 |  97703.4395 |  97696.2907 |  97663.3752 |  97700.0317 |  97663.4122 |  97664.6707 |  97690.4761 |  97703.6247 |  97703.6247 |  97662.9681 |  97675.7391 |  97679.2193 |  97676.2944 |  97700.5132 |  97703.7729 |  97692.9204 |  97693.2907 |  97703.8840 |  97629.5202 |  97703.6247 |  97662.0057 |  97693.2167 |  97647.6473 |  97703.5136 |  97642.8374 |  97693.1796 |  97674.9986 |  97703.7729 |  97694.7351 |  97696.0685 |  97661.2285 |  97703.5506 |  97703.5506 |  97695.6240 |  97703.8470 |  97683.1070 |  97703.8470 |  97680.4411 |  97692.0686 |  97675.3318 |  97703.6988 |  97693.2907 |  97695.5870 |  97563.4688 |  97697.5500 |  97695.5870 |  97675.1097 |  97560.2554 |  97703.6988 |  97703.8470 |  97703.4025 |  97695.5870 |  97676.0723 |  97703.7359 |  97683.5143 |  97698.1056 |  97693.6981 |  97704.1063 |  97567.6059 |  97703.4395 |  97663.7823 |  97703.6247 |  97663.3752 |  97685.0695 |  97692.8833 |  97684.8844 |  97684.4771 |  97685.1436 |  97690.9205 |  97703.9952 |  97690.8835 |  97698.4389 |  97693.7722 |  97684.1808 |  97703.7729 |  97703.5877 |  97703.5506 |  97675.0727 |   97659.1929 |   97692.8463 |   97696.2907 |   97693.1056 |   97681.0335 |   97693.2907 |   97693.7722 |   97558.3348 |   97696.4018 |   97662.7830 |   97692.2908 |   97561.2896 |   97561.2896 |   97698.2537 |   97675.7761 |   97690.9576 |   97696.4389 |   97675.7020 |   97693.1796 |   97691.0316 |   97675.6280 |   97682.8849 |   97703.9581 |   97694.7351 |   97703.6618 |   97675.4799 |   97692.1056 |   97692.8463 |   97700.2539 |   97703.4766 |   97696.2907 |   97692.8463 |   97691.5501 |   97700.2909 |   97700.2909 |   97700.2909 |   97694.5870 |   97703.6988 |   97691.7353 |   97703.3284 |   97700.3280 |   97691.5131 |   97700.3650 |   97696.2166 |   97700.2539 |   97700.2169 |   97700.2169 |   97700.2169 |   97692.1426 |   97691.9204 |   97700.2539 |   97703.8840 |   97703.8470 |   97703.8840 |   97700.2539 |   97700.3280 |   97700.4021 |   97703.7729 |   97700.8836 |   97700.3650 |   97703.4766 |   97691.8093 |   97692.7352 |   97700.4021 |   97691.8464 |   97698.0315 |   97698.0315 |   97703.8840 |   97679.8857 |   97703.4766 |   97661.8577 |   97659.3040 |   97675.3318 |   97675.4059 |   97675.6650 |   97674.4433 |   97696.1426 |   97703.7729 |   97700.4021 |   97695.4388 |   97703.7729 |   97691.9575 |   97700.2909 |   97697.5500 |   97700.3650 |   97700.4021 |   97558.2609 |   97699.9205 |   97700.1428 |   97700.2909 |   97703.5877 |   97692.8463 |   97698.2908 |   97681.7740 |   97684.9585 |   97703.4395 |   97680.3300 |   97703.8470 |   97680.7743 |   97684.9585 |   97690.4391 |   97700.3280 |   97697.1426 |   97697.5870 |   97631.3326 |   97691.6242 |   97690.4391 |   97692.7722 |   97702.5875 |   97693.6611 |   97693.6611 |   97700.3280 |   97700.3280 |   97700.3280 |   97691.9575 |   97702.5875 |   97691.6242 |   97699.9205 |   97699.9205 |   97700.1798 |   97699.8835 |   97690.5872 |   97699.8835 |   97696.2166 |   97694.6981 |   97693.9574 |   97692.5871 |   97692.2167 |   97691.6242 |   97692.1797 |   97691.4390 |   97692.1426 |   97700.4021 |   97649.0163 |   97700.3650 |   97700.3650 |   97691.9945 |   97695.8462 |   97692.9204 |   97702.8468 |   97692.0315 |   97684.7733 |   97674.8875 |   97684.8474 |   97703.9952 |   97703.9952 |   97700.3280 |   97700.3280 |   97676.1463 |   97703.7729 |   97675.4059 |   97676.4425 |   97676.4425 |   97675.2948 |   97698.1797 |   97680.7003 |
+----------------------+------------+------------+------------+------------+------------+------------+------------+------------+------------+------------+-------------+-------------+-------------+-------------+-------------+-------------+-------------+-------------+-------------+-------------+-------------+-------------+-------------+-------------+-------------+-------------+-------------+-------------+-------------+-------------+-------------+-------------+-------------+-------------+-------------+-------------+-------------+-------------+-------------+-------------+-------------+-------------+-------------+-------------+-------------+-------------+-------------+-------------+-------------+-------------+-------------+-------------+-------------+-------------+-------------+-------------+-------------+-------------+-------------+-------------+-------------+-------------+-------------+-------------+-------------+-------------+-------------+-------------+-------------+-------------+-------------+-------------+-------------+-------------+-------------+-------------+-------------+-------------+-------------+-------------+-------------+-------------+-------------+-------------+-------------+-------------+-------------+-------------+-------------+-------------+-------------+-------------+-------------+-------------+-------------+-------------+-------------+-------------+-------------+-------------+--------------+--------------+--------------+--------------+--------------+--------------+--------------+--------------+--------------+--------------+--------------+--------------+--------------+--------------+--------------+--------------+--------------+--------------+--------------+--------------+--------------+--------------+--------------+--------------+--------------+--------------+--------------+--------------+--------------+--------------+--------------+--------------+--------------+--------------+--------------+--------------+--------------+--------------+--------------+--------------+--------------+--------------+--------------+--------------+--------------+--------------+--------------+--------------+--------------+--------------+--------------+--------------+--------------+--------------+--------------+--------------+--------------+--------------+--------------+--------------+--------------+--------------+--------------+--------------+--------------+--------------+--------------+--------------+--------------+--------------+--------------+--------------+--------------+--------------+--------------+--------------+--------------+--------------+--------------+--------------+--------------+--------------+--------------+--------------+--------------+--------------+--------------+--------------+--------------+--------------+--------------+--------------+--------------+--------------+--------------+--------------+--------------+--------------+--------------+--------------+--------------+--------------+--------------+--------------+--------------+--------------+--------------+--------------+--------------+--------------+--------------+--------------+--------------+--------------+--------------+--------------+--------------+--------------+--------------+--------------+--------------+--------------+--------------+--------------+--------------+--------------+--------------+--------------+--------------+--------------+--------------+--------------+--------------+--------------+--------------+--------------+--------------+--------------+--------------+--------------+--------------+--------------+--------------+--------------+--------------+--------------+--------------+--------------+--------------+--------------+--------------+--------------+--------------+--------------+--------------+--------------+
+---------------------------+--------------+------------+------------+------------+
|           Metric          |      Sum     |     Min    |     Max    |     Avg    |
+---------------------------+--------------+------------+------------+------------+
|  Runtime (RDTSC) [s] STAT |     675.3184 |     2.6375 |     2.6415 |     2.6380 |
| Runtime unhalted [s] STAT |     781.1164 |     3.0190 |     3.0762 |     3.0512 |
|      Clock [MHz] STAT     |  797619.8090 |  3083.3114 |  3141.2870 |  3115.7024 |
|          CPI STAT         |     102.2402 |     0.3957 |     0.4022 |     0.3994 |
|     DP [MFLOP/s] STAT     | 2.500811e+07 | 97558.2609 | 97704.1063 | 97687.9294 |
+---------------------------+--------------+------------+------------+------------+
