--------------------------------------------------------------------------------
CPU name:	AMD EPYC 9755 128-Core Processor               
CPU type:	AMD K1A (Zen5) architecture
CPU clock:	2.70 GHz
--------------------------------------------------------------------------------
Region bench, Group 1: L2BW
+-------------------+------------+------------+------------+------------+------------+------------+------------+------------+------------+------------+-------------+-------------+-------------+-------------+-------------+-------------+-------------+-------------+-------------+-------------+-------------+-------------+-------------+-------------+-------------+-------------+-------------+-------------+-------------+-------------+-------------+-------------+-------------+-------------+-------------+-------------+-------------+-------------+-------------+-------------+-------------+-------------+-------------+-------------+-------------+-------------+-------------+-------------+-------------+-------------+-------------+-------------+-------------+-------------+-------------+-------------+-------------+-------------+-------------+-------------+-------------+-------------+-------------+-------------+-------------+-------------+-------------+-------------+-------------+-------------+-------------+-------------+-------------+-------------+-------------+-------------+-------------+-------------+-------------+-------------+-------------+-------------+-------------+-------------+-------------+-------------+-------------+-------------+-------------+-------------+-------------+-------------+-------------+-------------+-------------+-------------+-------------+-------------+-------------+-------------+--------------+--------------+--------------+--------------+--------------+--------------+--------------+--------------+--------------+--------------+--------------+--------------+--------------+--------------+--------------+--------------+--------------+--------------+--------------+--------------+--------------+--------------+--------------+--------------+--------------+--------------+--------------+--------------+--------------+--------------+--------------+--------------+--------------+--------------+--------------+--------------+--------------+--------------+--------------+--------------+--------------+--------------+--------------+--------------+--------------+--------------+--------------+--------------+--------------+--------------+--------------+--------------+--------------+--------------+--------------+--------------+--------------+--------------+--------------+--------------+--------------+--------------+--------------+--------------+--------------+--------------+--------------+--------------+--------------+--------------+--------------+--------------+--------------+--------------+--------------+--------------+--------------+--------------+--------------+--------------+--------------+--------------+--------------+--------------+--------------+--------------+--------------+--------------+--------------+--------------+--------------+--------------+--------------+--------------+--------------+--------------+--------------+--------------+--------------+--------------+--------------+--------------+--------------+--------------+--------------+--------------+--------------+--------------+--------------+--------------+--------------+--------------+--------------+--------------+--------------+--------------+--------------+--------------+--------------+--------------+--------------+--------------+--------------+--------------+--------------+--------------+--------------+--------------+--------------+--------------+--------------+--------------+--------------+--------------+--------------+--------------+--------------+--------------+--------------+--------------+--------------+--------------+--------------+--------------+--------------+--------------+--------------+--------------+--------------+--------------+--------------+--------------+--------------+--------------+--------------+--------------+
|    Region Info    | HWThread 0 | HWThread 1 | HWThread 2 | HWThread 3 | HWThread 4 | HWThread 5 | HWThread 6 | HWThread 7 | HWThread 8 | HWThread 9 | HWThread 10 | HWThread 11 | HWThread 12 | HWThread 13 | HWThread 14 | HWThread 15 | HWThread 16 | HWThread 17 | HWThread 18 | HWThread 19 | HWThread 20 | HWThread 21 | HWThread 22 | HWThread 23 | HWThread 24 | HWThread 25 | HWThread 26 | HWThread 27 | HWThread 28 | HWThread 29 | HWThread 30 | HWThread 31 | HWThread 32 | HWThread 33 | HWThread 34 | HWThread 35 | HWThread 36 | HWThread 37 | HWThread 38 | HWThread 39 | HWThread 40 | HWThread 41 | HWThread 42 | HWThread 43 | HWThread 44 | HWThread 45 | HWThread 46 | HWThread 47 | HWThread 48 | HWThread 49 | HWThread 50 | HWThread 51 | HWThread 52 | HWThread 53 | HWThread 54 | HWThread 55 | HWThread 56 | HWThread 57 | HWThread 58 | HWThread 59 | HWThread 60 | HWThread 61 | HWThread 62 | HWThread 63 | HWThread 64 | HWThread 65 | HWThread 66 | HWThread 67 | HWThread 68 | HWThread 69 | HWThread 70 | HWThread 71 | HWThread 72 | HWThread 73 | HWThread 74 | HWThread 75 | HWThread 76 | HWThread 77 | HWThread 78 | HWThread 79 | HWThread 80 | HWThread 81 | HWThread 82 | HWThread 83 | HWThread 84 | HWThread 85 | HWThread 86 | HWThread 87 | HWThread 88 | HWThread 89 | HWThread 90 | HWThread 91 | HWThread 92 | HWThread 93 | HWThread 94 | HWThread 95 | HWThread 96 | HWThread 97 | HWThread 98 | HWThread 99 | HWThread 100 | HWThread 101 | HWThread 102 | HWThread 103 | HWThread 104 | HWThread 105 | HWThread 106 | HWThread 107 | HWThread 108 | HWThread 109 | HWThread 110 | HWThread 111 | HWThread 112 | HWThread 113 | HWThread 114 | HWThread 115 | HWThread 116 | HWThread 117 | HWThread 118 | HWThread 119 | HWThread 120 | HWThread 121 | HWThread 122 | HWThread 123 | HWThread 124 | HWThread 125 | HWThread 126 | HWThread 127 | HWThread 128 | HWThread 129 | HWThread 130 | HWThread 131 | HWThread 132 | HWThread 133 | HWThread 134 | HWThread 135 | HWThread 136 | HWThread 137 | HWThread 138 | HWThread 139 | HWThread 140 | HWThread 141 | HWThread 142 | HWThread 143 | HWThread 144 | HWThread 145 | HWThread 146 | HWThread 147 | HWThread 148 | HWThread 149 | HWThread 150 | HWThread 151 | HWThread 152 | HWThread 153 | HWThread 154 | HWThread 155 | HWThread 156 | HWThread 157 | HWThread 158 | HWThread 159 | HWThread 160 | HWThread 161 | HWThread 162 | HWThread 163 | HWThread 164 | HWThread 165 | HWThread 166 | HWThread 167 | HWThread 168 | HWThread 169 | HWThread 170 | HWThread 171 | HWThread 172 | HWThread 173 | HWThread 174 | HWThread 175 | HWThread 176 | HWThread 177 | HWThread 178 | HWThread 179 | HWThread 180 | HWThread 181 | HWThread 182 | HWThread 183 | HWThread 184 | HWThread 185 | HWThread 186 | HWThread 187 | HWThread 188 | HWThread 189 | HWThread 190 | HWThread 191 | HWThread 192 | HWThread 193 | HWThread 194 | HWThread 195 | HWThread 196 | HWThread 197 | HWThread 198 | HWThread 199 | HWThread 200 | HWThread 201 | HWThread 202 | HWThread 203 | HWThread 204 | HWThread 205 | HWThread 206 | HWThread 207 | HWThread 208 | HWThread 209 | HWThread 210 | HWThread 211 | HWThread 212 | HWThread 213 | HWThread 214 | HWThread 215 | HWThread 216 | HWThread 217 | HWThread 218 | HWThread 219 | HWThread 220 | HWThread 221 | HWThread 222 | HWThread 223 | HWThread 224 | HWThread 225 | HWThread 226 | HWThread 227 | HWThread 228 | HWThread 229 | HWThread 230 | HWThread 231 | HWThread 232 | HWThread 233 | HWThread 234 | HWThread 235 | HWThread 236 | HWThread 237 | HWThread 238 | HWThread 239 | HWThread 240 | HWThread 241 | HWThread 242 | HWThread 243 | HWThread 244 | HWThread 245 | HWThread 246 | HWThread 247 | HWThread 248 | HWThread 249 | HWThread 250 | HWThread 251 | HWThread 252 | HWThread 253 | HWThread 254 | HWThread 255 |
+-------------------+------------+------------+------------+------------+------------+------------+------------+------------+------------+------------+-------------+-------------+-------------+-------------+-------------+-------------+-------------+-------------+-------------+-------------+-------------+-------------+-------------+-------------+-------------+-------------+-------------+-------------+-------------+-------------+-------------+-------------+-------------+-------------+-------------+-------------+-------------+-------------+-------------+-------------+-------------+-------------+-------------+-------------+-------------+-------------+-------------+-------------+-------------+-------------+-------------+-------------+-------------+-------------+-------------+-------------+-------------+-------------+-------------+-------------+-------------+-------------+-------------+-------------+-------------+-------------+-------------+-------------+-------------+-------------+-------------+-------------+-------------+-------------+-------------+-------------+-------------+-------------+-------------+-------------+-------------+-------------+-------------+-------------+-------------+-------------+-------------+-------------+-------------+-------------+-------------+-------------+-------------+-------------+-------------+-------------+-------------+-------------+-------------+-------------+--------------+--------------+--------------+--------------+--------------+--------------+--------------+--------------+--------------+--------------+--------------+--------------+--------------+--------------+--------------+--------------+--------------+--------------+--------------+--------------+--------------+--------------+--------------+--------------+--------------+--------------+--------------+--------------+--------------+--------------+--------------+--------------+--------------+--------------+--------------+--------------+--------------+--------------+--------------+--------------+--------------+--------------+--------------+--------------+--------------+--------------+--------------+--------------+--------------+--------------+--------------+--------------+--------------+--------------+--------------+--------------+--------------+--------------+--------------+--------------+--------------+--------------+--------------+--------------+--------------+--------------+--------------+--------------+--------------+--------------+--------------+--------------+--------------+--------------+--------------+--------------+--------------+--------------+--------------+--------------+--------------+--------------+--------------+--------------+--------------+--------------+--------------+--------------+--------------+--------------+--------------+--------------+--------------+--------------+--------------+--------------+--------------+--------------+--------------+--------------+--------------+--------------+--------------+--------------+--------------+--------------+--------------+--------------+--------------+--------------+--------------+--------------+--------------+--------------+--------------+--------------+--------------+--------------+--------------+--------------+--------------+--------------+--------------+--------------+--------------+--------------+--------------+--------------+--------------+--------------+--------------+--------------+--------------+--------------+--------------+--------------+--------------+--------------+--------------+--------------+--------------+--------------+--------------+--------------+--------------+--------------+--------------+--------------+--------------+--------------+--------------+--------------+--------------+--------------+--------------+--------------+
| RDTSC Runtime [s] |   1.560391 |   1.559331 |   1.559462 |   1.560591 |   1.559455 |   1.559660 |   1.560441 |   1.559460 |   1.559435 |   1.559245 |    1.559433 |    1.559896 |    1.559158 |    1.560008 |    1.560139 |    1.560063 |    1.559706 |    1.559145 |    1.559606 |    1.560128 |    1.562225 |    1.560366 |    1.560616 |    1.562274 |    1.559709 |    1.559643 |    1.560029 |    1.559989 |    1.559141 |    1.560006 |    1.559713 |    1.560029 |    1.559541 |    1.559542 |    1.559464 |    1.559541 |    1.559669 |    1.559468 |    1.559328 |    1.559187 |    1.559600 |    1.559420 |    1.559561 |    1.559187 |    1.559707 |    1.559668 |    1.559540 |    1.559116 |    1.559115 |    1.559527 |    1.559511 |    1.559714 |    1.559138 |    1.559511 |    1.559262 |    1.559511 |    1.559458 |    1.559148 |    1.559262 |    1.559469 |    1.559454 |    1.559242 |    1.559465 |    1.559470 |    1.559939 |    1.559450 |    1.559405 |    1.559434 |    1.559431 |    1.560018 |    1.559465 |    1.559432 |    1.560039 |    1.559155 |    1.560059 |    1.559414 |    1.560073 |    1.560105 |    1.559448 |    1.559414 |    1.559449 |    1.559949 |    1.560048 |    1.559436 |    1.562216 |    1.562118 |    1.560145 |    1.562225 |    1.560324 |    1.560331 |    1.560445 |    1.559116 |    1.560365 |    1.559468 |    1.559542 |    1.560405 |    1.559159 |    1.559540 |    1.560015 |    1.559412 |     1.559159 |     1.559523 |     1.559117 |     1.559416 |     1.559418 |     1.559523 |     1.559395 |     1.559258 |     1.559509 |     1.559513 |     1.559153 |     1.559116 |     1.559431 |     1.559438 |     1.559443 |     1.559450 |     1.560122 |     1.559436 |     1.559436 |     1.560018 |     1.559116 |     1.559117 |     1.559937 |     1.559523 |     1.559447 |     1.559179 |     1.559418 |     1.559537 |     1.559256 |     1.559456 |     1.559469 |     1.559152 |     1.559493 |     1.559510 |     1.559329 |     1.559263 |     1.559315 |     1.559266 |     1.559263 |     1.559511 |     1.561862 |     1.559244 |     1.559508 |     1.559523 |     1.559414 |     1.559672 |     1.559259 |     1.559460 |     1.559252 |     1.559466 |     1.559114 |     1.559134 |     1.559114 |     1.559529 |     1.559152 |     1.559614 |     1.559543 |     1.559615 |     1.559462 |     1.559223 |     1.559465 |     1.559155 |     1.559258 |     1.559160 |     1.559185 |     1.559240 |     1.559468 |     1.559131 |     1.559117 |     1.559238 |     1.559537 |     1.559560 |     1.559329 |     1.559692 |     1.559117 |     1.559258 |     1.561537 |     1.559440 |     1.559256 |     1.559303 |     1.559492 |     1.559256 |     1.559302 |     1.559507 |     1.561642 |     1.559156 |     1.559126 |     1.559391 |     1.559506 |     1.559444 |     1.559505 |     1.559392 |     1.559413 |     1.559260 |     1.559664 |     1.559251 |     1.559118 |     1.559465 |     1.562225 |     1.559500 |     1.559244 |     1.559223 |     1.559423 |     1.559146 |     1.559263 |     1.559598 |     1.559462 |     1.559684 |     1.559114 |     1.559186 |     1.559113 |     1.559415 |     1.559114 |     1.559400 |     1.559365 |     1.559400 |     1.559458 |     1.559185 |     1.559458 |     1.559256 |     1.559652 |     1.559263 |     1.559187 |     1.559187 |     1.559468 |     1.559397 |     1.559260 |     1.559419 |     1.559496 |     1.559335 |     1.559660 |     1.559411 |     1.559308 |     1.559722 |     1.559271 |     1.559189 |     1.559270 |     1.559265 |     1.559546 |     1.559546 |     1.559120 |     1.559513 |     1.559542 |     1.559138 |     1.559189 |     1.559244 |     1.559399 |     1.559259 |     1.559544 |     1.559156 |     1.559333 |     1.559248 |     1.559722 |     1.559393 |     1.559722 |     1.559310 |
|     call count    |          1 |          1 |          1 |          1 |          1 |          1 |          1 |          1 |          1 |          1 |           1 |           1 |           1 |           1 |           1 |           1 |           1 |           1 |           1 |           1 |           1 |           1 |           1 |           1 |           1 |           1 |           1 |           1 |           1 |           1 |           1 |           1 |           1 |           1 |           1 |           1 |           1 |           1 |           1 |           1 |           1 |           1 |           1 |           1 |           1 |           1 |           1 |           1 |           1 |           1 |           1 |           1 |           1 |           1 |           1 |           1 |           1 |           1 |           1 |           1 |           1 |           1 |           1 |           1 |           1 |           1 |           1 |           1 |           1 |           1 |           1 |           1 |           1 |           1 |           1 |           1 |           1 |           1 |           1 |           1 |           1 |           1 |           1 |           1 |           1 |           1 |           1 |           1 |           1 |           1 |           1 |           1 |           1 |           1 |           1 |           1 |           1 |           1 |           1 |           1 |            1 |            1 |            1 |            1 |            1 |            1 |            1 |            1 |            1 |            1 |            1 |            1 |            1 |            1 |            1 |            1 |            1 |            1 |            1 |            1 |            1 |            1 |            1 |            1 |            1 |            1 |            1 |            1 |            1 |            1 |            1 |            1 |            1 |            1 |            1 |            1 |            1 |            1 |            1 |            1 |            1 |            1 |            1 |            1 |            1 |            1 |            1 |            1 |            1 |            1 |            1 |            1 |            1 |            1 |            1 |            1 |            1 |            1 |            1 |            1 |            1 |            1 |            1 |            1 |            1 |            1 |            1 |            1 |            1 |            1 |            1 |            1 |            1 |            1 |            1 |            1 |            1 |            1 |            1 |            1 |            1 |            1 |            1 |            1 |            1 |            1 |            1 |            1 |            1 |            1 |            1 |            1 |            1 |            1 |            1 |            1 |            1 |            1 |            1 |            1 |            1 |            1 |            1 |            1 |            1 |            1 |            1 |            1 |            1 |            1 |            1 |            1 |            1 |            1 |            1 |            1 |            1 |            1 |            1 |            1 |            1 |            1 |            1 |            1 |            1 |            1 |            1 |            1 |            1 |            1 |            1 |            1 |            1 |            1 |            1 |            1 |            1 |            1 |            1 |            1 |            1 |            1 |            1 |            1 |            1 |            1 |            1 |            1 |            1 |            1 |            1 |            1 |            1 |            1 |            1 |            1 |
+-------------------+------------+------------+------------+------------+------------+------------+------------+------------+------------+------------+-------------+-------------+-------------+-------------+-------------+-------------+-------------+-------------+-------------+-------------+-------------+-------------+-------------+-------------+-------------+-------------+-------------+-------------+-------------+-------------+-------------+-------------+-------------+-------------+-------------+-------------+-------------+-------------+-------------+-------------+-------------+-------------+-------------+-------------+-------------+-------------+-------------+-------------+-------------+-------------+-------------+-------------+-------------+-------------+-------------+-------------+-------------+-------------+-------------+-------------+-------------+-------------+-------------+-------------+-------------+-------------+-------------+-------------+-------------+-------------+-------------+-------------+-------------+-------------+-------------+-------------+-------------+-------------+-------------+-------------+-------------+-------------+-------------+-------------+-------------+-------------+-------------+-------------+-------------+-------------+-------------+-------------+-------------+-------------+-------------+-------------+-------------+-------------+-------------+-------------+--------------+--------------+--------------+--------------+--------------+--------------+--------------+--------------+--------------+--------------+--------------+--------------+--------------+--------------+--------------+--------------+--------------+--------------+--------------+--------------+--------------+--------------+--------------+--------------+--------------+--------------+--------------+--------------+--------------+--------------+--------------+--------------+--------------+--------------+--------------+--------------+--------------+--------------+--------------+--------------+--------------+--------------+--------------+--------------+--------------+--------------+--------------+--------------+--------------+--------------+--------------+--------------+--------------+--------------+--------------+--------------+--------------+--------------+--------------+--------------+--------------+--------------+--------------+--------------+--------------+--------------+--------------+--------------+--------------+--------------+--------------+--------------+--------------+--------------+--------------+--------------+--------------+--------------+--------------+--------------+--------------+--------------+--------------+--------------+--------------+--------------+--------------+--------------+--------------+--------------+--------------+--------------+--------------+--------------+--------------+--------------+--------------+--------------+--------------+--------------+--------------+--------------+--------------+--------------+--------------+--------------+--------------+--------------+--------------+--------------+--------------+--------------+--------------+--------------+--------------+--------------+--------------+--------------+--------------+--------------+--------------+--------------+--------------+--------------+--------------+--------------+--------------+--------------+--------------+--------------+--------------+--------------+--------------+--------------+--------------+--------------+--------------+--------------+--------------+--------------+--------------+--------------+--------------+--------------+--------------+--------------+--------------+--------------+--------------+--------------+--------------+--------------+--------------+--------------+--------------+--------------+
+----------------------------+---------+-------------+-------------+-------------+-------------+-------------+-------------+-------------+-------------+-------------+-------------+-------------+-------------+-------------+-------------+-------------+-------------+-------------+-------------+-------------+-------------+-------------+-------------+-------------+-------------+-------------+-------------+-------------+-------------+-------------+-------------+-------------+-------------+-------------+-------------+-------------+-------------+-------------+-------------+-------------+-------------+-------------+-------------+-------------+-------------+-------------+-------------+-------------+-------------+-------------+-------------+-------------+-------------+-------------+-------------+-------------+-------------+-------------+-------------+-------------+-------------+-------------+-------------+-------------+-------------+-------------+-------------+-------------+-------------+-------------+-------------+-------------+-------------+-------------+-------------+-------------+-------------+-------------+-------------+-------------+-------------+-------------+-------------+-------------+-------------+-------------+-------------+-------------+-------------+-------------+-------------+-------------+-------------+-------------+-------------+-------------+-------------+-------------+-------------+-------------+-------------+--------------+--------------+--------------+--------------+--------------+--------------+--------------+--------------+--------------+--------------+--------------+--------------+--------------+--------------+--------------+--------------+--------------+--------------+--------------+--------------+--------------+--------------+--------------+--------------+--------------+--------------+--------------+--------------+--------------+--------------+--------------+--------------+--------------+--------------+--------------+--------------+--------------+--------------+--------------+--------------+--------------+--------------+--------------+--------------+--------------+--------------+--------------+--------------+--------------+--------------+--------------+--------------+--------------+--------------+--------------+--------------+--------------+--------------+--------------+--------------+--------------+--------------+--------------+--------------+--------------+--------------+--------------+--------------+--------------+--------------+--------------+--------------+--------------+--------------+--------------+--------------+--------------+--------------+--------------+--------------+--------------+--------------+--------------+--------------+--------------+--------------+--------------+--------------+--------------+--------------+--------------+--------------+--------------+--------------+--------------+--------------+--------------+--------------+--------------+--------------+--------------+--------------+--------------+--------------+--------------+--------------+--------------+--------------+--------------+--------------+--------------+--------------+--------------+--------------+--------------+--------------+--------------+--------------+--------------+--------------+--------------+--------------+--------------+--------------+--------------+--------------+--------------+--------------+--------------+--------------+--------------+--------------+--------------+--------------+--------------+--------------+--------------+--------------+--------------+--------------+--------------+--------------+--------------+--------------+--------------+--------------+--------------+--------------+--------------+--------------+--------------+--------------+--------------+--------------+--------------+--------------+
|            Event           | Counter |  HWThread 0 |  HWThread 1 |  HWThread 2 |  HWThread 3 |  HWThread 4 |  HWThread 5 |  HWThread 6 |  HWThread 7 |  HWThread 8 |  HWThread 9 | HWThread 10 | HWThread 11 | HWThread 12 | HWThread 13 | HWThread 14 | HWThread 15 | HWThread 16 | HWThread 17 | HWThread 18 | HWThread 19 | HWThread 20 | HWThread 21 | HWThread 22 | HWThread 23 | HWThread 24 | HWThread 25 | HWThread 26 | HWThread 27 | HWThread 28 | HWThread 29 | HWThread 30 | HWThread 31 | HWThread 32 | HWThread 33 | HWThread 34 | HWThread 35 | HWThread 36 | HWThread 37 | HWThread 38 | HWThread 39 | HWThread 40 | HWThread 41 | HWThread 42 | HWThread 43 | HWThread 44 | HWThread 45 | HWThread 46 | HWThread 47 | HWThread 48 | HWThread 49 | HWThread 50 | HWThread 51 | HWThread 52 | HWThread 53 | HWThread 54 | HWThread 55 | HWThread 56 | HWThread 57 | HWThread 58 | HWThread 59 | HWThread 60 | HWThread 61 | HWThread 62 | HWThread 63 | HWThread 64 | HWThread 65 | HWThread 66 | HWThread 67 | HWThread 68 | HWThread 69 | HWThread 70 | HWThread 71 | HWThread 72 | HWThread 73 | HWThread 74 | HWThread 75 | HWThread 76 | HWThread 77 | HWThread 78 | HWThread 79 | HWThread 80 | HWThread 81 | HWThread 82 | HWThread 83 | HWThread 84 | HWThread 85 | HWThread 86 | HWThread 87 | HWThread 88 | HWThread 89 | HWThread 90 | HWThread 91 | HWThread 92 | HWThread 93 | HWThread 94 | HWThread 95 | HWThread 96 | HWThread 97 | HWThread 98 | HWThread 99 | HWThread 100 | HWThread 101 | HWThread 102 | HWThread 103 | HWThread 104 | HWThread 105 | HWThread 106 | HWThread 107 | HWThread 108 | HWThread 109 | HWThread 110 | HWThread 111 | HWThread 112 | HWThread 113 | HWThread 114 | HWThread 115 | HWThread 116 | HWThread 117 | HWThread 118 | HWThread 119 | HWThread 120 | HWThread 121 | HWThread 122 | HWThread 123 | HWThread 124 | HWThread 125 | HWThread 126 | HWThread 127 | HWThread 128 | HWThread 129 | HWThread 130 | HWThread 131 | HWThread 132 | HWThread 133 | HWThread 134 | HWThread 135 | HWThread 136 | HWThread 137 | HWThread 138 | HWThread 139 | HWThread 140 | HWThread 141 | HWThread 142 | HWThread 143 | HWThread 144 | HWThread 145 | HWThread 146 | HWThread 147 | HWThread 148 | HWThread 149 | HWThread 150 | HWThread 151 | HWThread 152 | HWThread 153 | HWThread 154 | HWThread 155 | HWThread 156 | HWThread 157 | HWThread 158 | HWThread 159 | HWThread 160 | HWThread 161 | HWThread 162 | HWThread 163 | HWThread 164 | HWThread 165 | HWThread 166 | HWThread 167 | HWThread 168 | HWThread 169 | HWThread 170 | HWThread 171 | HWThread 172 | HWThread 173 | HWThread 174 | HWThread 175 | HWThread 176 | HWThread 177 | HWThread 178 | HWThread 179 | HWThread 180 | HWThread 181 | HWThread 182 | HWThread 183 | HWThread 184 | HWThread 185 | HWThread 186 | HWThread 187 | HWThread 188 | HWThread 189 | HWThread 190 | HWThread 191 | HWThread 192 | HWThread 193 | HWThread 194 | HWThread 195 | HWThread 196 | HWThread 197 | HWThread 198 | HWThread 199 | HWThread 200 | HWThread 201 | HWThread 202 | HWThread 203 | HWThread 204 | HWThread 205 | HWThread 206 | HWThread 207 | HWThread 208 | HWThread 209 | HWThread 210 | HWThread 211 | HWThread 212 | HWThread 213 | HWThread 214 | HWThread 215 | HWThread 216 | HWThread 217 | HWThread 218 | HWThread 219 | HWThread 220 | HWThread 221 | HWThread 222 | HWThread 223 | HWThread 224 | HWThread 225 | HWThread 226 | HWThread 227 | HWThread 228 | HWThread 229 | HWThread 230 | HWThread 231 | HWThread 232 | HWThread 233 | HWThread 234 | HWThread 235 | HWThread 236 | HWThread 237 | HWThread 238 | HWThread 239 | HWThread 240 | HWThread 241 | HWThread 242 | HWThread 243 | HWThread 244 | HWThread 245 | HWThread 246 | HWThread 247 | HWThread 248 | HWThread 249 | HWThread 250 | HWThread 251 | HWThread 252 | HWThread 253 | HWThread 254 | HWThread 255 |
+----------------------------+---------+-------------+-------------+-------------+-------------+-------------+-------------+-------------+-------------+-------------+-------------+-------------+-------------+-------------+-------------+-------------+-------------+-------------+-------------+-------------+-------------+-------------+-------------+-------------+-------------+-------------+-------------+-------------+-------------+-------------+-------------+-------------+-------------+-------------+-------------+-------------+-------------+-------------+-------------+-------------+-------------+-------------+-------------+-------------+-------------+-------------+-------------+-------------+-------------+-------------+-------------+-------------+-------------+-------------+-------------+-------------+-------------+-------------+-------------+-------------+-------------+-------------+-------------+-------------+-------------+-------------+-------------+-------------+-------------+-------------+-------------+-------------+-------------+-------------+-------------+-------------+-------------+-------------+-------------+-------------+-------------+-------------+-------------+-------------+-------------+-------------+-------------+-------------+-------------+-------------+-------------+-------------+-------------+-------------+-------------+-------------+-------------+-------------+-------------+-------------+-------------+--------------+--------------+--------------+--------------+--------------+--------------+--------------+--------------+--------------+--------------+--------------+--------------+--------------+--------------+--------------+--------------+--------------+--------------+--------------+--------------+--------------+--------------+--------------+--------------+--------------+--------------+--------------+--------------+--------------+--------------+--------------+--------------+--------------+--------------+--------------+--------------+--------------+--------------+--------------+--------------+--------------+--------------+--------------+--------------+--------------+--------------+--------------+--------------+--------------+--------------+--------------+--------------+--------------+--------------+--------------+--------------+--------------+--------------+--------------+--------------+--------------+--------------+--------------+--------------+--------------+--------------+--------------+--------------+--------------+--------------+--------------+--------------+--------------+--------------+--------------+--------------+--------------+--------------+--------------+--------------+--------------+--------------+--------------+--------------+--------------+--------------+--------------+--------------+--------------+--------------+--------------+--------------+--------------+--------------+--------------+--------------+--------------+--------------+--------------+--------------+--------------+--------------+--------------+--------------+--------------+--------------+--------------+--------------+--------------+--------------+--------------+--------------+--------------+--------------+--------------+--------------+--------------+--------------+--------------+--------------+--------------+--------------+--------------+--------------+--------------+--------------+--------------+--------------+--------------+--------------+--------------+--------------+--------------+--------------+--------------+--------------+--------------+--------------+--------------+--------------+--------------+--------------+--------------+--------------+--------------+--------------+--------------+--------------+--------------+--------------+--------------+--------------+--------------+--------------+--------------+--------------+
|      ACTUAL_CPU_CLOCK      |  FIXC1  |  4684539000 |  4681554000 |  4683036000 |  4686003000 |  4682833000 |  4681952000 |  4684286000 |  4682834000 |  4619497000 |  4618536000 |  4621896000 |  4620870000 |  4618491000 |  4621742000 |  4620682000 |  4621550000 |  4661776000 |  4662805000 |  4664203000 |  4664596000 |  4665741000 |  4664022000 |  4665066000 |  4665536000 |  4623326000 |  4624200000 |  4623349000 |  4624255000 |  4622214000 |  4623348000 |  4622661000 |  4623387000 |  4646702000 |  4646289000 |  4645392000 |  4647907000 |  4648376000 |  4646290000 |  4646521000 |  4644552000 |  4679410000 |  4678480000 |  4679184000 |  4678495000 |  4678314000 |  4678112000 |  4680770000 |  4679326000 |  4688499000 |  4689377000 |  4689150000 |  4689298000 |  4687961000 |  4690251000 |  4687838000 |  4691805000 |  4649331000 |  4648264000 |  4647860000 |  4648698000 |  4648645000 |  4647960000 |  4649347000 |  4650592000 |  4629158000 |  4627471000 |  4626652000 |  4628531000 |  4627465000 |  4627772000 |  4629223000 |  4627501000 |  4654139000 |  4649261000 |  4655519000 |  4653363000 |  4651589000 |  4651760000 |  4652903000 |  4649490000 |  4648791000 |  4650224000 |  4650820000 |  4649013000 |  4651119000 |  4651316000 |  4652304000 |  4651371000 |  4645900000 |  4646661000 |  4645731000 |  4642632000 |  4646523000 |  4645254000 |  4644532000 |  4646451000 |  4698730000 |  4699856000 |  4700683000 |  4699738000 |   4698987000 |   4699505000 |   4698158000 |   4699216000 |   4649288000 |   4649699000 |   4649280000 |   4647880000 |   4648628000 |   4649542000 |   4649871000 |   4648145000 |   4703460000 |   4703687000 |   4703779000 |   4703687000 |   4705296000 |   4703898000 |   4703900000 |   4704954000 |   4658711000 |   4657622000 |   4658560000 |   4657076000 |   4659855000 |   4657026000 |   4658683000 |   4660322000 |   4630176000 |   4631438000 |   4631639000 |   4630565000 |   4631417000 |   4632005000 |   4630116000 |   4630159000 |   4690151000 |   4690093000 |   4690571000 |   4690901000 |   4694455000 |   4690209000 |   4690898000 |   4691572000 |   4704398000 |   4704847000 |   4706477000 |   4705783000 |   4704065000 |   4705325000 |   4704409000 |   4704633000 |   4658258000 |   4659478000 |   4661023000 |   4659850000 |   4662090000 |   4660050000 |   4659273000 |   4658536000 |   4642937000 |   4641793000 |   4641429000 |   4644072000 |   4642123000 |   4642165000 |   4642953000 |   4641676000 |   4680796000 |   4681211000 |   4682248000 |   4683245000 |   4680693000 |   4681765000 |   4681711000 |   4681565000 |   4652350000 |   4652151000 |   4647406000 |   4647740000 |   4649130000 |   4650075000 |   4650848000 |   4649116000 |   4708547000 |   4707597000 |   4705702000 |   4709135000 |   4706946000 |   4708676000 |   4706949000 |   4705567000 |   4679081000 |   4679024000 |   4679335000 |   4678836000 |   4679282000 |   4680495000 |   4682686000 |   4680463000 |   4678785000 |   4676598000 |   4675414000 |   4676122000 |   4675106000 |   4679834000 |   4676812000 |   4678113000 |   4647983000 |   4647321000 |   4647728000 |   4649085000 |   4649599000 |   4652644000 |   4649018000 |   4649872000 |   4702596000 |   4700289000 |   4702899000 |   4699804000 |   4700478000 |   4700011000 |   4699655000 |   4701928000 |   4705923000 |   4705802000 |   4704518000 |   4705849000 |   4706089000 |   4704694000 |   4706555000 |   4705784000 |   4687209000 |   4684956000 |   4685832000 |   4683934000 |   4685784000 |   4685813000 |   4688553000 |   4688612000 |   4641170000 |   4642563000 |   4642030000 |   4641167000 |   4639995000 |   4641663000 |   4641587000 |   4642426000 |   4687733000 |   4687812000 |   4687413000 |   4687874000 |   4688487000 |   4689302000 |   4687355000 |   4687271000 |
|        MAX_CPU_CLOCK       |  FIXC2  |  4214375000 |  4211594000 |  4213639000 |  4215577000 |  4213217000 |  4212104000 |  4215140000 |  4213219000 |  4213087000 |  4211381000 |  4213689000 |  4214586000 |  4211879000 |  4214088000 |  4214300000 |  4213942000 |  4212040000 |  4211990000 |  4212955000 |  4213598000 |  4215102000 |  4215030000 |  4214552000 |  4214971000 |  4213577000 |  4212901000 |  4213633000 |  4213011000 |  4211954000 |  4213609000 |  4213033000 |  4213627000 |  4212913000 |  4212639000 |  4213168000 |  4213907000 |  4213588000 |  4212605000 |  4213095000 |  4211617000 |  4212852000 |  4212682000 |  4212792000 |  4212622000 |  4213142000 |  4212339000 |  4213950000 |  4212467000 |  4211943000 |  4213288000 |  4213185000 |  4211490000 |  4211780000 |  4212691000 |  4211578000 |  4213861000 |  4212750000 |  4211506000 |  4211991000 |  4213236000 |  4213205000 |  4211265000 |  4212754000 |  4213777000 |  4214635000 |  4213110000 |  4212028000 |  4212666000 |  4213103000 |  4211991000 |  4214056000 |  4213125000 |  4214658000 |  4211810000 |  4216607000 |  4214454000 |  4214579000 |  4214171000 |  4213607000 |  4211936000 |  4213156000 |  4214634000 |  4214152000 |  4213187000 |  4215556000 |  4214817000 |  4214933000 |  4214833000 |  4212269000 |  4214910000 |  4212156000 |  4209301000 |  4213808000 |  4213040000 |  4210432000 |  4213758000 |  4211962000 |  4213431000 |  4212963000 |  4213172000 |   4211215000 |   4213277000 |   4211809000 |   4213072000 |   4212547000 |   4212819000 |   4212545000 |   4211805000 |   4213231000 |   4212694000 |   4212542000 |   4211981000 |   4213203000 |   4212481000 |   4212546000 |   4212481000 |   4213823000 |   4212623000 |   4212633000 |   4213998000 |   4212395000 |   4211464000 |   4214525000 |   4211046000 |   4213678000 |   4211756000 |   4212717000 |   4213948000 |   4212536000 |   4213243000 |   4213318000 |   4212085000 |   4213243000 |   4212729000 |   4211823000 |   4212559000 |   4209571000 |   4209339000 |   4211656000 |   4210350000 |   4214493000 |   4209392000 |   4210349000 |   4211025000 |   4212023000 |   4209562000 |   4211338000 |   4210891000 |   4209772000 |   4210368000 |   4209374000 |   4209589000 |   4211890000 |   4213241000 |   4212546000 |   4213429000 |   4213876000 |   4213473000 |   4213134000 |   4212062000 |   4213102000 |   4211824000 |   4212282000 |   4212201000 |   4211997000 |   4212069000 |   4213119000 |   4211770000 |   4211847000 |   4212184000 |   4213344000 |   4212845000 |   4211762000 |   4213058000 |   4211280000 |   4211163000 |   4214856000 |   4213767000 |   4211211000 |   4210648000 |   4213097000 |   4212674000 |   4213108000 |   4212946000 |   4213995000 |   4211491000 |   4210349000 |   4212681000 |   4211615000 |   4212745000 |   4211667000 |   4211110000 |   4212142000 |   4211048000 |   4211370000 |   4210440000 |   4211354000 |   4212681000 |   4215159000 |   4212672000 |   4212736000 |   4211754000 |   4211582000 |   4211955000 |   4209516000 |   4213920000 |   4213046000 |   4212966000 |   4211667000 |   4211900000 |   4210449000 |   4212956000 |   4212371000 |   4214306000 |   4212885000 |   4212483000 |   4213640000 |   4211453000 |   4213772000 |   4211814000 |   4211551000 |   4211986000 |   4211682000 |   4212593000 |   4212715000 |   4212638000 |   4211175000 |   4212671000 |   4212815000 |   4211314000 |   4213154000 |   4212623000 |   4212286000 |   4212028000 |   4211332000 |   4212027000 |   4211252000 |   4211306000 |   4213798000 |   4213920000 |   4212080000 |   4212791000 |   4213410000 |   4212092000 |   4212167000 |   4211677000 |   4211623000 |   4212220000 |   4212994000 |   4212572000 |   4212371000 |   4212741000 |   4213634000 |   4214297000 |   4212730000 |   4213012000 |
|    RETIRED_INSTRUCTIONS    |   PMC0  | 11851100000 | 11846230000 | 11855140000 | 11856400000 | 11855340000 | 11843820000 | 11855950000 | 11855040000 | 11836600000 | 11828200000 | 11836540000 | 11836650000 | 11836190000 | 11825510000 | 11836880000 | 11836620000 | 11853890000 | 11843960000 | 11853840000 | 11854440000 | 11855640000 | 11842470000 | 11854180000 | 11855340000 | 11835050000 | 11826770000 | 11835280000 | 11835350000 | 11834940000 | 11823640000 | 11834980000 | 11835160000 | 11848660000 | 11839990000 | 11848260000 | 11846150000 | 11849720000 | 11838370000 | 11847630000 | 11848090000 | 11854330000 | 11846960000 | 11854250000 | 11854180000 | 11855250000 | 11846230000 | 11853720000 | 11853970000 | 11856920000 | 11848980000 | 11856940000 | 11857940000 | 11856640000 | 11847720000 | 11856360000 | 11856590000 | 11835540000 | 11835580000 | 11835750000 | 11835510000 | 11835510000 | 11825150000 | 11835630000 | 11814410000 | 11835910000 | 11829130000 | 11835040000 | 11835110000 | 11835090000 | 11827090000 | 11834940000 | 11834870000 | 11842690000 | 11837170000 | 11842650000 | 11842530000 | 11842630000 | 11834450000 | 11842320000 | 11842190000 | 11850550000 | 11844510000 | 11851020000 | 11850530000 | 11852420000 | 11845220000 | 11850700000 | 11852310000 | 11838670000 | 11834310000 | 11838900000 | 11838340000 | 11838460000 | 11828610000 | 11837610000 | 11811680000 | 11858140000 | 11853010000 | 11859510000 | 11858620000 |  11858540000 |  11851970000 |  11858330000 |  11858250000 |  11840260000 |  11835650000 |  11840290000 |  11840360000 |  11840220000 |  11834610000 |  11840070000 |  11840120000 |  11859970000 |  11854660000 |  11859920000 |  11859860000 |  11861360000 |  11854040000 |  11859590000 |  11860930000 |  11838020000 |  11838040000 |  11838750000 |  11838180000 |  11837970000 |  11832090000 |  11838040000 |  11819610000 |  11846780000 |  11842050000 |  11847150000 |  11847130000 |  11847530000 |  11841380000 |  11846890000 |  11846960000 |  11864970000 |  11860480000 |  11864740000 |  11864840000 |  11867730000 |  11858730000 |  11864690000 |  11865140000 |  11864880000 |  11861120000 |  11865130000 |  11864900000 |  11864920000 |  11859220000 |  11864740000 |  11864760000 |  11847850000 |  11843510000 |  11848040000 |  11847880000 |  11847730000 |  11842930000 |  11847700000 |  11825960000 |  11846100000 |  11840950000 |  11846430000 |  11846510000 |  11846350000 |  11840480000 |  11846270000 |  11846160000 |  11863570000 |  11859770000 |  11863690000 |  11864700000 |  11863780000 |  11859070000 |  11863440000 |  11863610000 |  11859520000 |  11852010000 |  11856740000 |  11856810000 |  11856560000 |  11851390000 |  11856720000 |  11856650000 |  11865660000 |  11862340000 |  11862650000 |  11862020000 |  11862610000 |  11857640000 |  11862510000 |  11843650000 |  11863430000 |  11858160000 |  11864770000 |  11863420000 |  11863480000 |  11858350000 |  11866370000 |  11863510000 |  11862670000 |  11858460000 |  11862610000 |  11862530000 |  11862400000 |  11857670000 |  11862600000 |  11863660000 |  11848500000 |  11843450000 |  11848410000 |  11848450000 |  11848240000 |  11842860000 |  11848240000 |  11848200000 |  11861670000 |  11856820000 |  11861390000 |  11861520000 |  11862590000 |  11855750000 |  11861310000 |  11843590000 |  11865560000 |  11860720000 |  11866210000 |  11866020000 |  11866100000 |  11860370000 |  11867360000 |  11865860000 |  11863510000 |  11859970000 |  11863380000 |  11863610000 |  11863650000 |  11857090000 |  11863620000 |  11863570000 |  11847340000 |  11842540000 |  11847780000 |  11847500000 |  11847270000 |  11842380000 |  11847200000 |  11847210000 |  11859600000 |  11859320000 |  11860020000 |  11859460000 |  11860070000 |  11854290000 |  11859840000 |  11838810000 |
|     CPU_CLOCKS_UNHALTED    |   PMC1  |  4638002000 |  4639089000 |  4639526000 |  4644788000 |  4640255000 |  4639303000 |  4642917000 |  4638901000 |  4575041000 |  4573871000 |  4574451000 |  4575875000 |  4572642000 |  4575552000 |  4576832000 |  4576027000 |  4619915000 |  4617694000 |  4619052000 |  4621114000 |  4629456000 |  4620641000 |  4621101000 |  4627707000 |  4578393000 |  4577757000 |  4579133000 |  4579081000 |  4575602000 |  4578754000 |  4577777000 |  4579282000 |  4600007000 |  4599746000 |  4599853000 |  4598182000 |  4600772000 |  4597967000 |  4596594000 |  4598323000 |  4633861000 |  4633511000 |  4633459000 |  4632256000 |  4634695000 |  4633926000 |  4631382000 |  4631155000 |  4644797000 |  4646011000 |  4645266000 |  4645735000 |  4644347000 |  4644854000 |  4643169000 |  4644568000 |  4599876000 |  4599164000 |  4600109000 |  4599964000 |  4600409000 |  4599271000 |  4599541000 |  4599669000 |  4582354000 |  4579640000 |  4578990000 |  4579519000 |  4579365000 |  4580487000 |  4579240000 |  4578958000 |  4605575000 |  4602081000 |  4605611000 |  4603484000 |  4605559000 |  4604961000 |  4603221000 |  4602293000 |  4602097000 |  4603685000 |  4604185000 |  4601542000 |  4612199000 |  4610852000 |  4602775000 |  4612004000 |  4600664000 |  4599472000 |  4600884000 |  4596200000 |  4599368000 |  4594867000 |  4594765000 |  4596080000 |  4654191000 |  4655165000 |  4656427000 |  4655165000 |   4654498000 |   4654014000 |   4653297000 |   4653688000 |   4603149000 |   4603740000 |   4602971000 |   4602638000 |   4602836000 |   4602527000 |   4601334000 |   4602170000 |   4659588000 |   4659738000 |   4659775000 |   4658102000 |   4661624000 |   4658212000 |   4657495000 |   4659200000 |   4610345000 |   4609600000 |   4612859000 |   4611669000 |   4610428000 |   4607780000 |   4610689000 |   4609740000 |   4576985000 |   4577832000 |   4578291000 |   4576746000 |   4577969000 |   4577364000 |   4576690000 |   4577217000 |   4638564000 |   4638541000 |   4637733000 |   4639244000 |   4648495000 |   4638113000 |   4639503000 |   4639067000 |   4653433000 |   4654688000 |   4652996000 |   4654188000 |   4652948000 |   4653371000 |   4652119000 |   4652167000 |   4603174000 |   4604743000 |   4603159000 |   4605318000 |   4604481000 |   4604668000 |   4604938000 |   4602922000 |   4590105000 |   4588504000 |   4589616000 |   4589266000 |   4589008000 |   4589372000 |   4590236000 |   4590241000 |   4626896000 |   4627460000 |   4628058000 |   4628359000 |   4627888000 |   4629714000 |   4626842000 |   4627557000 |   4605123000 |   4596777000 |   4596368000 |   4596542000 |   4597149000 |   4596198000 |   4596036000 |   4597668000 |   4666810000 |   4657690000 |   4656877000 |   4653282000 |   4659514000 |   4660302000 |   4658890000 |   4659238000 |   4626388000 |   4625995000 |   4627039000 |   4625742000 |   4625015000 |   4626379000 |   4636859000 |   4626048000 |   4623508000 |   4623733000 |   4623943000 |   4622576000 |   4623476000 |   4624822000 |   4623984000 |   4624828000 |   4596379000 |   4596672000 |   4595968000 |   4597309000 |   4595741000 |   4597186000 |   4596450000 |   4597092000 |   4646305000 |   4645172000 |   4645591000 |   4644978000 |   4647159000 |   4645025000 |   4644140000 |   4644813000 |   4651444000 |   4651151000 |   4651204000 |   4651694000 |   4652395000 |   4651217000 |   4651403000 |   4651718000 |   4633345000 |   4634387000 |   4632847000 |   4632585000 |   4633093000 |   4632255000 |   4632916000 |   4633457000 |   4587148000 |   4588652000 |   4588467000 |   4588326000 |   4587738000 |   4588219000 |   4588149000 |   4588506000 |   4631976000 |   4629495000 |   4631172000 |   4630515000 |   4632263000 |   4630688000 |   4632163000 |   4630978000 |
| REQUESTS_TO_L2_GRP1_RD_ANY |   PMC2  |  1074260000 |  1075513000 |  1074236000 |  1074202000 |  1074253000 |  1076356000 |  1074206000 |  1074213000 |  1074236000 |  1075531000 |  1074243000 |  1074137000 |  1074198000 |  1076276000 |  1074142000 |  1074199000 |  1074254000 |  1075598000 |  1074190000 |  1074178000 |  1074220000 |  1076359000 |  1074222000 |  1074216000 |  1074184000 |  1075454000 |  1074201000 |  1074207000 |  1074201000 |  1076269000 |  1074190000 |  1074204000 |  1074245000 |  1075412000 |  1074246000 |  1074300000 |  1074255000 |  1076037000 |  1074256000 |  1074233000 |  1074260000 |  1075406000 |  1074208000 |  1074201000 |  1074260000 |  1075586000 |  1074226000 |  1074228000 |  1074249000 |  1075246000 |  1074207000 |  1074237000 |  1074236000 |  1075968000 |  1074192000 |  1074229000 |  1074258000 |  1074260000 |  1074249000 |  1074264000 |  1074248000 |  1075986000 |  1074212000 |  1074393000 |  1074189000 |  1075063000 |  1074221000 |  1074248000 |  1074265000 |  1075669000 |  1074230000 |  1074266000 |  1074220000 |  1075121000 |  1074238000 |  1074216000 |  1074226000 |  1075703000 |  1074228000 |  1074226000 |  1074240000 |  1075160000 |  1074241000 |  1074241000 |  1074235000 |  1075448000 |  1074232000 |  1074223000 |  1074256000 |  1075117000 |  1074260000 |  1074242000 |  1074266000 |  1075787000 |  1074248000 |  1074459000 |  1074225000 |  1075038000 |  1074225000 |  1074247000 |   1074242000 |   1075421000 |   1074211000 |   1074247000 |   1074217000 |   1074913000 |   1074248000 |   1074206000 |   1074246000 |   1075234000 |   1074195000 |   1074202000 |   1074254000 |   1075048000 |   1074274000 |   1074248000 |   1074255000 |   1075291000 |   1074236000 |   1074227000 |   1074276000 |   1074265000 |   1074271000 |   1074239000 |   1074265000 |   1075181000 |   1074230000 |   1074365000 |   1074258000 |   1074999000 |   1074257000 |   1074218000 |   1074260000 |   1075255000 |   1074223000 |   1074203000 |   1074230000 |   1074931000 |   1074232000 |   1074234000 |   1074234000 |   1075422000 |   1074212000 |   1074225000 |   1074231000 |   1074888000 |   1074251000 |   1074246000 |   1074253000 |   1075264000 |   1074157000 |   1074240000 |   1074255000 |   1074994000 |   1074262000 |   1074235000 |   1074247000 |   1075270000 |   1074237000 |   1074446000 |   1074230000 |   1074775000 |   1074258000 |   1074217000 |   1074197000 |   1075280000 |   1074231000 |   1074241000 |   1074241000 |   1074844000 |   1074225000 |   1074211000 |   1074250000 |   1075300000 |   1074231000 |   1074227000 |   1074219000 |   1074869000 |   1074226000 |   1074235000 |   1074247000 |   1075196000 |   1074220000 |   1074258000 |   1074249000 |   1074248000 |   1074228000 |   1074232000 |   1074261000 |   1075246000 |   1074225000 |   1074371000 |   1074276000 |   1074760000 |   1074271000 |   1074227000 |   1074245000 |   1075150000 |   1074237000 |   1074243000 |   1074220000 |   1074921000 |   1074262000 |   1074222000 |   1074252000 |   1075319000 |   1074250000 |   1074254000 |   1074205000 |   1074872000 |   1074248000 |   1074261000 |   1074254000 |   1075179000 |   1074198000 |   1074258000 |   1074236000 |   1074979000 |   1074230000 |   1074247000 |   1074231000 |   1075280000 |   1074221000 |   1074360000 |   1074128000 |   1074755000 |   1074242000 |   1074221000 |   1074217000 |   1075105000 |   1074232000 |   1074230000 |   1074248000 |   1075090000 |   1074254000 |   1074224000 |   1074236000 |   1075276000 |   1074186000 |   1074252000 |   1074257000 |   1074942000 |   1074225000 |   1074235000 |   1074237000 |   1075141000 |   1074185000 |   1074252000 |   1074259000 |   1074248000 |   1074246000 |   1074229000 |   1074240000 |   1075295000 |   1074169000 |   1074410000 |
|     L2_PF_HIT_IN_L2_ALL    |   PMC3  |  2299479000 |  2246715000 |  2318425000 |  2163558000 |  2298894000 |  2271760000 |  2302935000 |  2259925000 |  2251098000 |  2251346000 |  2270975000 |  2260042000 |  2265403000 |  2261064000 |  2296088000 |  2163896000 |  2317554000 |  2250185000 |  2311283000 |  2290621000 |  2313907000 |  2129848000 |  2184289000 |  2300329000 |  2310733000 |  2274869000 |  2304534000 |  2312122000 |  2313190000 |  2279799000 |  2294129000 |  2315003000 |  2302416000 |  2260128000 |  2274167000 |  2300616000 |  2285024000 |  2199749000 |  2295517000 |  2285550000 |  2302731000 |  2251880000 |  2294711000 |  2293134000 |  2268912000 |  2283734000 |  2272150000 |  2281078000 |  2298166000 |  2276299000 |  2202337000 |  2290397000 |  2258805000 |  2255332000 |  2280941000 |  2285065000 |  2287346000 |  2272200000 |  2261387000 |  2307334000 |  2293457000 |  2268886000 |  2251382000 |  1554777000 |  2276642000 |  2270189000 |  2272049000 |  2306632000 |  2302716000 |  2254640000 |  2300767000 |  2298925000 |  2289084000 |  2248777000 |  2282429000 |  2269098000 |  2287093000 |  2287730000 |  2292649000 |  2266074000 |  2299741000 |  2271736000 |  2284331000 |  2288570000 |  2253068000 |  2265272000 |  2295572000 |  2287504000 |  2296081000 |  2184087000 |  2263428000 |  2293632000 |  2295904000 |  2263612000 |  2307728000 |  1607146000 |  2273096000 |  2270551000 |  2290827000 |  2279582000 |   2252770000 |   2281664000 |   2251761000 |   2278492000 |   2285550000 |   2281678000 |   2197195000 |   2287466000 |   2293374000 |   2265780000 |   2278210000 |   2261617000 |   2263960000 |   2165156000 |   2267746000 |   2282445000 |   2218050000 |   2262131000 |   2261151000 |   2257814000 |   2310083000 |   2305473000 |   2304457000 |   2317942000 |   2315502000 |   2299329000 |   2307094000 |   1578499000 |   2239636000 |   2254507000 |   2291545000 |   2267045000 |   2137082000 |   2296226000 |   2267836000 |   2269147000 |   2135189000 |   2259526000 |   2264486000 |   2308481000 |   2278227000 |   2279213000 |   2311934000 |   2137261000 |   2263843000 |   2283598000 |   2244707000 |   1993343000 |   2134443000 |   2300940000 |   2251574000 |   2272155000 |   2222347000 |   2191528000 |   2185855000 |   2310884000 |   2249116000 |   2283704000 |   2306372000 |   1585887000 |   2257910000 |   2272079000 |   2266680000 |   2274847000 |   2283709000 |   2298564000 |   2097749000 |   2272727000 |   2296943000 |   2246605000 |   2266750000 |   2276255000 |   2279189000 |   2248406000 |   2142843000 |   2285025000 |   2288170000 |   2287790000 |   2281330000 |   2300346000 |   2156656000 |   2274919000 |   2134111000 |   2160329000 |   2262861000 |   2285803000 |   2298291000 |   2309492000 |   2102285000 |   2275755000 |   2286539000 |   1557793000 |   2236793000 |   2289690000 |   2271194000 |   2275765000 |   2241405000 |   2273955000 |   2157630000 |   2192627000 |   2247444000 |   2261757000 |   2283392000 |   2285669000 |   2213612000 |   2271993000 |   2297280000 |   2274377000 |   2267527000 |   2172733000 |   2271064000 |   2113128000 |   2252064000 |   2176684000 |   2299245000 |   2281736000 |   2185746000 |   2290469000 |   2291289000 |   2211115000 |   2268324000 |   2295540000 |   2286921000 |   1557874000 |   2278838000 |   2276375000 |   2246066000 |   2281304000 |   2280360000 |   2173983000 |   2063434000 |   2288652000 |   2269559000 |   2264869000 |   2304007000 |   2267607000 |   2296540000 |   2249063000 |   2306221000 |   2290412000 |   2285955000 |   2282060000 |   2152893000 |   2263956000 |   2281489000 |   2269756000 |   2295513000 |   2266635000 |   2244652000 |   2287790000 |   2028912000 |   2258299000 |   2274630000 |   2268093000 |   2239156000 |   1562036000 |
+----------------------------+---------+-------------+-------------+-------------+-------------+-------------+-------------+-------------+-------------+-------------+-------------+-------------+-------------+-------------+-------------+-------------+-------------+-------------+-------------+-------------+-------------+-------------+-------------+-------------+-------------+-------------+-------------+-------------+-------------+-------------+-------------+-------------+-------------+-------------+-------------+-------------+-------------+-------------+-------------+-------------+-------------+-------------+-------------+-------------+-------------+-------------+-------------+-------------+-------------+-------------+-------------+-------------+-------------+-------------+-------------+-------------+-------------+-------------+-------------+-------------+-------------+-------------+-------------+-------------+-------------+-------------+-------------+-------------+-------------+-------------+-------------+-------------+-------------+-------------+-------------+-------------+-------------+-------------+-------------+-------------+-------------+-------------+-------------+-------------+-------------+-------------+-------------+-------------+-------------+-------------+-------------+-------------+-------------+-------------+-------------+-------------+-------------+-------------+-------------+-------------+-------------+--------------+--------------+--------------+--------------+--------------+--------------+--------------+--------------+--------------+--------------+--------------+--------------+--------------+--------------+--------------+--------------+--------------+--------------+--------------+--------------+--------------+--------------+--------------+--------------+--------------+--------------+--------------+--------------+--------------+--------------+--------------+--------------+--------------+--------------+--------------+--------------+--------------+--------------+--------------+--------------+--------------+--------------+--------------+--------------+--------------+--------------+--------------+--------------+--------------+--------------+--------------+--------------+--------------+--------------+--------------+--------------+--------------+--------------+--------------+--------------+--------------+--------------+--------------+--------------+--------------+--------------+--------------+--------------+--------------+--------------+--------------+--------------+--------------+--------------+--------------+--------------+--------------+--------------+--------------+--------------+--------------+--------------+--------------+--------------+--------------+--------------+--------------+--------------+--------------+--------------+--------------+--------------+--------------+--------------+--------------+--------------+--------------+--------------+--------------+--------------+--------------+--------------+--------------+--------------+--------------+--------------+--------------+--------------+--------------+--------------+--------------+--------------+--------------+--------------+--------------+--------------+--------------+--------------+--------------+--------------+--------------+--------------+--------------+--------------+--------------+--------------+--------------+--------------+--------------+--------------+--------------+--------------+--------------+--------------+--------------+--------------+--------------+--------------+--------------+--------------+--------------+--------------+--------------+--------------+--------------+--------------+--------------+--------------+--------------+--------------+--------------+--------------+--------------+--------------+--------------+--------------+
+---------------------------------+---------+---------------+-------------+-------------+--------------+
|              Event              | Counter |      Sum      |     Min     |     Max     |      Avg     |
+---------------------------------+---------+---------------+-------------+-------------+--------------+
|      ACTUAL_CPU_CLOCK STAT      |  FIXC1  | 1194711771000 |  4618491000 |  4709135000 | 4.666843e+09 |
|        MAX_CPU_CLOCK STAT       |  FIXC2  | 1078435338000 |  4209301000 |  4216607000 | 4.212638e+09 |
|    RETIRED_INSTRUCTIONS STAT    |   PMC0  | 3033617830000 | 11811680000 | 11867730000 | 1.185007e+10 |
|     CPU_CLOCKS_UNHALTED STAT    |   PMC1  | 1182024735000 |  4572642000 |  4666810000 | 4.617284e+09 |
| REQUESTS_TO_L2_GRP1_RD_ANY STAT |   PMC2  |  275069558000 |  1074128000 |  1076359000 | 1.074490e+09 |
|     L2_PF_HIT_IN_L2_ALL STAT    |   PMC3  |  574190502000 |  1554777000 |  2318425000 | 2.242932e+09 |
+---------------------------------+---------+---------------+-------------+-------------+--------------+
+-------------------------------+------------+------------+------------+------------+------------+------------+------------+------------+------------+------------+-------------+-------------+-------------+-------------+-------------+-------------+-------------+-------------+-------------+-------------+-------------+-------------+-------------+-------------+-------------+-------------+-------------+-------------+-------------+-------------+-------------+-------------+-------------+-------------+-------------+-------------+-------------+-------------+-------------+-------------+-------------+-------------+-------------+-------------+-------------+-------------+-------------+-------------+-------------+-------------+-------------+-------------+-------------+-------------+-------------+-------------+-------------+-------------+-------------+-------------+-------------+-------------+-------------+-------------+-------------+-------------+-------------+-------------+-------------+-------------+-------------+-------------+-------------+-------------+-------------+-------------+-------------+-------------+-------------+-------------+-------------+-------------+-------------+-------------+-------------+-------------+-------------+-------------+-------------+-------------+-------------+-------------+-------------+-------------+-------------+-------------+-------------+-------------+-------------+-------------+--------------+--------------+--------------+--------------+--------------+--------------+--------------+--------------+--------------+--------------+--------------+--------------+--------------+--------------+--------------+--------------+--------------+--------------+--------------+--------------+--------------+--------------+--------------+--------------+--------------+--------------+--------------+--------------+--------------+--------------+--------------+--------------+--------------+--------------+--------------+--------------+--------------+--------------+--------------+--------------+--------------+--------------+--------------+--------------+--------------+--------------+--------------+--------------+--------------+--------------+--------------+--------------+--------------+--------------+--------------+--------------+--------------+--------------+--------------+--------------+--------------+--------------+--------------+--------------+--------------+--------------+--------------+--------------+--------------+--------------+--------------+--------------+--------------+--------------+--------------+--------------+--------------+--------------+--------------+--------------+--------------+--------------+--------------+--------------+--------------+--------------+--------------+--------------+--------------+--------------+--------------+--------------+--------------+--------------+--------------+--------------+--------------+--------------+--------------+--------------+--------------+--------------+--------------+--------------+--------------+--------------+--------------+--------------+--------------+--------------+--------------+--------------+--------------+--------------+--------------+--------------+--------------+--------------+--------------+--------------+--------------+--------------+--------------+--------------+--------------+--------------+--------------+--------------+--------------+--------------+--------------+--------------+--------------+--------------+--------------+--------------+--------------+--------------+--------------+--------------+--------------+--------------+--------------+--------------+--------------+--------------+--------------+--------------+--------------+--------------+--------------+--------------+--------------+--------------+--------------+--------------+
|             Metric            | HWThread 0 | HWThread 1 | HWThread 2 | HWThread 3 | HWThread 4 | HWThread 5 | HWThread 6 | HWThread 7 | HWThread 8 | HWThread 9 | HWThread 10 | HWThread 11 | HWThread 12 | HWThread 13 | HWThread 14 | HWThread 15 | HWThread 16 | HWThread 17 | HWThread 18 | HWThread 19 | HWThread 20 | HWThread 21 | HWThread 22 | HWThread 23 | HWThread 24 | HWThread 25 | HWThread 26 | HWThread 27 | HWThread 28 | HWThread 29 | HWThread 30 | HWThread 31 | HWThread 32 | HWThread 33 | HWThread 34 | HWThread 35 | HWThread 36 | HWThread 37 | HWThread 38 | HWThread 39 | HWThread 40 | HWThread 41 | HWThread 42 | HWThread 43 | HWThread 44 | HWThread 45 | HWThread 46 | HWThread 47 | HWThread 48 | HWThread 49 | HWThread 50 | HWThread 51 | HWThread 52 | HWThread 53 | HWThread 54 | HWThread 55 | HWThread 56 | HWThread 57 | HWThread 58 | HWThread 59 | HWThread 60 | HWThread 61 | HWThread 62 | HWThread 63 | HWThread 64 | HWThread 65 | HWThread 66 | HWThread 67 | HWThread 68 | HWThread 69 | HWThread 70 | HWThread 71 | HWThread 72 | HWThread 73 | HWThread 74 | HWThread 75 | HWThread 76 | HWThread 77 | HWThread 78 | HWThread 79 | HWThread 80 | HWThread 81 | HWThread 82 | HWThread 83 | HWThread 84 | HWThread 85 | HWThread 86 | HWThread 87 | HWThread 88 | HWThread 89 | HWThread 90 | HWThread 91 | HWThread 92 | HWThread 93 | HWThread 94 | HWThread 95 | HWThread 96 | HWThread 97 | HWThread 98 | HWThread 99 | HWThread 100 | HWThread 101 | HWThread 102 | HWThread 103 | HWThread 104 | HWThread 105 | HWThread 106 | HWThread 107 | HWThread 108 | HWThread 109 | HWThread 110 | HWThread 111 | HWThread 112 | HWThread 113 | HWThread 114 | HWThread 115 | HWThread 116 | HWThread 117 | HWThread 118 | HWThread 119 | HWThread 120 | HWThread 121 | HWThread 122 | HWThread 123 | HWThread 124 | HWThread 125 | HWThread 126 | HWThread 127 | HWThread 128 | HWThread 129 | HWThread 130 | HWThread 131 | HWThread 132 | HWThread 133 | HWThread 134 | HWThread 135 | HWThread 136 | HWThread 137 | HWThread 138 | HWThread 139 | HWThread 140 | HWThread 141 | HWThread 142 | HWThread 143 | HWThread 144 | HWThread 145 | HWThread 146 | HWThread 147 | HWThread 148 | HWThread 149 | HWThread 150 | HWThread 151 | HWThread 152 | HWThread 153 | HWThread 154 | HWThread 155 | HWThread 156 | HWThread 157 | HWThread 158 | HWThread 159 | HWThread 160 | HWThread 161 | HWThread 162 | HWThread 163 | HWThread 164 | HWThread 165 | HWThread 166 | HWThread 167 | HWThread 168 | HWThread 169 | HWThread 170 | HWThread 171 | HWThread 172 | HWThread 173 | HWThread 174 | HWThread 175 | HWThread 176 | HWThread 177 | HWThread 178 | HWThread 179 | HWThread 180 | HWThread 181 | HWThread 182 | HWThread 183 | HWThread 184 | HWThread 185 | HWThread 186 | HWThread 187 | HWThread 188 | HWThread 189 | HWThread 190 | HWThread 191 | HWThread 192 | HWThread 193 | HWThread 194 | HWThread 195 | HWThread 196 | HWThread 197 | HWThread 198 | HWThread 199 | HWThread 200 | HWThread 201 | HWThread 202 | HWThread 203 | HWThread 204 | HWThread 205 | HWThread 206 | HWThread 207 | HWThread 208 | HWThread 209 | HWThread 210 | HWThread 211 | HWThread 212 | HWThread 213 | HWThread 214 | HWThread 215 | HWThread 216 | HWThread 217 | HWThread 218 | HWThread 219 | HWThread 220 | HWThread 221 | HWThread 222 | HWThread 223 | HWThread 224 | HWThread 225 | HWThread 226 | HWThread 227 | HWThread 228 | HWThread 229 | HWThread 230 | HWThread 231 | HWThread 232 | HWThread 233 | HWThread 234 | HWThread 235 | HWThread 236 | HWThread 237 | HWThread 238 | HWThread 239 | HWThread 240 | HWThread 241 | HWThread 242 | HWThread 243 | HWThread 244 | HWThread 245 | HWThread 246 | HWThread 247 | HWThread 248 | HWThread 249 | HWThread 250 | HWThread 251 | HWThread 252 | HWThread 253 | HWThread 254 | HWThread 255 |
+-------------------------------+------------+------------+------------+------------+------------+------------+------------+------------+------------+------------+-------------+-------------+-------------+-------------+-------------+-------------+-------------+-------------+-------------+-------------+-------------+-------------+-------------+-------------+-------------+-------------+-------------+-------------+-------------+-------------+-------------+-------------+-------------+-------------+-------------+-------------+-------------+-------------+-------------+-------------+-------------+-------------+-------------+-------------+-------------+-------------+-------------+-------------+-------------+-------------+-------------+-------------+-------------+-------------+-------------+-------------+-------------+-------------+-------------+-------------+-------------+-------------+-------------+-------------+-------------+-------------+-------------+-------------+-------------+-------------+-------------+-------------+-------------+-------------+-------------+-------------+-------------+-------------+-------------+-------------+-------------+-------------+-------------+-------------+-------------+-------------+-------------+-------------+-------------+-------------+-------------+-------------+-------------+-------------+-------------+-------------+-------------+-------------+-------------+-------------+--------------+--------------+--------------+--------------+--------------+--------------+--------------+--------------+--------------+--------------+--------------+--------------+--------------+--------------+--------------+--------------+--------------+--------------+--------------+--------------+--------------+--------------+--------------+--------------+--------------+--------------+--------------+--------------+--------------+--------------+--------------+--------------+--------------+--------------+--------------+--------------+--------------+--------------+--------------+--------------+--------------+--------------+--------------+--------------+--------------+--------------+--------------+--------------+--------------+--------------+--------------+--------------+--------------+--------------+--------------+--------------+--------------+--------------+--------------+--------------+--------------+--------------+--------------+--------------+--------------+--------------+--------------+--------------+--------------+--------------+--------------+--------------+--------------+--------------+--------------+--------------+--------------+--------------+--------------+--------------+--------------+--------------+--------------+--------------+--------------+--------------+--------------+--------------+--------------+--------------+--------------+--------------+--------------+--------------+--------------+--------------+--------------+--------------+--------------+--------------+--------------+--------------+--------------+--------------+--------------+--------------+--------------+--------------+--------------+--------------+--------------+--------------+--------------+--------------+--------------+--------------+--------------+--------------+--------------+--------------+--------------+--------------+--------------+--------------+--------------+--------------+--------------+--------------+--------------+--------------+--------------+--------------+--------------+--------------+--------------+--------------+--------------+--------------+--------------+--------------+--------------+--------------+--------------+--------------+--------------+--------------+--------------+--------------+--------------+--------------+--------------+--------------+--------------+--------------+--------------+--------------+
|      Runtime (RDTSC) [s]      |     1.5604 |     1.5593 |     1.5595 |     1.5606 |     1.5595 |     1.5597 |     1.5604 |     1.5595 |     1.5594 |     1.5592 |      1.5594 |      1.5599 |      1.5592 |      1.5600 |      1.5601 |      1.5601 |      1.5597 |      1.5591 |      1.5596 |      1.5601 |      1.5622 |      1.5604 |      1.5606 |      1.5623 |      1.5597 |      1.5596 |      1.5600 |      1.5600 |      1.5591 |      1.5600 |      1.5597 |      1.5600 |      1.5595 |      1.5595 |      1.5595 |      1.5595 |      1.5597 |      1.5595 |      1.5593 |      1.5592 |      1.5596 |      1.5594 |      1.5596 |      1.5592 |      1.5597 |      1.5597 |      1.5595 |      1.5591 |      1.5591 |      1.5595 |      1.5595 |      1.5597 |      1.5591 |      1.5595 |      1.5593 |      1.5595 |      1.5595 |      1.5591 |      1.5593 |      1.5595 |      1.5595 |      1.5592 |      1.5595 |      1.5595 |      1.5599 |      1.5595 |      1.5594 |      1.5594 |      1.5594 |      1.5600 |      1.5595 |      1.5594 |      1.5600 |      1.5592 |      1.5601 |      1.5594 |      1.5601 |      1.5601 |      1.5594 |      1.5594 |      1.5594 |      1.5599 |      1.5600 |      1.5594 |      1.5622 |      1.5621 |      1.5601 |      1.5622 |      1.5603 |      1.5603 |      1.5604 |      1.5591 |      1.5604 |      1.5595 |      1.5595 |      1.5604 |      1.5592 |      1.5595 |      1.5600 |      1.5594 |       1.5592 |       1.5595 |       1.5591 |       1.5594 |       1.5594 |       1.5595 |       1.5594 |       1.5593 |       1.5595 |       1.5595 |       1.5592 |       1.5591 |       1.5594 |       1.5594 |       1.5594 |       1.5595 |       1.5601 |       1.5594 |       1.5594 |       1.5600 |       1.5591 |       1.5591 |       1.5599 |       1.5595 |       1.5594 |       1.5592 |       1.5594 |       1.5595 |       1.5593 |       1.5595 |       1.5595 |       1.5592 |       1.5595 |       1.5595 |       1.5593 |       1.5593 |       1.5593 |       1.5593 |       1.5593 |       1.5595 |       1.5619 |       1.5592 |       1.5595 |       1.5595 |       1.5594 |       1.5597 |       1.5593 |       1.5595 |       1.5593 |       1.5595 |       1.5591 |       1.5591 |       1.5591 |       1.5595 |       1.5592 |       1.5596 |       1.5595 |       1.5596 |       1.5595 |       1.5592 |       1.5595 |       1.5592 |       1.5593 |       1.5592 |       1.5592 |       1.5592 |       1.5595 |       1.5591 |       1.5591 |       1.5592 |       1.5595 |       1.5596 |       1.5593 |       1.5597 |       1.5591 |       1.5593 |       1.5615 |       1.5594 |       1.5593 |       1.5593 |       1.5595 |       1.5593 |       1.5593 |       1.5595 |       1.5616 |       1.5592 |       1.5591 |       1.5594 |       1.5595 |       1.5594 |       1.5595 |       1.5594 |       1.5594 |       1.5593 |       1.5597 |       1.5593 |       1.5591 |       1.5595 |       1.5622 |       1.5595 |       1.5592 |       1.5592 |       1.5594 |       1.5591 |       1.5593 |       1.5596 |       1.5595 |       1.5597 |       1.5591 |       1.5592 |       1.5591 |       1.5594 |       1.5591 |       1.5594 |       1.5594 |       1.5594 |       1.5595 |       1.5592 |       1.5595 |       1.5593 |       1.5597 |       1.5593 |       1.5592 |       1.5592 |       1.5595 |       1.5594 |       1.5593 |       1.5594 |       1.5595 |       1.5593 |       1.5597 |       1.5594 |       1.5593 |       1.5597 |       1.5593 |       1.5592 |       1.5593 |       1.5593 |       1.5595 |       1.5595 |       1.5591 |       1.5595 |       1.5595 |       1.5591 |       1.5592 |       1.5592 |       1.5594 |       1.5593 |       1.5595 |       1.5592 |       1.5593 |       1.5592 |       1.5597 |       1.5594 |       1.5597 |       1.5593 |
|      Runtime unhalted [s]     |     1.7374 |     1.7363 |     1.7368 |     1.7379 |     1.7368 |     1.7364 |     1.7373 |     1.7368 |     1.7133 |     1.7129 |      1.7142 |      1.7138 |      1.7129 |      1.7141 |      1.7137 |      1.7140 |      1.7290 |      1.7293 |      1.7299 |      1.7300 |      1.7304 |      1.7298 |      1.7302 |      1.7304 |      1.7147 |      1.7150 |      1.7147 |      1.7150 |      1.7143 |      1.7147 |      1.7145 |      1.7147 |      1.7234 |      1.7232 |      1.7229 |      1.7238 |      1.7240 |      1.7232 |      1.7233 |      1.7226 |      1.7355 |      1.7352 |      1.7354 |      1.7352 |      1.7351 |      1.7350 |      1.7360 |      1.7355 |      1.7389 |      1.7392 |      1.7391 |      1.7392 |      1.7387 |      1.7395 |      1.7386 |      1.7401 |      1.7243 |      1.7239 |      1.7238 |      1.7241 |      1.7241 |      1.7238 |      1.7244 |      1.7248 |      1.7169 |      1.7162 |      1.7159 |      1.7166 |      1.7162 |      1.7163 |      1.7169 |      1.7162 |      1.7261 |      1.7243 |      1.7266 |      1.7258 |      1.7252 |      1.7252 |      1.7257 |      1.7244 |      1.7241 |      1.7247 |      1.7249 |      1.7242 |      1.7250 |      1.7251 |      1.7254 |      1.7251 |      1.7231 |      1.7234 |      1.7230 |      1.7219 |      1.7233 |      1.7228 |      1.7226 |      1.7233 |      1.7427 |      1.7431 |      1.7434 |      1.7430 |       1.7428 |       1.7430 |       1.7425 |       1.7428 |       1.7243 |       1.7245 |       1.7243 |       1.7238 |       1.7241 |       1.7244 |       1.7245 |       1.7239 |       1.7444 |       1.7445 |       1.7445 |       1.7445 |       1.7451 |       1.7446 |       1.7446 |       1.7450 |       1.7278 |       1.7274 |       1.7278 |       1.7272 |       1.7282 |       1.7272 |       1.7278 |       1.7284 |       1.7172 |       1.7177 |       1.7178 |       1.7174 |       1.7177 |       1.7179 |       1.7172 |       1.7172 |       1.7395 |       1.7395 |       1.7396 |       1.7398 |       1.7411 |       1.7395 |       1.7398 |       1.7400 |       1.7448 |       1.7449 |       1.7455 |       1.7453 |       1.7446 |       1.7451 |       1.7448 |       1.7449 |       1.7277 |       1.7281 |       1.7287 |       1.7282 |       1.7291 |       1.7283 |       1.7280 |       1.7278 |       1.7220 |       1.7216 |       1.7214 |       1.7224 |       1.7217 |       1.7217 |       1.7220 |       1.7215 |       1.7360 |       1.7362 |       1.7366 |       1.7369 |       1.7360 |       1.7364 |       1.7364 |       1.7363 |       1.7255 |       1.7254 |       1.7236 |       1.7238 |       1.7243 |       1.7246 |       1.7249 |       1.7243 |       1.7463 |       1.7460 |       1.7453 |       1.7465 |       1.7457 |       1.7464 |       1.7457 |       1.7452 |       1.7354 |       1.7354 |       1.7355 |       1.7353 |       1.7355 |       1.7359 |       1.7367 |       1.7359 |       1.7353 |       1.7345 |       1.7340 |       1.7343 |       1.7339 |       1.7357 |       1.7345 |       1.7350 |       1.7238 |       1.7236 |       1.7238 |       1.7243 |       1.7244 |       1.7256 |       1.7242 |       1.7245 |       1.7441 |       1.7432 |       1.7442 |       1.7431 |       1.7433 |       1.7431 |       1.7430 |       1.7439 |       1.7453 |       1.7453 |       1.7448 |       1.7453 |       1.7454 |       1.7449 |       1.7456 |       1.7453 |       1.7384 |       1.7376 |       1.7379 |       1.7372 |       1.7379 |       1.7379 |       1.7389 |       1.7389 |       1.7213 |       1.7218 |       1.7216 |       1.7213 |       1.7209 |       1.7215 |       1.7215 |       1.7218 |       1.7386 |       1.7386 |       1.7385 |       1.7386 |       1.7389 |       1.7392 |       1.7384 |       1.7384 |
|          Clock [MHz]          |  2997.0901 |  2997.1581 |  2996.6519 |  2997.1719 |  2996.8221 |  2997.0500 |  2996.3844 |  2996.8213 |  2956.3809 |  2956.9632 |   2957.4936 |   2956.2077 |   2956.5848 |   2957.1150 |   2956.2881 |   2957.0946 |   2984.1801 |   2984.8743 |   2985.0853 |   2984.8812 |   2984.5486 |   2983.5000 |   2984.5063 |   2984.5102 |   2958.4873 |   2959.5213 |   2958.4627 |   2959.4793 |   2958.9154 |   2958.4789 |   2958.4437 |   2958.4912 |   2973.9143 |   2973.8434 |   2972.8960 |   2973.9838 |   2974.5091 |   2973.8680 |   2973.6700 |   2973.4530 |   2994.8910 |   2994.4166 |   2994.7890 |   2994.4688 |   2993.9834 |   2994.4249 |   2994.9808 |   2995.1109 |   3001.3557 |   3000.9594 |   3000.8875 |   3002.1900 |   3001.1274 |   3001.9441 |   3001.1926 |   3002.1049 |   2975.7120 |   2975.9079 |   2975.3066 |   2974.9637 |   2974.9516 |   2975.8835 |   2975.7194 |   2975.7936 |   2961.4756 |   2961.4679 |   2961.7044 |   2962.4585 |   2961.4690 |   2962.4473 |   2961.9241 |   2961.4765 |   2977.4408 |   2976.3313 |   2976.9470 |   2977.0884 |   2975.8652 |   2976.2627 |   2977.3925 |   2976.3889 |   2975.0797 |   2974.9531 |   2975.6747 |   2975.1999 |   2974.8749 |   2975.5225 |   2976.0727 |   2975.5464 |   2973.8556 |   2972.4791 |   2973.8272 |   2973.8592 |   2973.1681 |   2972.8980 |   2974.2771 |   2973.1573 |   3007.8915 |   3007.5634 |   3008.4267 |   3007.6727 |    3008.5896 |    3007.4487 |    3007.6346 |    3007.4101 |    2975.8279 |    2975.8988 |    2975.8242 |    2975.4508 |    2974.9224 |    2975.8866 |    2976.2046 |    2975.4961 |    3010.0325 |    3010.6937 |    3010.7062 |    3010.6937 |    3010.7645 |    3010.7273 |    3010.7214 |    3010.4206 |    2981.9668 |    2981.9288 |    2980.3631 |    2981.8752 |    2981.7909 |    2981.3405 |    2981.7209 |    2981.8986 |    2963.6028 |    2963.9131 |    2963.9890 |    2964.1691 |    2963.8997 |    2964.6376 |    2964.0661 |    2963.5757 |    3004.1050 |    3004.2334 |    3002.8867 |    3004.0295 |    3003.3501 |    3004.2699 |    3004.0283 |    3003.9776 |    3011.4763 |    3013.5244 |    3013.2972 |    3013.1727 |    3012.8732 |    3013.2536 |    3013.3785 |    3013.3680 |    2982.0343 |    2981.8589 |    2983.3397 |    2981.9639 |    2983.0808 |    2982.0607 |    2981.8034 |    2982.0905 |    2971.3714 |    2971.5406 |    2970.9846 |    2972.7335 |    2971.6298 |    2971.6059 |    2971.3696 |    2971.5038 |    2996.4929 |    2996.5188 |    2996.3574 |    2997.3504 |    2996.4874 |    2996.2517 |    2997.4821 |    2997.4719 |    2976.1565 |    2976.7983 |    2975.5670 |    2976.1787 |    2975.3383 |    2976.2419 |    2976.4300 |    2975.4360 |    3012.7217 |    3013.9047 |    3013.5087 |    3014.0378 |    3013.3992 |    3013.6982 |    3013.3639 |    3012.8777 |    2995.1852 |    2995.9268 |    2995.8969 |    2996.2391 |    2995.8743 |    2995.7070 |    2995.3474 |    2995.6929 |    2994.5734 |    2993.8715 |    2993.2358 |    2993.4240 |    2994.5076 |    2994.4032 |    2993.0904 |    2993.9799 |    2975.6142 |    2975.0258 |    2976.3117 |    2975.4091 |    2976.1513 |    2976.7330 |    2975.4163 |    2976.2469 |    3009.1675 |    3009.2532 |    3009.2671 |    3008.6847 |    3009.3041 |    3008.6944 |    3008.6836 |    3009.4878 |    3011.9576 |    3011.9352 |    3012.1595 |    3011.9417 |    3011.9924 |    3012.1728 |    3012.0483 |    3011.9344 |    3000.2855 |    2999.0271 |    3000.0836 |    2998.3736 |    3000.1098 |    3000.0899 |    3000.0690 |    3000.0199 |    2970.9612 |    2971.3514 |    2970.5738 |    2970.9509 |    2970.1477 |    2971.5611 |    2971.5506 |    2971.6665 |    3000.1167 |    3000.4678 |    3000.3556 |    3000.3871 |    3000.1435 |    3000.1929 |    3000.0628 |    2999.8082 |
|              CPI              |     0.3914 |     0.3916 |     0.3914 |     0.3918 |     0.3914 |     0.3917 |     0.3916 |     0.3913 |     0.3865 |     0.3867 |      0.3865 |      0.3866 |      0.3863 |      0.3869 |      0.3867 |      0.3866 |      0.3897 |      0.3899 |      0.3897 |      0.3898 |      0.3905 |      0.3902 |      0.3898 |      0.3903 |      0.3869 |      0.3871 |      0.3869 |      0.3869 |      0.3866 |      0.3873 |      0.3868 |      0.3869 |      0.3882 |      0.3885 |      0.3882 |      0.3882 |      0.3883 |      0.3884 |      0.3880 |      0.3881 |      0.3909 |      0.3911 |      0.3909 |      0.3908 |      0.3909 |      0.3912 |      0.3907 |      0.3907 |      0.3917 |      0.3921 |      0.3918 |      0.3918 |      0.3917 |      0.3920 |      0.3916 |      0.3917 |      0.3886 |      0.3886 |      0.3887 |      0.3887 |      0.3887 |      0.3889 |      0.3886 |      0.3893 |      0.3872 |      0.3871 |      0.3869 |      0.3869 |      0.3869 |      0.3873 |      0.3869 |      0.3869 |      0.3889 |      0.3888 |      0.3889 |      0.3887 |      0.3889 |      0.3891 |      0.3887 |      0.3886 |      0.3883 |      0.3887 |      0.3885 |      0.3883 |      0.3891 |      0.3893 |      0.3884 |      0.3891 |      0.3886 |      0.3887 |      0.3886 |      0.3882 |      0.3885 |      0.3885 |      0.3881 |      0.3891 |      0.3925 |      0.3927 |      0.3926 |      0.3926 |       0.3925 |       0.3927 |       0.3924 |       0.3924 |       0.3888 |       0.3890 |       0.3888 |       0.3887 |       0.3887 |       0.3889 |       0.3886 |       0.3887 |       0.3929 |       0.3931 |       0.3929 |       0.3928 |       0.3930 |       0.3930 |       0.3927 |       0.3928 |       0.3895 |       0.3894 |       0.3896 |       0.3896 |       0.3895 |       0.3894 |       0.3895 |       0.3900 |       0.3863 |       0.3866 |       0.3864 |       0.3863 |       0.3864 |       0.3866 |       0.3863 |       0.3864 |       0.3909 |       0.3911 |       0.3909 |       0.3910 |       0.3917 |       0.3911 |       0.3910 |       0.3910 |       0.3922 |       0.3924 |       0.3922 |       0.3923 |       0.3922 |       0.3924 |       0.3921 |       0.3921 |       0.3885 |       0.3888 |       0.3885 |       0.3887 |       0.3886 |       0.3888 |       0.3887 |       0.3892 |       0.3875 |       0.3875 |       0.3874 |       0.3874 |       0.3874 |       0.3876 |       0.3875 |       0.3875 |       0.3900 |       0.3902 |       0.3901 |       0.3901 |       0.3901 |       0.3904 |       0.3900 |       0.3901 |       0.3883 |       0.3878 |       0.3877 |       0.3877 |       0.3877 |       0.3878 |       0.3876 |       0.3878 |       0.3933 |       0.3926 |       0.3926 |       0.3923 |       0.3928 |       0.3930 |       0.3927 |       0.3934 |       0.3900 |       0.3901 |       0.3900 |       0.3899 |       0.3899 |       0.3901 |       0.3908 |       0.3899 |       0.3898 |       0.3899 |       0.3898 |       0.3897 |       0.3898 |       0.3900 |       0.3898 |       0.3898 |       0.3879 |       0.3881 |       0.3879 |       0.3880 |       0.3879 |       0.3882 |       0.3879 |       0.3880 |       0.3917 |       0.3918 |       0.3917 |       0.3916 |       0.3917 |       0.3918 |       0.3915 |       0.3922 |       0.3920 |       0.3921 |       0.3920 |       0.3920 |       0.3921 |       0.3922 |       0.3919 |       0.3920 |       0.3906 |       0.3908 |       0.3905 |       0.3905 |       0.3905 |       0.3907 |       0.3905 |       0.3906 |       0.3872 |       0.3875 |       0.3873 |       0.3873 |       0.3872 |       0.3874 |       0.3873 |       0.3873 |       0.3906 |       0.3904 |       0.3905 |       0.3904 |       0.3906 |       0.3906 |       0.3906 |       0.3912 |
|    L2 bandwidth [MBytes/s]    | 44061.1616 | 44142.5406 | 44086.4247 | 44053.1363 | 44087.3202 | 44167.8212 | 44057.5350 | 44085.5373 | 44087.1880 | 44145.7141 |  44087.5318 |  44070.0970 |  44093.4607 |  44154.6864 |  44063.4379 |  44067.9229 |  44080.2664 |  44151.2957 |  44080.4665 |  44065.2254 |  44007.7966 |  44147.9602 |  44053.2508 |  44006.2524 |  44077.3093 |  44131.2890 |  44068.9654 |  44070.3415 |  44094.0646 |  44154.4558 |  44077.4425 |  44069.0885 |  44084.5608 |  44132.4235 |  44086.7785 |  44086.8179 |  44081.3532 |  44160.1674 |  44091.0341 |  44094.0772 |  44083.5086 |  44135.6299 |  44082.4771 |  44092.7637 |  44080.4843 |  44135.9982 |  44083.8093 |  44095.8800 |  44096.7703 |  44126.0357 |  44083.8494 |  44079.3428 |  44095.5862 |  44156.1182 |  44090.2735 |  44084.7522 |  44087.4406 |  44096.2885 |  44092.6130 |  44087.3759 |  44087.1433 |  44164.4748 |  44085.3549 |  44092.6417 |  44071.0156 |  44120.7041 |  44087.4205 |  44087.7087 |  44088.4913 |  44129.5011 |  44086.0936 |  44088.5040 |  44069.4624 |  44131.4327 |  44069.6358 |  44086.9609 |  44068.7481 |  44128.4349 |  44086.4921 |  44087.3713 |  44086.9564 |  44110.5703 |  44070.0696 |  44087.3649 |  44008.6646 |  44061.1221 |  44066.9604 |  44007.9195 |  44062.8895 |  44098.0074 |  44059.6368 |  44096.4547 |  44062.1419 |  44149.9075 |  44084.6556 |  44068.9283 |  44094.5407 |  44117.1320 |  44070.3455 |  44088.2897 |   44095.2385 |   44133.3305 |   44095.1539 |   44088.1766 |   44086.8888 |   44112.4831 |   44088.8114 |   44090.9612 |   44085.5064 |   44125.9393 |   44093.4790 |   44094.8127 |   44088.0398 |   44120.4280 |   44088.5214 |   44087.2564 |   44068.5536 |   44130.4574 |   44087.1597 |   44070.3428 |   44097.8503 |   44097.3705 |   44074.4363 |   44084.8234 |   44088.0389 |   44133.2163 |   44087.4224 |   44089.5984 |   44093.1521 |   44117.9078 |   44087.0886 |   44094.4513 |   44086.5333 |   44126.8860 |   44089.6514 |   44090.6967 |   44090.3345 |   44120.4926 |   44091.8870 |   44084.9574 |   44018.5983 |   44141.2685 |   44084.1394 |   44084.2488 |   44087.5765 |   44107.2431 |   44092.7800 |   44086.8916 |   44093.0600 |   44128.5004 |   44093.0221 |   44095.8635 |   44097.0449 |   44115.6375 |   44096.2575 |   44082.0870 |   44084.5863 |   44124.5307 |   44086.4657 |   44101.8020 |   44086.0936 |   44117.2302 |   44093.0956 |   44094.1840 |   44092.6561 |   44135.5532 |   44086.0499 |   44095.9894 |   44096.3853 |   44117.7139 |   44083.8531 |   44082.6284 |   44090.7596 |   44123.5834 |   44095.9748 |   44091.8232 |   44027.1451 |   44113.0252 |   44091.8387 |   44090.8791 |   44086.0280 |   44131.6525 |   44090.2917 |   44086.0554 |   44025.4143 |   44095.5697 |   44095.5971 |   44088.2678 |   44086.2068 |   44128.3842 |   44084.7577 |   44093.9443 |   44089.4516 |   44113.6437 |   44082.1510 |   44092.0211 |   44096.5212 |   44123.8502 |   44008.4930 |   44085.6377 |   44091.9317 |   44121.2989 |   44088.5943 |   44094.7852 |   44092.7079 |   44127.0225 |   44086.9992 |   44080.8882 |   44094.9924 |   44120.3346 |   44096.7858 |   44088.7794 |   44097.0038 |   44126.8796 |   44087.6075 |   44089.0804 |   44086.5378 |   44124.7549 |   44086.2915 |   44092.7006 |   44080.8488 |   44134.9022 |   44093.5847 |   44099.2902 |   44081.8228 |   44109.5629 |   44092.3823 |   44087.0247 |   44084.6838 |   44125.6818 |   44080.6637 |   44087.6203 |   44091.2713 |   44114.1178 |   44092.5638 |   44093.6513 |   44091.8532 |   44134.6814 |   44081.9982 |   44084.7067 |   44096.9573 |   44113.9561 |   44083.7118 |   44095.5451 |   44094.1849 |   44129.7347 |   44086.1127 |   44092.8210 |   44085.0505 |   44095.5697 |   44090.4823 |   44092.1880 |   44079.2398 |   44131.8385 |   44076.3264 |   44097.8638 |
|    L2 data volume [GBytes]    |    68.7526 |    68.8328 |    68.7511 |    68.7489 |    68.7522 |    68.8868 |    68.7492 |    68.7496 |    68.7511 |    68.8340 |     68.7516 |     68.7448 |     68.7487 |     68.8817 |     68.7451 |     68.7487 |     68.7523 |     68.8383 |     68.7482 |     68.7474 |     68.7501 |     68.8870 |     68.7502 |     68.7498 |     68.7478 |     68.8291 |     68.7489 |     68.7492 |     68.7489 |     68.8812 |     68.7482 |     68.7491 |     68.7517 |     68.8264 |     68.7517 |     68.7552 |     68.7523 |     68.8664 |     68.7524 |     68.7509 |     68.7526 |     68.8260 |     68.7493 |     68.7489 |     68.7526 |     68.8375 |     68.7505 |     68.7506 |     68.7519 |     68.8157 |     68.7492 |     68.7512 |     68.7511 |     68.8620 |     68.7483 |     68.7507 |     68.7525 |     68.7526 |     68.7519 |     68.7529 |     68.7519 |     68.8631 |     68.7496 |     68.7612 |     68.7481 |     68.8040 |     68.7501 |     68.7519 |     68.7530 |     68.8428 |     68.7507 |     68.7530 |     68.7501 |     68.8077 |     68.7512 |     68.7498 |     68.7505 |     68.8450 |     68.7506 |     68.7505 |     68.7514 |     68.8102 |     68.7514 |     68.7514 |     68.7510 |     68.8287 |     68.7508 |     68.7503 |     68.7524 |     68.8075 |     68.7526 |     68.7515 |     68.7530 |     68.8504 |     68.7519 |     68.7654 |     68.7504 |     68.8024 |     68.7504 |     68.7518 |      68.7515 |      68.8269 |      68.7495 |      68.7518 |      68.7499 |      68.7944 |      68.7519 |      68.7492 |      68.7517 |      68.8150 |      68.7485 |      68.7489 |      68.7523 |      68.8031 |      68.7535 |      68.7519 |      68.7523 |      68.8186 |      68.7511 |      68.7505 |      68.7537 |      68.7530 |      68.7533 |      68.7513 |      68.7530 |      68.8116 |      68.7507 |      68.7594 |      68.7525 |      68.7999 |      68.7524 |      68.7500 |      68.7526 |      68.8163 |      68.7503 |      68.7490 |      68.7507 |      68.7956 |      68.7508 |      68.7510 |      68.7510 |      68.8270 |      68.7496 |      68.7504 |      68.7508 |      68.7928 |      68.7521 |      68.7517 |      68.7522 |      68.8169 |      68.7460 |      68.7514 |      68.7523 |      68.7996 |      68.7528 |      68.7510 |      68.7518 |      68.8173 |      68.7512 |      68.7645 |      68.7507 |      68.7856 |      68.7525 |      68.7499 |      68.7486 |      68.8179 |      68.7508 |      68.7514 |      68.7514 |      68.7900 |      68.7504 |      68.7495 |      68.7520 |      68.8192 |      68.7508 |      68.7505 |      68.7500 |      68.7916 |      68.7505 |      68.7510 |      68.7518 |      68.8125 |      68.7501 |      68.7525 |      68.7519 |      68.7519 |      68.7506 |      68.7508 |      68.7527 |      68.8157 |      68.7504 |      68.7597 |      68.7537 |      68.7846 |      68.7533 |      68.7505 |      68.7517 |      68.8096 |      68.7512 |      68.7516 |      68.7501 |      68.7949 |      68.7528 |      68.7502 |      68.7521 |      68.8204 |      68.7520 |      68.7523 |      68.7491 |      68.7918 |      68.7519 |      68.7527 |      68.7523 |      68.8115 |      68.7487 |      68.7525 |      68.7511 |      68.7987 |      68.7507 |      68.7518 |      68.7508 |      68.8179 |      68.7501 |      68.7590 |      68.7442 |      68.7843 |      68.7515 |      68.7501 |      68.7499 |      68.8067 |      68.7508 |      68.7507 |      68.7519 |      68.8058 |      68.7523 |      68.7503 |      68.7511 |      68.8177 |      68.7479 |      68.7521 |      68.7524 |      68.7963 |      68.7504 |      68.7510 |      68.7512 |      68.8090 |      68.7478 |      68.7521 |      68.7526 |      68.7519 |      68.7517 |      68.7507 |      68.7514 |      68.8189 |      68.7468 |      68.7622 |
| Prefetch bandwidth [MBytes/s] | 94313.9611 | 92212.4680 | 95147.6855 | 88727.7397 | 94346.5608 | 93220.7276 | 94452.6836 | 92746.9765 | 92386.1988 | 92407.6357 |  93202.0805 |  92725.8535 |  92989.8009 |  92761.1243 |  94190.0895 |  88771.6355 |  95097.0606 |  92365.9057 |  94845.8213 |  93966.4848 |  94794.3145 |  87357.8840 |  89576.4852 |  94235.1060 |  94816.9896 |  93349.3216 |  94543.2271 |  94856.9560 |  94952.3872 |  93529.8557 |  94135.4313 |  94972.7165 |  94485.8930 |  92750.4306 |  93331.2266 |  94412.0251 |  93764.4693 |  90276.8996 |  94215.6416 |  93815.0459 |  94495.2449 |  92419.1815 |  94168.4897 |  94126.3466 |  93101.0555 |  93711.5950 |  93243.9053 |  93635.7474 |  94337.2516 |  93414.9495 |  90380.6180 |  93982.2352 |  92720.1569 |  92555.4536 |  93621.3568 |  93775.6515 |  93872.4506 |  93269.4010 |  92818.7617 |  94692.0881 |  94123.4868 |  93127.7531 |  92396.0769 |  63807.4012 |  93404.3498 |  93168.8070 |  93247.8323 |  94665.4030 |  94504.8700 |  92496.9840 |  94422.8232 |  94349.2246 |  93908.7907 |  92307.5179 |  93634.5715 |  93126.1820 |  93825.0659 |  93849.2730 |  94090.6885 |  93002.0739 |  94381.6848 |  93202.4726 |  93713.2601 |  93924.0084 |  92302.4422 |  92808.2309 |  94168.5600 |  93712.6573 |  94178.6347 |  89584.5612 |  92832.1037 |  94151.0754 |  94168.9002 |  92897.8139 |  94703.8246 |  65917.0818 |  93305.5218 |  93178.2859 |  93981.7425 |  93556.5765 |   92471.1848 |   93635.3590 |   92432.2575 |   93511.6018 |   93801.1489 |   93635.9336 |   90176.3056 |   93889.4166 |   94116.7611 |   92984.1047 |   93515.7999 |   92836.8948 |   92914.3002 |   88858.9248 |   93068.9637 |   93671.7945 |   90989.8072 |   92838.9392 |   92798.7195 |   92627.1979 |   94826.3708 |   94637.0747 |   94545.6438 |   95124.1424 |   95028.6403 |   94381.1172 |   94685.3352 |   64778.1592 |   91926.3444 |   92524.8600 |   94044.1137 |   93057.5595 |   87703.6627 |   94233.7426 |   93079.4617 |   93137.2116 |   87635.9786 |   92742.1389 |   92945.9007 |   94736.6091 |   93354.2963 |   93551.5109 |   94878.4976 |   87709.3214 |   92910.5113 |   93705.7740 |   92134.3074 |   81806.4920 |   87608.8997 |   94429.8625 |   92424.7592 |   93268.3913 |   91225.0214 |   89935.9948 |   89724.8761 |   94828.9615 |   92298.4644 |   93713.5485 |   94653.0329 |   65094.4528 |   92663.9841 |   93264.0154 |   93036.2519 |   93377.3365 |   93739.5986 |   94346.0250 |   86090.8566 |   93292.0505 |   94286.9278 |   92213.4530 |   93022.4804 |   93411.1673 |   93545.4263 |   92260.5130 |   87961.2960 |   93789.2254 |   93781.2425 |   93891.7560 |   93637.6836 |   94415.3535 |   88507.0164 |   93374.5427 |   87592.4638 |   88656.8999 |   92737.7107 |   93827.2963 |   94341.7171 |   94785.3925 |   86274.9101 |   93397.5956 |   93836.5032 |   63934.3744 |   91800.4095 |   93980.5805 |   93197.2630 |   93409.5665 |   92007.0963 |   93322.4664 |   88392.0818 |   89982.7688 |   92247.5353 |   92836.2704 |   93712.2820 |   93822.3976 |   90857.7758 |   93233.9949 |   94279.8991 |   93326.6790 |   93079.6132 |   89184.3000 |   93224.8631 |   86724.9526 |   92444.8732 |   89334.2157 |   94366.4120 |   93645.6996 |   89702.7967 |   94017.0769 |   94034.2709 |   90755.6937 |   93080.2102 |   94220.5132 |   93871.3214 |   63946.1052 |   93522.6834 |   93425.8563 |   92190.0286 |   93626.8290 |   93583.4654 |   89227.0821 |   84672.1568 |   93928.8796 |   93151.4338 |   92934.2639 |   94567.5562 |   93078.4196 |   94261.1350 |   92312.7448 |   94641.7380 |   93992.9749 |   93835.7022 |   93652.2107 |   88349.7540 |   92931.5968 |   93648.2338 |   93163.3433 |   94211.1878 |   93034.3452 |   92115.2132 |   93908.8584 |   83273.0199 |   92692.8468 |   93334.7866 |   93086.1893 |   91879.1836 |   64111.8854 |
| Prefetch data volume [GBytes] |   147.1667 |   143.7898 |   148.3792 |   138.4677 |   147.1292 |   145.3926 |   147.3878 |   144.6352 |   144.0703 |   144.0861 |    145.3424 |    144.6427 |    144.9858 |    144.7081 |    146.9496 |    138.4893 |    148.3235 |    144.0118 |    147.9221 |    146.5997 |    148.0900 |    136.3103 |    139.7945 |    147.2211 |    147.8869 |    145.5916 |    147.4902 |    147.9758 |    148.0442 |    145.9071 |    146.8243 |    148.1602 |    147.3546 |    144.6482 |    145.5467 |    147.2394 |    146.2415 |    140.7839 |    146.9131 |    146.2752 |    147.3748 |    144.1203 |    146.8615 |    146.7606 |    145.2104 |    146.1590 |    145.4176 |    145.9890 |    147.0826 |    145.6831 |    140.9496 |    146.5854 |    144.5635 |    144.3412 |    145.9802 |    146.2442 |    146.3901 |    145.4208 |    144.7288 |    147.6694 |    146.7812 |    145.2087 |    144.0884 |     99.5057 |    145.7051 |    145.2921 |    145.4111 |    147.6244 |    147.3738 |    144.2970 |    147.2491 |    147.1312 |    146.5014 |    143.9217 |    146.0755 |    145.2223 |    146.3740 |    146.4147 |    146.7295 |    145.0287 |    147.1834 |    145.3911 |    146.1972 |    146.4685 |    144.1964 |    144.9774 |    146.9166 |    146.4003 |    146.9492 |    139.7816 |    144.8594 |    146.7924 |    146.9379 |    144.8712 |    147.6946 |    102.8573 |    145.4781 |    145.3153 |    146.6129 |    145.8932 |     144.1773 |     146.0265 |     144.1127 |     145.8235 |     146.2752 |     146.0274 |     140.6205 |     146.3978 |     146.7759 |     145.0099 |     145.8054 |     144.7435 |     144.8934 |     138.5700 |     145.1357 |     146.0765 |     141.9552 |     144.7764 |     144.7137 |     144.5001 |     147.8453 |     147.5503 |     147.4852 |     148.3483 |     148.1921 |     147.1571 |     147.6540 |     101.0239 |     143.3367 |     144.2884 |     146.6589 |     145.0909 |     136.7732 |     146.9585 |     145.1415 |     145.2254 |     136.6521 |     144.6097 |     144.9271 |     147.7428 |     145.8065 |     145.8696 |     147.9638 |     136.7847 |     144.8860 |     146.1503 |     143.6612 |     127.5740 |     136.6044 |     147.2602 |     144.1007 |     145.4179 |     142.2302 |     140.2578 |     139.8947 |     147.8966 |     143.9434 |     146.1571 |     147.6078 |     101.4968 |     144.5062 |     145.4131 |     145.0675 |     145.5902 |     146.1574 |     147.1081 |     134.2559 |     145.4545 |     147.0044 |     143.7827 |     145.0720 |     145.6803 |     145.8681 |     143.8980 |     137.1420 |     146.2416 |     146.4429 |     146.4186 |     146.0051 |     147.2221 |     138.0260 |     145.5948 |     136.5831 |     138.2611 |     144.8231 |     146.2914 |     147.0906 |     147.8075 |     134.5462 |     145.6483 |     146.3385 |      99.6988 |     143.1548 |     146.5402 |     145.3564 |     145.6490 |     143.4499 |     145.5331 |     138.0883 |     140.3281 |     143.8364 |     144.7524 |     146.1371 |     146.2828 |     141.6712 |     145.4076 |     147.0259 |     145.5601 |     145.1217 |     139.0549 |     145.3481 |     135.2402 |     144.1321 |     139.3078 |     147.1517 |     146.0311 |     139.8877 |     146.5900 |     146.6425 |     141.5114 |     145.1727 |     146.9146 |     146.3629 |      99.7039 |     145.8456 |     145.6880 |     143.7482 |     146.0035 |     145.9430 |     139.1349 |     132.0598 |     146.4737 |     145.2518 |     144.9516 |     147.4564 |     145.1268 |     146.9786 |     143.9400 |     147.5981 |     146.5864 |     146.3011 |     146.0518 |     137.7852 |     144.8932 |     146.0153 |     145.2644 |     146.9128 |     145.0646 |     143.6577 |     146.4186 |     129.8504 |     144.5311 |     145.5763 |     145.1580 |     143.3060 |      99.9703 |
+-------------------------------+------------+------------+------------+------------+------------+------------+------------+------------+------------+------------+-------------+-------------+-------------+-------------+-------------+-------------+-------------+-------------+-------------+-------------+-------------+-------------+-------------+-------------+-------------+-------------+-------------+-------------+-------------+-------------+-------------+-------------+-------------+-------------+-------------+-------------+-------------+-------------+-------------+-------------+-------------+-------------+-------------+-------------+-------------+-------------+-------------+-------------+-------------+-------------+-------------+-------------+-------------+-------------+-------------+-------------+-------------+-------------+-------------+-------------+-------------+-------------+-------------+-------------+-------------+-------------+-------------+-------------+-------------+-------------+-------------+-------------+-------------+-------------+-------------+-------------+-------------+-------------+-------------+-------------+-------------+-------------+-------------+-------------+-------------+-------------+-------------+-------------+-------------+-------------+-------------+-------------+-------------+-------------+-------------+-------------+-------------+-------------+-------------+-------------+--------------+--------------+--------------+--------------+--------------+--------------+--------------+--------------+--------------+--------------+--------------+--------------+--------------+--------------+--------------+--------------+--------------+--------------+--------------+--------------+--------------+--------------+--------------+--------------+--------------+--------------+--------------+--------------+--------------+--------------+--------------+--------------+--------------+--------------+--------------+--------------+--------------+--------------+--------------+--------------+--------------+--------------+--------------+--------------+--------------+--------------+--------------+--------------+--------------+--------------+--------------+--------------+--------------+--------------+--------------+--------------+--------------+--------------+--------------+--------------+--------------+--------------+--------------+--------------+--------------+--------------+--------------+--------------+--------------+--------------+--------------+--------------+--------------+--------------+--------------+--------------+--------------+--------------+--------------+--------------+--------------+--------------+--------------+--------------+--------------+--------------+--------------+--------------+--------------+--------------+--------------+--------------+--------------+--------------+--------------+--------------+--------------+--------------+--------------+--------------+--------------+--------------+--------------+--------------+--------------+--------------+--------------+--------------+--------------+--------------+--------------+--------------+--------------+--------------+--------------+--------------+--------------+--------------+--------------+--------------+--------------+--------------+--------------+--------------+--------------+--------------+--------------+--------------+--------------+--------------+--------------+--------------+--------------+--------------+--------------+--------------+--------------+--------------+--------------+--------------+--------------+--------------+--------------+--------------+--------------+--------------+--------------+--------------+--------------+--------------+--------------+--------------+--------------+--------------+--------------+--------------+
+------------------------------------+--------------+------------+------------+------------+
|               Metric               |      Sum     |     Min    |     Max    |     Avg    |
+------------------------------------+--------------+------------+------------+------------+
|      Runtime (RDTSC) [s] STAT      |     399.2495 |     1.5591 |     1.5623 |     1.5596 |
|      Runtime unhalted [s] STAT     |     443.0952 |     1.7129 |     1.7465 |     1.7308 |
|          Clock [MHz] STAT          |  764672.2497 |  2956.2077 |  3014.0378 |  2987.0010 |
|              CPI STAT              |      99.7481 |     0.3863 |     0.3934 |     0.3896 |
|    L2 bandwidth [MBytes/s] STAT    | 1.128801e+07 | 44006.2524 | 44167.8212 | 44093.7975 |
|    L2 data volume [GBytes] STAT    |   17604.4515 |    68.7442 |    68.8870 |    68.7674 |
| Prefetch bandwidth [MBytes/s] STAT | 2.356301e+07 | 63807.4012 | 95147.6855 | 92043.0018 |
| Prefetch data volume [GBytes] STAT |   36748.1917 |    99.5057 |   148.3792 |   143.5476 |
+------------------------------------+--------------+------------+------------+------------+
