--------------------------------------------------------------------------------
CPU name:	AMD EPYC 9755 128-Core Processor               
CPU type:	AMD K1A (Zen5) architecture
CPU clock:	2.70 GHz
--------------------------------------------------------------------------------
Region bench, Group 1: L2BW
+-------------------+------------+------------+------------+------------+------------+------------+------------+------------+------------+------------+-------------+-------------+-------------+-------------+-------------+-------------+-------------+-------------+-------------+-------------+-------------+-------------+-------------+-------------+-------------+-------------+-------------+-------------+-------------+-------------+-------------+-------------+-------------+-------------+-------------+-------------+-------------+-------------+-------------+-------------+-------------+-------------+-------------+-------------+-------------+-------------+-------------+-------------+-------------+-------------+-------------+-------------+-------------+-------------+-------------+-------------+-------------+-------------+-------------+-------------+-------------+-------------+-------------+-------------+-------------+-------------+-------------+-------------+-------------+-------------+-------------+-------------+-------------+-------------+-------------+-------------+-------------+-------------+-------------+-------------+-------------+-------------+-------------+-------------+-------------+-------------+-------------+-------------+-------------+-------------+-------------+-------------+-------------+-------------+-------------+-------------+-------------+-------------+-------------+-------------+--------------+--------------+--------------+--------------+--------------+--------------+--------------+--------------+--------------+--------------+--------------+--------------+--------------+--------------+--------------+--------------+--------------+--------------+--------------+--------------+--------------+--------------+--------------+--------------+--------------+--------------+--------------+--------------+--------------+--------------+--------------+--------------+--------------+--------------+--------------+--------------+--------------+--------------+--------------+--------------+--------------+--------------+--------------+--------------+--------------+--------------+--------------+--------------+--------------+--------------+--------------+--------------+--------------+--------------+--------------+--------------+--------------+--------------+--------------+--------------+--------------+--------------+--------------+--------------+--------------+--------------+--------------+--------------+--------------+--------------+--------------+--------------+--------------+--------------+--------------+--------------+--------------+--------------+--------------+--------------+--------------+--------------+--------------+--------------+--------------+--------------+--------------+--------------+--------------+--------------+--------------+--------------+--------------+--------------+--------------+--------------+--------------+--------------+--------------+--------------+--------------+--------------+--------------+--------------+--------------+--------------+--------------+--------------+--------------+--------------+--------------+--------------+--------------+--------------+--------------+--------------+--------------+--------------+--------------+--------------+--------------+--------------+--------------+--------------+--------------+--------------+--------------+--------------+--------------+--------------+--------------+--------------+--------------+--------------+--------------+--------------+--------------+--------------+--------------+--------------+--------------+--------------+--------------+--------------+--------------+--------------+--------------+--------------+--------------+--------------+--------------+--------------+--------------+--------------+--------------+--------------+
|    Region Info    | HWThread 0 | HWThread 1 | HWThread 2 | HWThread 3 | HWThread 4 | HWThread 5 | HWThread 6 | HWThread 7 | HWThread 8 | HWThread 9 | HWThread 10 | HWThread 11 | HWThread 12 | HWThread 13 | HWThread 14 | HWThread 15 | HWThread 16 | HWThread 17 | HWThread 18 | HWThread 19 | HWThread 20 | HWThread 21 | HWThread 22 | HWThread 23 | HWThread 24 | HWThread 25 | HWThread 26 | HWThread 27 | HWThread 28 | HWThread 29 | HWThread 30 | HWThread 31 | HWThread 32 | HWThread 33 | HWThread 34 | HWThread 35 | HWThread 36 | HWThread 37 | HWThread 38 | HWThread 39 | HWThread 40 | HWThread 41 | HWThread 42 | HWThread 43 | HWThread 44 | HWThread 45 | HWThread 46 | HWThread 47 | HWThread 48 | HWThread 49 | HWThread 50 | HWThread 51 | HWThread 52 | HWThread 53 | HWThread 54 | HWThread 55 | HWThread 56 | HWThread 57 | HWThread 58 | HWThread 59 | HWThread 60 | HWThread 61 | HWThread 62 | HWThread 63 | HWThread 64 | HWThread 65 | HWThread 66 | HWThread 67 | HWThread 68 | HWThread 69 | HWThread 70 | HWThread 71 | HWThread 72 | HWThread 73 | HWThread 74 | HWThread 75 | HWThread 76 | HWThread 77 | HWThread 78 | HWThread 79 | HWThread 80 | HWThread 81 | HWThread 82 | HWThread 83 | HWThread 84 | HWThread 85 | HWThread 86 | HWThread 87 | HWThread 88 | HWThread 89 | HWThread 90 | HWThread 91 | HWThread 92 | HWThread 93 | HWThread 94 | HWThread 95 | HWThread 96 | HWThread 97 | HWThread 98 | HWThread 99 | HWThread 100 | HWThread 101 | HWThread 102 | HWThread 103 | HWThread 104 | HWThread 105 | HWThread 106 | HWThread 107 | HWThread 108 | HWThread 109 | HWThread 110 | HWThread 111 | HWThread 112 | HWThread 113 | HWThread 114 | HWThread 115 | HWThread 116 | HWThread 117 | HWThread 118 | HWThread 119 | HWThread 120 | HWThread 121 | HWThread 122 | HWThread 123 | HWThread 124 | HWThread 125 | HWThread 126 | HWThread 127 | HWThread 128 | HWThread 129 | HWThread 130 | HWThread 131 | HWThread 132 | HWThread 133 | HWThread 134 | HWThread 135 | HWThread 136 | HWThread 137 | HWThread 138 | HWThread 139 | HWThread 140 | HWThread 141 | HWThread 142 | HWThread 143 | HWThread 144 | HWThread 145 | HWThread 146 | HWThread 147 | HWThread 148 | HWThread 149 | HWThread 150 | HWThread 151 | HWThread 152 | HWThread 153 | HWThread 154 | HWThread 155 | HWThread 156 | HWThread 157 | HWThread 158 | HWThread 159 | HWThread 160 | HWThread 161 | HWThread 162 | HWThread 163 | HWThread 164 | HWThread 165 | HWThread 166 | HWThread 167 | HWThread 168 | HWThread 169 | HWThread 170 | HWThread 171 | HWThread 172 | HWThread 173 | HWThread 174 | HWThread 175 | HWThread 176 | HWThread 177 | HWThread 178 | HWThread 179 | HWThread 180 | HWThread 181 | HWThread 182 | HWThread 183 | HWThread 184 | HWThread 185 | HWThread 186 | HWThread 187 | HWThread 188 | HWThread 189 | HWThread 190 | HWThread 191 | HWThread 192 | HWThread 193 | HWThread 194 | HWThread 195 | HWThread 196 | HWThread 197 | HWThread 198 | HWThread 199 | HWThread 200 | HWThread 201 | HWThread 202 | HWThread 203 | HWThread 204 | HWThread 205 | HWThread 206 | HWThread 207 | HWThread 208 | HWThread 209 | HWThread 210 | HWThread 211 | HWThread 212 | HWThread 213 | HWThread 214 | HWThread 215 | HWThread 216 | HWThread 217 | HWThread 218 | HWThread 219 | HWThread 220 | HWThread 221 | HWThread 222 | HWThread 223 | HWThread 224 | HWThread 225 | HWThread 226 | HWThread 227 | HWThread 228 | HWThread 229 | HWThread 230 | HWThread 231 | HWThread 232 | HWThread 233 | HWThread 234 | HWThread 235 | HWThread 236 | HWThread 237 | HWThread 238 | HWThread 239 | HWThread 240 | HWThread 241 | HWThread 242 | HWThread 243 | HWThread 244 | HWThread 245 | HWThread 246 | HWThread 247 | HWThread 248 | HWThread 249 | HWThread 250 | HWThread 251 | HWThread 252 | HWThread 253 | HWThread 254 | HWThread 255 |
+-------------------+------------+------------+------------+------------+------------+------------+------------+------------+------------+------------+-------------+-------------+-------------+-------------+-------------+-------------+-------------+-------------+-------------+-------------+-------------+-------------+-------------+-------------+-------------+-------------+-------------+-------------+-------------+-------------+-------------+-------------+-------------+-------------+-------------+-------------+-------------+-------------+-------------+-------------+-------------+-------------+-------------+-------------+-------------+-------------+-------------+-------------+-------------+-------------+-------------+-------------+-------------+-------------+-------------+-------------+-------------+-------------+-------------+-------------+-------------+-------------+-------------+-------------+-------------+-------------+-------------+-------------+-------------+-------------+-------------+-------------+-------------+-------------+-------------+-------------+-------------+-------------+-------------+-------------+-------------+-------------+-------------+-------------+-------------+-------------+-------------+-------------+-------------+-------------+-------------+-------------+-------------+-------------+-------------+-------------+-------------+-------------+-------------+-------------+--------------+--------------+--------------+--------------+--------------+--------------+--------------+--------------+--------------+--------------+--------------+--------------+--------------+--------------+--------------+--------------+--------------+--------------+--------------+--------------+--------------+--------------+--------------+--------------+--------------+--------------+--------------+--------------+--------------+--------------+--------------+--------------+--------------+--------------+--------------+--------------+--------------+--------------+--------------+--------------+--------------+--------------+--------------+--------------+--------------+--------------+--------------+--------------+--------------+--------------+--------------+--------------+--------------+--------------+--------------+--------------+--------------+--------------+--------------+--------------+--------------+--------------+--------------+--------------+--------------+--------------+--------------+--------------+--------------+--------------+--------------+--------------+--------------+--------------+--------------+--------------+--------------+--------------+--------------+--------------+--------------+--------------+--------------+--------------+--------------+--------------+--------------+--------------+--------------+--------------+--------------+--------------+--------------+--------------+--------------+--------------+--------------+--------------+--------------+--------------+--------------+--------------+--------------+--------------+--------------+--------------+--------------+--------------+--------------+--------------+--------------+--------------+--------------+--------------+--------------+--------------+--------------+--------------+--------------+--------------+--------------+--------------+--------------+--------------+--------------+--------------+--------------+--------------+--------------+--------------+--------------+--------------+--------------+--------------+--------------+--------------+--------------+--------------+--------------+--------------+--------------+--------------+--------------+--------------+--------------+--------------+--------------+--------------+--------------+--------------+--------------+--------------+--------------+--------------+--------------+--------------+
| RDTSC Runtime [s] |   1.551000 |   1.550862 |   1.551042 |   1.550916 |   1.551473 |   1.550861 |   1.550919 |   1.551084 |   1.550855 |   1.551547 |    1.551041 |    1.551524 |    1.550920 |    1.550920 |    1.551038 |    1.550920 |    1.551142 |    1.551042 |    1.550952 |    1.551492 |    1.551123 |    1.551044 |    1.550945 |    1.551139 |    1.551139 |    1.551035 |    1.550968 |    1.550858 |    1.551033 |    1.551075 |    1.551141 |    1.550855 |    1.550919 |    1.550918 |    1.550887 |    1.550925 |    1.550928 |    1.550920 |    1.551525 |    1.550918 |    1.552194 |    1.553912 |    1.551038 |    1.550959 |    1.550858 |    1.551114 |    1.553912 |    1.552016 |    1.550855 |    1.550864 |    1.550860 |    1.551286 |    1.550855 |    1.551112 |    1.550864 |    1.551112 |    1.551508 |    1.551038 |    1.551043 |    1.550863 |    1.551366 |    1.550863 |    1.550863 |    1.550915 |    1.550856 |    1.551136 |    1.550855 |    1.551012 |    1.551011 |    1.550967 |    1.550854 |    1.550852 |    1.551093 |    1.551472 |    1.550910 |    1.551041 |    1.551093 |    1.550924 |    1.551479 |    1.550855 |    1.551036 |    1.551372 |    1.550922 |    1.551350 |    1.550909 |    1.551524 |    1.550922 |    1.551036 |    1.551138 |    1.550940 |    1.551086 |    1.551510 |    1.550940 |    1.551383 |    1.551040 |    1.550910 |    1.551447 |    1.551865 |    1.551017 |    1.551477 |     1.551448 |     1.550939 |     1.550939 |     1.550953 |     1.551088 |     1.550857 |     1.551092 |     1.550858 |     1.551035 |     1.551093 |     1.550967 |     1.551042 |     1.551041 |     1.551116 |     1.550950 |     1.550951 |     1.551116 |     1.550964 |     1.551090 |     1.550950 |     1.551041 |     1.551975 |     1.551032 |     1.551041 |     1.551567 |     1.551783 |     1.551479 |     1.550855 |     1.551292 |     1.550861 |     1.550861 |     1.551396 |     1.551458 |     1.551395 |     1.550859 |     1.551460 |     1.550853 |     1.551292 |     1.550857 |     1.550857 |     1.551300 |     1.550857 |     1.551037 |     1.550857 |     1.553961 |     1.551361 |     1.551752 |     1.553962 |     1.553962 |     1.551018 |     1.553962 |     1.551550 |     1.553819 |     1.550933 |     1.551131 |     1.551013 |     1.551409 |     1.552479 |     1.551105 |     1.550994 |     1.551491 |     1.551590 |     1.551810 |     1.550912 |     1.550871 |     1.551462 |     1.551134 |     1.550925 |     1.550865 |     1.551038 |     1.551115 |     1.551459 |     1.551414 |     1.551465 |     1.551035 |     1.551021 |     1.550851 |     1.550859 |     1.551486 |     1.550947 |     1.550850 |     1.551486 |     1.551013 |     1.551486 |     1.551963 |     1.550943 |     1.551539 |     1.551882 |     1.551134 |     1.550920 |     1.551539 |     1.551539 |     1.550857 |     1.551014 |     1.550858 |     1.551137 |     1.550858 |     1.550856 |     1.550968 |     1.551137 |     1.551103 |     1.551558 |     1.550921 |     1.550860 |     1.551289 |     1.550915 |     1.551545 |     1.551278 |     1.551041 |     1.551085 |     1.551291 |     1.553820 |     1.551520 |     1.553820 |     1.551087 |     1.551119 |     1.551455 |     1.551386 |     1.551358 |     1.551519 |     1.551079 |     1.551386 |     1.551370 |     1.551029 |     1.550862 |     1.551133 |     1.550930 |     1.551107 |     1.551013 |     1.551960 |     1.551505 |     1.551085 |     1.551559 |     1.550856 |     1.551431 |     1.551014 |     1.550971 |     1.550970 |     1.550857 |     1.551430 |     1.551113 |     1.551139 |     1.551363 |     1.551137 |     1.550855 |     1.551113 |     1.551543 |     1.550855 |     1.550920 |     1.550945 |     1.550934 |     1.551080 |     1.551080 |     1.551080 |     1.552196 |     1.550934 |
|     call count    |          1 |          1 |          1 |          1 |          1 |          1 |          1 |          1 |          1 |          1 |           1 |           1 |           1 |           1 |           1 |           1 |           1 |           1 |           1 |           1 |           1 |           1 |           1 |           1 |           1 |           1 |           1 |           1 |           1 |           1 |           1 |           1 |           1 |           1 |           1 |           1 |           1 |           1 |           1 |           1 |           1 |           1 |           1 |           1 |           1 |           1 |           1 |           1 |           1 |           1 |           1 |           1 |           1 |           1 |           1 |           1 |           1 |           1 |           1 |           1 |           1 |           1 |           1 |           1 |           1 |           1 |           1 |           1 |           1 |           1 |           1 |           1 |           1 |           1 |           1 |           1 |           1 |           1 |           1 |           1 |           1 |           1 |           1 |           1 |           1 |           1 |           1 |           1 |           1 |           1 |           1 |           1 |           1 |           1 |           1 |           1 |           1 |           1 |           1 |           1 |            1 |            1 |            1 |            1 |            1 |            1 |            1 |            1 |            1 |            1 |            1 |            1 |            1 |            1 |            1 |            1 |            1 |            1 |            1 |            1 |            1 |            1 |            1 |            1 |            1 |            1 |            1 |            1 |            1 |            1 |            1 |            1 |            1 |            1 |            1 |            1 |            1 |            1 |            1 |            1 |            1 |            1 |            1 |            1 |            1 |            1 |            1 |            1 |            1 |            1 |            1 |            1 |            1 |            1 |            1 |            1 |            1 |            1 |            1 |            1 |            1 |            1 |            1 |            1 |            1 |            1 |            1 |            1 |            1 |            1 |            1 |            1 |            1 |            1 |            1 |            1 |            1 |            1 |            1 |            1 |            1 |            1 |            1 |            1 |            1 |            1 |            1 |            1 |            1 |            1 |            1 |            1 |            1 |            1 |            1 |            1 |            1 |            1 |            1 |            1 |            1 |            1 |            1 |            1 |            1 |            1 |            1 |            1 |            1 |            1 |            1 |            1 |            1 |            1 |            1 |            1 |            1 |            1 |            1 |            1 |            1 |            1 |            1 |            1 |            1 |            1 |            1 |            1 |            1 |            1 |            1 |            1 |            1 |            1 |            1 |            1 |            1 |            1 |            1 |            1 |            1 |            1 |            1 |            1 |            1 |            1 |            1 |            1 |            1 |            1 |            1 |            1 |            1 |            1 |            1 |            1 |
+-------------------+------------+------------+------------+------------+------------+------------+------------+------------+------------+------------+-------------+-------------+-------------+-------------+-------------+-------------+-------------+-------------+-------------+-------------+-------------+-------------+-------------+-------------+-------------+-------------+-------------+-------------+-------------+-------------+-------------+-------------+-------------+-------------+-------------+-------------+-------------+-------------+-------------+-------------+-------------+-------------+-------------+-------------+-------------+-------------+-------------+-------------+-------------+-------------+-------------+-------------+-------------+-------------+-------------+-------------+-------------+-------------+-------------+-------------+-------------+-------------+-------------+-------------+-------------+-------------+-------------+-------------+-------------+-------------+-------------+-------------+-------------+-------------+-------------+-------------+-------------+-------------+-------------+-------------+-------------+-------------+-------------+-------------+-------------+-------------+-------------+-------------+-------------+-------------+-------------+-------------+-------------+-------------+-------------+-------------+-------------+-------------+-------------+-------------+--------------+--------------+--------------+--------------+--------------+--------------+--------------+--------------+--------------+--------------+--------------+--------------+--------------+--------------+--------------+--------------+--------------+--------------+--------------+--------------+--------------+--------------+--------------+--------------+--------------+--------------+--------------+--------------+--------------+--------------+--------------+--------------+--------------+--------------+--------------+--------------+--------------+--------------+--------------+--------------+--------------+--------------+--------------+--------------+--------------+--------------+--------------+--------------+--------------+--------------+--------------+--------------+--------------+--------------+--------------+--------------+--------------+--------------+--------------+--------------+--------------+--------------+--------------+--------------+--------------+--------------+--------------+--------------+--------------+--------------+--------------+--------------+--------------+--------------+--------------+--------------+--------------+--------------+--------------+--------------+--------------+--------------+--------------+--------------+--------------+--------------+--------------+--------------+--------------+--------------+--------------+--------------+--------------+--------------+--------------+--------------+--------------+--------------+--------------+--------------+--------------+--------------+--------------+--------------+--------------+--------------+--------------+--------------+--------------+--------------+--------------+--------------+--------------+--------------+--------------+--------------+--------------+--------------+--------------+--------------+--------------+--------------+--------------+--------------+--------------+--------------+--------------+--------------+--------------+--------------+--------------+--------------+--------------+--------------+--------------+--------------+--------------+--------------+--------------+--------------+--------------+--------------+--------------+--------------+--------------+--------------+--------------+--------------+--------------+--------------+--------------+--------------+--------------+--------------+--------------+--------------+
+----------------------------+---------+-------------+-------------+-------------+-------------+-------------+-------------+-------------+-------------+-------------+-------------+-------------+-------------+-------------+-------------+-------------+-------------+-------------+-------------+-------------+-------------+-------------+-------------+-------------+-------------+-------------+-------------+-------------+-------------+-------------+-------------+-------------+-------------+-------------+-------------+-------------+-------------+-------------+-------------+-------------+-------------+-------------+-------------+-------------+-------------+-------------+-------------+-------------+-------------+-------------+-------------+-------------+-------------+-------------+-------------+-------------+-------------+-------------+-------------+-------------+-------------+-------------+-------------+-------------+-------------+-------------+-------------+-------------+-------------+-------------+-------------+-------------+-------------+-------------+-------------+-------------+-------------+-------------+-------------+-------------+-------------+-------------+-------------+-------------+-------------+-------------+-------------+-------------+-------------+-------------+-------------+-------------+-------------+-------------+-------------+-------------+-------------+-------------+-------------+-------------+-------------+--------------+--------------+--------------+--------------+--------------+--------------+--------------+--------------+--------------+--------------+--------------+--------------+--------------+--------------+--------------+--------------+--------------+--------------+--------------+--------------+--------------+--------------+--------------+--------------+--------------+--------------+--------------+--------------+--------------+--------------+--------------+--------------+--------------+--------------+--------------+--------------+--------------+--------------+--------------+--------------+--------------+--------------+--------------+--------------+--------------+--------------+--------------+--------------+--------------+--------------+--------------+--------------+--------------+--------------+--------------+--------------+--------------+--------------+--------------+--------------+--------------+--------------+--------------+--------------+--------------+--------------+--------------+--------------+--------------+--------------+--------------+--------------+--------------+--------------+--------------+--------------+--------------+--------------+--------------+--------------+--------------+--------------+--------------+--------------+--------------+--------------+--------------+--------------+--------------+--------------+--------------+--------------+--------------+--------------+--------------+--------------+--------------+--------------+--------------+--------------+--------------+--------------+--------------+--------------+--------------+--------------+--------------+--------------+--------------+--------------+--------------+--------------+--------------+--------------+--------------+--------------+--------------+--------------+--------------+--------------+--------------+--------------+--------------+--------------+--------------+--------------+--------------+--------------+--------------+--------------+--------------+--------------+--------------+--------------+--------------+--------------+--------------+--------------+--------------+--------------+--------------+--------------+--------------+--------------+--------------+--------------+--------------+--------------+--------------+--------------+--------------+--------------+--------------+--------------+--------------+--------------+
|            Event           | Counter |  HWThread 0 |  HWThread 1 |  HWThread 2 |  HWThread 3 |  HWThread 4 |  HWThread 5 |  HWThread 6 |  HWThread 7 |  HWThread 8 |  HWThread 9 | HWThread 10 | HWThread 11 | HWThread 12 | HWThread 13 | HWThread 14 | HWThread 15 | HWThread 16 | HWThread 17 | HWThread 18 | HWThread 19 | HWThread 20 | HWThread 21 | HWThread 22 | HWThread 23 | HWThread 24 | HWThread 25 | HWThread 26 | HWThread 27 | HWThread 28 | HWThread 29 | HWThread 30 | HWThread 31 | HWThread 32 | HWThread 33 | HWThread 34 | HWThread 35 | HWThread 36 | HWThread 37 | HWThread 38 | HWThread 39 | HWThread 40 | HWThread 41 | HWThread 42 | HWThread 43 | HWThread 44 | HWThread 45 | HWThread 46 | HWThread 47 | HWThread 48 | HWThread 49 | HWThread 50 | HWThread 51 | HWThread 52 | HWThread 53 | HWThread 54 | HWThread 55 | HWThread 56 | HWThread 57 | HWThread 58 | HWThread 59 | HWThread 60 | HWThread 61 | HWThread 62 | HWThread 63 | HWThread 64 | HWThread 65 | HWThread 66 | HWThread 67 | HWThread 68 | HWThread 69 | HWThread 70 | HWThread 71 | HWThread 72 | HWThread 73 | HWThread 74 | HWThread 75 | HWThread 76 | HWThread 77 | HWThread 78 | HWThread 79 | HWThread 80 | HWThread 81 | HWThread 82 | HWThread 83 | HWThread 84 | HWThread 85 | HWThread 86 | HWThread 87 | HWThread 88 | HWThread 89 | HWThread 90 | HWThread 91 | HWThread 92 | HWThread 93 | HWThread 94 | HWThread 95 | HWThread 96 | HWThread 97 | HWThread 98 | HWThread 99 | HWThread 100 | HWThread 101 | HWThread 102 | HWThread 103 | HWThread 104 | HWThread 105 | HWThread 106 | HWThread 107 | HWThread 108 | HWThread 109 | HWThread 110 | HWThread 111 | HWThread 112 | HWThread 113 | HWThread 114 | HWThread 115 | HWThread 116 | HWThread 117 | HWThread 118 | HWThread 119 | HWThread 120 | HWThread 121 | HWThread 122 | HWThread 123 | HWThread 124 | HWThread 125 | HWThread 126 | HWThread 127 | HWThread 128 | HWThread 129 | HWThread 130 | HWThread 131 | HWThread 132 | HWThread 133 | HWThread 134 | HWThread 135 | HWThread 136 | HWThread 137 | HWThread 138 | HWThread 139 | HWThread 140 | HWThread 141 | HWThread 142 | HWThread 143 | HWThread 144 | HWThread 145 | HWThread 146 | HWThread 147 | HWThread 148 | HWThread 149 | HWThread 150 | HWThread 151 | HWThread 152 | HWThread 153 | HWThread 154 | HWThread 155 | HWThread 156 | HWThread 157 | HWThread 158 | HWThread 159 | HWThread 160 | HWThread 161 | HWThread 162 | HWThread 163 | HWThread 164 | HWThread 165 | HWThread 166 | HWThread 167 | HWThread 168 | HWThread 169 | HWThread 170 | HWThread 171 | HWThread 172 | HWThread 173 | HWThread 174 | HWThread 175 | HWThread 176 | HWThread 177 | HWThread 178 | HWThread 179 | HWThread 180 | HWThread 181 | HWThread 182 | HWThread 183 | HWThread 184 | HWThread 185 | HWThread 186 | HWThread 187 | HWThread 188 | HWThread 189 | HWThread 190 | HWThread 191 | HWThread 192 | HWThread 193 | HWThread 194 | HWThread 195 | HWThread 196 | HWThread 197 | HWThread 198 | HWThread 199 | HWThread 200 | HWThread 201 | HWThread 202 | HWThread 203 | HWThread 204 | HWThread 205 | HWThread 206 | HWThread 207 | HWThread 208 | HWThread 209 | HWThread 210 | HWThread 211 | HWThread 212 | HWThread 213 | HWThread 214 | HWThread 215 | HWThread 216 | HWThread 217 | HWThread 218 | HWThread 219 | HWThread 220 | HWThread 221 | HWThread 222 | HWThread 223 | HWThread 224 | HWThread 225 | HWThread 226 | HWThread 227 | HWThread 228 | HWThread 229 | HWThread 230 | HWThread 231 | HWThread 232 | HWThread 233 | HWThread 234 | HWThread 235 | HWThread 236 | HWThread 237 | HWThread 238 | HWThread 239 | HWThread 240 | HWThread 241 | HWThread 242 | HWThread 243 | HWThread 244 | HWThread 245 | HWThread 246 | HWThread 247 | HWThread 248 | HWThread 249 | HWThread 250 | HWThread 251 | HWThread 252 | HWThread 253 | HWThread 254 | HWThread 255 |
+----------------------------+---------+-------------+-------------+-------------+-------------+-------------+-------------+-------------+-------------+-------------+-------------+-------------+-------------+-------------+-------------+-------------+-------------+-------------+-------------+-------------+-------------+-------------+-------------+-------------+-------------+-------------+-------------+-------------+-------------+-------------+-------------+-------------+-------------+-------------+-------------+-------------+-------------+-------------+-------------+-------------+-------------+-------------+-------------+-------------+-------------+-------------+-------------+-------------+-------------+-------------+-------------+-------------+-------------+-------------+-------------+-------------+-------------+-------------+-------------+-------------+-------------+-------------+-------------+-------------+-------------+-------------+-------------+-------------+-------------+-------------+-------------+-------------+-------------+-------------+-------------+-------------+-------------+-------------+-------------+-------------+-------------+-------------+-------------+-------------+-------------+-------------+-------------+-------------+-------------+-------------+-------------+-------------+-------------+-------------+-------------+-------------+-------------+-------------+-------------+-------------+-------------+--------------+--------------+--------------+--------------+--------------+--------------+--------------+--------------+--------------+--------------+--------------+--------------+--------------+--------------+--------------+--------------+--------------+--------------+--------------+--------------+--------------+--------------+--------------+--------------+--------------+--------------+--------------+--------------+--------------+--------------+--------------+--------------+--------------+--------------+--------------+--------------+--------------+--------------+--------------+--------------+--------------+--------------+--------------+--------------+--------------+--------------+--------------+--------------+--------------+--------------+--------------+--------------+--------------+--------------+--------------+--------------+--------------+--------------+--------------+--------------+--------------+--------------+--------------+--------------+--------------+--------------+--------------+--------------+--------------+--------------+--------------+--------------+--------------+--------------+--------------+--------------+--------------+--------------+--------------+--------------+--------------+--------------+--------------+--------------+--------------+--------------+--------------+--------------+--------------+--------------+--------------+--------------+--------------+--------------+--------------+--------------+--------------+--------------+--------------+--------------+--------------+--------------+--------------+--------------+--------------+--------------+--------------+--------------+--------------+--------------+--------------+--------------+--------------+--------------+--------------+--------------+--------------+--------------+--------------+--------------+--------------+--------------+--------------+--------------+--------------+--------------+--------------+--------------+--------------+--------------+--------------+--------------+--------------+--------------+--------------+--------------+--------------+--------------+--------------+--------------+--------------+--------------+--------------+--------------+--------------+--------------+--------------+--------------+--------------+--------------+--------------+--------------+--------------+--------------+--------------+--------------+
|      ACTUAL_CPU_CLOCK      |  FIXC1  |  4641398000 |  4639909000 |  4639208000 |  4641940000 |  4642019000 |  4641525000 |  4639794000 |  4641235000 |  4622795000 |  4625907000 |  4625409000 |  4626267000 |  4627612000 |  4624292000 |  4627008000 |  4624388000 |  4617600000 |  4616851000 |  4619624000 |  4619088000 |  4616866000 |  4617063000 |  4619633000 |  4617374000 |  4610357000 |  4610334000 |  4610164000 |  4609277000 |  4608854000 |  4608910000 |  4610239000 |  4609118000 |  4597151000 |  4597144000 |  4595851000 |  4595849000 |  4596521000 |  4596010000 |  4597914000 |  4595867000 |  4662675000 |  4663866000 |  4662166000 |  4661779000 |  4661033000 |  4660497000 |  4663887000 |  4663134000 |  4646032000 |  4647066000 |  4649582000 |  4648794000 |  4646486000 |  4649083000 |  4650725000 |  4647692000 |  4646913000 |  4645956000 |  4645342000 |  4645045000 |  4646717000 |  4645382000 |  4646733000 |  4645429000 |  4618372000 |  4617954000 |  4618530000 |  4618102000 |  4618899000 |  4617877000 |  4618227000 |  4618419000 |  4654334000 |  4656287000 |  4654078000 |  4653416000 |  4654175000 |  4654163000 |  4656662000 |  4654176000 |  4632144000 |  4633992000 |  4631747000 |  4634288000 |  4633013000 |  4632758000 |  4632790000 |  4630948000 |  4647410000 |  4648508000 |  4647008000 |  4649195000 |  4648126000 |  4649064000 |  4646927000 |  4647718000 |  4678266000 |  4678872000 |  4677773000 |  4678156000 |   4678280000 |   4677370000 |   4676976000 |   4680110000 |   4629280000 |   4628104000 |   4627319000 |   4629437000 |   4629194000 |   4629107000 |   4629029000 |   4626582000 |   4661385000 |   4662687000 |   4662646000 |   4662574000 |   4661651000 |   4662834000 |   4661471000 |   4662626000 |   4657712000 |   4659411000 |   4656484000 |   4656618000 |   4660219000 |   4661810000 |   4658712000 |   4658174000 |   4595530000 |   4594127000 |   4593848000 |   4596698000 |   4595440000 |   4596664000 |   4595048000 |   4597990000 |   4632677000 |   4633543000 |   4633174000 |   4633196000 |   4633762000 |   4633348000 |   4632866000 |   4633402000 |   4683090000 |   4681366000 |   4683480000 |   4684477000 |   4684618000 |   4681088000 |   4683312000 |   4681726000 |   4645229000 |   4646011000 |   4643152000 |   4644082000 |   4645490000 |   4645621000 |   4642334000 |   4644093000 |   4644444000 |   4646881000 |   4645500000 |   4642466000 |   4644941000 |   4642855000 |   4641712000 |   4643641000 |   4622681000 |   4621770000 |   4620931000 |   4622809000 |   4623254000 |   4622874000 |   4620773000 |   4620697000 |   4591256000 |   4590458000 |   4592254000 |   4591306000 |   4592302000 |   4593687000 |   4591369000 |   4592256000 |   4680845000 |   4676818000 |   4677484000 |   4678183000 |   4676858000 |   4675921000 |   4680012000 |   4680324000 |   4615523000 |   4616991000 |   4615499000 |   4615610000 |   4615502000 |   4615787000 |   4618295000 |   4615516000 |   4617034000 |   4620598000 |   4617580000 |   4617308000 |   4619099000 |   4618959000 |   4622008000 |   4619242000 |   4639889000 |   4639931000 |   4642218000 |   4645862000 |   4642481000 |   4643087000 |   4640082000 |   4640024000 |   4646656000 |   4645972000 |   4647706000 |   4646500000 |   4643321000 |   4646401000 |   4647721000 |   4645703000 |   4674753000 |   4674154000 |   4675257000 |   4673992000 |   4675519000 |   4676355000 |   4676059000 |   4674040000 |   4659528000 |   4658063000 |   4655609000 |   4657392000 |   4659403000 |   4659398000 |   4656156000 |   4655605000 |   4621145000 |   4619907000 |   4621759000 |   4619635000 |   4619962000 |   4619567000 |   4623479000 |   4620084000 |   4626077000 |   4624808000 |   4625910000 |   4623224000 |   4623151000 |   4623011000 |   4627644000 |   4626170000 |
|        MAX_CPU_CLOCK       |  FIXC2  |  4189768000 |  4189679000 |  4190112000 |  4190647000 |  4191071000 |  4191115000 |  4189704000 |  4190930000 |  4187110000 |  4189328000 |  4189720000 |  4190737000 |  4190504000 |  4187477000 |  4191001000 |  4187341000 |  4189959000 |  4190188000 |  4191011000 |  4190765000 |  4190225000 |  4189603000 |  4191020000 |  4189812000 |  4191115000 |  4191072000 |  4189590000 |  4190091000 |  4189867000 |  4189915000 |  4190997000 |  4190014000 |  4189730000 |  4189780000 |  4188527000 |  4188532000 |  4189777000 |  4189557000 |  4191684000 |  4188563000 |  4192539000 |  4192825000 |  4189861000 |  4189582000 |  4189419000 |  4189839000 |  4192835000 |  4192012000 |  4188375000 |  4189640000 |  4191211000 |  4190023000 |  4188024000 |  4190794000 |  4191175000 |  4189681000 |  4191464000 |  4189973000 |  4189728000 |  4189638000 |  4190982000 |  4189645000 |  4189473000 |  4189742000 |  4189895000 |  4189591000 |  4190054000 |  4189013000 |  4189965000 |  4188915000 |  4189805000 |  4189991000 |  4189599000 |  4190652000 |  4189709000 |  4190085000 |  4190226000 |  4189752000 |  4191059000 |  4190289000 |  4190739000 |  4191515000 |  4189543000 |  4191885000 |  4190669000 |  4191867000 |  4190275000 |  4189847000 |  4189918000 |  4189529000 |  4189668000 |  4191089000 |  4189983000 |  4190652000 |  4189618000 |  4189338000 |  4191202000 |  4192432000 |  4189978000 |  4191227000 |   4191194000 |   4189797000 |   4189803000 |   4190747000 |   4191064000 |   4189947000 |   4190172000 |   4191678000 |   4189507000 |   4190713000 |   4189488000 |   4190065000 |   4190138000 |   4191045000 |   4189910000 |   4189890000 |   4189566000 |   4189997000 |   4190199000 |   4189903000 |   4189526000 |   4192164000 |   4189968000 |   4190025000 |   4191365000 |   4193021000 |   4191249000 |   4189806000 |   4191190000 |   4189627000 |   4190331000 |   4190758000 |   4191197000 |   4190723000 |   4190072000 |   4192001000 |   4189000000 |   4188084000 |   4189369000 |   4189404000 |   4188252000 |   4189516000 |   4190031000 |   4189544000 |   4192821000 |   4190527000 |   4192892000 |   4193829000 |   4194139000 |   4189712000 |   4193000000 |   4191513000 |   4189952000 |   4189488000 |   4189105000 |   4187375000 |   4191020000 |   4190239000 |   4187292000 |   4187415000 |   4191429000 |   4193205000 |   4191954000 |   4189777000 |   4190649000 |   4189006000 |   4190164000 |   4189899000 |   4190555000 |   4191315000 |   4189905000 |   4191008000 |   4191878000 |   4191037000 |   4189803000 |   4189763000 |   4187690000 |   4187471000 |   4190343000 |   4187717000 |   4190155000 |   4190949000 |   4188985000 |   4191129000 |   4193132000 |   4189872000 |   4191701000 |   4192025000 |   4189923000 |   4189727000 |   4192172000 |   4192520000 |   4189616000 |   4189630000 |   4190428000 |   4189782000 |   4189594000 |   4189018000 |   4190545000 |   4189688000 |   4189920000 |   4191269000 |   4188759000 |   4188470000 |   4190610000 |   4189279000 |   4192517000 |   4190786000 |   4189936000 |   4189955000 |   4191778000 |   4193602000 |   4191710000 |   4192888000 |   4190072000 |   4190108000 |   4190868000 |   4191090000 |   4191729000 |   4191190000 |   4190121000 |   4190694000 |   4191763000 |   4190812000 |   4188757000 |   4189181000 |   4188798000 |   4189021000 |   4188930000 |   4190824000 |   4190341000 |   4189183000 |   4191734000 |   4190967000 |   4190306000 |   4190006000 |   4190966000 |   4190974000 |   4190341000 |   4190317000 |   4191117000 |   4189959000 |   4190609000 |   4189778000 |   4190010000 |   4189723000 |   4192776000 |   4190126000 |   4189453000 |   4188946000 |   4189493000 |   4189031000 |   4189026000 |   4188055000 |   4192111000 |   4189491000 |
|    RETIRED_INSTRUCTIONS    |   PMC0  | 11838390000 | 11843740000 | 11844270000 | 11844330000 | 11845630000 | 11843630000 | 11844160000 | 11844310000 | 11848740000 | 11850080000 | 11848740000 | 11850080000 | 11848760000 | 11847770000 | 11848520000 | 11848690000 | 11839040000 | 11837820000 | 11839010000 | 11840720000 | 11838940000 | 11837900000 | 11838740000 | 11838280000 | 11835510000 | 11834720000 | 11835590000 | 11835680000 | 11835290000 | 11834550000 | 11835530000 | 11835100000 | 11833740000 | 11831570000 | 11833930000 | 11831330000 | 11833650000 | 11831670000 | 11833730000 | 11833580000 | 11857010000 | 11856360000 | 11855970000 | 11856110000 | 11855870000 | 11853990000 | 11858610000 | 11857140000 | 11845790000 | 11843180000 | 11845940000 | 11846810000 | 11845790000 | 11843860000 | 11845520000 | 11845850000 | 11846730000 | 11845680000 | 11845650000 | 11845500000 | 11846670000 | 11845370000 | 11845650000 | 11821660000 | 11836940000 | 11834310000 | 11837230000 | 11837260000 | 11837230000 | 11833920000 | 11837030000 | 11837080000 | 11853820000 | 11854970000 | 11853880000 | 11853890000 | 11853740000 | 11850030000 | 11854720000 | 11853410000 | 11850160000 | 11847600000 | 11850130000 | 11851050000 | 11850310000 | 11846970000 | 11849960000 | 11849910000 | 11847580000 | 11846850000 | 11847720000 | 11848710000 | 11847560000 | 11847130000 | 11847410000 | 11824150000 | 11859170000 | 11855130000 | 11859120000 | 11859730000 |  11859450000 |  11852930000 |  11858770000 |  11858540000 |  11839810000 |  11834990000 |  11839630000 |  11839740000 |  11839620000 |  11833410000 |  11839630000 |  11839370000 |  11847660000 |  11843090000 |  11847700000 |  11847890000 |  11847760000 |  11842030000 |  11847560000 |  11847700000 |  11852440000 |  11849630000 |  11851920000 |  11852140000 |  11852230000 |  11846790000 |  11852740000 |  11823830000 |  11839500000 |  11835230000 |  11840080000 |  11840270000 |  11840300000 |  11834280000 |  11839870000 |  11840590000 |  11845930000 |  11846680000 |  11846020000 |  11845990000 |  11846780000 |  11840110000 |  11845810000 |  11845890000 |  11866800000 |  11859830000 |  11865620000 |  11866920000 |  11866970000 |  11858950000 |  11866800000 |  11864870000 |  11856320000 |  11849420000 |  11854420000 |  11853950000 |  11854640000 |  11850110000 |  11853960000 |  11836020000 |  11857030000 |  11852730000 |  11858600000 |  11857250000 |  11857090000 |  11851600000 |  11857020000 |  11857150000 |  11844000000 |  11839550000 |  11843970000 |  11844460000 |  11844140000 |  11838580000 |  11843980000 |  11843720000 |  11839040000 |  11834220000 |  11839630000 |  11838980000 |  11839140000 |  11833600000 |  11838790000 |  11839340000 |  11858900000 |  11855120000 |  11856980000 |  11858570000 |  11857700000 |  11852230000 |  11857280000 |  11836110000 |  11841750000 |  11837540000 |  11842520000 |  11842520000 |  11842590000 |  11836210000 |  11842310000 |  11842830000 |  11844560000 |  11844970000 |  11844390000 |  11844430000 |  11844460000 |  11838240000 |  11845290000 |  11844530000 |  11857590000 |  11852180000 |  11858050000 |  11860050000 |  11858560000 |  11854340000 |  11857320000 |  11857560000 |  11841990000 |  11840060000 |  11841870000 |  11841520000 |  11841380000 |  11838250000 |  11841640000 |  11820710000 |  11862230000 |  11858100000 |  11862510000 |  11862580000 |  11862470000 |  11858190000 |  11863440000 |  11862400000 |  11860790000 |  11855370000 |  11860570000 |  11859820000 |  11859740000 |  11854000000 |  11859540000 |  11860520000 |  11847950000 |  11842700000 |  11848710000 |  11847920000 |  11847900000 |  11842110000 |  11848510000 |  11847720000 |  11839380000 |  11835200000 |  11839300000 |  11839280000 |  11839040000 |  11833520000 |  11841000000 |  11811680000 |
|     CPU_CLOCKS_UNHALTED    |   PMC1  |  4586723000 |  4598586000 |  4598409000 |  4598177000 |  4599865000 |  4597470000 |  4597421000 |  4598866000 |  4581552000 |  4584152000 |  4581461000 |  4583283000 |  4581585000 |  4580015000 |  4581047000 |  4581289000 |  4574978000 |  4573797000 |  4574101000 |  4575937000 |  4574057000 |  4573272000 |  4572455000 |  4571676000 |  4565656000 |  4564641000 |  4565122000 |  4564805000 |  4565179000 |  4564118000 |  4564609000 |  4563606000 |  4554391000 |  4553466000 |  4553358000 |  4549825000 |  4552921000 |  4551565000 |  4554039000 |  4552210000 |  4620278000 |  4628994000 |  4617325000 |  4616816000 |  4615957000 |  4616632000 |  4626690000 |  4619410000 |  4604199000 |  4603472000 |  4604307000 |  4605327000 |  4603907000 |  4603755000 |  4602618000 |  4604348000 |  4600390000 |  4599528000 |  4598453000 |  4597371000 |  4599608000 |  4596500000 |  4597376000 |  4596505000 |  4570450000 |  4571955000 |  4570310000 |  4570802000 |  4571138000 |  4570758000 |  4570172000 |  4569986000 |  4609682000 |  4611040000 |  4608810000 |  4609328000 |  4608358000 |  4608082000 |  4610493000 |  4607447000 |  4585936000 |  4587152000 |  4585057000 |  4586876000 |  4585068000 |  4586403000 |  4584950000 |  4584979000 |  4600065000 |  4599415000 |  4599462000 |  4600947000 |  4598553000 |  4600753000 |  4598769000 |  4597767000 |  4636530000 |  4638110000 |  4634454000 |  4635946000 |   4635572000 |   4632538000 |   4633090000 |   4633618000 |   4584187000 |   4583176000 |   4583244000 |   4582350000 |   4583535000 |   4581438000 |   4583233000 |   4582113000 |   4618577000 |   4618229000 |   4618365000 |   4618308000 |   4618890000 |   4616694000 |   4617452000 |   4617698000 |   4614063000 |   4617568000 |   4614121000 |   4613599000 |   4615931000 |   4615782000 |   4615104000 |   4610361000 |   4546832000 |   4544480000 |   4544414000 |   4546132000 |   4545850000 |   4545153000 |   4544164000 |   4546500000 |   4583416000 |   4585156000 |   4583379000 |   4583604000 |   4585165000 |   4583559000 |   4583838000 |   4583375000 |   4640111000 |   4631171000 |   4632222000 |   4640809000 |   4641494000 |   4630359000 |   4640575000 |   4632203000 |   4605021000 |   4593948000 |   4594465000 |   4593618000 |   4595487000 |   4599424000 |   4594330000 |   4592932000 |   4595345000 |   4595178000 |   4596680000 |   4592842000 |   4592213000 |   4594871000 |   4593382000 |   4593256000 |   4571084000 |   4571082000 |   4571646000 |   4573344000 |   4572707000 |   4572939000 |   4571546000 |   4570761000 |   4541203000 |   4541214000 |   4543864000 |   4542131000 |   4541412000 |   4543348000 |   4541619000 |   4543381000 |   4631899000 |   4628246000 |   4630033000 |   4630950000 |   4628338000 |   4627027000 |   4629835000 |   4629857000 |   4565601000 |   4565965000 |   4565271000 |   4565816000 |   4565458000 |   4564909000 |   4565200000 |   4566495000 |   4569793000 |   4570946000 |   4567970000 |   4567673000 |   4569845000 |   4568117000 |   4570289000 |   4569659000 |   4592725000 |   4592377000 |   4593204000 |   4604188000 |   4594149000 |   4602495000 |   4591631000 |   4591984000 |   4594664000 |   4594347000 |   4594246000 |   4594235000 |   4592948000 |   4594270000 |   4594154000 |   4592530000 |   4625580000 |   4626244000 |   4625720000 |   4626005000 |   4625471000 |   4629190000 |   4626544000 |   4625939000 |   4608737000 |   4606443000 |   4608326000 |   4606597000 |   4606450000 |   4606268000 |   4605507000 |   4607814000 |   4570846000 |   4571633000 |   4571670000 |   4571106000 |   4570302000 |   4570169000 |   4572501000 |   4569968000 |   4574047000 |   4573511000 |   4573553000 |   4574164000 |   4573235000 |   4573551000 |   4577799000 |   4572564000 |
| REQUESTS_TO_L2_GRP1_RD_ANY |   PMC2  |  1074259000 |  1074348000 |  1074206000 |  1074208000 |  1074168000 |  1074388000 |  1074174000 |  1074245000 |  1074196000 |  1074163000 |  1074225000 |  1074174000 |  1074232000 |  1074417000 |  1074163000 |  1074246000 |  1074202000 |  1074376000 |  1074173000 |  1074184000 |  1074178000 |  1074359000 |  1074186000 |  1074223000 |  1074192000 |  1074350000 |  1074237000 |  1074200000 |  1074181000 |  1074376000 |  1074154000 |  1074191000 |  1074240000 |  1074733000 |  1074270000 |  1074296000 |  1074234000 |  1074630000 |  1074245000 |  1074251000 |  1074226000 |  1074672000 |  1074241000 |  1074233000 |  1074249000 |  1074657000 |  1074227000 |  1074240000 |  1074236000 |  1074785000 |  1074205000 |  1074234000 |  1074221000 |  1074650000 |  1074219000 |  1074251000 |  1074210000 |  1074672000 |  1074251000 |  1074248000 |  1074261000 |  1074678000 |  1074264000 |  1074450000 |  1074238000 |  1074772000 |  1074241000 |  1074237000 |  1074238000 |  1074903000 |  1074220000 |  1074264000 |  1074250000 |  1074254000 |  1074220000 |  1074212000 |  1074245000 |  1075013000 |  1074215000 |  1074214000 |  1074239000 |  1074908000 |  1074256000 |  1074239000 |  1074257000 |  1075009000 |  1074212000 |  1074253000 |  1074254000 |  1074938000 |  1074255000 |  1074248000 |  1074265000 |  1075065000 |  1074216000 |  1074484000 |  1074252000 |  1074821000 |  1074246000 |  1074224000 |   1074233000 |   1075210000 |   1074224000 |   1074259000 |   1074238000 |   1074992000 |   1074227000 |   1074248000 |   1074234000 |   1075386000 |   1074189000 |   1074232000 |   1074211000 |   1074886000 |   1074235000 |   1074229000 |   1074243000 |   1075392000 |   1074245000 |   1074248000 |   1074264000 |   1074884000 |   1074264000 |   1074257000 |   1074267000 |   1075171000 |   1074225000 |   1074424000 |   1074265000 |   1074958000 |   1074264000 |   1074232000 |   1074241000 |   1075315000 |   1074168000 |   1074273000 |   1074227000 |   1074268000 |   1074216000 |   1074220000 |   1074194000 |   1075287000 |   1074198000 |   1074260000 |   1074249000 |   1074761000 |   1074227000 |   1074247000 |   1074232000 |   1075276000 |   1074202000 |   1074230000 |   1074277000 |   1075032000 |   1074226000 |   1074239000 |   1074248000 |   1075430000 |   1074244000 |   1074343000 |   1074247000 |   1074752000 |   1074248000 |   1074251000 |   1074243000 |   1075447000 |   1074201000 |   1074236000 |   1074225000 |   1074972000 |   1074226000 |   1074198000 |   1074252000 |   1075415000 |   1074169000 |   1074253000 |   1074214000 |   1074959000 |   1074223000 |   1074234000 |   1074241000 |   1075426000 |   1074203000 |   1074230000 |   1074253000 |   1075093000 |   1074253000 |   1074230000 |   1074239000 |   1075508000 |   1074217000 |   1074449000 |   1074243000 |   1074939000 |   1074241000 |   1074232000 |   1074233000 |   1075521000 |   1074229000 |   1074241000 |   1074231000 |   1074247000 |   1074231000 |   1074212000 |   1074247000 |   1075488000 |   1074238000 |   1074269000 |   1074239000 |   1074791000 |   1074255000 |   1074244000 |   1074277000 |   1075320000 |   1074222000 |   1074221000 |   1074272000 |   1075042000 |   1074261000 |   1074245000 |   1074253000 |   1075301000 |   1074233000 |   1074410000 |   1074134000 |   1074870000 |   1074240000 |   1074252000 |   1074212000 |   1075288000 |   1074234000 |   1074228000 |   1074250000 |   1075008000 |   1074237000 |   1074234000 |   1074243000 |   1075324000 |   1074224000 |   1074236000 |   1074245000 |   1074914000 |   1074247000 |   1074235000 |   1074191000 |   1075316000 |   1074223000 |   1074221000 |   1074247000 |   1074948000 |   1074250000 |   1074260000 |   1074233000 |   1075246000 |   1074186000 |   1074615000 |
|     L2_PF_HIT_IN_L2_ALL    |   PMC3  |  2257968000 |  2273027000 |  2302407000 |  2321407000 |  2279792000 |  2307237000 |  2260075000 |  2321492000 |  2293745000 |  2291875000 |  2317658000 |  2275700000 |  2288034000 |  2283948000 |  2301196000 |  2296771000 |  2307363000 |  2203227000 |  2267874000 |  2313753000 |  2296347000 |  2292143000 |  2259035000 |  2311417000 |  2300632000 |  2300994000 |  2319088000 |  2321901000 |  2311951000 |  2298225000 |  2296011000 |  2319449000 |  2276475000 |  2269566000 |  2296651000 |  2298756000 |  2299545000 |  2291572000 |  2293383000 |  2273013000 |  2268373000 |  2272177000 |  2309497000 |  2304928000 |  2279053000 |  2288186000 |  2293265000 |  2277578000 |  2282211000 |  2255623000 |  2283758000 |  2305486000 |  2284354000 |  2295332000 |  2302587000 |  2303973000 |  2292271000 |  2299982000 |  2294714000 |  2301403000 |  2306390000 |  2269185000 |  2069752000 |  1578150000 |  2273920000 |  2277128000 |  2277293000 |  2299990000 |  2283708000 |  2215589000 |  2283987000 |  2276554000 |  2306221000 |  2280238000 |  2160677000 |  2280773000 |  2203118000 |  2277000000 |  2273924000 |  2282231000 |  2294586000 |  2253059000 |  2250448000 |  2288304000 |  2143559000 |  2265833000 |  2280820000 |  2280779000 |  2165177000 |  2247138000 |  2306994000 |  2277838000 |  2296673000 |  2202189000 |  2296387000 |  1564846000 |  2285655000 |  2276164000 |  2293095000 |  2263993000 |   2310672000 |   2017029000 |   2294582000 |   2182028000 |   2303045000 |   2283536000 |   2307784000 |   2265244000 |   2297754000 |   2255640000 |   2270834000 |   2292450000 |   2306177000 |   2283172000 |   2297450000 |   2284650000 |   2294618000 |   2259774000 |   2300342000 |   2276690000 |   2116480000 |   2134324000 |   2140426000 |   2170284000 |   2158256000 |   2130098000 |   2156127000 |   1574205000 |   2198383000 |   2246251000 |   2293891000 |   2278052000 |   2309138000 |   2277982000 |   2292622000 |   2314908000 |   2291289000 |   2308588000 |   2267895000 |   2300537000 |   2299200000 |   2289524000 |   2271734000 |   2308004000 |   2179732000 |   2265201000 |   2277251000 |   2264909000 |   2274971000 |   2293419000 |   2278386000 |   2296635000 |   2243240000 |   2254111000 |   2151599000 |   2298328000 |   2293327000 |   2247696000 |   2300806000 |   1565928000 |   2262501000 |   2248085000 |   2257626000 |   2280898000 |   2264377000 |   2161311000 |   2266135000 |   2292165000 |   2285480000 |   2270250000 |   2270158000 |   2310075000 |   2296556000 |   2281882000 |   2275129000 |   2291870000 |   2295515000 |   2278659000 |   2302317000 |   2298900000 |   2298222000 |   2278477000 |   2295480000 |   2292163000 |   2286290000 |   2270799000 |   2293510000 |   2181506000 |   2170665000 |   2262312000 |   2283542000 |   1555088000 |   2163271000 |   2301083000 |   2250990000 |   2287520000 |   2282076000 |   2255671000 |   2196879000 |   2109417000 |   2299502000 |   2288733000 |   2313000000 |   2284574000 |   2191506000 |   2249737000 |   2278309000 |   2191736000 |   2275462000 |   2296907000 |   2313473000 |   2308143000 |   2104196000 |   2268797000 |   2277035000 |   2295873000 |   2179867000 |   2261054000 |   2285482000 |   2304803000 |   2311954000 |   2265567000 |   2298923000 |   1592216000 |   2241080000 |   2300651000 |   2268886000 |   2304333000 |   2281406000 |   2274621000 |   2271380000 |   2307430000 |   2306051000 |   2265336000 |   2297261000 |   2255522000 |   2298385000 |   2304687000 |   2248206000 |   2281205000 |   2274441000 |   2279058000 |   2285069000 |   2289620000 |   2266610000 |   2285398000 |   2298058000 |   2298072000 |   2298370000 |   2288805000 |   2261540000 |   2296111000 |   2290780000 |   2285949000 |   2252161000 |   1612083000 |
+----------------------------+---------+-------------+-------------+-------------+-------------+-------------+-------------+-------------+-------------+-------------+-------------+-------------+-------------+-------------+-------------+-------------+-------------+-------------+-------------+-------------+-------------+-------------+-------------+-------------+-------------+-------------+-------------+-------------+-------------+-------------+-------------+-------------+-------------+-------------+-------------+-------------+-------------+-------------+-------------+-------------+-------------+-------------+-------------+-------------+-------------+-------------+-------------+-------------+-------------+-------------+-------------+-------------+-------------+-------------+-------------+-------------+-------------+-------------+-------------+-------------+-------------+-------------+-------------+-------------+-------------+-------------+-------------+-------------+-------------+-------------+-------------+-------------+-------------+-------------+-------------+-------------+-------------+-------------+-------------+-------------+-------------+-------------+-------------+-------------+-------------+-------------+-------------+-------------+-------------+-------------+-------------+-------------+-------------+-------------+-------------+-------------+-------------+-------------+-------------+-------------+-------------+--------------+--------------+--------------+--------------+--------------+--------------+--------------+--------------+--------------+--------------+--------------+--------------+--------------+--------------+--------------+--------------+--------------+--------------+--------------+--------------+--------------+--------------+--------------+--------------+--------------+--------------+--------------+--------------+--------------+--------------+--------------+--------------+--------------+--------------+--------------+--------------+--------------+--------------+--------------+--------------+--------------+--------------+--------------+--------------+--------------+--------------+--------------+--------------+--------------+--------------+--------------+--------------+--------------+--------------+--------------+--------------+--------------+--------------+--------------+--------------+--------------+--------------+--------------+--------------+--------------+--------------+--------------+--------------+--------------+--------------+--------------+--------------+--------------+--------------+--------------+--------------+--------------+--------------+--------------+--------------+--------------+--------------+--------------+--------------+--------------+--------------+--------------+--------------+--------------+--------------+--------------+--------------+--------------+--------------+--------------+--------------+--------------+--------------+--------------+--------------+--------------+--------------+--------------+--------------+--------------+--------------+--------------+--------------+--------------+--------------+--------------+--------------+--------------+--------------+--------------+--------------+--------------+--------------+--------------+--------------+--------------+--------------+--------------+--------------+--------------+--------------+--------------+--------------+--------------+--------------+--------------+--------------+--------------+--------------+--------------+--------------+--------------+--------------+--------------+--------------+--------------+--------------+--------------+--------------+--------------+--------------+--------------+--------------+--------------+--------------+--------------+--------------+--------------+--------------+--------------+--------------+
+---------------------------------+---------+---------------+-------------+-------------+--------------+
|              Event              | Counter |      Sum      |     Min     |     Max     |      Avg     |
+---------------------------------+---------+---------------+-------------+-------------+--------------+
|      ACTUAL_CPU_CLOCK STAT      |  FIXC1  | 1187377520000 |  4590458000 |  4684618000 | 4.638193e+09 |
|        MAX_CPU_CLOCK STAT       |  FIXC2  | 1072712492000 |  4187110000 |  4194139000 | 4.190283e+09 |
|    RETIRED_INSTRUCTIONS STAT    |   PMC0  | 3032728810000 | 11811680000 | 11866970000 | 1.184660e+10 |
|     CPU_CLOCKS_UNHALTED STAT    |   PMC1  | 1175281317000 |  4541203000 |  4641494000 | 4.590943e+09 |
| REQUESTS_TO_L2_GRP1_RD_ANY STAT |   PMC2  |  275049322000 |  1074134000 |  1075521000 | 1.074411e+09 |
|     L2_PF_HIT_IN_L2_ALL STAT    |   PMC3  |  576402291000 |  1555088000 |  2321901000 | 2.251571e+09 |
+---------------------------------+---------+---------------+-------------+-------------+--------------+
+-------------------------------+------------+------------+------------+------------+------------+------------+------------+------------+------------+------------+-------------+-------------+-------------+-------------+-------------+-------------+-------------+-------------+-------------+-------------+-------------+-------------+-------------+-------------+-------------+-------------+-------------+-------------+-------------+-------------+-------------+-------------+-------------+-------------+-------------+-------------+-------------+-------------+-------------+-------------+-------------+-------------+-------------+-------------+-------------+-------------+-------------+-------------+-------------+-------------+-------------+-------------+-------------+-------------+-------------+-------------+-------------+-------------+-------------+-------------+-------------+-------------+-------------+-------------+-------------+-------------+-------------+-------------+-------------+-------------+-------------+-------------+-------------+-------------+-------------+-------------+-------------+-------------+-------------+-------------+-------------+-------------+-------------+-------------+-------------+-------------+-------------+-------------+-------------+-------------+-------------+-------------+-------------+-------------+-------------+-------------+-------------+-------------+-------------+-------------+--------------+--------------+--------------+--------------+--------------+--------------+--------------+--------------+--------------+--------------+--------------+--------------+--------------+--------------+--------------+--------------+--------------+--------------+--------------+--------------+--------------+--------------+--------------+--------------+--------------+--------------+--------------+--------------+--------------+--------------+--------------+--------------+--------------+--------------+--------------+--------------+--------------+--------------+--------------+--------------+--------------+--------------+--------------+--------------+--------------+--------------+--------------+--------------+--------------+--------------+--------------+--------------+--------------+--------------+--------------+--------------+--------------+--------------+--------------+--------------+--------------+--------------+--------------+--------------+--------------+--------------+--------------+--------------+--------------+--------------+--------------+--------------+--------------+--------------+--------------+--------------+--------------+--------------+--------------+--------------+--------------+--------------+--------------+--------------+--------------+--------------+--------------+--------------+--------------+--------------+--------------+--------------+--------------+--------------+--------------+--------------+--------------+--------------+--------------+--------------+--------------+--------------+--------------+--------------+--------------+--------------+--------------+--------------+--------------+--------------+--------------+--------------+--------------+--------------+--------------+--------------+--------------+--------------+--------------+--------------+--------------+--------------+--------------+--------------+--------------+--------------+--------------+--------------+--------------+--------------+--------------+--------------+--------------+--------------+--------------+--------------+--------------+--------------+--------------+--------------+--------------+--------------+--------------+--------------+--------------+--------------+--------------+--------------+--------------+--------------+--------------+--------------+--------------+--------------+--------------+--------------+
|             Metric            | HWThread 0 | HWThread 1 | HWThread 2 | HWThread 3 | HWThread 4 | HWThread 5 | HWThread 6 | HWThread 7 | HWThread 8 | HWThread 9 | HWThread 10 | HWThread 11 | HWThread 12 | HWThread 13 | HWThread 14 | HWThread 15 | HWThread 16 | HWThread 17 | HWThread 18 | HWThread 19 | HWThread 20 | HWThread 21 | HWThread 22 | HWThread 23 | HWThread 24 | HWThread 25 | HWThread 26 | HWThread 27 | HWThread 28 | HWThread 29 | HWThread 30 | HWThread 31 | HWThread 32 | HWThread 33 | HWThread 34 | HWThread 35 | HWThread 36 | HWThread 37 | HWThread 38 | HWThread 39 | HWThread 40 | HWThread 41 | HWThread 42 | HWThread 43 | HWThread 44 | HWThread 45 | HWThread 46 | HWThread 47 | HWThread 48 | HWThread 49 | HWThread 50 | HWThread 51 | HWThread 52 | HWThread 53 | HWThread 54 | HWThread 55 | HWThread 56 | HWThread 57 | HWThread 58 | HWThread 59 | HWThread 60 | HWThread 61 | HWThread 62 | HWThread 63 | HWThread 64 | HWThread 65 | HWThread 66 | HWThread 67 | HWThread 68 | HWThread 69 | HWThread 70 | HWThread 71 | HWThread 72 | HWThread 73 | HWThread 74 | HWThread 75 | HWThread 76 | HWThread 77 | HWThread 78 | HWThread 79 | HWThread 80 | HWThread 81 | HWThread 82 | HWThread 83 | HWThread 84 | HWThread 85 | HWThread 86 | HWThread 87 | HWThread 88 | HWThread 89 | HWThread 90 | HWThread 91 | HWThread 92 | HWThread 93 | HWThread 94 | HWThread 95 | HWThread 96 | HWThread 97 | HWThread 98 | HWThread 99 | HWThread 100 | HWThread 101 | HWThread 102 | HWThread 103 | HWThread 104 | HWThread 105 | HWThread 106 | HWThread 107 | HWThread 108 | HWThread 109 | HWThread 110 | HWThread 111 | HWThread 112 | HWThread 113 | HWThread 114 | HWThread 115 | HWThread 116 | HWThread 117 | HWThread 118 | HWThread 119 | HWThread 120 | HWThread 121 | HWThread 122 | HWThread 123 | HWThread 124 | HWThread 125 | HWThread 126 | HWThread 127 | HWThread 128 | HWThread 129 | HWThread 130 | HWThread 131 | HWThread 132 | HWThread 133 | HWThread 134 | HWThread 135 | HWThread 136 | HWThread 137 | HWThread 138 | HWThread 139 | HWThread 140 | HWThread 141 | HWThread 142 | HWThread 143 | HWThread 144 | HWThread 145 | HWThread 146 | HWThread 147 | HWThread 148 | HWThread 149 | HWThread 150 | HWThread 151 | HWThread 152 | HWThread 153 | HWThread 154 | HWThread 155 | HWThread 156 | HWThread 157 | HWThread 158 | HWThread 159 | HWThread 160 | HWThread 161 | HWThread 162 | HWThread 163 | HWThread 164 | HWThread 165 | HWThread 166 | HWThread 167 | HWThread 168 | HWThread 169 | HWThread 170 | HWThread 171 | HWThread 172 | HWThread 173 | HWThread 174 | HWThread 175 | HWThread 176 | HWThread 177 | HWThread 178 | HWThread 179 | HWThread 180 | HWThread 181 | HWThread 182 | HWThread 183 | HWThread 184 | HWThread 185 | HWThread 186 | HWThread 187 | HWThread 188 | HWThread 189 | HWThread 190 | HWThread 191 | HWThread 192 | HWThread 193 | HWThread 194 | HWThread 195 | HWThread 196 | HWThread 197 | HWThread 198 | HWThread 199 | HWThread 200 | HWThread 201 | HWThread 202 | HWThread 203 | HWThread 204 | HWThread 205 | HWThread 206 | HWThread 207 | HWThread 208 | HWThread 209 | HWThread 210 | HWThread 211 | HWThread 212 | HWThread 213 | HWThread 214 | HWThread 215 | HWThread 216 | HWThread 217 | HWThread 218 | HWThread 219 | HWThread 220 | HWThread 221 | HWThread 222 | HWThread 223 | HWThread 224 | HWThread 225 | HWThread 226 | HWThread 227 | HWThread 228 | HWThread 229 | HWThread 230 | HWThread 231 | HWThread 232 | HWThread 233 | HWThread 234 | HWThread 235 | HWThread 236 | HWThread 237 | HWThread 238 | HWThread 239 | HWThread 240 | HWThread 241 | HWThread 242 | HWThread 243 | HWThread 244 | HWThread 245 | HWThread 246 | HWThread 247 | HWThread 248 | HWThread 249 | HWThread 250 | HWThread 251 | HWThread 252 | HWThread 253 | HWThread 254 | HWThread 255 |
+-------------------------------+------------+------------+------------+------------+------------+------------+------------+------------+------------+------------+-------------+-------------+-------------+-------------+-------------+-------------+-------------+-------------+-------------+-------------+-------------+-------------+-------------+-------------+-------------+-------------+-------------+-------------+-------------+-------------+-------------+-------------+-------------+-------------+-------------+-------------+-------------+-------------+-------------+-------------+-------------+-------------+-------------+-------------+-------------+-------------+-------------+-------------+-------------+-------------+-------------+-------------+-------------+-------------+-------------+-------------+-------------+-------------+-------------+-------------+-------------+-------------+-------------+-------------+-------------+-------------+-------------+-------------+-------------+-------------+-------------+-------------+-------------+-------------+-------------+-------------+-------------+-------------+-------------+-------------+-------------+-------------+-------------+-------------+-------------+-------------+-------------+-------------+-------------+-------------+-------------+-------------+-------------+-------------+-------------+-------------+-------------+-------------+-------------+-------------+--------------+--------------+--------------+--------------+--------------+--------------+--------------+--------------+--------------+--------------+--------------+--------------+--------------+--------------+--------------+--------------+--------------+--------------+--------------+--------------+--------------+--------------+--------------+--------------+--------------+--------------+--------------+--------------+--------------+--------------+--------------+--------------+--------------+--------------+--------------+--------------+--------------+--------------+--------------+--------------+--------------+--------------+--------------+--------------+--------------+--------------+--------------+--------------+--------------+--------------+--------------+--------------+--------------+--------------+--------------+--------------+--------------+--------------+--------------+--------------+--------------+--------------+--------------+--------------+--------------+--------------+--------------+--------------+--------------+--------------+--------------+--------------+--------------+--------------+--------------+--------------+--------------+--------------+--------------+--------------+--------------+--------------+--------------+--------------+--------------+--------------+--------------+--------------+--------------+--------------+--------------+--------------+--------------+--------------+--------------+--------------+--------------+--------------+--------------+--------------+--------------+--------------+--------------+--------------+--------------+--------------+--------------+--------------+--------------+--------------+--------------+--------------+--------------+--------------+--------------+--------------+--------------+--------------+--------------+--------------+--------------+--------------+--------------+--------------+--------------+--------------+--------------+--------------+--------------+--------------+--------------+--------------+--------------+--------------+--------------+--------------+--------------+--------------+--------------+--------------+--------------+--------------+--------------+--------------+--------------+--------------+--------------+--------------+--------------+--------------+--------------+--------------+--------------+--------------+--------------+--------------+
|      Runtime (RDTSC) [s]      |     1.5510 |     1.5509 |     1.5510 |     1.5509 |     1.5515 |     1.5509 |     1.5509 |     1.5511 |     1.5509 |     1.5515 |      1.5510 |      1.5515 |      1.5509 |      1.5509 |      1.5510 |      1.5509 |      1.5511 |      1.5510 |      1.5510 |      1.5515 |      1.5511 |      1.5510 |      1.5509 |      1.5511 |      1.5511 |      1.5510 |      1.5510 |      1.5509 |      1.5510 |      1.5511 |      1.5511 |      1.5509 |      1.5509 |      1.5509 |      1.5509 |      1.5509 |      1.5509 |      1.5509 |      1.5515 |      1.5509 |      1.5522 |      1.5539 |      1.5510 |      1.5510 |      1.5509 |      1.5511 |      1.5539 |      1.5520 |      1.5509 |      1.5509 |      1.5509 |      1.5513 |      1.5509 |      1.5511 |      1.5509 |      1.5511 |      1.5515 |      1.5510 |      1.5510 |      1.5509 |      1.5514 |      1.5509 |      1.5509 |      1.5509 |      1.5509 |      1.5511 |      1.5509 |      1.5510 |      1.5510 |      1.5510 |      1.5509 |      1.5509 |      1.5511 |      1.5515 |      1.5509 |      1.5510 |      1.5511 |      1.5509 |      1.5515 |      1.5509 |      1.5510 |      1.5514 |      1.5509 |      1.5514 |      1.5509 |      1.5515 |      1.5509 |      1.5510 |      1.5511 |      1.5509 |      1.5511 |      1.5515 |      1.5509 |      1.5514 |      1.5510 |      1.5509 |      1.5514 |      1.5519 |      1.5510 |      1.5515 |       1.5514 |       1.5509 |       1.5509 |       1.5510 |       1.5511 |       1.5509 |       1.5511 |       1.5509 |       1.5510 |       1.5511 |       1.5510 |       1.5510 |       1.5510 |       1.5511 |       1.5510 |       1.5510 |       1.5511 |       1.5510 |       1.5511 |       1.5510 |       1.5510 |       1.5520 |       1.5510 |       1.5510 |       1.5516 |       1.5518 |       1.5515 |       1.5509 |       1.5513 |       1.5509 |       1.5509 |       1.5514 |       1.5515 |       1.5514 |       1.5509 |       1.5515 |       1.5509 |       1.5513 |       1.5509 |       1.5509 |       1.5513 |       1.5509 |       1.5510 |       1.5509 |       1.5540 |       1.5514 |       1.5518 |       1.5540 |       1.5540 |       1.5510 |       1.5540 |       1.5515 |       1.5538 |       1.5509 |       1.5511 |       1.5510 |       1.5514 |       1.5525 |       1.5511 |       1.5510 |       1.5515 |       1.5516 |       1.5518 |       1.5509 |       1.5509 |       1.5515 |       1.5511 |       1.5509 |       1.5509 |       1.5510 |       1.5511 |       1.5515 |       1.5514 |       1.5515 |       1.5510 |       1.5510 |       1.5509 |       1.5509 |       1.5515 |       1.5509 |       1.5509 |       1.5515 |       1.5510 |       1.5515 |       1.5520 |       1.5509 |       1.5515 |       1.5519 |       1.5511 |       1.5509 |       1.5515 |       1.5515 |       1.5509 |       1.5510 |       1.5509 |       1.5511 |       1.5509 |       1.5509 |       1.5510 |       1.5511 |       1.5511 |       1.5516 |       1.5509 |       1.5509 |       1.5513 |       1.5509 |       1.5515 |       1.5513 |       1.5510 |       1.5511 |       1.5513 |       1.5538 |       1.5515 |       1.5538 |       1.5511 |       1.5511 |       1.5515 |       1.5514 |       1.5514 |       1.5515 |       1.5511 |       1.5514 |       1.5514 |       1.5510 |       1.5509 |       1.5511 |       1.5509 |       1.5511 |       1.5510 |       1.5520 |       1.5515 |       1.5511 |       1.5516 |       1.5509 |       1.5514 |       1.5510 |       1.5510 |       1.5510 |       1.5509 |       1.5514 |       1.5511 |       1.5511 |       1.5514 |       1.5511 |       1.5509 |       1.5511 |       1.5515 |       1.5509 |       1.5509 |       1.5509 |       1.5509 |       1.5511 |       1.5511 |       1.5511 |       1.5522 |       1.5509 |
|      Runtime unhalted [s]     |     1.7214 |     1.7208 |     1.7206 |     1.7216 |     1.7216 |     1.7214 |     1.7208 |     1.7213 |     1.7145 |     1.7157 |      1.7155 |      1.7158 |      1.7163 |      1.7151 |      1.7161 |      1.7151 |      1.7126 |      1.7123 |      1.7133 |      1.7131 |      1.7123 |      1.7124 |      1.7133 |      1.7125 |      1.7099 |      1.7099 |      1.7098 |      1.7095 |      1.7093 |      1.7094 |      1.7098 |      1.7094 |      1.7050 |      1.7050 |      1.7045 |      1.7045 |      1.7048 |      1.7046 |      1.7053 |      1.7045 |      1.7293 |      1.7297 |      1.7291 |      1.7290 |      1.7287 |      1.7285 |      1.7297 |      1.7295 |      1.7231 |      1.7235 |      1.7244 |      1.7241 |      1.7233 |      1.7243 |      1.7249 |      1.7237 |      1.7234 |      1.7231 |      1.7229 |      1.7228 |      1.7234 |      1.7229 |      1.7234 |      1.7229 |      1.7129 |      1.7127 |      1.7129 |      1.7128 |      1.7131 |      1.7127 |      1.7128 |      1.7129 |      1.7262 |      1.7269 |      1.7261 |      1.7259 |      1.7261 |      1.7261 |      1.7271 |      1.7261 |      1.7180 |      1.7187 |      1.7178 |      1.7188 |      1.7183 |      1.7182 |      1.7182 |      1.7175 |      1.7236 |      1.7240 |      1.7235 |      1.7243 |      1.7239 |      1.7242 |      1.7235 |      1.7237 |      1.7351 |      1.7353 |      1.7349 |      1.7350 |       1.7351 |       1.7347 |       1.7346 |       1.7358 |       1.7169 |       1.7165 |       1.7162 |       1.7170 |       1.7169 |       1.7168 |       1.7168 |       1.7159 |       1.7288 |       1.7293 |       1.7293 |       1.7293 |       1.7289 |       1.7294 |       1.7288 |       1.7293 |       1.7275 |       1.7281 |       1.7270 |       1.7270 |       1.7284 |       1.7290 |       1.7278 |       1.7276 |       1.7044 |       1.7039 |       1.7038 |       1.7048 |       1.7044 |       1.7048 |       1.7042 |       1.7053 |       1.7182 |       1.7185 |       1.7184 |       1.7184 |       1.7186 |       1.7184 |       1.7182 |       1.7184 |       1.7369 |       1.7362 |       1.7370 |       1.7374 |       1.7374 |       1.7361 |       1.7369 |       1.7364 |       1.7228 |       1.7231 |       1.7221 |       1.7224 |       1.7229 |       1.7230 |       1.7217 |       1.7224 |       1.7225 |       1.7234 |       1.7229 |       1.7218 |       1.7227 |       1.7219 |       1.7215 |       1.7222 |       1.7145 |       1.7141 |       1.7138 |       1.7145 |       1.7147 |       1.7145 |       1.7138 |       1.7137 |       1.7028 |       1.7025 |       1.7032 |       1.7028 |       1.7032 |       1.7037 |       1.7028 |       1.7032 |       1.7360 |       1.7345 |       1.7348 |       1.7350 |       1.7346 |       1.7342 |       1.7357 |       1.7358 |       1.7118 |       1.7124 |       1.7118 |       1.7118 |       1.7118 |       1.7119 |       1.7128 |       1.7118 |       1.7124 |       1.7137 |       1.7126 |       1.7125 |       1.7131 |       1.7131 |       1.7142 |       1.7132 |       1.7208 |       1.7209 |       1.7217 |       1.7231 |       1.7218 |       1.7220 |       1.7209 |       1.7209 |       1.7234 |       1.7231 |       1.7237 |       1.7233 |       1.7221 |       1.7233 |       1.7237 |       1.7230 |       1.7338 |       1.7336 |       1.7340 |       1.7335 |       1.7341 |       1.7344 |       1.7343 |       1.7335 |       1.7281 |       1.7276 |       1.7267 |       1.7273 |       1.7281 |       1.7281 |       1.7269 |       1.7267 |       1.7139 |       1.7134 |       1.7141 |       1.7133 |       1.7135 |       1.7133 |       1.7148 |       1.7135 |       1.7157 |       1.7152 |       1.7157 |       1.7147 |       1.7146 |       1.7146 |       1.7163 |       1.7158 |
|          Clock [MHz]          |  2986.9317 |  2986.0369 |  2985.2772 |  2986.6539 |  2986.4026 |  2986.0534 |  2985.9451 |  2985.9987 |  2976.8484 |  2977.2753 |   2976.6762 |   2976.5059 |   2977.5368 |   2977.5514 |   2976.7951 |   2977.7099 |   2971.4812 |   2970.8369 |   2972.0375 |   2971.8671 |   2970.8203 |   2971.3881 |   2972.0369 |   2971.4400 |   2966.0020 |   2966.0176 |   2966.9574 |   2966.0318 |   2965.9182 |   2965.9203 |   2966.0096 |   2965.9840 |   2958.4838 |   2958.4439 |   2958.4966 |   2958.4918 |   2958.0451 |   2957.8716 |   2957.5954 |   2958.4815 |   2998.6411 |   2999.2025 |   3000.2302 |   3000.1809 |   2999.8175 |   2999.1719 |   2999.2088 |   2999.3133 |   2990.9083 |   2990.6707 |   2991.1682 |   2991.5093 |   2991.4512 |   2991.1448 |   2991.9293 |   2991.0443 |   2989.2708 |   2989.7187 |   2989.4984 |   2989.3714 |   2989.4885 |   2989.5833 |   2990.5756 |   2989.5444 |   2972.0234 |   2971.9701 |   2972.0123 |   2972.4754 |   2972.3129 |   2972.4001 |   2971.9940 |   2971.9856 |   2995.3774 |   2995.8813 |   2995.1340 |   2994.4392 |   2994.8268 |   2995.1579 |   2995.8316 |   2994.7825 |   2980.2857 |   2980.9227 |   2980.8810 |   2980.8500 |   2980.8946 |   2979.8786 |   2981.0314 |   2980.1505 |   2990.6936 |   2991.6779 |   2990.6133 |   2991.0063 |   2991.1079 |   2991.2340 |   2990.5969 |   2991.3059 |   3009.6277 |   3009.1345 |   3010.1896 |   3009.5390 |    3009.6424 |    3010.0603 |    3009.8025 |    3011.1409 |    2978.2120 |    2978.2492 |    2977.5842 |    2977.8768 |    2979.2635 |    2978.3502 |    2979.1708 |    2977.1859 |    2999.5293 |    2999.7178 |    3000.5040 |    3000.4720 |    3000.1100 |    3000.5626 |    2999.5409 |    3000.4961 |    2997.6036 |    2996.8100 |    2996.4971 |    2996.5426 |    2997.9011 |    2997.7402 |    2997.0146 |    2997.7006 |    2956.4103 |    2956.6103 |    2955.9341 |    2957.4666 |    2956.3475 |    2957.4694 |    2956.8890 |    2957.4206 |    2981.8660 |    2983.0757 |    2981.9232 |    2981.9124 |    2983.0970 |    2981.9305 |    2981.2539 |    2981.9454 |    3011.5678 |    3012.1071 |    3011.7675 |    3011.7356 |    3011.6037 |    3012.5141 |    3011.5819 |    3011.6301 |    2989.2658 |    2990.1002 |    2988.5334 |    2990.3669 |    2988.6720 |    2989.3133 |    2989.3006 |    2990.3454 |    2987.7075 |    2988.0091 |    2988.0125 |    2987.6126 |    2988.5833 |    2988.4128 |    2986.8515 |    2988.2817 |    2974.3278 |    2973.2025 |    2973.6631 |    2974.0887 |    2973.7577 |    2974.1099 |    2973.6338 |    2973.6133 |    2956.1294 |    2955.7702 |    2954.9000 |    2956.1425 |    2955.0634 |    2955.3946 |    2955.2883 |    2954.3471 |    3009.9008 |    3009.6512 |    3008.7664 |    3008.9834 |    3009.6403 |    3009.1781 |    3010.0543 |    3010.0051 |    2970.3878 |    2971.3226 |    2969.7968 |    2970.3261 |    2970.3899 |    2970.9818 |    2971.5129 |    2970.3323 |    2971.1447 |    2972.4811 |    2972.3196 |    2972.3496 |    2971.9841 |    2972.8382 |    2972.5031 |    2971.9513 |    2985.8409 |    2985.8544 |    2986.0269 |    2987.0710 |    2986.2445 |    2985.7952 |    2985.8681 |    2985.8052 |    2989.5305 |    2988.9322 |    2989.5919 |    2989.2005 |    2987.9175 |    2989.4906 |    2989.5773 |    2988.9574 |    3009.1231 |    3008.4330 |    3009.4181 |    3008.4437 |    3009.4919 |    3008.6697 |    3008.8260 |    3008.3582 |    2997.1927 |    2996.7987 |    2995.6924 |    2997.0542 |    2997.6615 |    2997.6526 |    2996.0193 |    2995.6820 |    2972.9408 |    2972.9658 |    2973.6963 |    2972.9192 |    2972.9650 |    2972.9145 |    2973.2655 |    2972.9612 |    2977.2958 |    2976.8394 |    2977.1599 |    2975.7594 |    2975.7160 |    2976.3158 |    2976.4160 |    2977.3287 |
|              CPI              |     0.3874 |     0.3883 |     0.3882 |     0.3882 |     0.3883 |     0.3882 |     0.3882 |     0.3883 |     0.3867 |     0.3868 |      0.3867 |      0.3868 |      0.3867 |      0.3866 |      0.3866 |      0.3866 |      0.3864 |      0.3864 |      0.3864 |      0.3865 |      0.3864 |      0.3863 |      0.3862 |      0.3862 |      0.3858 |      0.3857 |      0.3857 |      0.3857 |      0.3857 |      0.3857 |      0.3857 |      0.3856 |      0.3849 |      0.3849 |      0.3848 |      0.3846 |      0.3847 |      0.3847 |      0.3848 |      0.3847 |      0.3897 |      0.3904 |      0.3895 |      0.3894 |      0.3893 |      0.3895 |      0.3902 |      0.3896 |      0.3887 |      0.3887 |      0.3887 |      0.3887 |      0.3887 |      0.3887 |      0.3886 |      0.3887 |      0.3883 |      0.3883 |      0.3882 |      0.3881 |      0.3883 |      0.3880 |      0.3881 |      0.3888 |      0.3861 |      0.3863 |      0.3861 |      0.3861 |      0.3862 |      0.3862 |      0.3861 |      0.3861 |      0.3889 |      0.3890 |      0.3888 |      0.3888 |      0.3888 |      0.3889 |      0.3889 |      0.3887 |      0.3870 |      0.3872 |      0.3869 |      0.3870 |      0.3869 |      0.3871 |      0.3869 |      0.3869 |      0.3883 |      0.3882 |      0.3882 |      0.3883 |      0.3881 |      0.3883 |      0.3882 |      0.3888 |      0.3910 |      0.3912 |      0.3908 |      0.3909 |       0.3909 |       0.3908 |       0.3907 |       0.3907 |       0.3872 |       0.3873 |       0.3871 |       0.3870 |       0.3871 |       0.3872 |       0.3871 |       0.3870 |       0.3898 |       0.3900 |       0.3898 |       0.3898 |       0.3899 |       0.3899 |       0.3897 |       0.3898 |       0.3893 |       0.3897 |       0.3893 |       0.3893 |       0.3895 |       0.3896 |       0.3894 |       0.3899 |       0.3840 |       0.3840 |       0.3838 |       0.3840 |       0.3839 |       0.3841 |       0.3838 |       0.3840 |       0.3869 |       0.3870 |       0.3869 |       0.3869 |       0.3870 |       0.3871 |       0.3870 |       0.3869 |       0.3910 |       0.3905 |       0.3904 |       0.3911 |       0.3911 |       0.3905 |       0.3911 |       0.3904 |       0.3884 |       0.3877 |       0.3876 |       0.3875 |       0.3877 |       0.3881 |       0.3876 |       0.3880 |       0.3876 |       0.3877 |       0.3876 |       0.3873 |       0.3873 |       0.3877 |       0.3874 |       0.3874 |       0.3859 |       0.3861 |       0.3860 |       0.3861 |       0.3861 |       0.3863 |       0.3860 |       0.3859 |       0.3836 |       0.3837 |       0.3838 |       0.3837 |       0.3836 |       0.3839 |       0.3836 |       0.3838 |       0.3906 |       0.3904 |       0.3905 |       0.3905 |       0.3903 |       0.3904 |       0.3905 |       0.3912 |       0.3856 |       0.3857 |       0.3855 |       0.3855 |       0.3855 |       0.3857 |       0.3855 |       0.3856 |       0.3858 |       0.3859 |       0.3857 |       0.3856 |       0.3858 |       0.3859 |       0.3858 |       0.3858 |       0.3873 |       0.3875 |       0.3873 |       0.3882 |       0.3874 |       0.3883 |       0.3872 |       0.3873 |       0.3880 |       0.3880 |       0.3880 |       0.3880 |       0.3879 |       0.3881 |       0.3880 |       0.3885 |       0.3899 |       0.3901 |       0.3899 |       0.3900 |       0.3899 |       0.3904 |       0.3900 |       0.3900 |       0.3886 |       0.3886 |       0.3885 |       0.3884 |       0.3884 |       0.3886 |       0.3883 |       0.3885 |       0.3858 |       0.3860 |       0.3858 |       0.3858 |       0.3857 |       0.3859 |       0.3859 |       0.3857 |       0.3863 |       0.3864 |       0.3863 |       0.3864 |       0.3863 |       0.3865 |       0.3866 |       0.3871 |
|    L2 bandwidth [MBytes/s]    | 44327.9020 | 44335.5192 | 44324.5147 | 44328.1983 | 44310.6338 | 44337.1985 | 44326.7095 | 44324.9237 | 44329.4467 | 44308.3142 |  44325.3273 |  44309.4248 |  44329.0744 |  44336.7085 |  44322.8548 |  44329.6521 |  44321.4922 |  44331.5294 |  44325.7251 |  44310.7512 |  44321.0448 |  44330.7708 |  44326.4616 |  44322.4443 |  44321.1653 |  44330.6566 |  44327.9088 |  44329.5260 |  44323.7404 |  44330.5862 |  44319.5403 |  44329.2403 |  44329.4331 |  44349.8057 |  44331.5857 |  44331.5724 |  44328.9282 |  44345.4982 |  44312.3250 |  44329.9156 |  44292.4428 |  44261.8424 |  44326.0732 |  44328.0009 |  44331.5481 |  44341.0658 |  44243.5144 |  44298.1000 |  44331.0974 |  44353.4959 |  44329.6751 |  44318.6982 |  44330.4783 |  44340.8342 |  44330.1386 |  44324.3712 |  44311.3667 |  44343.8575 |  44326.3430 |  44331.3639 |  44317.5266 |  44349.1089 |  44332.0242 |  44338.2132 |  44331.1513 |  44345.1819 |  44331.3037 |  44326.6512 |  44326.7211 |  44355.4196 |  44330.4657 |  44332.3386 |  44324.8728 |  44314.2100 |  44328.8650 |  44324.7909 |  44324.6665 |  44361.1886 |  44312.4013 |  44330.1895 |  44326.0479 |  44344.0464 |  44330.0076 |  44317.0761 |  44330.4204 |  44343.8684 |  44328.1919 |  44326.6256 |  44323.7520 |  44357.6360 |  44325.2792 |  44312.8771 |  44329.8645 |  44350.2088 |  44324.9845 |  44339.7592 |  44314.8416 |  44326.3712 |  44326.8797 |  44312.8296 |   44314.0292 |   44368.8888 |   44328.2012 |   44329.2453 |   44324.5206 |   44362.2384 |   44323.9524 |   44331.5068 |   44325.8701 |   44371.7456 |   44325.9566 |   44325.5876 |   44324.7496 |   44350.4573 |   44328.3407 |   44328.0645 |   44323.9268 |   44375.6838 |   44324.7523 |   44328.8771 |   44326.9366 |   44325.8274 |   44327.1938 |   44326.6477 |   44312.0329 |   44343.1485 |   44312.8138 |   44338.8557 |   44319.8057 |   44360.7209 |   44332.0813 |   44315.4733 |   44314.0736 |   44360.1791 |   44328.1768 |   44315.3365 |   44330.7831 |   44319.9295 |   44330.2148 |   44330.3799 |   44316.6480 |   44374.4123 |   44324.3275 |   44332.0306 |   44243.0254 |   44338.2965 |   44305.1003 |   44242.9146 |   44242.2968 |   44369.3523 |   44241.0612 |   44310.9922 |   44248.2220 |   44361.7152 |   44322.7967 |   44326.7052 |   44315.7620 |   44333.9459 |   44324.2824 |   44331.5396 |   44313.3786 |   44331.3814 |   44304.3105 |   44330.0871 |   44330.9289 |   44363.7086 |   44321.6795 |   44329.0965 |   44330.3576 |   44356.2363 |   44323.2539 |   44312.2712 |   44315.7842 |   44362.3027 |   44323.1881 |   44327.0542 |   44330.3038 |   44360.8194 |   44312.5313 |   44328.3852 |   44331.4466 |   44362.1560 |   44325.2197 |   44312.8201 |   44300.1489 |   44363.9463 |   44312.2551 |   44301.5126 |   44323.2474 |   44381.7296 |   44310.7701 |   44320.3400 |   44331.3291 |   44355.5609 |   44331.2179 |   44322.8728 |   44330.8878 |   44384.0976 |   44327.5786 |   44323.2442 |   44323.8031 |   44311.4650 |   44329.0045 |   44329.9640 |   44319.1488 |   44381.0473 |   44311.4650 |   44320.3707 |   44325.9050 |   44347.4239 |   44319.4217 |   44246.8343 |   44313.7878 |   44291.1534 |   44323.8890 |   44322.9333 |   44315.4381 |   44349.1742 |   44317.7552 |   44312.4963 |   44325.3967 |   44359.8589 |   44316.2572 |   44333.3039 |   44326.6880 |   44349.3111 |   44329.1187 |   44324.5553 |   44325.5911 |   44342.9161 |   44312.4424 |   44324.1937 |   44311.5602 |   44362.9273 |   44314.6798 |   44326.4703 |   44328.0706 |   44372.7061 |   44330.5450 |   44314.6671 |   44324.0950 |   44350.9550 |   44317.0348 |   44322.9966 |   44329.2403 |   44368.2852 |   44310.9034 |   44330.4783 |   44329.6933 |   44357.9057 |   44329.4170 |   44325.6570 |   44324.5429 |   44366.3409 |   44290.7365 |   44344.4789 |
|    L2 data volume [GBytes]    |    68.7526 |    68.7583 |    68.7492 |    68.7493 |    68.7468 |    68.7608 |    68.7471 |    68.7517 |    68.7485 |    68.7464 |     68.7504 |     68.7471 |     68.7508 |     68.7627 |     68.7464 |     68.7517 |     68.7489 |     68.7601 |     68.7471 |     68.7478 |     68.7474 |     68.7590 |     68.7479 |     68.7503 |     68.7483 |     68.7584 |     68.7512 |     68.7488 |     68.7476 |     68.7601 |     68.7459 |     68.7482 |     68.7514 |     68.7829 |     68.7533 |     68.7549 |     68.7510 |     68.7763 |     68.7517 |     68.7521 |     68.7505 |     68.7790 |     68.7514 |     68.7509 |     68.7519 |     68.7780 |     68.7505 |     68.7514 |     68.7511 |     68.7862 |     68.7491 |     68.7510 |     68.7501 |     68.7776 |     68.7500 |     68.7521 |     68.7494 |     68.7790 |     68.7521 |     68.7519 |     68.7527 |     68.7794 |     68.7529 |     68.7648 |     68.7512 |     68.7854 |     68.7514 |     68.7512 |     68.7512 |     68.7938 |     68.7501 |     68.7529 |     68.7520 |     68.7523 |     68.7501 |     68.7496 |     68.7517 |     68.8008 |     68.7498 |     68.7497 |     68.7513 |     68.7941 |     68.7524 |     68.7513 |     68.7524 |     68.8006 |     68.7496 |     68.7522 |     68.7523 |     68.7960 |     68.7523 |     68.7519 |     68.7530 |     68.8042 |     68.7498 |     68.7670 |     68.7521 |     68.7885 |     68.7517 |     68.7503 |      68.7509 |      68.8134 |      68.7503 |      68.7526 |      68.7512 |      68.7995 |      68.7505 |      68.7519 |      68.7510 |      68.8247 |      68.7481 |      68.7508 |      68.7495 |      68.7927 |      68.7510 |      68.7507 |      68.7516 |      68.8251 |      68.7517 |      68.7519 |      68.7529 |      68.7926 |      68.7529 |      68.7524 |      68.7531 |      68.8109 |      68.7504 |      68.7631 |      68.7530 |      68.7973 |      68.7529 |      68.7508 |      68.7514 |      68.8202 |      68.7468 |      68.7535 |      68.7505 |      68.7532 |      68.7498 |      68.7501 |      68.7484 |      68.8184 |      68.7487 |      68.7526 |      68.7519 |      68.7847 |      68.7505 |      68.7518 |      68.7508 |      68.8177 |      68.7489 |      68.7507 |      68.7537 |      68.8020 |      68.7505 |      68.7513 |      68.7519 |      68.8275 |      68.7516 |      68.7580 |      68.7518 |      68.7841 |      68.7519 |      68.7521 |      68.7516 |      68.8286 |      68.7489 |      68.7511 |      68.7504 |      68.7982 |      68.7505 |      68.7487 |      68.7521 |      68.8266 |      68.7468 |      68.7522 |      68.7497 |      68.7974 |      68.7503 |      68.7510 |      68.7514 |      68.8273 |      68.7490 |      68.7507 |      68.7522 |      68.8060 |      68.7522 |      68.7507 |      68.7513 |      68.8325 |      68.7499 |      68.7647 |      68.7516 |      68.7961 |      68.7514 |      68.7508 |      68.7509 |      68.8333 |      68.7507 |      68.7514 |      68.7508 |      68.7518 |      68.7508 |      68.7496 |      68.7518 |      68.8312 |      68.7512 |      68.7532 |      68.7513 |      68.7866 |      68.7523 |      68.7516 |      68.7537 |      68.8205 |      68.7502 |      68.7501 |      68.7534 |      68.8027 |      68.7527 |      68.7517 |      68.7522 |      68.8193 |      68.7509 |      68.7622 |      68.7446 |      68.7917 |      68.7514 |      68.7521 |      68.7496 |      68.8184 |      68.7510 |      68.7506 |      68.7520 |      68.8005 |      68.7512 |      68.7510 |      68.7516 |      68.8207 |      68.7503 |      68.7511 |      68.7517 |      68.7945 |      68.7518 |      68.7510 |      68.7482 |      68.8202 |      68.7503 |      68.7501 |      68.7518 |      68.7967 |      68.7520 |      68.7526 |      68.7509 |      68.8157 |      68.7479 |      68.7754 |
| Prefetch bandwidth [MBytes/s] | 93172.1161 | 93801.8521 | 95003.2610 | 95795.0321 | 94043.9750 | 95213.6703 | 93263.9293 | 95788.1636 | 94657.2568 | 94537.9031 |  95632.6184 |  93872.0896 |  94417.6205 |  94249.0083 |  94953.5369 |  94778.1601 |  95201.6205 |  90910.8380 |  93583.7705 |  95443.7354 |  94748.2617 |  94579.6199 |  93219.4501 |  95369.0727 |  94924.0835 |  94945.3855 |  95696.1278 |  95819.0008 |  95397.6247 |  94828.6833 |  94733.2989 |  95717.9981 |  93940.6894 |  93655.6439 |  94775.2248 |  94859.7669 |  94892.1420 |  94563.6190 |  94601.4483 |  93797.8874 |  93529.4635 |  93582.7306 |  95296.0585 |  95112.3737 |  94050.7719 |  94412.0832 |  94451.2688 |  93919.7740 |  94181.2768 |  93083.5147 |  94244.8138 |  95115.3456 |  94269.7132 |  94707.0540 |  95021.5931 |  95063.5879 |  94556.6146 |  94903.4440 |  94685.7669 |  94972.7939 |  95147.7343 |  93643.2425 |  85413.1719 |  65123.8785 |  93839.0669 |  93954.4901 |  93978.3229 |  94905.3650 |  94233.5754 |  91425.3469 |  94254.6287 |  93948.0079 |  95157.5076 |  94062.4336 |  89162.7032 |  94110.6470 |  90903.3514 |  93962.0510 |  93801.5506 |  94182.1021 |  94680.9126 |  92947.2596 |  92866.4833 |  94402.5887 |  88456.3672 |  93465.0782 |  94119.8074 |  94111.1979 |  89335.2674 |  92728.8174 |  95189.8322 |  93961.1295 |  94772.8939 |  90848.0343 |  94754.9825 |  64575.0843 |  94287.4104 |  93870.5983 |  94620.5490 |  93392.0077 |   95319.3455 |   83233.3548 |   94686.6692 |   90041.2791 |   95026.7683 |   94235.8348 |   95222.0603 |   93480.9093 |   94811.6941 |   93070.4735 |   93705.0086 |   94592.4095 |   95158.8823 |   94205.0807 |   94804.3457 |   94276.0925 |   94677.3497 |   93248.8027 |   94915.1165 |   93947.6837 |   87331.4890 |   88014.7786 |   88320.0759 |   89551.5825 |   89025.0850 |   87851.3761 |   88942.3112 |   64963.5975 |   90696.3434 |   92696.9367 |   94662.9156 |   93976.8621 |   95255.4513 |   93974.0350 |   94610.6693 |   95493.3495 |   94556.0256 |   95242.9536 |   93590.3697 |   94937.4236 |   94855.1537 |   94482.9446 |   93737.9160 |   95245.5681 |   89772.4254 |   93448.8259 |   93922.2659 |   93280.3865 |   93694.7905 |   94633.8572 |   93835.4374 |   94734.0659 |   92396.4503 |   93016.9801 |   88775.4393 |   94836.7241 |   94606.2115 |   92659.8968 |   94933.3436 |   64616.2345 |   93329.6191 |   92729.0328 |   93109.3781 |   94123.6331 |   93444.3471 |   89157.1331 |   93501.0386 |   94587.7847 |   94315.5723 |   93676.6217 |   93668.1755 |   95294.0426 |   94739.1115 |   94130.6752 |   93878.1240 |   94569.7576 |   94730.5447 |   94034.4519 |   94972.3607 |   94864.3635 |   94842.3174 |   93988.9422 |   94719.2061 |   94553.5003 |   94282.2477 |   93705.0143 |   94605.8333 |   89965.8505 |   89561.9334 |   93356.1808 |   94194.6596 |   64146.3940 |   89272.7982 |   94950.3435 |   92892.6826 |   94383.2041 |   94175.5235 |   93085.9757 |   90653.2282 |   87034.6642 |   94879.6618 |   94407.6290 |   95447.8017 |   94278.4881 |   90412.8012 |   92837.5623 |   93978.4383 |   90422.9313 |   93891.5013 |   94773.6894 |   95444.5504 |   95069.6683 |   86797.8138 |   93449.0533 |   93953.6209 |   94728.9486 |   89923.0000 |   93276.2420 |   94285.6826 |   95072.8879 |   95394.9193 |   93462.4188 |   94839.4464 |   65699.4963 |   92483.4834 |   94925.2347 |   93626.8587 |   95078.7483 |   94138.4656 |   93801.2217 |   93695.0380 |   95207.8835 |   95121.9154 |   93484.8264 |   94767.1563 |   93070.3449 |   94841.6444 |   95101.7544 |   92777.8538 |   94104.8710 |   93845.0158 |   94033.9402 |   94268.3408 |   94469.8502 |   93537.4616 |   94297.1092 |   94793.1910 |   94835.8215 |   94844.1441 |   94447.9140 |   93323.4812 |   94741.1507 |   94521.1852 |   94321.8506 |   92860.8913 |   66523.3414 |
| Prefetch data volume [GBytes] |   144.5100 |   145.4737 |   147.3540 |   148.5700 |   145.9067 |   147.6632 |   144.6448 |   148.5755 |   146.7997 |   146.6800 |    148.3301 |    145.6448 |    146.4342 |    146.1727 |    147.2765 |    146.9933 |    147.6712 |    141.0065 |    145.1439 |    148.0802 |    146.9662 |    146.6972 |    144.5782 |    147.9307 |    147.2404 |    147.2636 |    148.4216 |    148.6017 |    147.9649 |    147.0864 |    146.9447 |    148.4447 |    145.6944 |    145.2522 |    146.9857 |    147.1204 |    147.1709 |    146.6606 |    146.7765 |    145.4728 |    145.1759 |    145.4193 |    147.8078 |    147.5154 |    145.8594 |    146.4439 |    146.7690 |    145.7650 |    146.0615 |    144.3599 |    146.1605 |    147.5511 |    146.1987 |    146.9012 |    147.3656 |    147.4543 |    146.7053 |    147.1988 |    146.8617 |    147.2898 |    147.6090 |    145.2278 |    132.4641 |    101.0016 |    145.5309 |    145.7362 |    145.7468 |    147.1994 |    146.1573 |    141.7977 |    146.1752 |    145.6995 |    147.5981 |    145.9352 |    138.2833 |    145.9695 |    140.9996 |    145.7280 |    145.5311 |    146.0628 |    146.8535 |    144.1958 |    144.0287 |    146.4515 |    137.1878 |    145.0133 |    145.9725 |    145.9699 |    138.5713 |    143.8168 |    147.6476 |    145.7816 |    146.9871 |    140.9401 |    146.9688 |    100.1501 |    146.2819 |    145.6745 |    146.7581 |    144.8956 |     147.8830 |     129.0899 |     146.8532 |     139.6498 |     147.3949 |     146.1463 |     147.6982 |     144.9756 |     147.0563 |     144.3610 |     145.3334 |     146.7168 |     147.5953 |     146.1230 |     147.0368 |     146.2176 |     146.8556 |     144.6255 |     147.2219 |     145.7082 |     135.4547 |     136.5967 |     136.9873 |     138.8982 |     138.1284 |     136.3263 |     137.9921 |     100.7491 |     140.6965 |     143.7601 |     146.8090 |     145.7953 |     147.7848 |     145.7908 |     146.7278 |     148.1541 |     146.6425 |     147.7496 |     145.1453 |     147.2344 |     147.1488 |     146.5295 |     145.3910 |     147.7123 |     139.5028 |     144.9729 |     145.7441 |     144.9542 |     145.5981 |     146.7788 |     145.8167 |     146.9846 |     143.5674 |     144.2631 |     137.7023 |     147.0930 |     146.7729 |     143.8525 |     147.2516 |     100.2194 |     144.8001 |     143.8774 |     144.4881 |     145.9775 |     144.9201 |     138.3239 |     145.0326 |     146.6986 |     146.2707 |     145.2960 |     145.2901 |     147.8448 |     146.9796 |     146.0404 |     145.6083 |     146.6797 |     146.9130 |     145.8342 |     147.3483 |     147.1296 |     147.0862 |     145.8225 |     146.9107 |     146.6984 |     146.3226 |     145.3311 |     146.7846 |     139.6164 |     138.9226 |     144.7880 |     146.1467 |      99.5256 |     138.4493 |     147.2693 |     144.0634 |     146.4013 |     146.0529 |     144.3629 |     140.6003 |     135.0027 |     147.1681 |     146.4789 |     148.0320 |     146.2127 |     140.2564 |     143.9832 |     145.8118 |     140.2711 |     145.6296 |     147.0020 |     148.0623 |     147.7212 |     134.6685 |     145.2030 |     145.7302 |     146.9359 |     139.5115 |     144.7075 |     146.2708 |     147.5074 |     147.9651 |     144.9963 |     147.1311 |     101.9018 |     143.4291 |     147.2417 |     145.2087 |     147.4773 |     146.0100 |     145.5757 |     145.3683 |     147.6755 |     147.5873 |     144.9815 |     147.0247 |     144.3534 |     147.0966 |     147.5000 |     143.8852 |     145.9971 |     145.5642 |     145.8597 |     146.2444 |     146.5357 |     145.0630 |     146.2655 |     147.0757 |     147.0766 |     147.0957 |     146.4835 |     144.7386 |     146.9511 |     146.6099 |     146.3007 |     144.1383 |     103.1733 |
+-------------------------------+------------+------------+------------+------------+------------+------------+------------+------------+------------+------------+-------------+-------------+-------------+-------------+-------------+-------------+-------------+-------------+-------------+-------------+-------------+-------------+-------------+-------------+-------------+-------------+-------------+-------------+-------------+-------------+-------------+-------------+-------------+-------------+-------------+-------------+-------------+-------------+-------------+-------------+-------------+-------------+-------------+-------------+-------------+-------------+-------------+-------------+-------------+-------------+-------------+-------------+-------------+-------------+-------------+-------------+-------------+-------------+-------------+-------------+-------------+-------------+-------------+-------------+-------------+-------------+-------------+-------------+-------------+-------------+-------------+-------------+-------------+-------------+-------------+-------------+-------------+-------------+-------------+-------------+-------------+-------------+-------------+-------------+-------------+-------------+-------------+-------------+-------------+-------------+-------------+-------------+-------------+-------------+-------------+-------------+-------------+-------------+-------------+-------------+--------------+--------------+--------------+--------------+--------------+--------------+--------------+--------------+--------------+--------------+--------------+--------------+--------------+--------------+--------------+--------------+--------------+--------------+--------------+--------------+--------------+--------------+--------------+--------------+--------------+--------------+--------------+--------------+--------------+--------------+--------------+--------------+--------------+--------------+--------------+--------------+--------------+--------------+--------------+--------------+--------------+--------------+--------------+--------------+--------------+--------------+--------------+--------------+--------------+--------------+--------------+--------------+--------------+--------------+--------------+--------------+--------------+--------------+--------------+--------------+--------------+--------------+--------------+--------------+--------------+--------------+--------------+--------------+--------------+--------------+--------------+--------------+--------------+--------------+--------------+--------------+--------------+--------------+--------------+--------------+--------------+--------------+--------------+--------------+--------------+--------------+--------------+--------------+--------------+--------------+--------------+--------------+--------------+--------------+--------------+--------------+--------------+--------------+--------------+--------------+--------------+--------------+--------------+--------------+--------------+--------------+--------------+--------------+--------------+--------------+--------------+--------------+--------------+--------------+--------------+--------------+--------------+--------------+--------------+--------------+--------------+--------------+--------------+--------------+--------------+--------------+--------------+--------------+--------------+--------------+--------------+--------------+--------------+--------------+--------------+--------------+--------------+--------------+--------------+--------------+--------------+--------------+--------------+--------------+--------------+--------------+--------------+--------------+--------------+--------------+--------------+--------------+--------------+--------------+--------------+--------------+
+------------------------------------+--------------+------------+------------+------------+
|               Metric               |      Sum     |     Min    |     Max    |     Avg    |
+------------------------------------+--------------+------------+------------+------------+
|      Runtime (RDTSC) [s] STAT      |     397.1176 |     1.5509 |     1.5540 |     1.5512 |
|      Runtime unhalted [s] STAT     |     440.3751 |     1.7025 |     1.7374 |     1.7202 |
|          Clock [MHz] STAT          |  764032.3499 |  2954.3471 |  3012.5141 |  2984.5014 |
|              CPI STAT              |      99.2083 |     0.3836 |     0.3912 |     0.3875 |
|    L2 bandwidth [MBytes/s] STAT    | 1.134781e+07 | 44241.0612 | 44384.0976 | 44327.3820 |
|    L2 data volume [GBytes] STAT    |   17603.1566 |    68.7446 |    68.8333 |    68.7623 |
| Prefetch bandwidth [MBytes/s] STAT | 2.378082e+07 | 64146.3940 | 95819.0008 | 92893.8474 |
| Prefetch data volume [GBytes] STAT |   36889.7467 |    99.5256 |   148.6017 |   144.1006 |
+------------------------------------+--------------+------------+------------+------------+
