--------------------------------------------------------------------------------
CPU name:	AMD EPYC 9755 128-Core Processor               
CPU type:	AMD K1A (Zen5) architecture
CPU clock:	2.70 GHz
--------------------------------------------------------------------------------
Region bench, Group 1: L2BW
+-------------------+------------+------------+------------+------------+------------+------------+------------+------------+------------+------------+-------------+-------------+-------------+-------------+-------------+-------------+-------------+-------------+-------------+-------------+-------------+-------------+-------------+-------------+-------------+-------------+-------------+-------------+-------------+-------------+-------------+-------------+-------------+-------------+-------------+-------------+-------------+-------------+-------------+-------------+-------------+-------------+-------------+-------------+-------------+-------------+-------------+-------------+-------------+-------------+-------------+-------------+-------------+-------------+-------------+-------------+-------------+-------------+-------------+-------------+-------------+-------------+-------------+-------------+-------------+-------------+-------------+-------------+-------------+-------------+-------------+-------------+-------------+-------------+-------------+-------------+-------------+-------------+-------------+-------------+-------------+-------------+-------------+-------------+-------------+-------------+-------------+-------------+-------------+-------------+-------------+-------------+-------------+-------------+-------------+-------------+-------------+-------------+-------------+-------------+--------------+--------------+--------------+--------------+--------------+--------------+--------------+--------------+--------------+--------------+--------------+--------------+--------------+--------------+--------------+--------------+--------------+--------------+--------------+--------------+--------------+--------------+--------------+--------------+--------------+--------------+--------------+--------------+--------------+--------------+--------------+--------------+--------------+--------------+--------------+--------------+--------------+--------------+--------------+--------------+--------------+--------------+--------------+--------------+--------------+--------------+--------------+--------------+--------------+--------------+--------------+--------------+--------------+--------------+--------------+--------------+--------------+--------------+--------------+--------------+--------------+--------------+--------------+--------------+--------------+--------------+--------------+--------------+--------------+--------------+--------------+--------------+--------------+--------------+--------------+--------------+--------------+--------------+--------------+--------------+--------------+--------------+--------------+--------------+--------------+--------------+--------------+--------------+--------------+--------------+--------------+--------------+--------------+--------------+--------------+--------------+--------------+--------------+--------------+--------------+--------------+--------------+--------------+--------------+--------------+--------------+--------------+--------------+--------------+--------------+--------------+--------------+--------------+--------------+--------------+--------------+--------------+--------------+--------------+--------------+--------------+--------------+--------------+--------------+--------------+--------------+--------------+--------------+--------------+--------------+--------------+--------------+--------------+--------------+--------------+--------------+--------------+--------------+--------------+--------------+--------------+--------------+--------------+--------------+--------------+--------------+--------------+--------------+--------------+--------------+--------------+--------------+--------------+--------------+--------------+--------------+
|    Region Info    | HWThread 0 | HWThread 1 | HWThread 2 | HWThread 3 | HWThread 4 | HWThread 5 | HWThread 6 | HWThread 7 | HWThread 8 | HWThread 9 | HWThread 10 | HWThread 11 | HWThread 12 | HWThread 13 | HWThread 14 | HWThread 15 | HWThread 16 | HWThread 17 | HWThread 18 | HWThread 19 | HWThread 20 | HWThread 21 | HWThread 22 | HWThread 23 | HWThread 24 | HWThread 25 | HWThread 26 | HWThread 27 | HWThread 28 | HWThread 29 | HWThread 30 | HWThread 31 | HWThread 32 | HWThread 33 | HWThread 34 | HWThread 35 | HWThread 36 | HWThread 37 | HWThread 38 | HWThread 39 | HWThread 40 | HWThread 41 | HWThread 42 | HWThread 43 | HWThread 44 | HWThread 45 | HWThread 46 | HWThread 47 | HWThread 48 | HWThread 49 | HWThread 50 | HWThread 51 | HWThread 52 | HWThread 53 | HWThread 54 | HWThread 55 | HWThread 56 | HWThread 57 | HWThread 58 | HWThread 59 | HWThread 60 | HWThread 61 | HWThread 62 | HWThread 63 | HWThread 64 | HWThread 65 | HWThread 66 | HWThread 67 | HWThread 68 | HWThread 69 | HWThread 70 | HWThread 71 | HWThread 72 | HWThread 73 | HWThread 74 | HWThread 75 | HWThread 76 | HWThread 77 | HWThread 78 | HWThread 79 | HWThread 80 | HWThread 81 | HWThread 82 | HWThread 83 | HWThread 84 | HWThread 85 | HWThread 86 | HWThread 87 | HWThread 88 | HWThread 89 | HWThread 90 | HWThread 91 | HWThread 92 | HWThread 93 | HWThread 94 | HWThread 95 | HWThread 96 | HWThread 97 | HWThread 98 | HWThread 99 | HWThread 100 | HWThread 101 | HWThread 102 | HWThread 103 | HWThread 104 | HWThread 105 | HWThread 106 | HWThread 107 | HWThread 108 | HWThread 109 | HWThread 110 | HWThread 111 | HWThread 112 | HWThread 113 | HWThread 114 | HWThread 115 | HWThread 116 | HWThread 117 | HWThread 118 | HWThread 119 | HWThread 120 | HWThread 121 | HWThread 122 | HWThread 123 | HWThread 124 | HWThread 125 | HWThread 126 | HWThread 127 | HWThread 128 | HWThread 129 | HWThread 130 | HWThread 131 | HWThread 132 | HWThread 133 | HWThread 134 | HWThread 135 | HWThread 136 | HWThread 137 | HWThread 138 | HWThread 139 | HWThread 140 | HWThread 141 | HWThread 142 | HWThread 143 | HWThread 144 | HWThread 145 | HWThread 146 | HWThread 147 | HWThread 148 | HWThread 149 | HWThread 150 | HWThread 151 | HWThread 152 | HWThread 153 | HWThread 154 | HWThread 155 | HWThread 156 | HWThread 157 | HWThread 158 | HWThread 159 | HWThread 160 | HWThread 161 | HWThread 162 | HWThread 163 | HWThread 164 | HWThread 165 | HWThread 166 | HWThread 167 | HWThread 168 | HWThread 169 | HWThread 170 | HWThread 171 | HWThread 172 | HWThread 173 | HWThread 174 | HWThread 175 | HWThread 176 | HWThread 177 | HWThread 178 | HWThread 179 | HWThread 180 | HWThread 181 | HWThread 182 | HWThread 183 | HWThread 184 | HWThread 185 | HWThread 186 | HWThread 187 | HWThread 188 | HWThread 189 | HWThread 190 | HWThread 191 | HWThread 192 | HWThread 193 | HWThread 194 | HWThread 195 | HWThread 196 | HWThread 197 | HWThread 198 | HWThread 199 | HWThread 200 | HWThread 201 | HWThread 202 | HWThread 203 | HWThread 204 | HWThread 205 | HWThread 206 | HWThread 207 | HWThread 208 | HWThread 209 | HWThread 210 | HWThread 211 | HWThread 212 | HWThread 213 | HWThread 214 | HWThread 215 | HWThread 216 | HWThread 217 | HWThread 218 | HWThread 219 | HWThread 220 | HWThread 221 | HWThread 222 | HWThread 223 | HWThread 224 | HWThread 225 | HWThread 226 | HWThread 227 | HWThread 228 | HWThread 229 | HWThread 230 | HWThread 231 | HWThread 232 | HWThread 233 | HWThread 234 | HWThread 235 | HWThread 236 | HWThread 237 | HWThread 238 | HWThread 239 | HWThread 240 | HWThread 241 | HWThread 242 | HWThread 243 | HWThread 244 | HWThread 245 | HWThread 246 | HWThread 247 | HWThread 248 | HWThread 249 | HWThread 250 | HWThread 251 | HWThread 252 | HWThread 253 | HWThread 254 | HWThread 255 |
+-------------------+------------+------------+------------+------------+------------+------------+------------+------------+------------+------------+-------------+-------------+-------------+-------------+-------------+-------------+-------------+-------------+-------------+-------------+-------------+-------------+-------------+-------------+-------------+-------------+-------------+-------------+-------------+-------------+-------------+-------------+-------------+-------------+-------------+-------------+-------------+-------------+-------------+-------------+-------------+-------------+-------------+-------------+-------------+-------------+-------------+-------------+-------------+-------------+-------------+-------------+-------------+-------------+-------------+-------------+-------------+-------------+-------------+-------------+-------------+-------------+-------------+-------------+-------------+-------------+-------------+-------------+-------------+-------------+-------------+-------------+-------------+-------------+-------------+-------------+-------------+-------------+-------------+-------------+-------------+-------------+-------------+-------------+-------------+-------------+-------------+-------------+-------------+-------------+-------------+-------------+-------------+-------------+-------------+-------------+-------------+-------------+-------------+-------------+--------------+--------------+--------------+--------------+--------------+--------------+--------------+--------------+--------------+--------------+--------------+--------------+--------------+--------------+--------------+--------------+--------------+--------------+--------------+--------------+--------------+--------------+--------------+--------------+--------------+--------------+--------------+--------------+--------------+--------------+--------------+--------------+--------------+--------------+--------------+--------------+--------------+--------------+--------------+--------------+--------------+--------------+--------------+--------------+--------------+--------------+--------------+--------------+--------------+--------------+--------------+--------------+--------------+--------------+--------------+--------------+--------------+--------------+--------------+--------------+--------------+--------------+--------------+--------------+--------------+--------------+--------------+--------------+--------------+--------------+--------------+--------------+--------------+--------------+--------------+--------------+--------------+--------------+--------------+--------------+--------------+--------------+--------------+--------------+--------------+--------------+--------------+--------------+--------------+--------------+--------------+--------------+--------------+--------------+--------------+--------------+--------------+--------------+--------------+--------------+--------------+--------------+--------------+--------------+--------------+--------------+--------------+--------------+--------------+--------------+--------------+--------------+--------------+--------------+--------------+--------------+--------------+--------------+--------------+--------------+--------------+--------------+--------------+--------------+--------------+--------------+--------------+--------------+--------------+--------------+--------------+--------------+--------------+--------------+--------------+--------------+--------------+--------------+--------------+--------------+--------------+--------------+--------------+--------------+--------------+--------------+--------------+--------------+--------------+--------------+--------------+--------------+--------------+--------------+--------------+--------------+
| RDTSC Runtime [s] |   2.140184 |   2.141201 |   2.139641 |   2.141204 |   2.139614 |   2.139643 |   2.139786 |   2.139833 |   2.139292 |   2.139399 |    2.140210 |    2.140199 |    2.139589 |    2.139422 |    2.140709 |    2.140675 |    2.139644 |    2.139792 |    2.139641 |    2.139290 |    2.139645 |    2.139294 |    2.139348 |    2.140174 |    2.139703 |    2.140200 |    2.139293 |    2.140485 |    2.141140 |    2.140125 |    2.140544 |    2.139831 |    2.139830 |    2.139838 |    2.139590 |    2.139785 |    2.139293 |    2.139588 |    2.139838 |    2.139443 |    2.139694 |    2.139694 |    2.139399 |    2.139641 |    2.139686 |    2.139293 |    2.139644 |    2.139693 |    2.139837 |    2.139399 |    2.139697 |    2.139699 |    2.139642 |    2.139838 |    2.139289 |    2.139784 |    2.140173 |    2.139291 |    2.139420 |    2.139726 |    2.139291 |    2.139639 |    2.139638 |    2.139892 |    2.139395 |    2.139588 |    2.140220 |    2.139828 |    2.140269 |    2.140208 |    2.140183 |    2.140208 |    2.139287 |    2.139400 |    2.139400 |    2.139643 |    2.140175 |    2.139643 |    2.139399 |    2.139527 |    2.140239 |    2.139400 |    2.139400 |    2.139642 |    2.139396 |    2.140108 |    2.139639 |    2.140110 |    2.142380 |    2.139348 |    2.140564 |    2.142325 |    2.140495 |    2.139396 |    2.140507 |    2.139836 |    2.139693 |    2.139344 |    2.139300 |    2.139396 |     2.139382 |     2.139352 |     2.139679 |     2.139700 |     2.139612 |     2.139613 |     2.139613 |     2.139399 |     2.139399 |     2.139293 |     2.139612 |     2.139589 |     2.139834 |     2.139342 |     2.142287 |     2.139891 |     2.139588 |     2.139370 |     2.141088 |     2.141056 |     2.139641 |     2.141501 |     2.139610 |     2.139585 |     2.139288 |     2.139386 |     2.139734 |     2.139425 |     2.139705 |     2.140104 |     2.139836 |     2.140131 |     2.139814 |     2.140164 |     2.139297 |     2.139297 |     2.139379 |     2.139385 |     2.139644 |     2.139644 |     2.139381 |     2.140163 |     2.139793 |     2.139590 |     2.139434 |     2.139499 |     2.139640 |     2.139640 |     2.139347 |     2.139394 |     2.139347 |     2.139471 |     2.139348 |     2.139833 |     2.139395 |     2.139396 |     2.139396 |     2.139641 |     2.139618 |     2.139292 |     2.140142 |     2.139291 |     2.139473 |     2.140182 |     2.139808 |     2.140237 |     2.140237 |     2.140142 |     2.139345 |     2.139476 |     2.139817 |     2.139784 |     2.139671 |     2.139476 |     2.139834 |     2.139812 |     2.139784 |     2.139785 |     2.139785 |     2.139790 |     2.139787 |     2.140208 |     2.140260 |     2.140201 |     2.139611 |     2.139434 |     2.139349 |     2.139402 |     2.139380 |     2.139617 |     2.139342 |     2.139296 |     2.139616 |     2.139646 |     2.139678 |     2.139394 |     2.139291 |     2.139631 |     2.139678 |     2.139392 |     2.139436 |     2.139617 |     2.139437 |     2.139445 |     2.139615 |     2.139380 |     2.139436 |     2.139637 |     2.139289 |     2.139485 |     2.139286 |     2.139398 |     2.139613 |     2.139383 |     2.139288 |     2.139613 |     2.139612 |     2.139292 |     2.139586 |     2.141159 |     2.139611 |     2.140191 |     2.141158 |     2.139290 |     2.140173 |     2.139841 |     2.139587 |     2.139430 |     2.139348 |     2.139486 |     2.139834 |     2.139471 |     2.139294 |     2.142329 |     2.142292 |     2.139853 |     2.139642 |     2.139297 |     2.139296 |     2.142213 |     2.139348 |     2.139792 |     2.139823 |     2.139704 |     2.139704 |     2.139349 |     2.139824 |     2.139500 |     2.139471 |     2.139471 |     2.139288 |     2.139288 |     2.139725 |     2.139852 |     2.140127 |     2.140143 |
|     call count    |          1 |          1 |          1 |          1 |          1 |          1 |          1 |          1 |          1 |          1 |           1 |           1 |           1 |           1 |           1 |           1 |           1 |           1 |           1 |           1 |           1 |           1 |           1 |           1 |           1 |           1 |           1 |           1 |           1 |           1 |           1 |           1 |           1 |           1 |           1 |           1 |           1 |           1 |           1 |           1 |           1 |           1 |           1 |           1 |           1 |           1 |           1 |           1 |           1 |           1 |           1 |           1 |           1 |           1 |           1 |           1 |           1 |           1 |           1 |           1 |           1 |           1 |           1 |           1 |           1 |           1 |           1 |           1 |           1 |           1 |           1 |           1 |           1 |           1 |           1 |           1 |           1 |           1 |           1 |           1 |           1 |           1 |           1 |           1 |           1 |           1 |           1 |           1 |           1 |           1 |           1 |           1 |           1 |           1 |           1 |           1 |           1 |           1 |           1 |           1 |            1 |            1 |            1 |            1 |            1 |            1 |            1 |            1 |            1 |            1 |            1 |            1 |            1 |            1 |            1 |            1 |            1 |            1 |            1 |            1 |            1 |            1 |            1 |            1 |            1 |            1 |            1 |            1 |            1 |            1 |            1 |            1 |            1 |            1 |            1 |            1 |            1 |            1 |            1 |            1 |            1 |            1 |            1 |            1 |            1 |            1 |            1 |            1 |            1 |            1 |            1 |            1 |            1 |            1 |            1 |            1 |            1 |            1 |            1 |            1 |            1 |            1 |            1 |            1 |            1 |            1 |            1 |            1 |            1 |            1 |            1 |            1 |            1 |            1 |            1 |            1 |            1 |            1 |            1 |            1 |            1 |            1 |            1 |            1 |            1 |            1 |            1 |            1 |            1 |            1 |            1 |            1 |            1 |            1 |            1 |            1 |            1 |            1 |            1 |            1 |            1 |            1 |            1 |            1 |            1 |            1 |            1 |            1 |            1 |            1 |            1 |            1 |            1 |            1 |            1 |            1 |            1 |            1 |            1 |            1 |            1 |            1 |            1 |            1 |            1 |            1 |            1 |            1 |            1 |            1 |            1 |            1 |            1 |            1 |            1 |            1 |            1 |            1 |            1 |            1 |            1 |            1 |            1 |            1 |            1 |            1 |            1 |            1 |            1 |            1 |            1 |            1 |            1 |            1 |            1 |            1 |
+-------------------+------------+------------+------------+------------+------------+------------+------------+------------+------------+------------+-------------+-------------+-------------+-------------+-------------+-------------+-------------+-------------+-------------+-------------+-------------+-------------+-------------+-------------+-------------+-------------+-------------+-------------+-------------+-------------+-------------+-------------+-------------+-------------+-------------+-------------+-------------+-------------+-------------+-------------+-------------+-------------+-------------+-------------+-------------+-------------+-------------+-------------+-------------+-------------+-------------+-------------+-------------+-------------+-------------+-------------+-------------+-------------+-------------+-------------+-------------+-------------+-------------+-------------+-------------+-------------+-------------+-------------+-------------+-------------+-------------+-------------+-------------+-------------+-------------+-------------+-------------+-------------+-------------+-------------+-------------+-------------+-------------+-------------+-------------+-------------+-------------+-------------+-------------+-------------+-------------+-------------+-------------+-------------+-------------+-------------+-------------+-------------+-------------+-------------+--------------+--------------+--------------+--------------+--------------+--------------+--------------+--------------+--------------+--------------+--------------+--------------+--------------+--------------+--------------+--------------+--------------+--------------+--------------+--------------+--------------+--------------+--------------+--------------+--------------+--------------+--------------+--------------+--------------+--------------+--------------+--------------+--------------+--------------+--------------+--------------+--------------+--------------+--------------+--------------+--------------+--------------+--------------+--------------+--------------+--------------+--------------+--------------+--------------+--------------+--------------+--------------+--------------+--------------+--------------+--------------+--------------+--------------+--------------+--------------+--------------+--------------+--------------+--------------+--------------+--------------+--------------+--------------+--------------+--------------+--------------+--------------+--------------+--------------+--------------+--------------+--------------+--------------+--------------+--------------+--------------+--------------+--------------+--------------+--------------+--------------+--------------+--------------+--------------+--------------+--------------+--------------+--------------+--------------+--------------+--------------+--------------+--------------+--------------+--------------+--------------+--------------+--------------+--------------+--------------+--------------+--------------+--------------+--------------+--------------+--------------+--------------+--------------+--------------+--------------+--------------+--------------+--------------+--------------+--------------+--------------+--------------+--------------+--------------+--------------+--------------+--------------+--------------+--------------+--------------+--------------+--------------+--------------+--------------+--------------+--------------+--------------+--------------+--------------+--------------+--------------+--------------+--------------+--------------+--------------+--------------+--------------+--------------+--------------+--------------+--------------+--------------+--------------+--------------+--------------+--------------+
+----------------------------+---------+------------+------------+------------+------------+------------+------------+------------+------------+------------+------------+-------------+-------------+-------------+-------------+-------------+-------------+-------------+-------------+-------------+-------------+-------------+-------------+-------------+-------------+-------------+-------------+-------------+-------------+-------------+-------------+-------------+-------------+-------------+-------------+-------------+-------------+-------------+-------------+-------------+-------------+-------------+-------------+-------------+-------------+-------------+-------------+-------------+-------------+-------------+-------------+-------------+-------------+-------------+-------------+-------------+-------------+-------------+-------------+-------------+-------------+-------------+-------------+-------------+-------------+-------------+-------------+-------------+-------------+-------------+-------------+-------------+-------------+-------------+-------------+-------------+-------------+-------------+-------------+-------------+-------------+-------------+-------------+-------------+-------------+-------------+-------------+-------------+-------------+-------------+-------------+-------------+-------------+-------------+-------------+-------------+-------------+-------------+-------------+-------------+-------------+--------------+--------------+--------------+--------------+--------------+--------------+--------------+--------------+--------------+--------------+--------------+--------------+--------------+--------------+--------------+--------------+--------------+--------------+--------------+--------------+--------------+--------------+--------------+--------------+--------------+--------------+--------------+--------------+--------------+--------------+--------------+--------------+--------------+--------------+--------------+--------------+--------------+--------------+--------------+--------------+--------------+--------------+--------------+--------------+--------------+--------------+--------------+--------------+--------------+--------------+--------------+--------------+--------------+--------------+--------------+--------------+--------------+--------------+--------------+--------------+--------------+--------------+--------------+--------------+--------------+--------------+--------------+--------------+--------------+--------------+--------------+--------------+--------------+--------------+--------------+--------------+--------------+--------------+--------------+--------------+--------------+--------------+--------------+--------------+--------------+--------------+--------------+--------------+--------------+--------------+--------------+--------------+--------------+--------------+--------------+--------------+--------------+--------------+--------------+--------------+--------------+--------------+--------------+--------------+--------------+--------------+--------------+--------------+--------------+--------------+--------------+--------------+--------------+--------------+--------------+--------------+--------------+--------------+--------------+--------------+--------------+--------------+--------------+--------------+--------------+--------------+--------------+--------------+--------------+--------------+--------------+--------------+--------------+--------------+--------------+--------------+--------------+--------------+--------------+--------------+--------------+--------------+--------------+--------------+--------------+--------------+--------------+--------------+--------------+--------------+--------------+--------------+--------------+--------------+--------------+--------------+
|            Event           | Counter | HWThread 0 | HWThread 1 | HWThread 2 | HWThread 3 | HWThread 4 | HWThread 5 | HWThread 6 | HWThread 7 | HWThread 8 | HWThread 9 | HWThread 10 | HWThread 11 | HWThread 12 | HWThread 13 | HWThread 14 | HWThread 15 | HWThread 16 | HWThread 17 | HWThread 18 | HWThread 19 | HWThread 20 | HWThread 21 | HWThread 22 | HWThread 23 | HWThread 24 | HWThread 25 | HWThread 26 | HWThread 27 | HWThread 28 | HWThread 29 | HWThread 30 | HWThread 31 | HWThread 32 | HWThread 33 | HWThread 34 | HWThread 35 | HWThread 36 | HWThread 37 | HWThread 38 | HWThread 39 | HWThread 40 | HWThread 41 | HWThread 42 | HWThread 43 | HWThread 44 | HWThread 45 | HWThread 46 | HWThread 47 | HWThread 48 | HWThread 49 | HWThread 50 | HWThread 51 | HWThread 52 | HWThread 53 | HWThread 54 | HWThread 55 | HWThread 56 | HWThread 57 | HWThread 58 | HWThread 59 | HWThread 60 | HWThread 61 | HWThread 62 | HWThread 63 | HWThread 64 | HWThread 65 | HWThread 66 | HWThread 67 | HWThread 68 | HWThread 69 | HWThread 70 | HWThread 71 | HWThread 72 | HWThread 73 | HWThread 74 | HWThread 75 | HWThread 76 | HWThread 77 | HWThread 78 | HWThread 79 | HWThread 80 | HWThread 81 | HWThread 82 | HWThread 83 | HWThread 84 | HWThread 85 | HWThread 86 | HWThread 87 | HWThread 88 | HWThread 89 | HWThread 90 | HWThread 91 | HWThread 92 | HWThread 93 | HWThread 94 | HWThread 95 | HWThread 96 | HWThread 97 | HWThread 98 | HWThread 99 | HWThread 100 | HWThread 101 | HWThread 102 | HWThread 103 | HWThread 104 | HWThread 105 | HWThread 106 | HWThread 107 | HWThread 108 | HWThread 109 | HWThread 110 | HWThread 111 | HWThread 112 | HWThread 113 | HWThread 114 | HWThread 115 | HWThread 116 | HWThread 117 | HWThread 118 | HWThread 119 | HWThread 120 | HWThread 121 | HWThread 122 | HWThread 123 | HWThread 124 | HWThread 125 | HWThread 126 | HWThread 127 | HWThread 128 | HWThread 129 | HWThread 130 | HWThread 131 | HWThread 132 | HWThread 133 | HWThread 134 | HWThread 135 | HWThread 136 | HWThread 137 | HWThread 138 | HWThread 139 | HWThread 140 | HWThread 141 | HWThread 142 | HWThread 143 | HWThread 144 | HWThread 145 | HWThread 146 | HWThread 147 | HWThread 148 | HWThread 149 | HWThread 150 | HWThread 151 | HWThread 152 | HWThread 153 | HWThread 154 | HWThread 155 | HWThread 156 | HWThread 157 | HWThread 158 | HWThread 159 | HWThread 160 | HWThread 161 | HWThread 162 | HWThread 163 | HWThread 164 | HWThread 165 | HWThread 166 | HWThread 167 | HWThread 168 | HWThread 169 | HWThread 170 | HWThread 171 | HWThread 172 | HWThread 173 | HWThread 174 | HWThread 175 | HWThread 176 | HWThread 177 | HWThread 178 | HWThread 179 | HWThread 180 | HWThread 181 | HWThread 182 | HWThread 183 | HWThread 184 | HWThread 185 | HWThread 186 | HWThread 187 | HWThread 188 | HWThread 189 | HWThread 190 | HWThread 191 | HWThread 192 | HWThread 193 | HWThread 194 | HWThread 195 | HWThread 196 | HWThread 197 | HWThread 198 | HWThread 199 | HWThread 200 | HWThread 201 | HWThread 202 | HWThread 203 | HWThread 204 | HWThread 205 | HWThread 206 | HWThread 207 | HWThread 208 | HWThread 209 | HWThread 210 | HWThread 211 | HWThread 212 | HWThread 213 | HWThread 214 | HWThread 215 | HWThread 216 | HWThread 217 | HWThread 218 | HWThread 219 | HWThread 220 | HWThread 221 | HWThread 222 | HWThread 223 | HWThread 224 | HWThread 225 | HWThread 226 | HWThread 227 | HWThread 228 | HWThread 229 | HWThread 230 | HWThread 231 | HWThread 232 | HWThread 233 | HWThread 234 | HWThread 235 | HWThread 236 | HWThread 237 | HWThread 238 | HWThread 239 | HWThread 240 | HWThread 241 | HWThread 242 | HWThread 243 | HWThread 244 | HWThread 245 | HWThread 246 | HWThread 247 | HWThread 248 | HWThread 249 | HWThread 250 | HWThread 251 | HWThread 252 | HWThread 253 | HWThread 254 | HWThread 255 |
+----------------------------+---------+------------+------------+------------+------------+------------+------------+------------+------------+------------+------------+-------------+-------------+-------------+-------------+-------------+-------------+-------------+-------------+-------------+-------------+-------------+-------------+-------------+-------------+-------------+-------------+-------------+-------------+-------------+-------------+-------------+-------------+-------------+-------------+-------------+-------------+-------------+-------------+-------------+-------------+-------------+-------------+-------------+-------------+-------------+-------------+-------------+-------------+-------------+-------------+-------------+-------------+-------------+-------------+-------------+-------------+-------------+-------------+-------------+-------------+-------------+-------------+-------------+-------------+-------------+-------------+-------------+-------------+-------------+-------------+-------------+-------------+-------------+-------------+-------------+-------------+-------------+-------------+-------------+-------------+-------------+-------------+-------------+-------------+-------------+-------------+-------------+-------------+-------------+-------------+-------------+-------------+-------------+-------------+-------------+-------------+-------------+-------------+-------------+-------------+--------------+--------------+--------------+--------------+--------------+--------------+--------------+--------------+--------------+--------------+--------------+--------------+--------------+--------------+--------------+--------------+--------------+--------------+--------------+--------------+--------------+--------------+--------------+--------------+--------------+--------------+--------------+--------------+--------------+--------------+--------------+--------------+--------------+--------------+--------------+--------------+--------------+--------------+--------------+--------------+--------------+--------------+--------------+--------------+--------------+--------------+--------------+--------------+--------------+--------------+--------------+--------------+--------------+--------------+--------------+--------------+--------------+--------------+--------------+--------------+--------------+--------------+--------------+--------------+--------------+--------------+--------------+--------------+--------------+--------------+--------------+--------------+--------------+--------------+--------------+--------------+--------------+--------------+--------------+--------------+--------------+--------------+--------------+--------------+--------------+--------------+--------------+--------------+--------------+--------------+--------------+--------------+--------------+--------------+--------------+--------------+--------------+--------------+--------------+--------------+--------------+--------------+--------------+--------------+--------------+--------------+--------------+--------------+--------------+--------------+--------------+--------------+--------------+--------------+--------------+--------------+--------------+--------------+--------------+--------------+--------------+--------------+--------------+--------------+--------------+--------------+--------------+--------------+--------------+--------------+--------------+--------------+--------------+--------------+--------------+--------------+--------------+--------------+--------------+--------------+--------------+--------------+--------------+--------------+--------------+--------------+--------------+--------------+--------------+--------------+--------------+--------------+--------------+--------------+--------------+--------------+
|      ACTUAL_CPU_CLOCK      |  FIXC1  | 6139954000 | 6139500000 | 6137978000 | 6140379000 | 6139670000 | 6139764000 | 6139766000 | 6138970000 | 6080817000 | 6081323000 |  6083073000 |  6083306000 |  6083015000 |  6080436000 |  6083149000 |  6083259000 |  6094361000 |  6094464000 |  6094359000 |  6090976000 |  6094609000 |  6091880000 |  6092778000 |  6095073000 |  6099967000 |  6100474000 |  6097685000 |  6100391000 |  6100622000 |  6100440000 |  6097342000 |  6099134000 |  6040226000 |  6039805000 |  6039686000 |  6040354000 |  6039000000 |  6040092000 |  6039231000 |  6038395000 |  6081299000 |  6080084000 |  6079606000 |  6080005000 |  6080073000 |  6079254000 |  6081571000 |  6081444000 |  6098074000 |  6097012000 |  6098564000 |  6098497000 |  6098941000 |  6098221000 |  6096508000 |  6098475000 |  6094899000 |  6095643000 |  6093655000 |  6095273000 |  6093242000 |  6095109000 |  6095569000 |  6093578000 |  6077567000 |  6076906000 |  6078889000 |  6079134000 |  6079577000 |  6076763000 |  6076761000 |  6078357000 |  6098258000 |  6097968000 |  6097985000 |  6100134000 |  6099581000 |  6100194000 |  6100221000 |  6102118000 |  6087311000 |  6085158000 |  6084168000 |  6087435000 |  6086006000 |  6086848000 |  6086380000 |  6086942000 |  6129089000 |  6123128000 |  6126243000 |  6127299000 |  6125761000 |  6125281000 |  6125155000 |  6124413000 |  6096280000 |  6094230000 |  6094425000 |  6093903000 |   6097433000 |   6094728000 |   6096246000 |   6096304000 |   6081648000 |   6081822000 |   6081508000 |   6079276000 |   6079966000 |   6078941000 |   6081671000 |   6081601000 |   6134508000 |   6133359000 |   6135427000 |   6134658000 |   6135388000 |   6136039000 |   6138055000 |   6134943000 |   6102332000 |   6103480000 |   6102709000 |   6101203000 |   6100580000 |   6100077000 |   6104904000 |   6100441000 |   6126873000 |   6127704000 |   6127359000 |   6127124000 |   6125988000 |   6126257000 |   6124856000 |   6125503000 |   6159711000 |   6160098000 |   6162217000 |   6162200000 |   6159696000 |   6163942000 |   6163180000 |   6160712000 |   6163124000 |   6163118000 |   6165091000 |   6165088000 |   6165566000 |   6163041000 |   6163445000 |   6163115000 |   6144143000 |   6145746000 |   6146013000 |   6144090000 |   6143588000 |   6145834000 |   6145927000 |   6144291000 |   6101630000 |   6100147000 |   6100020000 |   6102546000 |   6101431000 |   6102511000 |   6102489000 |   6101646000 |   6109746000 |   6111097000 |   6110966000 |   6110821000 |   6111755000 |   6111541000 |   6112163000 |   6112884000 |   6076845000 |   6077712000 |   6076844000 |   6077692000 |   6077656000 |   6078323000 |   6078915000 |   6078987000 |   6168333000 |   6167637000 |   6167645000 |   6168023000 |   6166718000 |   6168336000 |   6167909000 |   6167861000 |   6128163000 |   6129988000 |   6127757000 |   6126328000 |   6125825000 |   6127584000 |   6129335000 |   6126822000 |   6134756000 |   6134958000 |   6134189000 |   6134207000 |   6135992000 |   6133251000 |   6132631000 |   6134860000 |   6132788000 |   6136025000 |   6132845000 |   6132735000 |   6136309000 |   6134910000 |   6135590000 |   6134678000 |   6187250000 |   6189656000 |   6189317000 |   6188914000 |   6186415000 |   6187685000 |   6190888000 |   6186055000 |   6155916000 |   6156155000 |   6157719000 |   6154204000 |   6154462000 |   6154403000 |   6156170000 |   6155944000 |   6154150000 |   6157820000 |   6157462000 |   6153792000 |   6155141000 |   6153005000 |   6154047000 |   6159828000 |   6107318000 |   6109498000 |   6108306000 |   6106970000 |   6109015000 |   6106833000 |   6108314000 |   6103947000 |   6140855000 |   6140867000 |   6140777000 |   6140975000 |   6143391000 |   6142224000 |   6143196000 |   6143199000 |
|        MAX_CPU_CLOCK       |  FIXC2  | 5779029000 | 5779662000 | 5776606000 | 5779613000 | 5777538000 | 5777714000 | 5777432000 | 5778184000 | 5776376000 | 5776772000 |  5779858000 |  5779951000 |  5777624000 |  5776704000 |  5779952000 |  5779268000 |  5777682000 |  5777737000 |  5777684000 |  5775237000 |  5777838000 |  5775603000 |  5776489000 |  5778345000 |  5777806000 |  5779315000 |  5776292000 |  5779450000 |  5779716000 |  5779283000 |  5776565000 |  5777527000 |  5777486000 |  5777863000 |  5777194000 |  5777639000 |  5776363000 |  5777924000 |  5776569000 |  5776562000 |  5777529000 |  5776698000 |  5776851000 |  5776649000 |  5776683000 |  5776526000 |  5777694000 |  5778327000 |  5775677000 |  5775710000 |  5776556000 |  5777177000 |  5776641000 |  5776613000 |  5775064000 |  5776437000 |  5774850000 |  5776043000 |  5774904000 |  5775076000 |  5773585000 |  5775134000 |  5776378000 |  5773810000 |  5776922000 |  5776953000 |  5778842000 |  5777565000 |  5779461000 |  5777738000 |  5777708000 |  5779175000 |  5774973000 |  5775405000 |  5774006000 |  5776382000 |  5775019000 |  5776432000 |  5776623000 |  5777428000 |  5779523000 |  5776774000 |  5776760000 |  5777816000 |  5776715000 |  5778696000 |  5777832000 |  5778883000 |  5780632000 |  5773547000 |  5778117000 |  5778912000 |  5776725000 |  5776531000 |  5776223000 |  5774710000 |  5774867000 |  5773758000 |  5773492000 |  5773695000 |   5776254000 |   5773732000 |   5774849000 |   5774886000 |   5777727000 |   5777872000 |   5777671000 |   5776577000 |   5776881000 |   5776430000 |   5777781000 |   5777711000 |   5776258000 |   5775177000 |   5776849000 |   5776287000 |   5776898000 |   5776711000 |   5779438000 |   5776515000 |   5774835000 |   5776968000 |   5776261000 |   5774125000 |   5773799000 |   5773781000 |   5777522000 |   5773457000 |   5776733000 |   5778716000 |   5777308000 |   5777704000 |   5776412000 |   5776484000 |   5775332000 |   5776428000 |   5775380000 |   5775683000 |   5776622000 |   5776622000 |   5775383000 |   5778611000 |   5777489000 |   5775504000 |   5775702000 |   5775715000 |   5776450000 |   5776452000 |   5776360000 |   5775567000 |   5775214000 |   5775695000 |   5775275000 |   5776437000 |   5776973000 |   5775305000 |   5775512000 |   5776561000 |   5776525000 |   5775290000 |   5776296000 |   5775102000 |   5774971000 |   5777755000 |   5776227000 |   5777848000 |   5777848000 |   5776306000 |   5775268000 |   5776531000 |   5776320000 |   5776293000 |   5776553000 |   5776174000 |   5777579000 |   5777429000 |   5777699000 |   5777553000 |   5777699000 |   5777558000 |   5777559000 |   5779389000 |   5779238000 |   5779132000 |   5776535000 |   5776631000 |   5777431000 |   5776916000 |   5775362000 |   5776535000 |   5776852000 |   5776821000 |   5776565000 |   5777799000 |   5776547000 |   5775229000 |   5775120000 |   5776431000 |   5777984000 |   5775557000 |   5776241000 |   5776552000 |   5776435000 |   5776480000 |   5777867000 |   5775343000 |   5775668000 |   5776606000 |   5775950000 |   5776672000 |   5775223000 |   5775808000 |   5777597000 |   5776570000 |   5776338000 |   5776657000 |   5777078000 |   5777402000 |   5777873000 |   5778450000 |   5775384000 |   5776363000 |   5779494000 |   5775120000 |   5776620000 |   5776270000 |   5777664000 |   5775175000 |   5775409000 |   5775638000 |   5776237000 |   5776313000 |   5775775000 |   5778956000 |   5778724000 |   5775363000 |   5774397000 |   5773818000 |   5775695000 |   5780064000 |   5776441000 |   5777504000 |   5777354000 |   5776974000 |   5777676000 |   5776718000 |   5777380000 |   5774046000 |   5775123000 |   5775130000 |   5775157000 |   5775216000 |   5776026000 |   5776343000 |   5777624000 |   5777679000 |
|    RETIRED_INSTRUCTIONS    |   PMC0  | 3832398000 | 3814910000 | 3815414000 | 3850956000 | 3810177000 | 3820896000 | 3807576000 | 3828133000 | 3809176000 | 3795923000 |  3825585000 |  3800031000 |  3801117000 |  3799230000 |  3796773000 |  3823267000 |  3792082000 |  3796043000 |  3806859000 |  3828949000 |  3819345000 |  3799057000 |  3817490000 |  3792861000 |  3827360000 |  3808905000 |  3811206000 |  3814151000 |  3810724000 |  3843184000 |  3808270000 |  3814909000 |  3794773000 |  3796213000 |  3816188000 |  3815402000 |  3810622000 |  3818382000 |  3806162000 |  3803154000 |  3832039000 |  3802282000 |  3808997000 |  3825492000 |  3839645000 |  3812580000 |  3798394000 |  3804054000 |  3803109000 |  3814574000 |  3823348000 |  3816343000 |  3812433000 |  3826135000 |  3823794000 |  3809700000 |  3818406000 |  3789994000 |  3797122000 |  3814238000 |  3780976000 |  3791057000 |  3785129000 |  3759124000 |  3823848000 |  3819129000 |  3804091000 |  3828312000 |  3801046000 |  3819402000 |  3815613000 |  3802744000 |  3800860000 |  3798543000 |  3800758000 |  3792755000 |  3790770000 |  3801276000 |  3810396000 |  3803946000 |  3820495000 |  3816472000 |  3810713000 |  3805848000 |  3838325000 |  3817655000 |  3818934000 |  3816849000 |  3831890000 |  3818620000 |  3837087000 |  3814118000 |  3821562000 |  3810808000 |  3798787000 |  3773937000 |  3821771000 |  3827199000 |  3817897000 |  3824339000 |   3846357000 |   3830157000 |   3815886000 |   3815983000 |   3818382000 |   3814663000 |   3828555000 |   3830223000 |   3827795000 |   3847276000 |   3817807000 |   3833002000 |   3816888000 |   3828150000 |   3832742000 |   3834691000 |   3823477000 |   3833063000 |   3824966000 |   3822093000 |   3823482000 |   3828207000 |   3828744000 |   3824877000 |   3835031000 |   3846203000 |   3827465000 |   3782182000 |   3824589000 |   3816765000 |   3832242000 |   3834771000 |   3848216000 |   3835744000 |   3826220000 |   3825700000 |   3829625000 |   3822536000 |   3829373000 |   3829592000 |   3850147000 |   3842571000 |   3814498000 |   3826563000 |   3822020000 |   3808454000 |   3797085000 |   3803837000 |   3812732000 |   3794125000 |   3803561000 |   3792818000 |   3826370000 |   3826972000 |   3825198000 |   3833952000 |   3808224000 |   3841515000 |   3823482000 |   3776039000 |   3800388000 |   3806854000 |   3807000000 |   3819101000 |   3833117000 |   3835795000 |   3807919000 |   3824720000 |   3820175000 |   3832538000 |   3848357000 |   3829940000 |   3842774000 |   3823679000 |   3818184000 |   3810412000 |   3800260000 |   3811933000 |   3815170000 |   3816395000 |   3812569000 |   3820713000 |   3794020000 |   3828522000 |   3834018000 |   3824037000 |   3841855000 |   3822066000 |   3833644000 |   3826973000 |   3814395000 |   3778847000 |   3822343000 |   3830886000 |   3838924000 |   3851622000 |   3854230000 |   3834986000 |   3832034000 |   3833328000 |   3812836000 |   3801038000 |   3825063000 |   3810834000 |   3826852000 |   3826250000 |   3816547000 |   3824680000 |   3821357000 |   3829902000 |   3830725000 |   3832631000 |   3826444000 |   3836302000 |   3826004000 |   3825045000 |   3827373000 |   3852455000 |   3863827000 |   3834595000 |   3848878000 |   3847181000 |   3836765000 |   3795445000 |   3815864000 |   3821918000 |   3826244000 |   3814123000 |   3845803000 |   3829724000 |   3819511000 |   3819454000 |   3837406000 |   3841716000 |   3845589000 |   3847294000 |   3861521000 |   3848934000 |   3857734000 |   3824888000 |   3838128000 |   3823403000 |   3817835000 |   3828633000 |   3832524000 |   3829319000 |   3821200000 |   3824865000 |   3809364000 |   3811979000 |   3815036000 |   3833600000 |   3821715000 |   3812930000 |   3804344000 |   3769522000 |
|     CPU_CLOCKS_UNHALTED    |   PMC1  | 6062081000 | 6070965000 | 6064404000 | 6071114000 | 6065553000 | 6065197000 | 6065701000 | 6065766000 | 6005280000 | 6004867000 |  6007916000 |  6008245000 |  6006100000 |  6005403000 |  6009961000 |  6009840000 |  6017682000 |  6017297000 |  6017488000 |  6016521000 |  6017566000 |  6016733000 |  6016593000 |  6019928000 |  6024474000 |  6026281000 |  6023468000 |  6027862000 |  6030412000 |  6026255000 |  6027568000 |  6024956000 |  5970780000 |  5970726000 |  5970070000 |  5969761000 |  5968575000 |  5969885000 |  5969322000 |  5969204000 |  6009334000 |  6009670000 |  6008471000 |  6008936000 |  6009078000 |  6006909000 |  6006356000 |  6008904000 |  6027820000 |  6026189000 |  6027277000 |  6027781000 |  6027129000 |  6027833000 |  6025433000 |  6027376000 |  6037678000 |  6037300000 |  6037001000 |  6037817000 |  6036268000 |  6038357000 |  6037707000 |  6038493000 |  6003608000 |  6003595000 |  6006045000 |  6004409000 |  6005714000 |  6006058000 |  6006016000 |  6005902000 |  6025996000 |  6026796000 |  6027246000 |  6027127000 |  6028531000 |  6027152000 |  6026525000 |  6026521000 |  6013773000 |  6011265000 |  6010593000 |  6011562000 |  6010984000 |  6013602000 |  6011887000 |  6013551000 |  6077898000 |  6067123000 |  6071828000 |  6079271000 |  6071684000 |  6067238000 |  6070833000 |  6068603000 |  6026020000 |  6024617000 |  6024547000 |  6025216000 |   6024720000 |   6024896000 |   6025733000 |   6026058000 |   6011042000 |   6010315000 |   6010352000 |   6009830000 |   6009162000 |   6009558000 |   6010239000 |   6010080000 |   6063813000 |   6062223000 |   6073466000 |   6064048000 |   6062898000 |   6061647000 |   6068774000 |   6068511000 |   6052481000 |   6059649000 |   6052733000 |   6051829000 |   6051972000 |   6051312000 |   6052997000 |   6051744000 |   6027956000 |   6029072000 |   6028427000 |   6029520000 |   6028263000 |   6029892000 |   6026656000 |   6026615000 |   6063805000 |   6062855000 |   6064061000 |   6063783000 |   6062675000 |   6065376000 |   6064602000 |   6063377000 |   6063854000 |   6063379000 |   6064319000 |   6064693000 |   6063350000 |   6063465000 |   6063424000 |   6063742000 |   6060714000 |   6062373000 |   6060546000 |   6060579000 |   6060316000 |   6061800000 |   6060730000 |   6060624000 |   6004967000 |   6001486000 |   6002476000 |   6005080000 |   6003637000 |   6005371000 |   6005398000 |   6005595000 |   6012496000 |   6013034000 |   6013948000 |   6015270000 |   6013760000 |   6013246000 |   6014264000 |   6015448000 |   5976694000 |   5977158000 |   5976872000 |   5976372000 |   5976580000 |   5978263000 |   5978664000 |   5978312000 |   6083115000 |   6082502000 |   6082605000 |   6082395000 |   6082194000 |   6083110000 |   6081424000 |   6082002000 |   6030410000 |   6031829000 |   6031743000 |   6031473000 |   6030379000 |   6031482000 |   6031478000 |   6030625000 |   6035865000 |   6035798000 |   6035133000 |   6035473000 |   6035479000 |   6034894000 |   6035807000 |   6035653000 |   6034263000 |   6034510000 |   6034100000 |   6034438000 |   6035701000 |   6034791000 |   6033776000 |   6035734000 |   6102909000 |   6102632000 |   6103951000 |   6108925000 |   6102371000 |   6105769000 |   6108600000 |   6101506000 |   6060961000 |   6060364000 |   6058550000 |   6058263000 |   6057864000 |   6058053000 |   6059308000 |   6058845000 |   6058704000 |   6069895000 |   6069848000 |   6060433000 |   6058737000 |   6058113000 |   6058685000 |   6068871000 |   6006918000 |   6008438000 |   6008379000 |   6008102000 |   6008359000 |   6007052000 |   6008836000 |   6007531000 |   6052374000 |   6052958000 |   6052280000 |   6052999000 |   6053240000 |   6054117000 |   6055237000 |   6054702000 |
| REQUESTS_TO_L2_GRP1_RD_ANY |   PMC2  | 2149117000 | 2148982000 | 2148603000 | 2148518000 | 2148742000 | 2148809000 | 2148822000 | 2148860000 | 2148516000 | 2148920000 |  2148371000 |  2148594000 |  2148628000 |  2148865000 |  2148626000 |  2148556000 |  2148812000 |  2148934000 |  2148445000 |  2148246000 |  2148431000 |  2148892000 |  2148506000 |  2149343000 |  2148503000 |  2148872000 |  2148509000 |  2148697000 |  2148718000 |  2148393000 |  2148730000 |  2148897000 |  2149086000 |  2149216000 |  2148696000 |  2150146000 |  2148890000 |  2148863000 |  2148940000 |  2149191000 |  2148781000 |  2149289000 |  2148808000 |  2148672000 |  2148651000 |  2149065000 |  2149107000 |  2149279000 |  2149035000 |  2149049000 |  2148640000 |  2148816000 |  2148856000 |  2148864000 |  2148764000 |  2149209000 |  2149412000 |  2149582000 |  2149399000 |  2149318000 |  2150153000 |  2149640000 |  2149732000 |  2153749000 |  2148769000 |  2148947000 |  2148846000 |  2148693000 |  2149476000 |  2148864000 |  2148805000 |  2149180000 |  2148928000 |  2149272000 |  2148737000 |  2149008000 |  2149031000 |  2149048000 |  2148846000 |  2149049000 |  2148831000 |  2149036000 |  2148886000 |  2148928000 |  2148669000 |  2149000000 |  2148875000 |  2149087000 |  2150317000 |  2150371000 |  2150672000 |  2151124000 |  2150407000 |  2150711000 |  2151531000 |  2155133000 |  2148956000 |  2148913000 |  2148891000 |  2148835000 |   2148757000 |   2149020000 |   2149536000 |   2149181000 |   2149318000 |   2149118000 |   2148732000 |   2149131000 |   2149007000 |   2148703000 |   2149248000 |   2149001000 |   2149469000 |   2149050000 |   2149019000 |   2148797000 |   2148898000 |   2149017000 |   2149201000 |   2149204000 |   2150360000 |   2150528000 |   2151029000 |   2149297000 |   2150534000 |   2150322000 |   2150725000 |   2155466000 |   2149304000 |   2149538000 |   2148957000 |   2148799000 |   2148719000 |   2149370000 |   2149079000 |   2149404000 |   2148930000 |   2149073000 |   2148949000 |   2148915000 |   2148690000 |   2148962000 |   2149378000 |   2149170000 |   2148922000 |   2149083000 |   2149002000 |   2148945000 |   2148826000 |   2150010000 |   2149108000 |   2149452000 |   2150271000 |   2150473000 |   2150980000 |   2150233000 |   2150438000 |   2150501000 |   2150522000 |   2155510000 |   2149317000 |   2149261000 |   2149361000 |   2148817000 |   2148776000 |   2148818000 |   2148916000 |   2148889000 |   2149331000 |   2148938000 |   2148588000 |   2148761000 |   2148699000 |   2149279000 |   2149513000 |   2149345000 |   2149174000 |   2149154000 |   2148782000 |   2148955000 |   2149399000 |   2148933000 |   2149180000 |   2149073000 |   2150734000 |   2149676000 |   2150545000 |   2149421000 |   2150655000 |   2150006000 |   2149237000 |   2155924000 |   2149241000 |   2149246000 |   2148925000 |   2148680000 |   2148826000 |   2149148000 |   2149061000 |   2149225000 |   2149015000 |   2149409000 |   2148812000 |   2149250000 |   2148933000 |   2149053000 |   2148875000 |   2149158000 |   2148968000 |   2148885000 |   2148637000 |   2149052000 |   2148908000 |   2148820000 |   2148825000 |   2149154000 |   2149376000 |   2150245000 |   2150180000 |   2150424000 |   2150448000 |   2151148000 |   2151269000 |   2156604000 |   2149501000 |   2149258000 |   2148865000 |   2149250000 |   2148741000 |   2149050000 |   2149146000 |   2149346000 |   2149397000 |   2149249000 |   2148853000 |   2148910000 |   2148746000 |   2148894000 |   2148762000 |   2149473000 |   2148819000 |   2149134000 |   2148869000 |   2148830000 |   2148770000 |   2149334000 |   2148985000 |   2149043000 |   2150441000 |   2150651000 |   2150514000 |   2150266000 |   2150583000 |   2150782000 |   2150843000 |   2154973000 |
|     L2_PF_HIT_IN_L2_ALL    |   PMC3  |  985316300 | 1109859000 | 1096140000 |  787154200 | 1172601000 |  996516600 | 1206510000 |  963447900 | 1024075000 | 1098849000 |   841601700 |  1039951000 |  1079133000 |  1034040000 |  1152956000 |   875364800 |  1194765000 |  1090469000 |   997592400 |   788146200 |   866008600 |  1025229000 |   923077300 |  1119693000 |   974774700 |  1089794000 |  1085585000 |  1028974000 |  1124957000 |   787836600 |  1150982000 |  1033062000 |  1155664000 |  1094221000 |   906944000 |   825192100 |   976100300 |   856543900 |  1038919000 |  1021251000 |   877293800 |  1098645000 |  1056931000 |   843744700 |   765886400 |   956422900 |  1193131000 |  1069484000 |  1151542000 |   997033000 |   894427100 |   939855800 |  1027066000 |   851427600 |   926824800 |  1022502000 |   887140300 |  1095906000 |  1032336000 |   873452100 |  1120582000 |  1062878000 |  1121869000 |  1360819000 |   898387000 |   896736700 |  1058456000 |   800599900 |  1087733000 |   847868700 |   944241400 |  1024308000 |  1031499000 |  1010016000 |  1011411000 |  1039862000 |  1137458000 |   960037100 |   949797500 |   967745700 |   974658900 |   961292200 |  1046800000 |  1033084000 |   787970700 |   928253600 |   985545000 |   948385100 |   870239400 |   923574900 |   806849600 |   944043400 |   845681700 |   937920100 |  1086121000 |  1323166000 |   998751900 |   881282400 |  1036053000 |   888728800 |    737661600 |    836258600 |   1071859000 |   1000642000 |   1070001000 |   1039243000 |    934570200 |    869018300 |    898238200 |    751224400 |   1085245000 |    874085200 |   1175687000 |    982372400 |    940649600 |    888079800 |   1014543000 |    899138000 |   1039497000 |   1062709000 |    950220400 |    901948400 |    906873800 |    935850900 |    787254600 |    761983300 |    881556700 |   1287265000 |   1067300000 |   1112747000 |    936693400 |    878579400 |    809791400 |    877278300 |   1067496000 |    991841300 |   1043674000 |   1028525000 |   1005807000 |    958406800 |    797867500 |    847380400 |   1242305000 |    973944700 |    957414100 |    981445500 |   1159945000 |   1015548000 |    933298300 |   1103170000 |   1070739000 |   1150812000 |    896059300 |    872278400 |    901745000 |    802117600 |    989571500 |    770106000 |    885016200 |   1423662000 |   1191373000 |   1039071000 |   1041536000 |    863267200 |    810448900 |    772472000 |   1044032000 |    873447100 |   1013146000 |    871539200 |    743772000 |    870370000 |    787816800 |    914779100 |   1080964000 |   1071823000 |   1172499000 |   1001481000 |    923478900 |    911882400 |   1003890000 |    871150700 |   1245439000 |    858219100 |    871898700 |    955988200 |    799473100 |    964568700 |    788006200 |    879357900 |   1073568000 |   1409878000 |   1124542000 |    972225600 |    917292700 |    756817900 |    755845800 |    899197700 |   1002662000 |    934379900 |   1095685000 |   1162934000 |    944914300 |   1015533000 |    942196400 |    865297700 |   1000165000 |    914535700 |   1080178000 |    902649000 |    890256800 |    878295700 |    980159100 |    827316500 |    964253800 |    967945800 |   1133193000 |    826024700 |    757399500 |    946268700 |    796442900 |    826939800 |    950382000 |   1217932000 |   1128427000 |    995808200 |    918037000 |   1032653000 |    780965100 |    865154700 |   1052825000 |    991577500 |   1106728000 |    999040900 |    990451300 |    898929700 |    811412000 |    855667000 |    880213800 |   1154997000 |    874456200 |    986580000 |   1079708000 |    885787100 |    861021100 |    884443900 |   1063432000 |    921335300 |   1007538000 |    956594600 |    953660500 |    800578700 |    824790100 |    909797100 |   1014937000 |   1461835000 |
+----------------------------+---------+------------+------------+------------+------------+------------+------------+------------+------------+------------+------------+-------------+-------------+-------------+-------------+-------------+-------------+-------------+-------------+-------------+-------------+-------------+-------------+-------------+-------------+-------------+-------------+-------------+-------------+-------------+-------------+-------------+-------------+-------------+-------------+-------------+-------------+-------------+-------------+-------------+-------------+-------------+-------------+-------------+-------------+-------------+-------------+-------------+-------------+-------------+-------------+-------------+-------------+-------------+-------------+-------------+-------------+-------------+-------------+-------------+-------------+-------------+-------------+-------------+-------------+-------------+-------------+-------------+-------------+-------------+-------------+-------------+-------------+-------------+-------------+-------------+-------------+-------------+-------------+-------------+-------------+-------------+-------------+-------------+-------------+-------------+-------------+-------------+-------------+-------------+-------------+-------------+-------------+-------------+-------------+-------------+-------------+-------------+-------------+-------------+-------------+--------------+--------------+--------------+--------------+--------------+--------------+--------------+--------------+--------------+--------------+--------------+--------------+--------------+--------------+--------------+--------------+--------------+--------------+--------------+--------------+--------------+--------------+--------------+--------------+--------------+--------------+--------------+--------------+--------------+--------------+--------------+--------------+--------------+--------------+--------------+--------------+--------------+--------------+--------------+--------------+--------------+--------------+--------------+--------------+--------------+--------------+--------------+--------------+--------------+--------------+--------------+--------------+--------------+--------------+--------------+--------------+--------------+--------------+--------------+--------------+--------------+--------------+--------------+--------------+--------------+--------------+--------------+--------------+--------------+--------------+--------------+--------------+--------------+--------------+--------------+--------------+--------------+--------------+--------------+--------------+--------------+--------------+--------------+--------------+--------------+--------------+--------------+--------------+--------------+--------------+--------------+--------------+--------------+--------------+--------------+--------------+--------------+--------------+--------------+--------------+--------------+--------------+--------------+--------------+--------------+--------------+--------------+--------------+--------------+--------------+--------------+--------------+--------------+--------------+--------------+--------------+--------------+--------------+--------------+--------------+--------------+--------------+--------------+--------------+--------------+--------------+--------------+--------------+--------------+--------------+--------------+--------------+--------------+--------------+--------------+--------------+--------------+--------------+--------------+--------------+--------------+--------------+--------------+--------------+--------------+--------------+--------------+--------------+--------------+--------------+--------------+--------------+--------------+--------------+--------------+--------------+
+---------------------------------+---------+---------------+------------+------------+--------------+
|              Event              | Counter |      Sum      |     Min    |     Max    |      Avg     |
+---------------------------------+---------+---------------+------------+------------+--------------+
|      ACTUAL_CPU_CLOCK STAT      |  FIXC1  | 1565853492000 | 6038395000 | 6190888000 | 6.116615e+09 |
|        MAX_CPU_CLOCK STAT       |  FIXC2  | 1478836922000 | 5773457000 | 5780632000 | 5.776707e+09 |
|    RETIRED_INSTRUCTIONS STAT    |   PMC0  |  977819368000 | 3759124000 | 3863827000 | 3.819607e+09 |
|     CPU_CLOCKS_UNHALTED STAT    |   PMC1  | 1544917429000 | 5968575000 | 6108925000 | 6.034834e+09 |
| REQUESTS_TO_L2_GRP1_RD_ANY STAT |   PMC2  |  550248743000 | 2148246000 | 2156604000 | 2.149409e+09 |
|     L2_PF_HIT_IN_L2_ALL STAT    |   PMC3  |  249777175300 |  737661600 | 1461835000 | 9.756921e+08 |
+---------------------------------+---------+---------------+------------+------------+--------------+
+-------------------------------+------------+------------+------------+------------+------------+------------+------------+------------+------------+------------+-------------+-------------+-------------+-------------+-------------+-------------+-------------+-------------+-------------+-------------+-------------+-------------+-------------+-------------+-------------+-------------+-------------+-------------+-------------+-------------+-------------+-------------+-------------+-------------+-------------+-------------+-------------+-------------+-------------+-------------+-------------+-------------+-------------+-------------+-------------+-------------+-------------+-------------+-------------+-------------+-------------+-------------+-------------+-------------+-------------+-------------+-------------+-------------+-------------+-------------+-------------+-------------+-------------+-------------+-------------+-------------+-------------+-------------+-------------+-------------+-------------+-------------+-------------+-------------+-------------+-------------+-------------+-------------+-------------+-------------+-------------+-------------+-------------+-------------+-------------+-------------+-------------+-------------+-------------+-------------+-------------+-------------+-------------+-------------+-------------+-------------+-------------+-------------+-------------+-------------+--------------+--------------+--------------+--------------+--------------+--------------+--------------+--------------+--------------+--------------+--------------+--------------+--------------+--------------+--------------+--------------+--------------+--------------+--------------+--------------+--------------+--------------+--------------+--------------+--------------+--------------+--------------+--------------+--------------+--------------+--------------+--------------+--------------+--------------+--------------+--------------+--------------+--------------+--------------+--------------+--------------+--------------+--------------+--------------+--------------+--------------+--------------+--------------+--------------+--------------+--------------+--------------+--------------+--------------+--------------+--------------+--------------+--------------+--------------+--------------+--------------+--------------+--------------+--------------+--------------+--------------+--------------+--------------+--------------+--------------+--------------+--------------+--------------+--------------+--------------+--------------+--------------+--------------+--------------+--------------+--------------+--------------+--------------+--------------+--------------+--------------+--------------+--------------+--------------+--------------+--------------+--------------+--------------+--------------+--------------+--------------+--------------+--------------+--------------+--------------+--------------+--------------+--------------+--------------+--------------+--------------+--------------+--------------+--------------+--------------+--------------+--------------+--------------+--------------+--------------+--------------+--------------+--------------+--------------+--------------+--------------+--------------+--------------+--------------+--------------+--------------+--------------+--------------+--------------+--------------+--------------+--------------+--------------+--------------+--------------+--------------+--------------+--------------+--------------+--------------+--------------+--------------+--------------+--------------+--------------+--------------+--------------+--------------+--------------+--------------+--------------+--------------+--------------+--------------+--------------+--------------+
|             Metric            | HWThread 0 | HWThread 1 | HWThread 2 | HWThread 3 | HWThread 4 | HWThread 5 | HWThread 6 | HWThread 7 | HWThread 8 | HWThread 9 | HWThread 10 | HWThread 11 | HWThread 12 | HWThread 13 | HWThread 14 | HWThread 15 | HWThread 16 | HWThread 17 | HWThread 18 | HWThread 19 | HWThread 20 | HWThread 21 | HWThread 22 | HWThread 23 | HWThread 24 | HWThread 25 | HWThread 26 | HWThread 27 | HWThread 28 | HWThread 29 | HWThread 30 | HWThread 31 | HWThread 32 | HWThread 33 | HWThread 34 | HWThread 35 | HWThread 36 | HWThread 37 | HWThread 38 | HWThread 39 | HWThread 40 | HWThread 41 | HWThread 42 | HWThread 43 | HWThread 44 | HWThread 45 | HWThread 46 | HWThread 47 | HWThread 48 | HWThread 49 | HWThread 50 | HWThread 51 | HWThread 52 | HWThread 53 | HWThread 54 | HWThread 55 | HWThread 56 | HWThread 57 | HWThread 58 | HWThread 59 | HWThread 60 | HWThread 61 | HWThread 62 | HWThread 63 | HWThread 64 | HWThread 65 | HWThread 66 | HWThread 67 | HWThread 68 | HWThread 69 | HWThread 70 | HWThread 71 | HWThread 72 | HWThread 73 | HWThread 74 | HWThread 75 | HWThread 76 | HWThread 77 | HWThread 78 | HWThread 79 | HWThread 80 | HWThread 81 | HWThread 82 | HWThread 83 | HWThread 84 | HWThread 85 | HWThread 86 | HWThread 87 | HWThread 88 | HWThread 89 | HWThread 90 | HWThread 91 | HWThread 92 | HWThread 93 | HWThread 94 | HWThread 95 | HWThread 96 | HWThread 97 | HWThread 98 | HWThread 99 | HWThread 100 | HWThread 101 | HWThread 102 | HWThread 103 | HWThread 104 | HWThread 105 | HWThread 106 | HWThread 107 | HWThread 108 | HWThread 109 | HWThread 110 | HWThread 111 | HWThread 112 | HWThread 113 | HWThread 114 | HWThread 115 | HWThread 116 | HWThread 117 | HWThread 118 | HWThread 119 | HWThread 120 | HWThread 121 | HWThread 122 | HWThread 123 | HWThread 124 | HWThread 125 | HWThread 126 | HWThread 127 | HWThread 128 | HWThread 129 | HWThread 130 | HWThread 131 | HWThread 132 | HWThread 133 | HWThread 134 | HWThread 135 | HWThread 136 | HWThread 137 | HWThread 138 | HWThread 139 | HWThread 140 | HWThread 141 | HWThread 142 | HWThread 143 | HWThread 144 | HWThread 145 | HWThread 146 | HWThread 147 | HWThread 148 | HWThread 149 | HWThread 150 | HWThread 151 | HWThread 152 | HWThread 153 | HWThread 154 | HWThread 155 | HWThread 156 | HWThread 157 | HWThread 158 | HWThread 159 | HWThread 160 | HWThread 161 | HWThread 162 | HWThread 163 | HWThread 164 | HWThread 165 | HWThread 166 | HWThread 167 | HWThread 168 | HWThread 169 | HWThread 170 | HWThread 171 | HWThread 172 | HWThread 173 | HWThread 174 | HWThread 175 | HWThread 176 | HWThread 177 | HWThread 178 | HWThread 179 | HWThread 180 | HWThread 181 | HWThread 182 | HWThread 183 | HWThread 184 | HWThread 185 | HWThread 186 | HWThread 187 | HWThread 188 | HWThread 189 | HWThread 190 | HWThread 191 | HWThread 192 | HWThread 193 | HWThread 194 | HWThread 195 | HWThread 196 | HWThread 197 | HWThread 198 | HWThread 199 | HWThread 200 | HWThread 201 | HWThread 202 | HWThread 203 | HWThread 204 | HWThread 205 | HWThread 206 | HWThread 207 | HWThread 208 | HWThread 209 | HWThread 210 | HWThread 211 | HWThread 212 | HWThread 213 | HWThread 214 | HWThread 215 | HWThread 216 | HWThread 217 | HWThread 218 | HWThread 219 | HWThread 220 | HWThread 221 | HWThread 222 | HWThread 223 | HWThread 224 | HWThread 225 | HWThread 226 | HWThread 227 | HWThread 228 | HWThread 229 | HWThread 230 | HWThread 231 | HWThread 232 | HWThread 233 | HWThread 234 | HWThread 235 | HWThread 236 | HWThread 237 | HWThread 238 | HWThread 239 | HWThread 240 | HWThread 241 | HWThread 242 | HWThread 243 | HWThread 244 | HWThread 245 | HWThread 246 | HWThread 247 | HWThread 248 | HWThread 249 | HWThread 250 | HWThread 251 | HWThread 252 | HWThread 253 | HWThread 254 | HWThread 255 |
+-------------------------------+------------+------------+------------+------------+------------+------------+------------+------------+------------+------------+-------------+-------------+-------------+-------------+-------------+-------------+-------------+-------------+-------------+-------------+-------------+-------------+-------------+-------------+-------------+-------------+-------------+-------------+-------------+-------------+-------------+-------------+-------------+-------------+-------------+-------------+-------------+-------------+-------------+-------------+-------------+-------------+-------------+-------------+-------------+-------------+-------------+-------------+-------------+-------------+-------------+-------------+-------------+-------------+-------------+-------------+-------------+-------------+-------------+-------------+-------------+-------------+-------------+-------------+-------------+-------------+-------------+-------------+-------------+-------------+-------------+-------------+-------------+-------------+-------------+-------------+-------------+-------------+-------------+-------------+-------------+-------------+-------------+-------------+-------------+-------------+-------------+-------------+-------------+-------------+-------------+-------------+-------------+-------------+-------------+-------------+-------------+-------------+-------------+-------------+--------------+--------------+--------------+--------------+--------------+--------------+--------------+--------------+--------------+--------------+--------------+--------------+--------------+--------------+--------------+--------------+--------------+--------------+--------------+--------------+--------------+--------------+--------------+--------------+--------------+--------------+--------------+--------------+--------------+--------------+--------------+--------------+--------------+--------------+--------------+--------------+--------------+--------------+--------------+--------------+--------------+--------------+--------------+--------------+--------------+--------------+--------------+--------------+--------------+--------------+--------------+--------------+--------------+--------------+--------------+--------------+--------------+--------------+--------------+--------------+--------------+--------------+--------------+--------------+--------------+--------------+--------------+--------------+--------------+--------------+--------------+--------------+--------------+--------------+--------------+--------------+--------------+--------------+--------------+--------------+--------------+--------------+--------------+--------------+--------------+--------------+--------------+--------------+--------------+--------------+--------------+--------------+--------------+--------------+--------------+--------------+--------------+--------------+--------------+--------------+--------------+--------------+--------------+--------------+--------------+--------------+--------------+--------------+--------------+--------------+--------------+--------------+--------------+--------------+--------------+--------------+--------------+--------------+--------------+--------------+--------------+--------------+--------------+--------------+--------------+--------------+--------------+--------------+--------------+--------------+--------------+--------------+--------------+--------------+--------------+--------------+--------------+--------------+--------------+--------------+--------------+--------------+--------------+--------------+--------------+--------------+--------------+--------------+--------------+--------------+--------------+--------------+--------------+--------------+--------------+--------------+
|      Runtime (RDTSC) [s]      |     2.1402 |     2.1412 |     2.1396 |     2.1412 |     2.1396 |     2.1396 |     2.1398 |     2.1398 |     2.1393 |     2.1394 |      2.1402 |      2.1402 |      2.1396 |      2.1394 |      2.1407 |      2.1407 |      2.1396 |      2.1398 |      2.1396 |      2.1393 |      2.1396 |      2.1393 |      2.1393 |      2.1402 |      2.1397 |      2.1402 |      2.1393 |      2.1405 |      2.1411 |      2.1401 |      2.1405 |      2.1398 |      2.1398 |      2.1398 |      2.1396 |      2.1398 |      2.1393 |      2.1396 |      2.1398 |      2.1394 |      2.1397 |      2.1397 |      2.1394 |      2.1396 |      2.1397 |      2.1393 |      2.1396 |      2.1397 |      2.1398 |      2.1394 |      2.1397 |      2.1397 |      2.1396 |      2.1398 |      2.1393 |      2.1398 |      2.1402 |      2.1393 |      2.1394 |      2.1397 |      2.1393 |      2.1396 |      2.1396 |      2.1399 |      2.1394 |      2.1396 |      2.1402 |      2.1398 |      2.1403 |      2.1402 |      2.1402 |      2.1402 |      2.1393 |      2.1394 |      2.1394 |      2.1396 |      2.1402 |      2.1396 |      2.1394 |      2.1395 |      2.1402 |      2.1394 |      2.1394 |      2.1396 |      2.1394 |      2.1401 |      2.1396 |      2.1401 |      2.1424 |      2.1393 |      2.1406 |      2.1423 |      2.1405 |      2.1394 |      2.1405 |      2.1398 |      2.1397 |      2.1393 |      2.1393 |      2.1394 |       2.1394 |       2.1394 |       2.1397 |       2.1397 |       2.1396 |       2.1396 |       2.1396 |       2.1394 |       2.1394 |       2.1393 |       2.1396 |       2.1396 |       2.1398 |       2.1393 |       2.1423 |       2.1399 |       2.1396 |       2.1394 |       2.1411 |       2.1411 |       2.1396 |       2.1415 |       2.1396 |       2.1396 |       2.1393 |       2.1394 |       2.1397 |       2.1394 |       2.1397 |       2.1401 |       2.1398 |       2.1401 |       2.1398 |       2.1402 |       2.1393 |       2.1393 |       2.1394 |       2.1394 |       2.1396 |       2.1396 |       2.1394 |       2.1402 |       2.1398 |       2.1396 |       2.1394 |       2.1395 |       2.1396 |       2.1396 |       2.1393 |       2.1394 |       2.1393 |       2.1395 |       2.1393 |       2.1398 |       2.1394 |       2.1394 |       2.1394 |       2.1396 |       2.1396 |       2.1393 |       2.1401 |       2.1393 |       2.1395 |       2.1402 |       2.1398 |       2.1402 |       2.1402 |       2.1401 |       2.1393 |       2.1395 |       2.1398 |       2.1398 |       2.1397 |       2.1395 |       2.1398 |       2.1398 |       2.1398 |       2.1398 |       2.1398 |       2.1398 |       2.1398 |       2.1402 |       2.1403 |       2.1402 |       2.1396 |       2.1394 |       2.1393 |       2.1394 |       2.1394 |       2.1396 |       2.1393 |       2.1393 |       2.1396 |       2.1396 |       2.1397 |       2.1394 |       2.1393 |       2.1396 |       2.1397 |       2.1394 |       2.1394 |       2.1396 |       2.1394 |       2.1394 |       2.1396 |       2.1394 |       2.1394 |       2.1396 |       2.1393 |       2.1395 |       2.1393 |       2.1394 |       2.1396 |       2.1394 |       2.1393 |       2.1396 |       2.1396 |       2.1393 |       2.1396 |       2.1412 |       2.1396 |       2.1402 |       2.1412 |       2.1393 |       2.1402 |       2.1398 |       2.1396 |       2.1394 |       2.1393 |       2.1395 |       2.1398 |       2.1395 |       2.1393 |       2.1423 |       2.1423 |       2.1399 |       2.1396 |       2.1393 |       2.1393 |       2.1422 |       2.1393 |       2.1398 |       2.1398 |       2.1397 |       2.1397 |       2.1393 |       2.1398 |       2.1395 |       2.1395 |       2.1395 |       2.1393 |       2.1393 |       2.1397 |       2.1399 |       2.1401 |       2.1401 |
|      Runtime unhalted [s]     |     2.2772 |     2.2770 |     2.2765 |     2.2774 |     2.2771 |     2.2771 |     2.2771 |     2.2768 |     2.2553 |     2.2554 |      2.2561 |      2.2562 |      2.2561 |      2.2551 |      2.2561 |      2.2562 |      2.2603 |      2.2603 |      2.2603 |      2.2590 |      2.2604 |      2.2594 |      2.2597 |      2.2605 |      2.2624 |      2.2626 |      2.2615 |      2.2625 |      2.2626 |      2.2625 |      2.2614 |      2.2621 |      2.2402 |      2.2401 |      2.2400 |      2.2403 |      2.2398 |      2.2402 |      2.2398 |      2.2395 |      2.2554 |      2.2550 |      2.2548 |      2.2550 |      2.2550 |      2.2547 |      2.2555 |      2.2555 |      2.2617 |      2.2613 |      2.2618 |      2.2618 |      2.2620 |      2.2617 |      2.2611 |      2.2618 |      2.2605 |      2.2608 |      2.2600 |      2.2606 |      2.2599 |      2.2606 |      2.2607 |      2.2600 |      2.2541 |      2.2538 |      2.2545 |      2.2546 |      2.2548 |      2.2538 |      2.2538 |      2.2543 |      2.2617 |      2.2616 |      2.2616 |      2.2624 |      2.2622 |      2.2624 |      2.2625 |      2.2632 |      2.2577 |      2.2569 |      2.2565 |      2.2577 |      2.2572 |      2.2575 |      2.2573 |      2.2575 |      2.2732 |      2.2710 |      2.2721 |      2.2725 |      2.2719 |      2.2718 |      2.2717 |      2.2714 |      2.2610 |      2.2602 |      2.2603 |      2.2601 |       2.2614 |       2.2604 |       2.2610 |       2.2610 |       2.2556 |       2.2556 |       2.2555 |       2.2547 |       2.2549 |       2.2546 |       2.2556 |       2.2556 |       2.2752 |       2.2747 |       2.2755 |       2.2752 |       2.2755 |       2.2757 |       2.2765 |       2.2753 |       2.2632 |       2.2637 |       2.2634 |       2.2628 |       2.2626 |       2.2624 |       2.2642 |       2.2625 |       2.2723 |       2.2727 |       2.2725 |       2.2724 |       2.2720 |       2.2721 |       2.2716 |       2.2718 |       2.2845 |       2.2847 |       2.2855 |       2.2854 |       2.2845 |       2.2861 |       2.2858 |       2.2849 |       2.2858 |       2.2858 |       2.2865 |       2.2865 |       2.2867 |       2.2858 |       2.2859 |       2.2858 |       2.2787 |       2.2793 |       2.2794 |       2.2787 |       2.2785 |       2.2794 |       2.2794 |       2.2788 |       2.2630 |       2.2624 |       2.2624 |       2.2633 |       2.2629 |       2.2633 |       2.2633 |       2.2630 |       2.2660 |       2.2665 |       2.2664 |       2.2664 |       2.2667 |       2.2667 |       2.2669 |       2.2672 |       2.2538 |       2.2541 |       2.2538 |       2.2541 |       2.2541 |       2.2543 |       2.2546 |       2.2546 |       2.2877 |       2.2875 |       2.2875 |       2.2876 |       2.2871 |       2.2877 |       2.2876 |       2.2875 |       2.2728 |       2.2735 |       2.2727 |       2.2721 |       2.2720 |       2.2726 |       2.2733 |       2.2723 |       2.2753 |       2.2753 |       2.2751 |       2.2751 |       2.2757 |       2.2747 |       2.2745 |       2.2753 |       2.2745 |       2.2757 |       2.2746 |       2.2745 |       2.2758 |       2.2753 |       2.2756 |       2.2752 |       2.2947 |       2.2956 |       2.2955 |       2.2954 |       2.2944 |       2.2949 |       2.2961 |       2.2943 |       2.2831 |       2.2832 |       2.2838 |       2.2825 |       2.2826 |       2.2826 |       2.2832 |       2.2831 |       2.2825 |       2.2838 |       2.2837 |       2.2823 |       2.2828 |       2.2820 |       2.2824 |       2.2846 |       2.2651 |       2.2659 |       2.2655 |       2.2650 |       2.2657 |       2.2649 |       2.2655 |       2.2638 |       2.2775 |       2.2775 |       2.2775 |       2.2776 |       2.2785 |       2.2780 |       2.2784 |       2.2784 |
|          Clock [MHz]          |  2864.6745 |  2864.1489 |  2864.9537 |  2864.5833 |  2865.2812 |  2865.2378 |  2865.3786 |  2864.6342 |  2838.3864 |  2838.4280 |   2837.7288 |   2837.7919 |   2838.7990 |   2838.0474 |   2837.7181 |   2838.1053 |   2844.0654 |   2844.0864 |   2844.0634 |   2843.6891 |   2844.1043 |   2843.9309 |   2843.9138 |   2844.0713 |   2846.6204 |   2846.1137 |   2846.3013 |   2846.0085 |   2845.9853 |   2846.1136 |   2846.0067 |   2846.3691 |   2818.8977 |   2818.5173 |   2818.7882 |   2818.8828 |   2818.8735 |   2818.6215 |   2818.8808 |   2818.4940 |   2838.0448 |   2837.8860 |   2837.5877 |   2837.8732 |   2837.8882 |   2837.5831 |   2838.0907 |   2837.7206 |   2846.7860 |   2846.2740 |   2846.5815 |   2846.2443 |   2846.7156 |   2846.3934 |   2846.3571 |   2846.5986 |   2845.7113 |   2845.4708 |   2845.1039 |   2845.7745 |   2845.5610 |   2845.6694 |   2845.2713 |   2845.6070 |   2836.6012 |   2836.2775 |   2836.2756 |   2837.0168 |   2836.2928 |   2835.8254 |   2835.8392 |   2835.8639 |   2847.2190 |   2846.8706 |   2847.5683 |   2847.4001 |   2847.8140 |   2847.4035 |   2847.3219 |   2847.8105 |   2839.8704 |   2840.2169 |   2839.7617 |   2840.7673 |   2840.6417 |   2840.0608 |   2840.2671 |   2840.0128 |   2858.8123 |   2859.5366 |   2858.7285 |   2858.8280 |   2859.1924 |   2859.0644 |   2859.1580 |   2859.5607 |   2846.3477 |   2845.9371 |   2846.1593 |   2845.8154 |    2846.2024 |    2846.1825 |    2846.3407 |    2846.3495 |    2838.1105 |    2838.1204 |    2838.0726 |    2837.5683 |    2837.7410 |    2837.4842 |    2838.0947 |    2838.0964 |    2863.5066 |    2863.5061 |    2863.6426 |    2863.5622 |    2863.6001 |    2863.9966 |    2863.5858 |    2863.5822 |    2849.1892 |    2848.6730 |    2848.6618 |    2849.0123 |    2848.8822 |    2848.6562 |    2849.0644 |    2848.9861 |    2859.7075 |    2859.1139 |    2859.6497 |    2859.3440 |    2859.4533 |    2859.5432 |    2859.4596 |    2859.2190 |    2875.7081 |    2875.7379 |    2876.2595 |    2876.2516 |    2875.6996 |    2876.0744 |    2876.2773 |    2876.1137 |    2877.1411 |    2877.1318 |    2877.6867 |    2877.6843 |    2877.9532 |    2877.1696 |    2877.5341 |    2877.1404 |    2868.4922 |    2868.6634 |    2868.5219 |    2868.4526 |    2868.1154 |    2868.6429 |    2868.7042 |    2868.5539 |    2848.1408 |    2848.0373 |    2848.0426 |    2847.8491 |    2848.0820 |    2847.7869 |    2847.7766 |    2848.1434 |    2852.4369 |    2852.4438 |    2852.4869 |    2852.4325 |    2852.7401 |    2852.8274 |    2852.4239 |    2852.8344 |    2835.8828 |    2836.3591 |    2835.8823 |    2836.3473 |    2836.3300 |    2835.7431 |    2836.0934 |    2836.1790 |    2879.1576 |    2878.7849 |    2878.3900 |    2878.8230 |    2878.9884 |    2879.1590 |    2878.8017 |    2878.7947 |    2860.3928 |    2860.6335 |    2860.2122 |    2860.1978 |    2860.0169 |    2860.1889 |    2860.2372 |    2860.2660 |    2863.6308 |    2863.5709 |    2863.2699 |    2863.2560 |    2863.4017 |    2863.3734 |    2862.9228 |    2863.4984 |    2862.8564 |    2864.0094 |    2863.2434 |    2862.9020 |    2863.6834 |    2863.5396 |    2863.9720 |    2863.3881 |    2887.7159 |    2888.6768 |    2888.2831 |    2887.8067 |    2888.1731 |    2888.2764 |    2888.2060 |    2888.1370 |    2873.3195 |    2873.6051 |    2873.6417 |    2873.2391 |    2873.2432 |    2873.1017 |    2873.6286 |    2873.4853 |    2872.9154 |    2873.0464 |    2872.9947 |    2872.9532 |    2874.0638 |    2873.3545 |    2872.9071 |    2873.4323 |    2850.7243 |    2851.2172 |    2850.7349 |    2850.2989 |    2850.9069 |    2850.3613 |    2850.7258 |    2850.3326 |    2867.0326 |    2867.0348 |    2866.9793 |    2867.0425 |    2867.7682 |    2867.0661 |    2866.8840 |    2866.8582 |
|              CPI              |     1.5818 |     1.5914 |     1.5894 |     1.5765 |     1.5919 |     1.5874 |     1.5931 |     1.5845 |     1.5765 |     1.5819 |      1.5705 |      1.5811 |      1.5801 |      1.5807 |      1.5829 |      1.5719 |      1.5869 |      1.5851 |      1.5807 |      1.5713 |      1.5755 |      1.5837 |      1.5761 |      1.5872 |      1.5741 |      1.5822 |      1.5805 |      1.5804 |      1.5825 |      1.5680 |      1.5828 |      1.5793 |      1.5734 |      1.5728 |      1.5644 |      1.5646 |      1.5663 |      1.5635 |      1.5683 |      1.5695 |      1.5682 |      1.5805 |      1.5774 |      1.5708 |      1.5650 |      1.5755 |      1.5813 |      1.5796 |      1.5850 |      1.5798 |      1.5764 |      1.5795 |      1.5809 |      1.5754 |      1.5758 |      1.5821 |      1.5812 |      1.5930 |      1.5899 |      1.5830 |      1.5965 |      1.5928 |      1.5951 |      1.6064 |      1.5700 |      1.5720 |      1.5788 |      1.5684 |      1.5800 |      1.5725 |      1.5741 |      1.5794 |      1.5854 |      1.5866 |      1.5858 |      1.5891 |      1.5903 |      1.5856 |      1.5816 |      1.5843 |      1.5741 |      1.5751 |      1.5773 |      1.5796 |      1.5660 |      1.5752 |      1.5742 |      1.5755 |      1.5861 |      1.5888 |      1.5824 |      1.5939 |      1.5888 |      1.5921 |      1.5981 |      1.6080 |      1.5768 |      1.5742 |      1.5780 |      1.5755 |       1.5663 |       1.5730 |       1.5791 |       1.5792 |       1.5742 |       1.5756 |       1.5699 |       1.5691 |       1.5699 |       1.5620 |       1.5743 |       1.5680 |       1.5887 |       1.5836 |       1.5846 |       1.5814 |       1.5857 |       1.5814 |       1.5866 |       1.5877 |       1.5830 |       1.5829 |       1.5809 |       1.5822 |       1.5781 |       1.5733 |       1.5815 |       1.6001 |       1.5761 |       1.5796 |       1.5731 |       1.5723 |       1.5665 |       1.5720 |       1.5751 |       1.5753 |       1.5834 |       1.5861 |       1.5836 |       1.5834 |       1.5747 |       1.5785 |       1.5899 |       1.5845 |       1.5866 |       1.5921 |       1.5971 |       1.5944 |       1.5903 |       1.5981 |       1.5941 |       1.5987 |       1.5839 |       1.5841 |       1.5844 |       1.5808 |       1.5914 |       1.5780 |       1.5851 |       1.6050 |       1.5801 |       1.5765 |       1.5767 |       1.5724 |       1.5663 |       1.5656 |       1.5771 |       1.5702 |       1.5739 |       1.5689 |       1.5627 |       1.5706 |       1.5650 |       1.5726 |       1.5752 |       1.5787 |       1.5727 |       1.5680 |       1.5666 |       1.5660 |       1.5676 |       1.5647 |       1.5758 |       1.5615 |       1.5866 |       1.5906 |       1.5832 |       1.5914 |       1.5865 |       1.5895 |       1.5943 |       1.6095 |       1.5777 |       1.5745 |       1.5712 |       1.5660 |       1.5646 |       1.5728 |       1.5740 |       1.5732 |       1.5830 |       1.5879 |       1.5778 |       1.5838 |       1.5771 |       1.5772 |       1.5815 |       1.5781 |       1.5791 |       1.5756 |       1.5752 |       1.5745 |       1.5774 |       1.5731 |       1.5770 |       1.5780 |       1.5945 |       1.5841 |       1.5798 |       1.5931 |       1.5855 |       1.5871 |       1.5921 |       1.6076 |       1.5884 |       1.5857 |       1.5834 |       1.5884 |       1.5752 |       1.5819 |       1.5864 |       1.5863 |       1.5789 |       1.5800 |       1.5784 |       1.5752 |       1.5690 |       1.5740 |       1.5705 |       1.5867 |       1.5651 |       1.5715 |       1.5738 |       1.5693 |       1.5677 |       1.5687 |       1.5725 |       1.5707 |       1.5888 |       1.5879 |       1.5864 |       1.5789 |       1.5839 |       1.5878 |       1.5917 |       1.6062 |
|    L2 bandwidth [MBytes/s]    | 64267.1322 | 64232.5723 | 64268.0674 | 64218.6135 | 64273.0362 | 64274.1691 | 64270.2625 | 64269.9874 | 64275.9492 | 64284.8202 |  64244.0433 |  64251.0421 |  64270.3772 |  64282.4838 |  64236.6917 |  64235.6191 |  64274.2288 |  64273.4322 |  64263.3414 |  64267.9319 |  64262.8025 |  64287.1377 |  64273.9676 |  64274.1908 |  64263.2141 |  64259.3253 |  64275.7098 |  64245.5369 |  64226.5111 |  64247.2528 |  64244.7527 |  64271.1541 |  64276.8369 |  64280.4848 |  64272.3812 |  64309.8928 |  64287.1079 |  64277.4366 |  64272.2300 |  64291.6049 |  64271.7996 |  64286.9943 |  64281.4697 |  64270.1313 |  64268.1515 |  64292.3433 |  64283.0527 |  64286.7252 |  64275.1013 |  64288.6792 |  64267.4921 |  64272.6963 |  64275.6050 |  64269.9569 |  64283.4587 |  64281.8976 |  64276.2842 |  64307.8702 |  64298.5183 |  64286.9003 |  64324.9525 |  64299.1458 |  64301.9277 |  64414.4359 |  64280.4232 |  64279.9492 |  64257.9473 |  64265.1428 |  64275.3149 |  64258.8459 |  64257.8322 |  64268.2954 |  64288.4251 |  64295.3202 |  64279.3157 |  64280.1215 |  64264.8307 |  64281.3180 |  64282.6065 |  64284.8330 |  64256.9283 |  64288.2603 |  64283.7730 |  64277.7586 |  64277.4017 |  64265.9156 |  64276.2634 |  64268.4572 |  64237.1045 |  64329.7603 |  64302.2157 |  64262.8621 |  64296.3651 |  64338.4881 |  64329.6116 |  64457.5154 |  64277.0640 |  64286.2635 |  64286.9275 |  64282.3675 |   64280.4548 |   64289.2240 |   64294.8330 |   64283.5837 |   64290.3255 |   64284.3131 |   64272.7671 |   64291.1322 |   64287.4228 |   64281.5136 |   64288.2317 |   64281.5344 |   64288.1719 |   64290.4220 |   64201.1159 |   64266.3612 |   64278.4835 |   64288.5934 |   64242.5085 |   64243.5583 |   64320.6220 |   64269.7771 |   64341.5651 |   64290.5087 |   64336.4409 |   64327.1518 |   64328.7437 |   64479.8598 |   64287.1125 |   64282.1246 |   64272.7985 |   64259.2140 |   64266.3409 |   64275.2985 |   64292.6419 |   64302.3647 |   64285.7203 |   64289.8179 |   64278.3267 |   64277.3097 |   64278.4806 |   64263.1276 |   64286.6819 |   64286.5596 |   64283.8283 |   64286.6914 |   64280.0322 |   64278.3272 |   64283.5706 |   64317.5778 |   64292.0069 |   64298.5710 |   64326.7687 |   64318.2304 |   64346.5653 |   64324.1887 |   64330.3213 |   64324.8395 |   64326.1592 |   64485.1848 |   64274.3743 |   64298.2670 |   64295.7887 |   64258.2210 |   64268.2259 |   64256.5996 |   64259.5301 |   64261.5752 |   64298.7382 |   64283.0450 |   64262.3327 |   64268.4981 |   64270.0378 |   64293.2456 |   64289.4879 |   64285.1241 |   64280.8508 |   64280.2225 |   64269.0962 |   64274.1204 |   64287.4903 |   64260.9092 |   64266.7339 |   64265.3059 |   64332.7109 |   64306.3838 |   64334.9355 |   64299.7174 |   64337.2940 |   64310.7547 |   64296.0163 |   64497.4496 |   64287.9021 |   64287.1503 |   64276.5874 |   64277.7908 |   64285.2534 |   64284.6696 |   64280.6553 |   64294.1546 |   64286.5503 |   64292.8973 |   64280.4476 |   64293.3097 |   64278.7193 |   64289.3698 |   64282.3623 |   64284.7885 |   64289.5616 |   64281.1892 |   64279.7494 |   64288.7990 |   64278.0316 |   64282.3094 |   64285.3136 |   64285.3899 |   64292.0604 |   64327.6748 |   64316.8912 |   64276.9341 |   64324.1561 |   64327.6567 |   64302.2215 |   64517.9737 |   64278.9457 |   64281.6508 |   64277.5265 |   64293.7605 |   64280.9978 |   64286.0949 |   64278.5113 |   64295.4001 |   64302.2455 |   64206.7283 |   64196.0069 |   64270.8822 |   64272.3147 |   64287.1074 |   64283.1885 |   64216.8972 |   64283.3312 |   64279.4141 |   64270.5570 |   64272.9649 |   64271.1702 |   64298.7077 |   64273.9964 |   64285.4648 |   64328.1559 |   64334.4378 |   64335.8426 |   64328.4233 |   64324.7670 |   64326.9011 |   64320.4595 |   64443.4844 |
|    L2 data volume [GBytes]    |   137.5435 |   137.5348 |   137.5106 |   137.5052 |   137.5195 |   137.5238 |   137.5246 |   137.5270 |   137.5050 |   137.5309 |    137.4957 |    137.5100 |    137.5122 |    137.5274 |    137.5121 |    137.5076 |    137.5240 |    137.5318 |    137.5005 |    137.4877 |    137.4996 |    137.5291 |    137.5044 |    137.5580 |    137.5042 |    137.5278 |    137.5046 |    137.5166 |    137.5180 |    137.4972 |    137.5187 |    137.5294 |    137.5415 |    137.5498 |    137.5165 |    137.6093 |    137.5290 |    137.5272 |    137.5322 |    137.5482 |    137.5220 |    137.5545 |    137.5237 |    137.5150 |    137.5137 |    137.5402 |    137.5428 |    137.5539 |    137.5382 |    137.5391 |    137.5130 |    137.5242 |    137.5268 |    137.5273 |    137.5209 |    137.5494 |    137.5624 |    137.5732 |    137.5615 |    137.5564 |    137.6098 |    137.5770 |    137.5828 |    137.8399 |    137.5212 |    137.5326 |    137.5261 |    137.5164 |    137.5665 |    137.5273 |    137.5235 |    137.5475 |    137.5314 |    137.5534 |    137.5192 |    137.5365 |    137.5380 |    137.5391 |    137.5261 |    137.5391 |    137.5252 |    137.5383 |    137.5287 |    137.5314 |    137.5148 |    137.5360 |    137.5280 |    137.5416 |    137.6203 |    137.6237 |    137.6430 |    137.6719 |    137.6260 |    137.6455 |    137.6980 |    137.9285 |    137.5332 |    137.5304 |    137.5290 |    137.5254 |     137.5204 |     137.5373 |     137.5703 |     137.5476 |     137.5564 |     137.5436 |     137.5188 |     137.5444 |     137.5364 |     137.5170 |     137.5519 |     137.5361 |     137.5660 |     137.5392 |     137.5372 |     137.5230 |     137.5295 |     137.5371 |     137.5489 |     137.5491 |     137.6230 |     137.6338 |     137.6659 |     137.5550 |     137.6342 |     137.6206 |     137.6464 |     137.9498 |     137.5555 |     137.5704 |     137.5332 |     137.5231 |     137.5180 |     137.5597 |     137.5411 |     137.5619 |     137.5315 |     137.5407 |     137.5327 |     137.5306 |     137.5162 |     137.5336 |     137.5602 |     137.5469 |     137.5310 |     137.5413 |     137.5361 |     137.5325 |     137.5249 |     137.6006 |     137.5429 |     137.5649 |     137.6173 |     137.6303 |     137.6627 |     137.6149 |     137.6280 |     137.6321 |     137.6334 |     137.9526 |     137.5563 |     137.5527 |     137.5591 |     137.5243 |     137.5217 |     137.5244 |     137.5306 |     137.5289 |     137.5572 |     137.5320 |     137.5096 |     137.5207 |     137.5167 |     137.5539 |     137.5688 |     137.5581 |     137.5471 |     137.5459 |     137.5220 |     137.5331 |     137.5615 |     137.5317 |     137.5475 |     137.5407 |     137.6470 |     137.5793 |     137.6349 |     137.5629 |     137.6419 |     137.6004 |     137.5512 |     137.9791 |     137.5514 |     137.5517 |     137.5312 |     137.5155 |     137.5249 |     137.5455 |     137.5399 |     137.5504 |     137.5370 |     137.5622 |     137.5240 |     137.5520 |     137.5317 |     137.5394 |     137.5280 |     137.5461 |     137.5340 |     137.5286 |     137.5128 |     137.5393 |     137.5301 |     137.5245 |     137.5248 |     137.5459 |     137.5601 |     137.6157 |     137.6115 |     137.6271 |     137.6287 |     137.6735 |     137.6812 |     138.0227 |     137.5681 |     137.5525 |     137.5274 |     137.5520 |     137.5194 |     137.5392 |     137.5453 |     137.5581 |     137.5614 |     137.5519 |     137.5266 |     137.5302 |     137.5197 |     137.5292 |     137.5208 |     137.5663 |     137.5244 |     137.5446 |     137.5276 |     137.5251 |     137.5213 |     137.5574 |     137.5350 |     137.5388 |     137.6282 |     137.6417 |     137.6329 |     137.6170 |     137.6373 |     137.6500 |     137.6540 |     137.9183 |
| Prefetch bandwidth [MBytes/s] | 29464.8699 | 33173.4274 | 32787.2573 | 23527.8230 | 35074.7677 | 29807.3381 | 36086.1507 | 28815.6438 | 30636.6779 | 32872.0056 |  25166.9270 |  31098.4465 |  32279.3359 |  30932.9155 |  34469.5071 |  26170.8794 |  35737.2348 |  32615.3271 |  29839.5449 |  23578.5503 |  25903.6197 |  30671.1728 |  27614.4635 |  33483.4233 |  29156.1870 |  32588.9244 |  32476.8230 |  30766.0815 |  33625.6611 |  23560.0922 |  34413.1436 |  30897.7522 |  34564.6598 |  32726.8438 |  27128.7564 |  24681.1219 |  29201.4321 |  25621.1988 |  31072.8270 |  30550.0376 |  26240.5761 |  32861.3718 |  31618.0310 |  25237.7202 |  22908.3752 |  28612.7546 |  35688.3594 |  31989.1573 |  34441.2626 |  29826.1858 |  26753.0096 |  28111.7911 |  30721.1319 |  25465.1831 |  27727.3371 |  30582.5859 |  26529.1540 |  32785.6210 |  30881.9699 |  26125.2770 |  33523.8394 |  31792.3687 |  33556.8989 |  40699.4446 |  26875.2465 |  26823.4580 |  31651.5050 |  23945.0991 |  32526.2441 |  25354.3566 |  28236.5805 |  30630.5331 |  30858.8497 |  30214.5574 |  30256.2887 |  31103.8655 |  34014.6539 |  28716.1804 |  28413.1385 |  28948.3259 |  29145.4224 |  28756.9883 |  31314.9481 |  30901.1395 |  23572.1319 |  27759.4544 |  29479.2159 |  28361.4610 |  25996.9387 |  27629.3495 |  24123.7237 |  28202.4332 |  25285.5666 |  28057.8661 |  32474.4297 |  39574.3524 |  29873.5013 |  26364.1909 |  30994.9011 |  26586.3090 |   22067.2804 |   25017.1783 |   32060.4053 |   29929.9378 |   32005.8328 |   31085.7861 |   27954.8184 |   25996.6333 |   26870.7449 |   22473.9489 |   32461.8108 |   26145.8873 |   35163.4603 |   29388.3977 |   28101.5449 |   26560.7487 |   30347.3155 |   26898.0270 |   31071.9634 |   31766.2761 |   28422.5744 |   26955.2513 |   27126.4030 |   27993.4929 |   23551.8988 |   22794.8258 |   26367.5900 |   38507.9916 |   31923.6530 |   33276.7978 |   28015.4075 |   26273.6634 |   24220.1657 |   26234.3499 |   31935.6050 |   29672.2910 |   31221.7405 |   30768.4685 |   30085.2142 |   28667.4022 |   23868.3619 |   25340.2874 |   37156.6409 |   29132.8997 |   28640.5201 |   29358.5143 |   34695.7806 |   30376.6391 |   27920.2444 |   33001.3452 |   32031.8751 |   34425.3173 |   26806.2023 |   26088.8666 |   26975.7011 |   23995.3363 |   29603.0169 |   23035.0718 |   26472.4997 |   42590.8983 |   35627.4827 |   31085.3194 |   31156.4128 |   25815.1413 |   24239.8989 |   23099.4081 |   31219.9294 |   26120.0492 |   30308.9703 |   26071.1075 |   22245.5509 |   26032.3846 |   23564.4990 |   27364.5801 |   32330.4032 |   32057.3359 |   35068.9303 |   29953.8430 |   27620.8356 |   27273.9258 |   30025.8671 |   26050.5730 |   37242.2491 |   25663.9551 |   26080.2159 |   28597.8650 |   23916.7515 |   28854.9776 |   23573.3702 |   26303.2616 |   32116.5816 |   42178.4512 |   33637.1985 |   29080.7163 |   27437.1811 |   22640.2176 |   22612.2258 |   26896.5316 |   29990.6659 |   27952.0133 |   32776.7879 |   34785.5602 |   28266.5557 |   30378.9590 |   28182.9066 |   25885.5616 |   29919.3619 |   27355.2405 |   32315.1253 |   27001.6083 |   26633.3885 |   26274.1784 |   29318.4713 |   24749.3114 |   28847.0945 |   28953.1477 |   33896.0297 |   24711.7181 |   22655.5829 |   28284.3062 |   23823.1836 |   24728.7028 |   28407.2675 |   36436.2232 |   33744.6216 |   29783.3927 |   27460.6118 |   30891.3084 |   23363.0837 |   25880.0015 |   31488.7977 |   29661.9865 |   33109.3305 |   29845.3774 |   29589.2825 |   26885.7257 |   24270.5873 |   25598.4503 |   26332.8138 |   34506.2830 |   26159.9313 |   29508.0643 |   32293.0037 |   26494.4938 |   25753.7259 |   26458.7076 |   31806.1897 |   27560.3922 |   30139.4279 |   28615.5103 |   28530.1801 |   23950.5091 |   24669.7900 |   27210.7671 |   30351.4548 |   43715.5087 |
| Prefetch data volume [GBytes] |    63.0602 |    71.0310 |    70.1530 |    50.3779 |    75.0465 |    63.7771 |    77.2166 |    61.6607 |    65.5408 |    70.3263 |     53.8625 |     66.5569 |     69.0645 |     66.1786 |     73.7892 |     56.0233 |     76.4650 |     69.7900 |     63.8459 |     50.4414 |     55.4246 |     65.6147 |     59.0769 |     71.6604 |     62.3856 |     69.7468 |     69.4774 |     65.8543 |     71.9972 |     50.4215 |     73.6628 |     66.1160 |     73.9625 |     70.0301 |     58.0444 |     52.8123 |     62.4704 |     54.8188 |     66.4908 |     65.3601 |     56.1468 |     70.3133 |     67.6436 |     53.9997 |     49.0167 |     61.2111 |     76.3604 |     68.4470 |     73.6987 |     63.8101 |     57.2433 |     60.1508 |     65.7322 |     54.4914 |     59.3168 |     65.4401 |     56.7770 |     70.1380 |     66.0695 |     55.9009 |     71.7172 |     68.0242 |     71.7996 |     87.0924 |     57.4968 |     57.3911 |     67.7412 |     51.2384 |     69.6149 |     54.2636 |     60.4314 |     65.5557 |     66.0159 |     64.6410 |     64.7303 |     66.5512 |     72.7973 |     61.4424 |     60.7870 |     61.9357 |     62.3782 |     61.5227 |     66.9952 |     66.1174 |     50.4301 |     59.4082 |     63.0749 |     60.6966 |     55.6953 |     59.1088 |     51.6384 |     60.4188 |     54.1236 |     60.0269 |     69.5117 |     84.6826 |     63.9201 |     56.4021 |     66.3074 |     56.8786 |      47.2103 |      53.5206 |      68.5990 |      64.0411 |      68.4801 |      66.5116 |      59.8125 |      55.6172 |      57.4872 |      48.0784 |      69.4557 |      55.9415 |      75.2440 |      62.8718 |      60.2016 |      56.8371 |      64.9308 |      57.5448 |      66.5278 |      68.0134 |      60.8141 |      57.7247 |      58.0399 |      59.8945 |      50.3843 |      48.7669 |      56.4196 |      82.3850 |      68.3072 |      71.2158 |      59.9484 |      56.2291 |      51.8266 |      56.1458 |      68.3197 |      63.4778 |      66.7951 |      65.8256 |      64.3716 |      61.3380 |      51.0635 |      54.2323 |      79.5075 |      62.3325 |      61.2745 |      62.8125 |      74.2365 |      64.9951 |      59.7311 |      70.6029 |      68.5273 |      73.6520 |      57.3478 |      55.8258 |      57.7117 |      51.3355 |      63.3326 |      49.2868 |      56.6410 |      91.1144 |      76.2479 |      66.5005 |      66.6583 |      55.2491 |      51.8687 |      49.4382 |      66.8180 |      55.9006 |      64.8413 |      55.7785 |      47.6014 |      55.7037 |      50.4203 |      58.5459 |      69.1817 |      68.5967 |      75.0399 |      64.0948 |      59.1026 |      58.3605 |      64.2490 |      55.7536 |      79.7081 |      54.9260 |      55.8015 |      61.1832 |      51.1663 |      61.7324 |      50.4324 |      56.2789 |      68.7084 |      90.2322 |      71.9707 |      62.2224 |      58.7067 |      48.4363 |      48.3741 |      57.5487 |      64.1704 |      59.8003 |      70.1238 |      74.4278 |      60.4745 |      64.9941 |      60.3006 |      55.3791 |      64.0106 |      58.5303 |      69.1314 |      57.7695 |      56.9764 |      56.2109 |      62.7302 |      52.9483 |      61.7122 |      61.9485 |      72.5244 |      52.8656 |      48.4736 |      60.5612 |      50.9723 |      52.9241 |      60.8244 |      77.9476 |      72.2193 |      63.7317 |      58.7544 |      66.0898 |      49.9818 |      55.3699 |      67.3808 |      63.4610 |      70.8306 |      63.9386 |      63.3889 |      57.5315 |      51.9304 |      54.7627 |      56.3337 |      73.9198 |      55.9652 |      63.1411 |      69.1013 |      56.6904 |      55.1054 |      56.6044 |      68.0596 |      58.9655 |      64.4824 |      61.2221 |      61.0343 |      51.2370 |      52.7866 |      58.2270 |      64.9560 |      93.5574 |
+-------------------------------+------------+------------+------------+------------+------------+------------+------------+------------+------------+------------+-------------+-------------+-------------+-------------+-------------+-------------+-------------+-------------+-------------+-------------+-------------+-------------+-------------+-------------+-------------+-------------+-------------+-------------+-------------+-------------+-------------+-------------+-------------+-------------+-------------+-------------+-------------+-------------+-------------+-------------+-------------+-------------+-------------+-------------+-------------+-------------+-------------+-------------+-------------+-------------+-------------+-------------+-------------+-------------+-------------+-------------+-------------+-------------+-------------+-------------+-------------+-------------+-------------+-------------+-------------+-------------+-------------+-------------+-------------+-------------+-------------+-------------+-------------+-------------+-------------+-------------+-------------+-------------+-------------+-------------+-------------+-------------+-------------+-------------+-------------+-------------+-------------+-------------+-------------+-------------+-------------+-------------+-------------+-------------+-------------+-------------+-------------+-------------+-------------+-------------+--------------+--------------+--------------+--------------+--------------+--------------+--------------+--------------+--------------+--------------+--------------+--------------+--------------+--------------+--------------+--------------+--------------+--------------+--------------+--------------+--------------+--------------+--------------+--------------+--------------+--------------+--------------+--------------+--------------+--------------+--------------+--------------+--------------+--------------+--------------+--------------+--------------+--------------+--------------+--------------+--------------+--------------+--------------+--------------+--------------+--------------+--------------+--------------+--------------+--------------+--------------+--------------+--------------+--------------+--------------+--------------+--------------+--------------+--------------+--------------+--------------+--------------+--------------+--------------+--------------+--------------+--------------+--------------+--------------+--------------+--------------+--------------+--------------+--------------+--------------+--------------+--------------+--------------+--------------+--------------+--------------+--------------+--------------+--------------+--------------+--------------+--------------+--------------+--------------+--------------+--------------+--------------+--------------+--------------+--------------+--------------+--------------+--------------+--------------+--------------+--------------+--------------+--------------+--------------+--------------+--------------+--------------+--------------+--------------+--------------+--------------+--------------+--------------+--------------+--------------+--------------+--------------+--------------+--------------+--------------+--------------+--------------+--------------+--------------+--------------+--------------+--------------+--------------+--------------+--------------+--------------+--------------+--------------+--------------+--------------+--------------+--------------+--------------+--------------+--------------+--------------+--------------+--------------+--------------+--------------+--------------+--------------+--------------+--------------+--------------+--------------+--------------+--------------+--------------+--------------+--------------+
+------------------------------------+--------------+------------+------------+------------+
|               Metric               |      Sum     |     Min    |     Max    |     Avg    |
+------------------------------------+--------------+------------+------------+------------+
|      Runtime (RDTSC) [s] STAT      |     547.7792 |     2.1393 |     2.1424 |     2.1398 |
|      Runtime unhalted [s] STAT     |     580.7456 |     2.2395 |     2.2961 |     2.2685 |
|          Clock [MHz] STAT          |  730862.9387 |  2818.4940 |  2888.6768 |  2854.9334 |
|              CPI STAT              |     404.4763 |     1.5615 |     1.6095 |     1.5800 |
|    L2 bandwidth [MBytes/s] STAT    | 1.645781e+07 | 64196.0069 | 64517.9737 | 64288.3386 |
|    L2 data volume [GBytes] STAT    |   35215.9197 |   137.4877 |   138.0227 |   137.5622 |
| Prefetch bandwidth [MBytes/s] STAT | 7.470763e+06 | 22067.2804 | 43715.5087 | 29182.6669 |
| Prefetch data volume [GBytes] STAT |   15985.7390 |    47.2103 |    93.5574 |    62.4443 |
+------------------------------------+--------------+------------+------------+------------+
