--------------------------------------------------------------------------------
CPU name:	AMD EPYC 9755 128-Core Processor               
CPU type:	AMD K1A (Zen5) architecture
CPU clock:	2.70 GHz
--------------------------------------------------------------------------------
Region bench, Group 1: L2BW
+-------------------+------------+------------+------------+------------+------------+------------+------------+------------+------------+------------+-------------+-------------+-------------+-------------+-------------+-------------+-------------+-------------+-------------+-------------+-------------+-------------+-------------+-------------+-------------+-------------+-------------+-------------+-------------+-------------+-------------+-------------+-------------+-------------+-------------+-------------+-------------+-------------+-------------+-------------+-------------+-------------+-------------+-------------+-------------+-------------+-------------+-------------+-------------+-------------+-------------+-------------+-------------+-------------+-------------+-------------+-------------+-------------+-------------+-------------+-------------+-------------+-------------+-------------+-------------+-------------+-------------+-------------+-------------+-------------+-------------+-------------+-------------+-------------+-------------+-------------+-------------+-------------+-------------+-------------+-------------+-------------+-------------+-------------+-------------+-------------+-------------+-------------+-------------+-------------+-------------+-------------+-------------+-------------+-------------+-------------+-------------+-------------+-------------+-------------+--------------+--------------+--------------+--------------+--------------+--------------+--------------+--------------+--------------+--------------+--------------+--------------+--------------+--------------+--------------+--------------+--------------+--------------+--------------+--------------+--------------+--------------+--------------+--------------+--------------+--------------+--------------+--------------+--------------+--------------+--------------+--------------+--------------+--------------+--------------+--------------+--------------+--------------+--------------+--------------+--------------+--------------+--------------+--------------+--------------+--------------+--------------+--------------+--------------+--------------+--------------+--------------+--------------+--------------+--------------+--------------+--------------+--------------+--------------+--------------+--------------+--------------+--------------+--------------+--------------+--------------+--------------+--------------+--------------+--------------+--------------+--------------+--------------+--------------+--------------+--------------+--------------+--------------+--------------+--------------+--------------+--------------+--------------+--------------+--------------+--------------+--------------+--------------+--------------+--------------+--------------+--------------+--------------+--------------+--------------+--------------+--------------+--------------+--------------+--------------+--------------+--------------+--------------+--------------+--------------+--------------+--------------+--------------+--------------+--------------+--------------+--------------+--------------+--------------+--------------+--------------+--------------+--------------+--------------+--------------+--------------+--------------+--------------+--------------+--------------+--------------+--------------+--------------+--------------+--------------+--------------+--------------+--------------+--------------+--------------+--------------+--------------+--------------+--------------+--------------+--------------+--------------+--------------+--------------+--------------+--------------+--------------+--------------+--------------+--------------+--------------+--------------+--------------+--------------+--------------+--------------+
|    Region Info    | HWThread 0 | HWThread 1 | HWThread 2 | HWThread 3 | HWThread 4 | HWThread 5 | HWThread 6 | HWThread 7 | HWThread 8 | HWThread 9 | HWThread 10 | HWThread 11 | HWThread 12 | HWThread 13 | HWThread 14 | HWThread 15 | HWThread 16 | HWThread 17 | HWThread 18 | HWThread 19 | HWThread 20 | HWThread 21 | HWThread 22 | HWThread 23 | HWThread 24 | HWThread 25 | HWThread 26 | HWThread 27 | HWThread 28 | HWThread 29 | HWThread 30 | HWThread 31 | HWThread 32 | HWThread 33 | HWThread 34 | HWThread 35 | HWThread 36 | HWThread 37 | HWThread 38 | HWThread 39 | HWThread 40 | HWThread 41 | HWThread 42 | HWThread 43 | HWThread 44 | HWThread 45 | HWThread 46 | HWThread 47 | HWThread 48 | HWThread 49 | HWThread 50 | HWThread 51 | HWThread 52 | HWThread 53 | HWThread 54 | HWThread 55 | HWThread 56 | HWThread 57 | HWThread 58 | HWThread 59 | HWThread 60 | HWThread 61 | HWThread 62 | HWThread 63 | HWThread 64 | HWThread 65 | HWThread 66 | HWThread 67 | HWThread 68 | HWThread 69 | HWThread 70 | HWThread 71 | HWThread 72 | HWThread 73 | HWThread 74 | HWThread 75 | HWThread 76 | HWThread 77 | HWThread 78 | HWThread 79 | HWThread 80 | HWThread 81 | HWThread 82 | HWThread 83 | HWThread 84 | HWThread 85 | HWThread 86 | HWThread 87 | HWThread 88 | HWThread 89 | HWThread 90 | HWThread 91 | HWThread 92 | HWThread 93 | HWThread 94 | HWThread 95 | HWThread 96 | HWThread 97 | HWThread 98 | HWThread 99 | HWThread 100 | HWThread 101 | HWThread 102 | HWThread 103 | HWThread 104 | HWThread 105 | HWThread 106 | HWThread 107 | HWThread 108 | HWThread 109 | HWThread 110 | HWThread 111 | HWThread 112 | HWThread 113 | HWThread 114 | HWThread 115 | HWThread 116 | HWThread 117 | HWThread 118 | HWThread 119 | HWThread 120 | HWThread 121 | HWThread 122 | HWThread 123 | HWThread 124 | HWThread 125 | HWThread 126 | HWThread 127 | HWThread 128 | HWThread 129 | HWThread 130 | HWThread 131 | HWThread 132 | HWThread 133 | HWThread 134 | HWThread 135 | HWThread 136 | HWThread 137 | HWThread 138 | HWThread 139 | HWThread 140 | HWThread 141 | HWThread 142 | HWThread 143 | HWThread 144 | HWThread 145 | HWThread 146 | HWThread 147 | HWThread 148 | HWThread 149 | HWThread 150 | HWThread 151 | HWThread 152 | HWThread 153 | HWThread 154 | HWThread 155 | HWThread 156 | HWThread 157 | HWThread 158 | HWThread 159 | HWThread 160 | HWThread 161 | HWThread 162 | HWThread 163 | HWThread 164 | HWThread 165 | HWThread 166 | HWThread 167 | HWThread 168 | HWThread 169 | HWThread 170 | HWThread 171 | HWThread 172 | HWThread 173 | HWThread 174 | HWThread 175 | HWThread 176 | HWThread 177 | HWThread 178 | HWThread 179 | HWThread 180 | HWThread 181 | HWThread 182 | HWThread 183 | HWThread 184 | HWThread 185 | HWThread 186 | HWThread 187 | HWThread 188 | HWThread 189 | HWThread 190 | HWThread 191 | HWThread 192 | HWThread 193 | HWThread 194 | HWThread 195 | HWThread 196 | HWThread 197 | HWThread 198 | HWThread 199 | HWThread 200 | HWThread 201 | HWThread 202 | HWThread 203 | HWThread 204 | HWThread 205 | HWThread 206 | HWThread 207 | HWThread 208 | HWThread 209 | HWThread 210 | HWThread 211 | HWThread 212 | HWThread 213 | HWThread 214 | HWThread 215 | HWThread 216 | HWThread 217 | HWThread 218 | HWThread 219 | HWThread 220 | HWThread 221 | HWThread 222 | HWThread 223 | HWThread 224 | HWThread 225 | HWThread 226 | HWThread 227 | HWThread 228 | HWThread 229 | HWThread 230 | HWThread 231 | HWThread 232 | HWThread 233 | HWThread 234 | HWThread 235 | HWThread 236 | HWThread 237 | HWThread 238 | HWThread 239 | HWThread 240 | HWThread 241 | HWThread 242 | HWThread 243 | HWThread 244 | HWThread 245 | HWThread 246 | HWThread 247 | HWThread 248 | HWThread 249 | HWThread 250 | HWThread 251 | HWThread 252 | HWThread 253 | HWThread 254 | HWThread 255 |
+-------------------+------------+------------+------------+------------+------------+------------+------------+------------+------------+------------+-------------+-------------+-------------+-------------+-------------+-------------+-------------+-------------+-------------+-------------+-------------+-------------+-------------+-------------+-------------+-------------+-------------+-------------+-------------+-------------+-------------+-------------+-------------+-------------+-------------+-------------+-------------+-------------+-------------+-------------+-------------+-------------+-------------+-------------+-------------+-------------+-------------+-------------+-------------+-------------+-------------+-------------+-------------+-------------+-------------+-------------+-------------+-------------+-------------+-------------+-------------+-------------+-------------+-------------+-------------+-------------+-------------+-------------+-------------+-------------+-------------+-------------+-------------+-------------+-------------+-------------+-------------+-------------+-------------+-------------+-------------+-------------+-------------+-------------+-------------+-------------+-------------+-------------+-------------+-------------+-------------+-------------+-------------+-------------+-------------+-------------+-------------+-------------+-------------+-------------+--------------+--------------+--------------+--------------+--------------+--------------+--------------+--------------+--------------+--------------+--------------+--------------+--------------+--------------+--------------+--------------+--------------+--------------+--------------+--------------+--------------+--------------+--------------+--------------+--------------+--------------+--------------+--------------+--------------+--------------+--------------+--------------+--------------+--------------+--------------+--------------+--------------+--------------+--------------+--------------+--------------+--------------+--------------+--------------+--------------+--------------+--------------+--------------+--------------+--------------+--------------+--------------+--------------+--------------+--------------+--------------+--------------+--------------+--------------+--------------+--------------+--------------+--------------+--------------+--------------+--------------+--------------+--------------+--------------+--------------+--------------+--------------+--------------+--------------+--------------+--------------+--------------+--------------+--------------+--------------+--------------+--------------+--------------+--------------+--------------+--------------+--------------+--------------+--------------+--------------+--------------+--------------+--------------+--------------+--------------+--------------+--------------+--------------+--------------+--------------+--------------+--------------+--------------+--------------+--------------+--------------+--------------+--------------+--------------+--------------+--------------+--------------+--------------+--------------+--------------+--------------+--------------+--------------+--------------+--------------+--------------+--------------+--------------+--------------+--------------+--------------+--------------+--------------+--------------+--------------+--------------+--------------+--------------+--------------+--------------+--------------+--------------+--------------+--------------+--------------+--------------+--------------+--------------+--------------+--------------+--------------+--------------+--------------+--------------+--------------+--------------+--------------+--------------+--------------+--------------+--------------+
| RDTSC Runtime [s] |   2.132083 |   2.129719 |   2.128928 |   2.132083 |   2.129618 |   2.128930 |   2.132054 |   2.128875 |   2.130344 |   2.130345 |    2.129271 |    2.128971 |    2.129245 |    2.129342 |    2.129342 |    2.129293 |    2.130293 |    2.129337 |    2.128881 |    2.129352 |    2.129602 |    2.129307 |    2.129351 |    2.130333 |    2.129347 |    2.128921 |    2.130596 |    2.129614 |    2.132032 |    2.129348 |    2.129554 |    2.130560 |    2.129248 |    2.129269 |    2.129269 |    2.129591 |    2.128843 |    2.129802 |    2.129553 |    2.129585 |    2.130131 |    2.129336 |    2.129764 |    2.132018 |    2.128924 |    2.129356 |    2.129378 |    2.129327 |    2.128840 |    2.129201 |    2.128879 |    2.128844 |    2.129229 |    2.129201 |    2.129199 |    2.128873 |    2.129242 |    2.128845 |    2.128930 |    2.129568 |    2.132019 |    2.132033 |    2.129244 |    2.131975 |    2.128920 |    2.130221 |    2.129267 |    2.128933 |    2.130334 |    2.130240 |    2.128856 |    2.130251 |    2.128846 |    2.128832 |    2.129207 |    2.129195 |    2.128838 |    2.129197 |    2.128930 |    2.129300 |    2.129346 |    2.130336 |    2.128917 |    2.129344 |    2.129341 |    2.128918 |    2.129334 |    2.129795 |    2.129247 |    2.128845 |    2.128845 |    2.129591 |    2.129591 |    2.128933 |    2.129382 |    2.128914 |    2.128919 |    2.129355 |    2.129009 |    2.128878 |     2.128970 |     2.128879 |     2.128967 |     2.129352 |     2.129809 |     2.129340 |     2.128923 |     2.128875 |     2.129555 |     2.129346 |     2.128925 |     2.130317 |     2.128959 |     2.130333 |     2.129646 |     2.128858 |     2.129267 |     2.128911 |     2.129248 |     2.128836 |     2.129546 |     2.129340 |     2.129340 |     2.129340 |     2.130239 |     2.129823 |     2.129340 |     2.128886 |     2.128882 |     2.129171 |     2.128843 |     2.129176 |     2.129246 |     2.128839 |     2.129634 |     2.129246 |     2.129268 |     2.129291 |     2.128876 |     2.131309 |     2.130578 |     2.129355 |     2.129247 |     2.128877 |     2.128975 |     2.128843 |     2.128844 |     2.129039 |     2.129295 |     2.128975 |     2.128838 |     2.129199 |     2.128873 |     2.128971 |     2.128919 |     2.129024 |     2.129276 |     2.128835 |     2.129273 |     2.129362 |     2.128914 |     2.128853 |     2.129244 |     2.128932 |     2.128931 |     2.128875 |     2.128875 |     2.129361 |     2.129171 |     2.129175 |     2.128949 |     2.128971 |     2.129276 |     2.128881 |     2.128970 |     2.129276 |     2.129343 |     2.128910 |     2.128962 |     2.128942 |     2.129344 |     2.129336 |     2.129336 |     2.128910 |     2.128881 |     2.128976 |     2.128976 |     2.128879 |     2.128917 |     2.129269 |     2.129021 |     2.129249 |     2.129246 |     2.128969 |     2.128969 |     2.128970 |     2.128963 |     2.128973 |     2.129250 |     2.129251 |     2.129272 |     2.128884 |     2.129281 |     2.128977 |     2.128918 |     2.129176 |     2.128973 |     2.129246 |     2.128842 |     2.128975 |     2.128920 |     2.129312 |     2.129312 |     2.129296 |     2.128919 |     2.129293 |     2.128918 |     2.128972 |     2.128911 |     2.129269 |     2.128873 |     2.129265 |     2.129267 |     2.128908 |     2.128847 |     2.129311 |     2.129135 |     2.129293 |     2.129174 |     2.128968 |     2.128878 |     2.128837 |     2.129293 |     2.128841 |     2.129043 |     2.128914 |     2.128841 |     2.128970 |     2.129197 |     2.129362 |     2.129327 |     2.128844 |     2.129179 |     2.129651 |     2.128878 |     2.128907 |     2.128973 |     2.128844 |     2.129288 |     2.129292 |     2.129199 |     2.129608 |     2.129642 |     2.128884 |     2.129576 |     2.129328 |
|     call count    |          1 |          1 |          1 |          1 |          1 |          1 |          1 |          1 |          1 |          1 |           1 |           1 |           1 |           1 |           1 |           1 |           1 |           1 |           1 |           1 |           1 |           1 |           1 |           1 |           1 |           1 |           1 |           1 |           1 |           1 |           1 |           1 |           1 |           1 |           1 |           1 |           1 |           1 |           1 |           1 |           1 |           1 |           1 |           1 |           1 |           1 |           1 |           1 |           1 |           1 |           1 |           1 |           1 |           1 |           1 |           1 |           1 |           1 |           1 |           1 |           1 |           1 |           1 |           1 |           1 |           1 |           1 |           1 |           1 |           1 |           1 |           1 |           1 |           1 |           1 |           1 |           1 |           1 |           1 |           1 |           1 |           1 |           1 |           1 |           1 |           1 |           1 |           1 |           1 |           1 |           1 |           1 |           1 |           1 |           1 |           1 |           1 |           1 |           1 |           1 |            1 |            1 |            1 |            1 |            1 |            1 |            1 |            1 |            1 |            1 |            1 |            1 |            1 |            1 |            1 |            1 |            1 |            1 |            1 |            1 |            1 |            1 |            1 |            1 |            1 |            1 |            1 |            1 |            1 |            1 |            1 |            1 |            1 |            1 |            1 |            1 |            1 |            1 |            1 |            1 |            1 |            1 |            1 |            1 |            1 |            1 |            1 |            1 |            1 |            1 |            1 |            1 |            1 |            1 |            1 |            1 |            1 |            1 |            1 |            1 |            1 |            1 |            1 |            1 |            1 |            1 |            1 |            1 |            1 |            1 |            1 |            1 |            1 |            1 |            1 |            1 |            1 |            1 |            1 |            1 |            1 |            1 |            1 |            1 |            1 |            1 |            1 |            1 |            1 |            1 |            1 |            1 |            1 |            1 |            1 |            1 |            1 |            1 |            1 |            1 |            1 |            1 |            1 |            1 |            1 |            1 |            1 |            1 |            1 |            1 |            1 |            1 |            1 |            1 |            1 |            1 |            1 |            1 |            1 |            1 |            1 |            1 |            1 |            1 |            1 |            1 |            1 |            1 |            1 |            1 |            1 |            1 |            1 |            1 |            1 |            1 |            1 |            1 |            1 |            1 |            1 |            1 |            1 |            1 |            1 |            1 |            1 |            1 |            1 |            1 |            1 |            1 |            1 |            1 |            1 |            1 |
+-------------------+------------+------------+------------+------------+------------+------------+------------+------------+------------+------------+-------------+-------------+-------------+-------------+-------------+-------------+-------------+-------------+-------------+-------------+-------------+-------------+-------------+-------------+-------------+-------------+-------------+-------------+-------------+-------------+-------------+-------------+-------------+-------------+-------------+-------------+-------------+-------------+-------------+-------------+-------------+-------------+-------------+-------------+-------------+-------------+-------------+-------------+-------------+-------------+-------------+-------------+-------------+-------------+-------------+-------------+-------------+-------------+-------------+-------------+-------------+-------------+-------------+-------------+-------------+-------------+-------------+-------------+-------------+-------------+-------------+-------------+-------------+-------------+-------------+-------------+-------------+-------------+-------------+-------------+-------------+-------------+-------------+-------------+-------------+-------------+-------------+-------------+-------------+-------------+-------------+-------------+-------------+-------------+-------------+-------------+-------------+-------------+-------------+-------------+--------------+--------------+--------------+--------------+--------------+--------------+--------------+--------------+--------------+--------------+--------------+--------------+--------------+--------------+--------------+--------------+--------------+--------------+--------------+--------------+--------------+--------------+--------------+--------------+--------------+--------------+--------------+--------------+--------------+--------------+--------------+--------------+--------------+--------------+--------------+--------------+--------------+--------------+--------------+--------------+--------------+--------------+--------------+--------------+--------------+--------------+--------------+--------------+--------------+--------------+--------------+--------------+--------------+--------------+--------------+--------------+--------------+--------------+--------------+--------------+--------------+--------------+--------------+--------------+--------------+--------------+--------------+--------------+--------------+--------------+--------------+--------------+--------------+--------------+--------------+--------------+--------------+--------------+--------------+--------------+--------------+--------------+--------------+--------------+--------------+--------------+--------------+--------------+--------------+--------------+--------------+--------------+--------------+--------------+--------------+--------------+--------------+--------------+--------------+--------------+--------------+--------------+--------------+--------------+--------------+--------------+--------------+--------------+--------------+--------------+--------------+--------------+--------------+--------------+--------------+--------------+--------------+--------------+--------------+--------------+--------------+--------------+--------------+--------------+--------------+--------------+--------------+--------------+--------------+--------------+--------------+--------------+--------------+--------------+--------------+--------------+--------------+--------------+--------------+--------------+--------------+--------------+--------------+--------------+--------------+--------------+--------------+--------------+--------------+--------------+--------------+--------------+--------------+--------------+--------------+--------------+
+----------------------------+---------+------------+------------+------------+------------+------------+------------+------------+------------+------------+------------+-------------+-------------+-------------+-------------+-------------+-------------+-------------+-------------+-------------+-------------+-------------+-------------+-------------+-------------+-------------+-------------+-------------+-------------+-------------+-------------+-------------+-------------+-------------+-------------+-------------+-------------+-------------+-------------+-------------+-------------+-------------+-------------+-------------+-------------+-------------+-------------+-------------+-------------+-------------+-------------+-------------+-------------+-------------+-------------+-------------+-------------+-------------+-------------+-------------+-------------+-------------+-------------+-------------+-------------+-------------+-------------+-------------+-------------+-------------+-------------+-------------+-------------+-------------+-------------+-------------+-------------+-------------+-------------+-------------+-------------+-------------+-------------+-------------+-------------+-------------+-------------+-------------+-------------+-------------+-------------+-------------+-------------+-------------+-------------+-------------+-------------+-------------+-------------+-------------+-------------+--------------+--------------+--------------+--------------+--------------+--------------+--------------+--------------+--------------+--------------+--------------+--------------+--------------+--------------+--------------+--------------+--------------+--------------+--------------+--------------+--------------+--------------+--------------+--------------+--------------+--------------+--------------+--------------+--------------+--------------+--------------+--------------+--------------+--------------+--------------+--------------+--------------+--------------+--------------+--------------+--------------+--------------+--------------+--------------+--------------+--------------+--------------+--------------+--------------+--------------+--------------+--------------+--------------+--------------+--------------+--------------+--------------+--------------+--------------+--------------+--------------+--------------+--------------+--------------+--------------+--------------+--------------+--------------+--------------+--------------+--------------+--------------+--------------+--------------+--------------+--------------+--------------+--------------+--------------+--------------+--------------+--------------+--------------+--------------+--------------+--------------+--------------+--------------+--------------+--------------+--------------+--------------+--------------+--------------+--------------+--------------+--------------+--------------+--------------+--------------+--------------+--------------+--------------+--------------+--------------+--------------+--------------+--------------+--------------+--------------+--------------+--------------+--------------+--------------+--------------+--------------+--------------+--------------+--------------+--------------+--------------+--------------+--------------+--------------+--------------+--------------+--------------+--------------+--------------+--------------+--------------+--------------+--------------+--------------+--------------+--------------+--------------+--------------+--------------+--------------+--------------+--------------+--------------+--------------+--------------+--------------+--------------+--------------+--------------+--------------+--------------+--------------+--------------+--------------+--------------+--------------+
|            Event           | Counter | HWThread 0 | HWThread 1 | HWThread 2 | HWThread 3 | HWThread 4 | HWThread 5 | HWThread 6 | HWThread 7 | HWThread 8 | HWThread 9 | HWThread 10 | HWThread 11 | HWThread 12 | HWThread 13 | HWThread 14 | HWThread 15 | HWThread 16 | HWThread 17 | HWThread 18 | HWThread 19 | HWThread 20 | HWThread 21 | HWThread 22 | HWThread 23 | HWThread 24 | HWThread 25 | HWThread 26 | HWThread 27 | HWThread 28 | HWThread 29 | HWThread 30 | HWThread 31 | HWThread 32 | HWThread 33 | HWThread 34 | HWThread 35 | HWThread 36 | HWThread 37 | HWThread 38 | HWThread 39 | HWThread 40 | HWThread 41 | HWThread 42 | HWThread 43 | HWThread 44 | HWThread 45 | HWThread 46 | HWThread 47 | HWThread 48 | HWThread 49 | HWThread 50 | HWThread 51 | HWThread 52 | HWThread 53 | HWThread 54 | HWThread 55 | HWThread 56 | HWThread 57 | HWThread 58 | HWThread 59 | HWThread 60 | HWThread 61 | HWThread 62 | HWThread 63 | HWThread 64 | HWThread 65 | HWThread 66 | HWThread 67 | HWThread 68 | HWThread 69 | HWThread 70 | HWThread 71 | HWThread 72 | HWThread 73 | HWThread 74 | HWThread 75 | HWThread 76 | HWThread 77 | HWThread 78 | HWThread 79 | HWThread 80 | HWThread 81 | HWThread 82 | HWThread 83 | HWThread 84 | HWThread 85 | HWThread 86 | HWThread 87 | HWThread 88 | HWThread 89 | HWThread 90 | HWThread 91 | HWThread 92 | HWThread 93 | HWThread 94 | HWThread 95 | HWThread 96 | HWThread 97 | HWThread 98 | HWThread 99 | HWThread 100 | HWThread 101 | HWThread 102 | HWThread 103 | HWThread 104 | HWThread 105 | HWThread 106 | HWThread 107 | HWThread 108 | HWThread 109 | HWThread 110 | HWThread 111 | HWThread 112 | HWThread 113 | HWThread 114 | HWThread 115 | HWThread 116 | HWThread 117 | HWThread 118 | HWThread 119 | HWThread 120 | HWThread 121 | HWThread 122 | HWThread 123 | HWThread 124 | HWThread 125 | HWThread 126 | HWThread 127 | HWThread 128 | HWThread 129 | HWThread 130 | HWThread 131 | HWThread 132 | HWThread 133 | HWThread 134 | HWThread 135 | HWThread 136 | HWThread 137 | HWThread 138 | HWThread 139 | HWThread 140 | HWThread 141 | HWThread 142 | HWThread 143 | HWThread 144 | HWThread 145 | HWThread 146 | HWThread 147 | HWThread 148 | HWThread 149 | HWThread 150 | HWThread 151 | HWThread 152 | HWThread 153 | HWThread 154 | HWThread 155 | HWThread 156 | HWThread 157 | HWThread 158 | HWThread 159 | HWThread 160 | HWThread 161 | HWThread 162 | HWThread 163 | HWThread 164 | HWThread 165 | HWThread 166 | HWThread 167 | HWThread 168 | HWThread 169 | HWThread 170 | HWThread 171 | HWThread 172 | HWThread 173 | HWThread 174 | HWThread 175 | HWThread 176 | HWThread 177 | HWThread 178 | HWThread 179 | HWThread 180 | HWThread 181 | HWThread 182 | HWThread 183 | HWThread 184 | HWThread 185 | HWThread 186 | HWThread 187 | HWThread 188 | HWThread 189 | HWThread 190 | HWThread 191 | HWThread 192 | HWThread 193 | HWThread 194 | HWThread 195 | HWThread 196 | HWThread 197 | HWThread 198 | HWThread 199 | HWThread 200 | HWThread 201 | HWThread 202 | HWThread 203 | HWThread 204 | HWThread 205 | HWThread 206 | HWThread 207 | HWThread 208 | HWThread 209 | HWThread 210 | HWThread 211 | HWThread 212 | HWThread 213 | HWThread 214 | HWThread 215 | HWThread 216 | HWThread 217 | HWThread 218 | HWThread 219 | HWThread 220 | HWThread 221 | HWThread 222 | HWThread 223 | HWThread 224 | HWThread 225 | HWThread 226 | HWThread 227 | HWThread 228 | HWThread 229 | HWThread 230 | HWThread 231 | HWThread 232 | HWThread 233 | HWThread 234 | HWThread 235 | HWThread 236 | HWThread 237 | HWThread 238 | HWThread 239 | HWThread 240 | HWThread 241 | HWThread 242 | HWThread 243 | HWThread 244 | HWThread 245 | HWThread 246 | HWThread 247 | HWThread 248 | HWThread 249 | HWThread 250 | HWThread 251 | HWThread 252 | HWThread 253 | HWThread 254 | HWThread 255 |
+----------------------------+---------+------------+------------+------------+------------+------------+------------+------------+------------+------------+------------+-------------+-------------+-------------+-------------+-------------+-------------+-------------+-------------+-------------+-------------+-------------+-------------+-------------+-------------+-------------+-------------+-------------+-------------+-------------+-------------+-------------+-------------+-------------+-------------+-------------+-------------+-------------+-------------+-------------+-------------+-------------+-------------+-------------+-------------+-------------+-------------+-------------+-------------+-------------+-------------+-------------+-------------+-------------+-------------+-------------+-------------+-------------+-------------+-------------+-------------+-------------+-------------+-------------+-------------+-------------+-------------+-------------+-------------+-------------+-------------+-------------+-------------+-------------+-------------+-------------+-------------+-------------+-------------+-------------+-------------+-------------+-------------+-------------+-------------+-------------+-------------+-------------+-------------+-------------+-------------+-------------+-------------+-------------+-------------+-------------+-------------+-------------+-------------+-------------+-------------+--------------+--------------+--------------+--------------+--------------+--------------+--------------+--------------+--------------+--------------+--------------+--------------+--------------+--------------+--------------+--------------+--------------+--------------+--------------+--------------+--------------+--------------+--------------+--------------+--------------+--------------+--------------+--------------+--------------+--------------+--------------+--------------+--------------+--------------+--------------+--------------+--------------+--------------+--------------+--------------+--------------+--------------+--------------+--------------+--------------+--------------+--------------+--------------+--------------+--------------+--------------+--------------+--------------+--------------+--------------+--------------+--------------+--------------+--------------+--------------+--------------+--------------+--------------+--------------+--------------+--------------+--------------+--------------+--------------+--------------+--------------+--------------+--------------+--------------+--------------+--------------+--------------+--------------+--------------+--------------+--------------+--------------+--------------+--------------+--------------+--------------+--------------+--------------+--------------+--------------+--------------+--------------+--------------+--------------+--------------+--------------+--------------+--------------+--------------+--------------+--------------+--------------+--------------+--------------+--------------+--------------+--------------+--------------+--------------+--------------+--------------+--------------+--------------+--------------+--------------+--------------+--------------+--------------+--------------+--------------+--------------+--------------+--------------+--------------+--------------+--------------+--------------+--------------+--------------+--------------+--------------+--------------+--------------+--------------+--------------+--------------+--------------+--------------+--------------+--------------+--------------+--------------+--------------+--------------+--------------+--------------+--------------+--------------+--------------+--------------+--------------+--------------+--------------+--------------+--------------+--------------+
|      ACTUAL_CPU_CLOCK      |  FIXC1  | 5664314000 | 5663540000 | 5660187000 | 5664709000 | 5663281000 | 5659503000 | 5664351000 | 5660728000 | 5580260000 | 5580228000 |  5578478000 |  5575184000 |  5578184000 |  5578529000 |  5578410000 |  5578357000 |  5617640000 |  5616474000 |  5616368000 |  5616361000 |  5618618000 |  5616194000 |  5616407000 |  5617474000 |  5632317000 |  5629195000 |  5632486000 |  5633304000 |  5633948000 |  5632196000 |  5632798000 |  5633313000 |  5522304000 |  5523272000 |  5523398000 |  5524384000 |  5521487000 |  5524625000 |  5524439000 |  5524494000 |  5603670000 |  5602288000 |  5603624000 |  5604138000 |  5601165000 |  5603578000 |  5602597000 |  5602570000 |  5569479000 |  5572189000 |  5570231000 |  5569667000 |  5572922000 |  5572220000 |  5572205000 |  5569187000 |  5614776000 |  5611917000 |  5611774000 |  5613739000 |  5615746000 |  5615824000 |  5614889000 |  5616270000 |  5614441000 |  5618320000 |  5616785000 |  5615871000 |  5618170000 |  5618137000 |  5615418000 |  5618315000 |  5625009000 |  5624694000 |  5627395000 |  5627370000 |  5624636000 |  5627388000 |  5625477000 |  5626677000 |  5590452000 |  5590780000 |  5588273000 |  5590538000 |  5590066000 |  5586956000 |  5590035000 |  5591042000 |  5617145000 |  5615405000 |  5614174000 |  5618555000 |  5618507000 |  5614989000 |  5617683000 |  5616228000 |  5603297000 |  5604288000 |  5601832000 |  5601049000 |   5601749000 |   5603565000 |   5602537000 |   5605042000 |   5546953000 |   5545981000 |   5543250000 |   5545147000 |   5546000000 |   5545261000 |   5543117000 |   5546341000 |   5611830000 |   5615909000 |   5616076000 |   5612817000 |   5614541000 |   5613577000 |   5614682000 |   5613520000 |   5580927000 |   5578158000 |   5578330000 |   5578300000 |   5579253000 |   5579080000 |   5579321000 |   5576683000 |   5619881000 |   5623131000 |   5620136000 |   5621293000 |   5622083000 |   5618899000 |   5622927000 |   5622156000 |   5677641000 |   5678946000 |   5676499000 |   5679333000 |   5679330000 |   5678020000 |   5677623000 |   5676480000 |   5658784000 |   5658639000 |   5657516000 |   5657745000 |   5661685000 |   5656576000 |   5656434000 |   5660491000 |   5615219000 |   5614314000 |   5614005000 |   5615796000 |   5616427000 |   5615315000 |   5616484000 |   5618216000 |   5585890000 |   5587256000 |   5586849000 |   5584636000 |   5584508000 |   5585805000 |   5585822000 |   5588514000 |   5586173000 |   5586420000 |   5583387000 |   5583263000 |   5585713000 |   5584254000 |   5583148000 |   5585221000 |   5547774000 |   5544916000 |   5545159000 |   5545097000 |   5548825000 |   5547749000 |   5549000000 |   5546319000 |   5664398000 |   5662709000 |   5663619000 |   5666362000 |   5663295000 |   5664938000 |   5662985000 |   5666650000 |   5612276000 |   5609084000 |   5609132000 |   5609146000 |   5610583000 |   5609025000 |   5611234000 |   5612788000 |   5594868000 |   5592474000 |   5594827000 |   5593456000 |   5592550000 |   5594276000 |   5592612000 |   5594800000 |   5604057000 |   5604337000 |   5606261000 |   5607203000 |   5607109000 |   5607491000 |   5605890000 |   5607100000 |   5628154000 |   5627124000 |   5628145000 |   5629228000 |   5629202000 |   5629219000 |   5629218000 |   5628106000 |   5629389000 |   5630851000 |   5629533000 |   5630829000 |   5631365000 |   5628458000 |   5629435000 |   5629453000 |   5656375000 |   5654090000 |   5654285000 |   5655352000 |   5654346000 |   5654126000 |   5656987000 |   5656615000 |   5616972000 |   5615497000 |   5617567000 |   5618040000 |   5615111000 |   5615675000 |   5614701000 |   5615009000 |   5623175000 |   5623213000 |   5623864000 |   5624244000 |   5624043000 |   5621974000 |   5623963000 |   5623955000 |
|        MAX_CPU_CLOCK       |  FIXC2  | 5751159000 | 5750272000 | 5747625000 | 5751298000 | 5749770000 | 5747242000 | 5751170000 | 5747147000 | 5751829000 | 5751817000 |  5750236000 |  5747737000 |  5749803000 |  5750166000 |  5750132000 |  5750092000 |  5750410000 |  5748874000 |  5748569000 |  5748794000 |  5751288000 |  5748597000 |  5748809000 |  5750340000 |  5750304000 |  5748977000 |  5751016000 |  5751771000 |  5752481000 |  5750223000 |  5751792000 |  5751820000 |  5748842000 |  5750107000 |  5750227000 |  5751229000 |  5749221000 |  5751784000 |  5751274000 |  5751319000 |  5750717000 |  5748732000 |  5750360000 |  5751124000 |  5747405000 |  5750129000 |  5749036000 |  5748882000 |  5748982000 |  5749600000 |  5748558000 |  5748335000 |  5749844000 |  5749618000 |  5749689000 |  5747404000 |  5750058000 |  5748062000 |  5746768000 |  5749867000 |  5752502000 |  5752403000 |  5750024000 |  5752318000 |  5747394000 |  5750530000 |  5748661000 |  5747382000 |  5750447000 |  5750432000 |  5747136000 |  5750467000 |  5744914000 |  5745565000 |  5746266000 |  5746229000 |  5745518000 |  5746200000 |  5745154000 |  5746582000 |  5748804000 |  5748424000 |  5745252000 |  5748868000 |  5747307000 |  5745308000 |  5747214000 |  5748779000 |  5749347000 |  5748341000 |  5747519000 |  5750649000 |  5751430000 |  5749041000 |  5750404000 |  5748890000 |  5748896000 |  5750025000 |  5748675000 |  5745538000 |   5748612000 |   5748571000 |   5748842000 |   5750195000 |   5751537000 |   5750142000 |   5748608000 |   5748721000 |   5750609000 |   5749980000 |   5748526000 |   5751548000 |   5745661000 |   5750340000 |   5750400000 |   5747355000 |   5748560000 |   5747282000 |   5748656000 |   5747236000 |   5751717000 |   5747510000 |   5748657000 |   5749107000 |   5749127000 |   5748711000 |   5749046000 |   5745746000 |   5747479000 |   5749662000 |   5748625000 |   5748407000 |   5749910000 |   5747906000 |   5750915000 |   5749928000 |   5748757000 |   5750067000 |   5747333000 |   5750887000 |   5750821000 |   5749044000 |   5748731000 |   5747323000 |   5749059000 |   5748945000 |   5746960000 |   5747813000 |   5750158000 |   5745978000 |   5745665000 |   5748570000 |   5747017000 |   5747775000 |   5747367000 |   5748757000 |   5748440000 |   5747509000 |   5748654000 |   5750071000 |   5747433000 |   5748795000 |   5748740000 |   5747554000 |   5747486000 |   5747371000 |   5747378000 |   5750276000 |   5749256000 |   5749653000 |   5748833000 |   5748549000 |   5750037000 |   5748314000 |   5749103000 |   5750164000 |   5748996000 |   5747407000 |   5747601000 |   5747515000 |   5750071000 |   5748959000 |   5750214000 |   5747376000 |   5747015000 |   5745490000 |   5747562000 |   5748056000 |   5747348000 |   5746670000 |   5745714000 |   5748806000 |   5749867000 |   5747577000 |   5747604000 |   5747629000 |   5748290000 |   5747563000 |   5748711000 |   5750289000 |   5750125000 |   5747431000 |   5750064000 |   5749045000 |   5747493000 |   5750014000 |   5748927000 |   5750096000 |   5747912000 |   5747958000 |   5748668000 |   5749780000 |   5749564000 |   5750115000 |   5748147000 |   5749586000 |   5748719000 |   5747615000 |   5747350000 |   5748703000 |   5748411000 |   5748708000 |   5748700000 |   5747327000 |   5747255000 |   5748796000 |   5747840000 |   5748789000 |   5748257000 |   5747551000 |   5747261000 |   5747293000 |   5750113000 |   5748947000 |   5749081000 |   5748944000 |   5749129000 |   5748980000 |   5749728000 |   5750354000 |   5749978000 |   5748929000 |   5749076000 |   5751524000 |   5748262000 |   5748545000 |   5748862000 |   5749155000 |   5750161000 |   5750178000 |   5749843000 |   5751272000 |   5751452000 |   5748736000 |   5751203000 |   5750193000 |
|    RETIRED_INSTRUCTIONS    |   PMC0  | 7595028000 | 7590339000 | 7588795000 | 7590814000 | 7592847000 | 7588222000 | 7595566000 | 7587221000 | 7557883000 | 7550075000 |  7548015000 |  7549258000 |  7548380000 |  7548438000 |  7549148000 |  7551651000 |  7572083000 |  7569860000 |  7569233000 |  7568052000 |  7578656000 |  7569001000 |  7571163000 |  7572304000 |  7582688000 |  7583859000 |  7582353000 |  7581646000 |  7591149000 |  7581530000 |  7588714000 |  7583212000 |  7532341000 |  7531666000 |  7535719000 |  7528782000 |  7534110000 |  7532623000 |  7535527000 |  7531313000 |  7575843000 |  7574279000 |  7580887000 |  7576072000 |  7574881000 |  7575038000 |  7582175000 |  7575106000 |  7549038000 |  7546608000 |  7546389000 |  7545918000 |  7550950000 |  7546391000 |  7558667000 |  7549010000 |  7575102000 |  7573188000 |  7575255000 |  7575902000 |  7579549000 |  7574983000 |  7578035000 |  7550571000 |  7565562000 |  7563578000 |  7564276000 |  7563497000 |  7564805000 |  7566880000 |  7572724000 |  7564636000 |  7564495000 |  7563805000 |  7568755000 |  7564697000 |  7570181000 |  7563622000 |  7567513000 |  7563596000 |  7552840000 |  7552799000 |  7551252000 |  7550121000 |  7552080000 |  7552220000 |  7556207000 |  7551226000 |  7560460000 |  7557974000 |  7555711000 |  7555780000 |  7568384000 |  7556314000 |  7565101000 |  7531773000 |  7559495000 |  7558958000 |  7562212000 |  7557888000 |   7568677000 |   7555984000 |   7563719000 |   7558521000 |   7539105000 |   7535718000 |   7535770000 |   7534849000 |   7540544000 |   7534088000 |   7538270000 |   7536461000 |   7563960000 |   7564390000 |   7562332000 |   7560787000 |   7568703000 |   7560796000 |   7566254000 |   7561690000 |   7548703000 |   7547135000 |   7549715000 |   7546719000 |   7556644000 |   7548138000 |   7549244000 |   7517221000 |   7576859000 |   7571509000 |   7572252000 |   7570239000 |   7578883000 |   7571738000 |   7575605000 |   7572798000 |   7589576000 |   7589755000 |   7588394000 |   7589473000 |   7594441000 |   7588348000 |   7594797000 |   7589020000 |   7576652000 |   7565562000 |   7569666000 |   7566170000 |   7568509000 |   7566715000 |   7568596000 |   7565429000 |   7553872000 |   7551926000 |   7554484000 |   7550088000 |   7552864000 |   7552436000 |   7562064000 |   7521141000 |   7549162000 |   7548041000 |   7548712000 |   7547605000 |   7548988000 |   7546623000 |   7554840000 |   7548763000 |   7541232000 |   7540459000 |   7543258000 |   7539293000 |   7543550000 |   7537200000 |   7545493000 |   7539230000 |   7536696000 |   7534187000 |   7536736000 |   7532139000 |   7536967000 |   7533848000 |   7540110000 |   7534735000 |   7580006000 |   7581866000 |   7582286000 |   7579310000 |   7582994000 |   7581119000 |   7582109000 |   7552678000 |   7558253000 |   7555379000 |   7562826000 |   7555124000 |   7556436000 |   7553997000 |   7565320000 |   7557484000 |   7540134000 |   7539902000 |   7543163000 |   7538841000 |   7540113000 |   7536731000 |   7541171000 |   7537677000 |   7552508000 |   7548763000 |   7550143000 |   7551325000 |   7549640000 |   7548783000 |   7551776000 |   7548033000 |   7550286000 |   7550839000 |   7551835000 |   7547623000 |   7557502000 |   7549816000 |   7558444000 |   7523843000 |   7551708000 |   7549444000 |   7548965000 |   7546963000 |   7550853000 |   7547374000 |   7554117000 |   7547946000 |   7579165000 |   7578042000 |   7578858000 |   7577390000 |   7578774000 |   7578008000 |   7581106000 |   7577513000 |   7571230000 |   7569927000 |   7578680000 |   7571742000 |   7577880000 |   7569338000 |   7574596000 |   7570458000 |   7556620000 |   7555152000 |   7564073000 |   7554455000 |   7562638000 |   7554232000 |   7556800000 |   7520364000 |
|     CPU_CLOCKS_UNHALTED    |   PMC1  | 5625763000 | 5624580000 | 5621277000 | 5633953000 | 5623200000 | 5621659000 | 5633740000 | 5621116000 | 5539231000 | 5539523000 |  5535303000 |  5534586000 |  5535493000 |  5535694000 |  5535637000 |  5535271000 |  5579113000 |  5575692000 |  5573966000 |  5575894000 |  5576997000 |  5576073000 |  5575655000 |  5579319000 |  5589798000 |  5588577000 |  5594922000 |  5591647000 |  5600544000 |  5589789000 |  5591017000 |  5594223000 |  5482908000 |  5483473000 |  5483351000 |  5483796000 |  5482086000 |  5485304000 |  5483505000 |  5484295000 |  5563170000 |  5560183000 |  5561934000 |  5570863000 |  5558892000 |  5560592000 |  5559249000 |  5559999000 |  5525965000 |  5527788000 |  5527137000 |  5527210000 |  5527748000 |  5528253000 |  5528053000 |  5526451000 |  5567361000 |  5566842000 |  5566977000 |  5569321000 |  5578792000 |  5578122000 |  5568014000 |  5577984000 |  5571196000 |  5575333000 |  5572300000 |  5571357000 |  5576150000 |  5574692000 |  5570893000 |  5575814000 |  5580853000 |  5580953000 |  5581879000 |  5582246000 |  5580713000 |  5582422000 |  5581216000 |  5582111000 |  5545700000 |  5549417000 |  5544184000 |  5545768000 |  5545802000 |  5544087000 |  5545168000 |  5547024000 |  5568289000 |  5567502000 |  5566961000 |  5569808000 |  5569783000 |  5567404000 |  5569016000 |  5566616000 |  5557438000 |  5558979000 |  5557950000 |  5557735000 |   5557642000 |   5557373000 |   5557407000 |   5558867000 |   5500953000 |   5499592000 |   5498373000 |   5498667000 |   5500412000 |   5499641000 |   5498349000 |   5503272000 |   5570119000 |   5575007000 |   5572628000 |   5570112000 |   5571230000 |   5569735000 |   5570689000 |   5568995000 |   5534009000 |   5532852000 |   5532770000 |   5532822000 |   5535927000 |   5534578000 |   5532316000 |   5530712000 |   5568189000 |   5569337000 |   5568219000 |   5569651000 |   5569880000 |   5568239000 |   5570943000 |   5569427000 |   5625624000 |   5626294000 |   5624463000 |   5634087000 |   5631022000 |   5626569000 |   5625896000 |   5624697000 |   5606507000 |   5605577000 |   5605795000 |   5606962000 |   5607477000 |   5606471000 |   5605559000 |   5607231000 |   5559008000 |   5559587000 |   5559258000 |   5559961000 |   5561140000 |   5559237000 |   5560376000 |   5561306000 |   5532191000 |   5532016000 |   5533472000 |   5532405000 |   5532471000 |   5532266000 |   5532095000 |   5532554000 |   5530055000 |   5530021000 |   5529238000 |   5529491000 |   5530187000 |   5528899000 |   5528803000 |   5530107000 |   5495054000 |   5493819000 |   5493815000 |   5494349000 |   5495209000 |   5494984000 |   5495016000 |   5493395000 |   5610292000 |   5610824000 |   5610496000 |   5610162000 |   5610533000 |   5611125000 |   5610726000 |   5610749000 |   5558619000 |   5558364000 |   5558035000 |   5558264000 |   5558133000 |   5558187000 |   5559149000 |   5559132000 |   5539933000 |   5538609000 |   5539955000 |   5539111000 |   5538528000 |   5539704000 |   5538582000 |   5539629000 |   5551004000 |   5551854000 |   5551598000 |   5552762000 |   5552958000 |   5552802000 |   5551305000 |   5552450000 |   5574597000 |   5574194000 |   5574490000 |   5575903000 |   5574301000 |   5576035000 |   5575108000 |   5573884000 |   5576452000 |   5578038000 |   5577257000 |   5578166000 |   5577792000 |   5576583000 |   5576400000 |   5576379000 |   5601805000 |   5600340000 |   5600623000 |   5600629000 |   5600087000 |   5600502000 |   5601021000 |   5601520000 |   5562987000 |   5561730000 |   5562961000 |   5564599000 |   5561616000 |   5561664000 |   5561781000 |   5561304000 |   5564236000 |   5563534000 |   5563430000 |   5564988000 |   5565303000 |   5562022000 |   5564570000 |   5563532000 |
| REQUESTS_TO_L2_GRP1_RD_ANY |   PMC2  | 2148185000 | 2148080000 | 2148087000 | 2148014000 | 2148063000 | 2148171000 | 2148053000 | 2148133000 | 2148068000 | 2148056000 |  2148064000 |  2148062000 |  2148202000 |  2148086000 |  2148044000 |  2148071000 |  2148057000 |  2148083000 |  2148125000 |  2148097000 |  2148087000 |  2148092000 |  2148066000 |  2148059000 |  2148092000 |  2148074000 |  2148107000 |  2148070000 |  2148079000 |  2148157000 |  2148043000 |  2148181000 |  2148129000 |  2148101000 |  2148061000 |  2148582000 |  2148161000 |  2148135000 |  2148067000 |  2148123000 |  2148188000 |  2148146000 |  2148069000 |  2148097000 |  2148117000 |  2148081000 |  2148036000 |  2148051000 |  2148056000 |  2148075000 |  2148120000 |  2148111000 |  2148046000 |  2148121000 |  2148030000 |  2148078000 |  2148158000 |  2148136000 |  2148103000 |  2148092000 |  2148212000 |  2148186000 |  2148138000 |  2155336000 |  2148079000 |  2148042000 |  2148131000 |  2147989000 |  2148075000 |  2148054000 |  2147982000 |  2148081000 |  2148255000 |  2148075000 |  2148014000 |  2148072000 |  2148111000 |  2148057000 |  2148067000 |  2148082000 |  2148051000 |  2148065000 |  2148039000 |  2148100000 |  2148093000 |  2148042000 |  2148063000 |  2148110000 |  2148143000 |  2148083000 |  2148158000 |  2148211000 |  2148150000 |  2148215000 |  2148039000 |  2154162000 |  2148102000 |  2148048000 |  2148047000 |  2148025000 |   2148078000 |   2148085000 |   2148085000 |   2148239000 |   2148046000 |   2148082000 |   2148128000 |   2148047000 |   2148122000 |   2148129000 |   2148070000 |   2148095000 |   2148099000 |   2148167000 |   2148123000 |   2148047000 |   2148025000 |   2148140000 |   2148077000 |   2148155000 |   2148162000 |   2148182000 |   2148146000 |   2148163000 |   2148098000 |   2148208000 |   2148089000 |   2155641000 |   2148090000 |   2148102000 |   2148052000 |   2148065000 |   2148029000 |   2148057000 |   2148109000 |   2148031000 |   2148124000 |   2148064000 |   2148093000 |   2148071000 |   2148013000 |   2148068000 |   2148000000 |   2148055000 |   2148138000 |   2148053000 |   2148077000 |   2148010000 |   2148049000 |   2148087000 |   2148062000 |   2148085000 |   2148164000 |   2148151000 |   2148126000 |   2148184000 |   2148145000 |   2148113000 |   2148123000 |   2155760000 |   2148069000 |   2148043000 |   2148111000 |   2148103000 |   2148076000 |   2148212000 |   2147998000 |   2148119000 |   2148047000 |   2148130000 |   2148080000 |   2148071000 |   2148074000 |   2148180000 |   2147995000 |   2148054000 |   2148060000 |   2148108000 |   2148135000 |   2148166000 |   2148031000 |   2148039000 |   2147994000 |   2148198000 |   2148196000 |   2148134000 |   2148091000 |   2148084000 |   2148161000 |   2148082000 |   2148098000 |   2154939000 |   2148126000 |   2148060000 |   2148085000 |   2148089000 |   2148167000 |   2148089000 |   2148100000 |   2148143000 |   2148036000 |   2148096000 |   2148072000 |   2148071000 |   2148055000 |   2148073000 |   2148101000 |   2148203000 |   2148072000 |   2148088000 |   2148096000 |   2148030000 |   2148178000 |   2148061000 |   2148073000 |   2148229000 |   2148176000 |   2148131000 |   2148165000 |   2148161000 |   2148114000 |   2148176000 |   2148080000 |   2152710000 |   2148161000 |   2148073000 |   2148079000 |   2148046000 |   2148007000 |   2148122000 |   2148080000 |   2148179000 |   2148056000 |   2148017000 |   2148063000 |   2148106000 |   2148054000 |   2148095000 |   2148185000 |   2148123000 |   2148128000 |   2148096000 |   2148033000 |   2148098000 |   2148017000 |   2148088000 |   2148008000 |   2148049000 |   2148119000 |   2148131000 |   2148183000 |   2148078000 |   2148078000 |   2148111000 |   2148037000 |   2155313000 |
|     L2_PF_HIT_IN_L2_ALL    |   PMC3  | 1216889000 | 1234426000 | 1234051000 | 1239905000 | 1226583000 | 1236994000 | 1231983000 | 1228035000 | 1218335000 | 1227970000 |  1225456000 |  1237614000 |  1222100000 |  1229133000 |  1223739000 |  1227505000 |  1217022000 |  1231097000 |  1230119000 |  1237805000 |  1227584000 |  1232080000 |  1228059000 |  1228393000 |  1214522000 |  1229122000 |  1230515000 |  1245635000 |  1229342000 |  1232588000 |  1230442000 |  1225369000 |  1207617000 |  1220681000 |  1223479000 |  1192416000 |  1216889000 |  1218618000 |  1220761000 |  1217060000 |  1212351000 |  1214904000 |  1231263000 |  1226943000 |  1226078000 |  1229961000 |  1229255000 |  1224785000 |  1215688000 |  1224551000 |  1226808000 |  1240562000 |  1225361000 |  1222777000 |  1227493000 |  1222720000 |  1222715000 |  1234229000 |  1238429000 |  1239124000 |  1231272000 |  1237928000 |  1244847000 |   958820900 |  1198993000 |  1220508000 |  1220850000 |  1216690000 |  1220166000 |  1225907000 |  1226237000 |  1224802000 |  1209967000 |  1225976000 |  1231673000 |  1213736000 |  1223843000 |  1221114000 |  1224205000 |  1219206000 |  1208370000 |  1227392000 |  1223634000 |  1229668000 |  1217553000 |  1215417000 |  1227407000 |  1223212000 |  1220429000 |  1240925000 |  1229536000 |  1239502000 |  1238850000 |  1231055000 |  1243614000 |   969364500 |  1208068000 |  1214845000 |  1219963000 |  1241223000 |   1230713000 |   1228573000 |   1225307000 |   1222445000 |   1205816000 |   1203181000 |   1215093000 |   1224779000 |   1208619000 |   1219637000 |   1214837000 |   1211365000 |   1211653000 |   1214299000 |   1223753000 |   1232440000 |   1216527000 |   1224434000 |   1215562000 |   1218409000 |   1209899000 |   1232237000 |   1220336000 |   1243425000 |   1202301000 |   1235416000 |   1223618000 |    977852000 |   1188734000 |   1216372000 |   1221907000 |   1233218000 |   1220693000 |   1203774000 |   1221622000 |   1207794000 |   1212171000 |   1229255000 |   1226337000 |   1237243000 |   1228383000 |   1231108000 |   1228401000 |   1225926000 |   1220430000 |   1212884000 |   1223564000 |   1220462000 |   1220864000 |   1230549000 |   1222704000 |   1218764000 |   1214650000 |   1218607000 |   1226983000 |   1237349000 |   1228352000 |   1236091000 |   1241794000 |   1003045000 |   1207167000 |   1214798000 |   1218724000 |   1214475000 |   1217774000 |   1216860000 |   1216508000 |   1205002000 |   1193561000 |   1220209000 |   1213396000 |   1226022000 |   1204393000 |   1220446000 |   1213870000 |   1213576000 |   1200031000 |   1223912000 |   1218101000 |   1226498000 |   1216070000 |   1211766000 |   1223721000 |   1217173000 |   1205821000 |   1237012000 |   1226847000 |   1248677000 |   1234440000 |   1224933000 |   1234378000 |    971306400 |   1194383000 |   1215490000 |   1225213000 |   1228615000 |   1210529000 |   1219737000 |   1222131000 |   1217882000 |   1195512000 |   1218751000 |   1218362000 |   1227033000 |   1209554000 |   1211726000 |   1219241000 |   1213990000 |   1205945000 |   1218063000 |   1215723000 |   1224783000 |   1208829000 |   1212666000 |   1219561000 |   1215896000 |   1210672000 |   1228543000 |   1225706000 |   1237089000 |   1226763000 |   1228460000 |   1235488000 |    965455800 |   1197346000 |   1215672000 |   1209260000 |   1225276000 |   1202296000 |   1210945000 |   1218912000 |   1217120000 |   1203337000 |   1212859000 |   1214329000 |   1218683000 |   1208098000 |   1217573000 |   1211637000 |   1198925000 |   1193468000 |   1216179000 |   1220305000 |   1225021000 |   1206180000 |   1215802000 |   1211337000 |   1216090000 |   1204609000 |   1220317000 |   1230926000 |   1237117000 |   1222293000 |   1228854000 |   1224556000 |    982169600 |
+----------------------------+---------+------------+------------+------------+------------+------------+------------+------------+------------+------------+------------+-------------+-------------+-------------+-------------+-------------+-------------+-------------+-------------+-------------+-------------+-------------+-------------+-------------+-------------+-------------+-------------+-------------+-------------+-------------+-------------+-------------+-------------+-------------+-------------+-------------+-------------+-------------+-------------+-------------+-------------+-------------+-------------+-------------+-------------+-------------+-------------+-------------+-------------+-------------+-------------+-------------+-------------+-------------+-------------+-------------+-------------+-------------+-------------+-------------+-------------+-------------+-------------+-------------+-------------+-------------+-------------+-------------+-------------+-------------+-------------+-------------+-------------+-------------+-------------+-------------+-------------+-------------+-------------+-------------+-------------+-------------+-------------+-------------+-------------+-------------+-------------+-------------+-------------+-------------+-------------+-------------+-------------+-------------+-------------+-------------+-------------+-------------+-------------+-------------+-------------+--------------+--------------+--------------+--------------+--------------+--------------+--------------+--------------+--------------+--------------+--------------+--------------+--------------+--------------+--------------+--------------+--------------+--------------+--------------+--------------+--------------+--------------+--------------+--------------+--------------+--------------+--------------+--------------+--------------+--------------+--------------+--------------+--------------+--------------+--------------+--------------+--------------+--------------+--------------+--------------+--------------+--------------+--------------+--------------+--------------+--------------+--------------+--------------+--------------+--------------+--------------+--------------+--------------+--------------+--------------+--------------+--------------+--------------+--------------+--------------+--------------+--------------+--------------+--------------+--------------+--------------+--------------+--------------+--------------+--------------+--------------+--------------+--------------+--------------+--------------+--------------+--------------+--------------+--------------+--------------+--------------+--------------+--------------+--------------+--------------+--------------+--------------+--------------+--------------+--------------+--------------+--------------+--------------+--------------+--------------+--------------+--------------+--------------+--------------+--------------+--------------+--------------+--------------+--------------+--------------+--------------+--------------+--------------+--------------+--------------+--------------+--------------+--------------+--------------+--------------+--------------+--------------+--------------+--------------+--------------+--------------+--------------+--------------+--------------+--------------+--------------+--------------+--------------+--------------+--------------+--------------+--------------+--------------+--------------+--------------+--------------+--------------+--------------+--------------+--------------+--------------+--------------+--------------+--------------+--------------+--------------+--------------+--------------+--------------+--------------+--------------+--------------+--------------+--------------+--------------+--------------+
+---------------------------------+---------+---------------+------------+------------+--------------+
|              Event              | Counter |      Sum      |     Min    |     Max    |      Avg     |
+---------------------------------+---------+---------------+------------+------------+--------------+
|      ACTUAL_CPU_CLOCK STAT      |  FIXC1  | 1436095893000 | 5521487000 | 5679333000 | 5.609750e+09 |
|        MAX_CPU_CLOCK STAT       |  FIXC2  | 1471726520000 | 5744914000 | 5752502000 | 5.748932e+09 |
|    RETIRED_INSTRUCTIONS STAT    |   PMC0  | 1935302872000 | 7517221000 | 7595566000 | 7.559777e+09 |
|     CPU_CLOCKS_UNHALTED STAT    |   PMC1  | 1423726516000 | 5482086000 | 5634087000 | 5.561432e+09 |
| REQUESTS_TO_L2_GRP1_RD_ANY STAT |   PMC2  |  549960237000 | 2147982000 | 2155760000 | 2.148282e+09 |
|     L2_PF_HIT_IN_L2_ALL STAT    |   PMC3  |  310976005200 |  958820900 | 1248677000 | 1.214750e+09 |
+---------------------------------+---------+---------------+------------+------------+--------------+
+-------------------------------+------------+------------+------------+------------+------------+------------+------------+------------+------------+------------+-------------+-------------+-------------+-------------+-------------+-------------+-------------+-------------+-------------+-------------+-------------+-------------+-------------+-------------+-------------+-------------+-------------+-------------+-------------+-------------+-------------+-------------+-------------+-------------+-------------+-------------+-------------+-------------+-------------+-------------+-------------+-------------+-------------+-------------+-------------+-------------+-------------+-------------+-------------+-------------+-------------+-------------+-------------+-------------+-------------+-------------+-------------+-------------+-------------+-------------+-------------+-------------+-------------+-------------+-------------+-------------+-------------+-------------+-------------+-------------+-------------+-------------+-------------+-------------+-------------+-------------+-------------+-------------+-------------+-------------+-------------+-------------+-------------+-------------+-------------+-------------+-------------+-------------+-------------+-------------+-------------+-------------+-------------+-------------+-------------+-------------+-------------+-------------+-------------+-------------+--------------+--------------+--------------+--------------+--------------+--------------+--------------+--------------+--------------+--------------+--------------+--------------+--------------+--------------+--------------+--------------+--------------+--------------+--------------+--------------+--------------+--------------+--------------+--------------+--------------+--------------+--------------+--------------+--------------+--------------+--------------+--------------+--------------+--------------+--------------+--------------+--------------+--------------+--------------+--------------+--------------+--------------+--------------+--------------+--------------+--------------+--------------+--------------+--------------+--------------+--------------+--------------+--------------+--------------+--------------+--------------+--------------+--------------+--------------+--------------+--------------+--------------+--------------+--------------+--------------+--------------+--------------+--------------+--------------+--------------+--------------+--------------+--------------+--------------+--------------+--------------+--------------+--------------+--------------+--------------+--------------+--------------+--------------+--------------+--------------+--------------+--------------+--------------+--------------+--------------+--------------+--------------+--------------+--------------+--------------+--------------+--------------+--------------+--------------+--------------+--------------+--------------+--------------+--------------+--------------+--------------+--------------+--------------+--------------+--------------+--------------+--------------+--------------+--------------+--------------+--------------+--------------+--------------+--------------+--------------+--------------+--------------+--------------+--------------+--------------+--------------+--------------+--------------+--------------+--------------+--------------+--------------+--------------+--------------+--------------+--------------+--------------+--------------+--------------+--------------+--------------+--------------+--------------+--------------+--------------+--------------+--------------+--------------+--------------+--------------+--------------+--------------+--------------+--------------+--------------+--------------+
|             Metric            | HWThread 0 | HWThread 1 | HWThread 2 | HWThread 3 | HWThread 4 | HWThread 5 | HWThread 6 | HWThread 7 | HWThread 8 | HWThread 9 | HWThread 10 | HWThread 11 | HWThread 12 | HWThread 13 | HWThread 14 | HWThread 15 | HWThread 16 | HWThread 17 | HWThread 18 | HWThread 19 | HWThread 20 | HWThread 21 | HWThread 22 | HWThread 23 | HWThread 24 | HWThread 25 | HWThread 26 | HWThread 27 | HWThread 28 | HWThread 29 | HWThread 30 | HWThread 31 | HWThread 32 | HWThread 33 | HWThread 34 | HWThread 35 | HWThread 36 | HWThread 37 | HWThread 38 | HWThread 39 | HWThread 40 | HWThread 41 | HWThread 42 | HWThread 43 | HWThread 44 | HWThread 45 | HWThread 46 | HWThread 47 | HWThread 48 | HWThread 49 | HWThread 50 | HWThread 51 | HWThread 52 | HWThread 53 | HWThread 54 | HWThread 55 | HWThread 56 | HWThread 57 | HWThread 58 | HWThread 59 | HWThread 60 | HWThread 61 | HWThread 62 | HWThread 63 | HWThread 64 | HWThread 65 | HWThread 66 | HWThread 67 | HWThread 68 | HWThread 69 | HWThread 70 | HWThread 71 | HWThread 72 | HWThread 73 | HWThread 74 | HWThread 75 | HWThread 76 | HWThread 77 | HWThread 78 | HWThread 79 | HWThread 80 | HWThread 81 | HWThread 82 | HWThread 83 | HWThread 84 | HWThread 85 | HWThread 86 | HWThread 87 | HWThread 88 | HWThread 89 | HWThread 90 | HWThread 91 | HWThread 92 | HWThread 93 | HWThread 94 | HWThread 95 | HWThread 96 | HWThread 97 | HWThread 98 | HWThread 99 | HWThread 100 | HWThread 101 | HWThread 102 | HWThread 103 | HWThread 104 | HWThread 105 | HWThread 106 | HWThread 107 | HWThread 108 | HWThread 109 | HWThread 110 | HWThread 111 | HWThread 112 | HWThread 113 | HWThread 114 | HWThread 115 | HWThread 116 | HWThread 117 | HWThread 118 | HWThread 119 | HWThread 120 | HWThread 121 | HWThread 122 | HWThread 123 | HWThread 124 | HWThread 125 | HWThread 126 | HWThread 127 | HWThread 128 | HWThread 129 | HWThread 130 | HWThread 131 | HWThread 132 | HWThread 133 | HWThread 134 | HWThread 135 | HWThread 136 | HWThread 137 | HWThread 138 | HWThread 139 | HWThread 140 | HWThread 141 | HWThread 142 | HWThread 143 | HWThread 144 | HWThread 145 | HWThread 146 | HWThread 147 | HWThread 148 | HWThread 149 | HWThread 150 | HWThread 151 | HWThread 152 | HWThread 153 | HWThread 154 | HWThread 155 | HWThread 156 | HWThread 157 | HWThread 158 | HWThread 159 | HWThread 160 | HWThread 161 | HWThread 162 | HWThread 163 | HWThread 164 | HWThread 165 | HWThread 166 | HWThread 167 | HWThread 168 | HWThread 169 | HWThread 170 | HWThread 171 | HWThread 172 | HWThread 173 | HWThread 174 | HWThread 175 | HWThread 176 | HWThread 177 | HWThread 178 | HWThread 179 | HWThread 180 | HWThread 181 | HWThread 182 | HWThread 183 | HWThread 184 | HWThread 185 | HWThread 186 | HWThread 187 | HWThread 188 | HWThread 189 | HWThread 190 | HWThread 191 | HWThread 192 | HWThread 193 | HWThread 194 | HWThread 195 | HWThread 196 | HWThread 197 | HWThread 198 | HWThread 199 | HWThread 200 | HWThread 201 | HWThread 202 | HWThread 203 | HWThread 204 | HWThread 205 | HWThread 206 | HWThread 207 | HWThread 208 | HWThread 209 | HWThread 210 | HWThread 211 | HWThread 212 | HWThread 213 | HWThread 214 | HWThread 215 | HWThread 216 | HWThread 217 | HWThread 218 | HWThread 219 | HWThread 220 | HWThread 221 | HWThread 222 | HWThread 223 | HWThread 224 | HWThread 225 | HWThread 226 | HWThread 227 | HWThread 228 | HWThread 229 | HWThread 230 | HWThread 231 | HWThread 232 | HWThread 233 | HWThread 234 | HWThread 235 | HWThread 236 | HWThread 237 | HWThread 238 | HWThread 239 | HWThread 240 | HWThread 241 | HWThread 242 | HWThread 243 | HWThread 244 | HWThread 245 | HWThread 246 | HWThread 247 | HWThread 248 | HWThread 249 | HWThread 250 | HWThread 251 | HWThread 252 | HWThread 253 | HWThread 254 | HWThread 255 |
+-------------------------------+------------+------------+------------+------------+------------+------------+------------+------------+------------+------------+-------------+-------------+-------------+-------------+-------------+-------------+-------------+-------------+-------------+-------------+-------------+-------------+-------------+-------------+-------------+-------------+-------------+-------------+-------------+-------------+-------------+-------------+-------------+-------------+-------------+-------------+-------------+-------------+-------------+-------------+-------------+-------------+-------------+-------------+-------------+-------------+-------------+-------------+-------------+-------------+-------------+-------------+-------------+-------------+-------------+-------------+-------------+-------------+-------------+-------------+-------------+-------------+-------------+-------------+-------------+-------------+-------------+-------------+-------------+-------------+-------------+-------------+-------------+-------------+-------------+-------------+-------------+-------------+-------------+-------------+-------------+-------------+-------------+-------------+-------------+-------------+-------------+-------------+-------------+-------------+-------------+-------------+-------------+-------------+-------------+-------------+-------------+-------------+-------------+-------------+--------------+--------------+--------------+--------------+--------------+--------------+--------------+--------------+--------------+--------------+--------------+--------------+--------------+--------------+--------------+--------------+--------------+--------------+--------------+--------------+--------------+--------------+--------------+--------------+--------------+--------------+--------------+--------------+--------------+--------------+--------------+--------------+--------------+--------------+--------------+--------------+--------------+--------------+--------------+--------------+--------------+--------------+--------------+--------------+--------------+--------------+--------------+--------------+--------------+--------------+--------------+--------------+--------------+--------------+--------------+--------------+--------------+--------------+--------------+--------------+--------------+--------------+--------------+--------------+--------------+--------------+--------------+--------------+--------------+--------------+--------------+--------------+--------------+--------------+--------------+--------------+--------------+--------------+--------------+--------------+--------------+--------------+--------------+--------------+--------------+--------------+--------------+--------------+--------------+--------------+--------------+--------------+--------------+--------------+--------------+--------------+--------------+--------------+--------------+--------------+--------------+--------------+--------------+--------------+--------------+--------------+--------------+--------------+--------------+--------------+--------------+--------------+--------------+--------------+--------------+--------------+--------------+--------------+--------------+--------------+--------------+--------------+--------------+--------------+--------------+--------------+--------------+--------------+--------------+--------------+--------------+--------------+--------------+--------------+--------------+--------------+--------------+--------------+--------------+--------------+--------------+--------------+--------------+--------------+--------------+--------------+--------------+--------------+--------------+--------------+--------------+--------------+--------------+--------------+--------------+--------------+
|      Runtime (RDTSC) [s]      |     2.1321 |     2.1297 |     2.1289 |     2.1321 |     2.1296 |     2.1289 |     2.1321 |     2.1289 |     2.1303 |     2.1303 |      2.1293 |      2.1290 |      2.1292 |      2.1293 |      2.1293 |      2.1293 |      2.1303 |      2.1293 |      2.1289 |      2.1294 |      2.1296 |      2.1293 |      2.1294 |      2.1303 |      2.1293 |      2.1289 |      2.1306 |      2.1296 |      2.1320 |      2.1293 |      2.1296 |      2.1306 |      2.1292 |      2.1293 |      2.1293 |      2.1296 |      2.1288 |      2.1298 |      2.1296 |      2.1296 |      2.1301 |      2.1293 |      2.1298 |      2.1320 |      2.1289 |      2.1294 |      2.1294 |      2.1293 |      2.1288 |      2.1292 |      2.1289 |      2.1288 |      2.1292 |      2.1292 |      2.1292 |      2.1289 |      2.1292 |      2.1288 |      2.1289 |      2.1296 |      2.1320 |      2.1320 |      2.1292 |      2.1320 |      2.1289 |      2.1302 |      2.1293 |      2.1289 |      2.1303 |      2.1302 |      2.1289 |      2.1303 |      2.1288 |      2.1288 |      2.1292 |      2.1292 |      2.1288 |      2.1292 |      2.1289 |      2.1293 |      2.1293 |      2.1303 |      2.1289 |      2.1293 |      2.1293 |      2.1289 |      2.1293 |      2.1298 |      2.1292 |      2.1288 |      2.1288 |      2.1296 |      2.1296 |      2.1289 |      2.1294 |      2.1289 |      2.1289 |      2.1294 |      2.1290 |      2.1289 |       2.1290 |       2.1289 |       2.1290 |       2.1294 |       2.1298 |       2.1293 |       2.1289 |       2.1289 |       2.1296 |       2.1293 |       2.1289 |       2.1303 |       2.1290 |       2.1303 |       2.1296 |       2.1289 |       2.1293 |       2.1289 |       2.1292 |       2.1288 |       2.1295 |       2.1293 |       2.1293 |       2.1293 |       2.1302 |       2.1298 |       2.1293 |       2.1289 |       2.1289 |       2.1292 |       2.1288 |       2.1292 |       2.1292 |       2.1288 |       2.1296 |       2.1292 |       2.1293 |       2.1293 |       2.1289 |       2.1313 |       2.1306 |       2.1294 |       2.1292 |       2.1289 |       2.1290 |       2.1288 |       2.1288 |       2.1290 |       2.1293 |       2.1290 |       2.1288 |       2.1292 |       2.1289 |       2.1290 |       2.1289 |       2.1290 |       2.1293 |       2.1288 |       2.1293 |       2.1294 |       2.1289 |       2.1289 |       2.1292 |       2.1289 |       2.1289 |       2.1289 |       2.1289 |       2.1294 |       2.1292 |       2.1292 |       2.1289 |       2.1290 |       2.1293 |       2.1289 |       2.1290 |       2.1293 |       2.1293 |       2.1289 |       2.1290 |       2.1289 |       2.1293 |       2.1293 |       2.1293 |       2.1289 |       2.1289 |       2.1290 |       2.1290 |       2.1289 |       2.1289 |       2.1293 |       2.1290 |       2.1292 |       2.1292 |       2.1290 |       2.1290 |       2.1290 |       2.1290 |       2.1290 |       2.1292 |       2.1293 |       2.1293 |       2.1289 |       2.1293 |       2.1290 |       2.1289 |       2.1292 |       2.1290 |       2.1292 |       2.1288 |       2.1290 |       2.1289 |       2.1293 |       2.1293 |       2.1293 |       2.1289 |       2.1293 |       2.1289 |       2.1290 |       2.1289 |       2.1293 |       2.1289 |       2.1293 |       2.1293 |       2.1289 |       2.1288 |       2.1293 |       2.1291 |       2.1293 |       2.1292 |       2.1290 |       2.1289 |       2.1288 |       2.1293 |       2.1288 |       2.1290 |       2.1289 |       2.1288 |       2.1290 |       2.1292 |       2.1294 |       2.1293 |       2.1288 |       2.1292 |       2.1297 |       2.1289 |       2.1289 |       2.1290 |       2.1288 |       2.1293 |       2.1293 |       2.1292 |       2.1296 |       2.1296 |       2.1289 |       2.1296 |       2.1293 |
|      Runtime unhalted [s]     |     2.1016 |     2.1013 |     2.1001 |     2.1017 |     2.1012 |     2.0998 |     2.1016 |     2.1003 |     2.0704 |     2.0704 |      2.0697 |      2.0685 |      2.0696 |      2.0698 |      2.0697 |      2.0697 |      2.0843 |      2.0838 |      2.0838 |      2.0838 |      2.0846 |      2.0837 |      2.0838 |      2.0842 |      2.0897 |      2.0886 |      2.0898 |      2.0901 |      2.0903 |      2.0897 |      2.0899 |      2.0901 |      2.0489 |      2.0493 |      2.0493 |      2.0497 |      2.0486 |      2.0498 |      2.0497 |      2.0497 |      2.0791 |      2.0786 |      2.0791 |      2.0793 |      2.0782 |      2.0791 |      2.0787 |      2.0787 |      2.0664 |      2.0674 |      2.0667 |      2.0665 |      2.0677 |      2.0674 |      2.0674 |      2.0663 |      2.0832 |      2.0821 |      2.0821 |      2.0828 |      2.0836 |      2.0836 |      2.0833 |      2.0838 |      2.0831 |      2.0845 |      2.0840 |      2.0836 |      2.0845 |      2.0845 |      2.0834 |      2.0845 |      2.0870 |      2.0869 |      2.0879 |      2.0879 |      2.0869 |      2.0879 |      2.0872 |      2.0876 |      2.0742 |      2.0743 |      2.0734 |      2.0742 |      2.0740 |      2.0729 |      2.0740 |      2.0744 |      2.0841 |      2.0834 |      2.0830 |      2.0846 |      2.0846 |      2.0833 |      2.0843 |      2.0837 |      2.0790 |      2.0793 |      2.0784 |      2.0781 |       2.0784 |       2.0790 |       2.0787 |       2.0796 |       2.0580 |       2.0577 |       2.0567 |       2.0574 |       2.0577 |       2.0574 |       2.0566 |       2.0578 |       2.0821 |       2.0836 |       2.0837 |       2.0825 |       2.0831 |       2.0828 |       2.0832 |       2.0827 |       2.0707 |       2.0696 |       2.0697 |       2.0697 |       2.0700 |       2.0700 |       2.0701 |       2.0691 |       2.0851 |       2.0863 |       2.0852 |       2.0856 |       2.0859 |       2.0847 |       2.0862 |       2.0859 |       2.1065 |       2.1070 |       2.1061 |       2.1072 |       2.1072 |       2.1067 |       2.1065 |       2.1061 |       2.0995 |       2.0995 |       2.0991 |       2.0992 |       2.1006 |       2.0987 |       2.0987 |       2.1002 |       2.0834 |       2.0830 |       2.0829 |       2.0836 |       2.0838 |       2.0834 |       2.0838 |       2.0845 |       2.0725 |       2.0730 |       2.0728 |       2.0720 |       2.0720 |       2.0725 |       2.0725 |       2.0735 |       2.0726 |       2.0727 |       2.0716 |       2.0715 |       2.0724 |       2.0719 |       2.0715 |       2.0722 |       2.0583 |       2.0573 |       2.0574 |       2.0574 |       2.0587 |       2.0583 |       2.0588 |       2.0578 |       2.1016 |       2.1010 |       2.1013 |       2.1023 |       2.1012 |       2.1018 |       2.1011 |       2.1025 |       2.0823 |       2.0811 |       2.0811 |       2.0811 |       2.0817 |       2.0811 |       2.0819 |       2.0825 |       2.0758 |       2.0749 |       2.0758 |       2.0753 |       2.0750 |       2.0756 |       2.0750 |       2.0758 |       2.0792 |       2.0793 |       2.0800 |       2.0804 |       2.0804 |       2.0805 |       2.0799 |       2.0804 |       2.0882 |       2.0878 |       2.0882 |       2.0886 |       2.0886 |       2.0886 |       2.0886 |       2.0882 |       2.0886 |       2.0892 |       2.0887 |       2.0892 |       2.0894 |       2.0883 |       2.0886 |       2.0887 |       2.0986 |       2.0978 |       2.0979 |       2.0983 |       2.0979 |       2.0978 |       2.0989 |       2.0987 |       2.0840 |       2.0835 |       2.0842 |       2.0844 |       2.0833 |       2.0835 |       2.0832 |       2.0833 |       2.0863 |       2.0863 |       2.0866 |       2.0867 |       2.0866 |       2.0859 |       2.0866 |       2.0866 |
|          Clock [MHz]          |  2654.5538 |  2654.6005 |  2654.2507 |  2654.6747 |  2654.7108 |  2654.1068 |  2654.5660 |  2654.7251 |  2614.8576 |  2614.8481 |   2614.7468 |   2614.3390 |   2614.8059 |   2614.8025 |   2614.7622 |   2614.7555 |   2633.0231 |   2633.1800 |   2633.2700 |   2633.1636 |   2633.0795 |   2633.1756 |   2633.1783 |   2632.9774 |   2639.9510 |   2639.0967 |   2639.7034 |   2639.7402 |   2639.7161 |   2639.9315 |   2639.4934 |   2639.7219 |   2589.0445 |   2588.9287 |   2588.9337 |   2588.9447 |   2588.4908 |   2588.8079 |   2588.9503 |   2588.9558 |   2626.3351 |   2626.5940 |   2626.4766 |   2626.3686 |   2626.6738 |   2626.5605 |   2626.6000 |   2626.6577 |   2611.0982 |   2612.0879 |   2611.6434 |   2611.4802 |   2612.3207 |   2612.0943 |   2612.0550 |   2611.6782 |   2631.8419 |   2631.4152 |   2631.9406 |   2631.4432 |   2631.1782 |   2631.2600 |   2631.9104 |   2631.5079 |   2632.9047 |   2633.2869 |   2633.4234 |   2633.5808 |   2633.2546 |   2633.2460 |   2633.4810 |   2633.3134 |   2638.9993 |   2638.5525 |   2639.4975 |   2639.5028 |   2638.5469 |   2639.5245 |   2639.1086 |   2639.0156 |   2621.0120 |   2621.3390 |   2621.6102 |   2621.0231 |   2621.5136 |   2620.9668 |   2621.5415 |   2621.3000 |   2633.2779 |   2632.9229 |   2632.7222 |   2633.3426 |   2632.9625 |   2632.4073 |   2633.0460 |   2633.0573 |   2626.9921 |   2626.9408 |   2626.4063 |   2627.4729 |    2626.3961 |    2627.2663 |    2626.6605 |    2627.2166 |    2599.3823 |    2599.5573 |    2598.9705 |    2599.8088 |    2599.3551 |    2599.2930 |    2598.9452 |    2599.0905 |    2632.4740 |    2632.2438 |    2632.2947 |    2632.1609 |    2632.4175 |    2632.5508 |    2632.4397 |    2632.5451 |    2615.2211 |    2615.8369 |    2615.3956 |    2615.1768 |    2615.6145 |    2615.7227 |    2615.6832 |    2615.9481 |    2635.4168 |    2635.9397 |    2635.0110 |    2635.6534 |    2635.3347 |    2634.7605 |    2635.2698 |    2635.3607 |    2661.9112 |    2661.9164 |    2662.0352 |    2661.7182 |    2661.7474 |    2661.9560 |    2661.9148 |    2662.0309 |    2652.9309 |    2652.9155 |    2653.3051 |    2653.0188 |    2653.7836 |    2653.3177 |    2653.3956 |    2653.9569 |    2633.4422 |    2632.6706 |    2632.7126 |    2632.9157 |    2633.3567 |    2633.2618 |    2633.2854 |    2633.4484 |    2619.4978 |    2619.5177 |    2619.3519 |    2618.8546 |    2618.8256 |    2619.4862 |    2619.4910 |    2619.4326 |    2618.7999 |    2618.7349 |    2617.6864 |    2617.7576 |    2618.2286 |    2618.3293 |    2617.4514 |    2617.9401 |    2600.9161 |    2600.2949 |    2600.3211 |    2600.3309 |    2600.9224 |    2600.9211 |    2600.9398 |    2600.9668 |    2656.5073 |    2656.4201 |    2655.8892 |    2656.9471 |    2655.8361 |    2656.9200 |    2656.4460 |    2656.7355 |    2630.7574 |    2630.3087 |    2630.3189 |    2630.3140 |    2630.6853 |    2630.2875 |    2630.7979 |    2630.8043 |    2622.4797 |    2622.5863 |    2622.4883 |    2622.3104 |    2622.5937 |    2622.2529 |    2621.9685 |    2622.4611 |    2627.7982 |    2627.9085 |    2628.4860 |    2628.4192 |    2628.4739 |    2628.4011 |    2628.5503 |    2628.4596 |    2638.7271 |    2638.7509 |    2639.3514 |    2639.2380 |    2639.3598 |    2639.2314 |    2639.2346 |    2639.3437 |    2639.9784 |    2639.9562 |    2639.7772 |    2639.9491 |    2640.4447 |    2639.4059 |    2639.9972 |    2639.9910 |    2651.3154 |    2650.7819 |    2650.8115 |    2651.3749 |    2650.8180 |    2650.7835 |    2651.7798 |    2651.3168 |    2632.9078 |    2632.6967 |    2633.5999 |    2632.7006 |    2632.8212 |    2632.9561 |    2632.3542 |    2632.3645 |    2635.7316 |    2635.7416 |    2636.2003 |    2635.7234 |    2635.5467 |    2635.8218 |    2635.6233 |    2636.0825 |
|              CPI              |     0.7407 |     0.7410 |     0.7407 |     0.7422 |     0.7406 |     0.7408 |     0.7417 |     0.7409 |     0.7329 |     0.7337 |      0.7333 |      0.7331 |      0.7333 |      0.7334 |      0.7333 |      0.7330 |      0.7368 |      0.7366 |      0.7364 |      0.7368 |      0.7359 |      0.7367 |      0.7364 |      0.7368 |      0.7372 |      0.7369 |      0.7379 |      0.7375 |      0.7378 |      0.7373 |      0.7368 |      0.7377 |      0.7279 |      0.7281 |      0.7276 |      0.7284 |      0.7276 |      0.7282 |      0.7277 |      0.7282 |      0.7343 |      0.7341 |      0.7337 |      0.7353 |      0.7339 |      0.7341 |      0.7332 |      0.7340 |      0.7320 |      0.7325 |      0.7324 |      0.7325 |      0.7321 |      0.7326 |      0.7314 |      0.7321 |      0.7350 |      0.7351 |      0.7349 |      0.7351 |      0.7360 |      0.7364 |      0.7348 |      0.7387 |      0.7364 |      0.7371 |      0.7367 |      0.7366 |      0.7371 |      0.7367 |      0.7357 |      0.7371 |      0.7378 |      0.7378 |      0.7375 |      0.7379 |      0.7372 |      0.7381 |      0.7375 |      0.7380 |      0.7343 |      0.7347 |      0.7342 |      0.7345 |      0.7343 |      0.7341 |      0.7339 |      0.7346 |      0.7365 |      0.7366 |      0.7368 |      0.7372 |      0.7359 |      0.7368 |      0.7361 |      0.7391 |      0.7352 |      0.7354 |      0.7350 |      0.7354 |       0.7343 |       0.7355 |       0.7347 |       0.7354 |       0.7297 |       0.7298 |       0.7296 |       0.7298 |       0.7294 |       0.7300 |       0.7294 |       0.7302 |       0.7364 |       0.7370 |       0.7369 |       0.7367 |       0.7361 |       0.7367 |       0.7363 |       0.7365 |       0.7331 |       0.7331 |       0.7328 |       0.7331 |       0.7326 |       0.7332 |       0.7328 |       0.7357 |       0.7349 |       0.7356 |       0.7353 |       0.7357 |       0.7349 |       0.7354 |       0.7354 |       0.7355 |       0.7412 |       0.7413 |       0.7412 |       0.7424 |       0.7415 |       0.7415 |       0.7408 |       0.7412 |       0.7400 |       0.7409 |       0.7406 |       0.7411 |       0.7409 |       0.7409 |       0.7406 |       0.7412 |       0.7359 |       0.7362 |       0.7359 |       0.7364 |       0.7363 |       0.7361 |       0.7353 |       0.7394 |       0.7328 |       0.7329 |       0.7330 |       0.7330 |       0.7329 |       0.7331 |       0.7323 |       0.7329 |       0.7333 |       0.7334 |       0.7330 |       0.7334 |       0.7331 |       0.7335 |       0.7327 |       0.7335 |       0.7291 |       0.7292 |       0.7289 |       0.7295 |       0.7291 |       0.7294 |       0.7288 |       0.7291 |       0.7401 |       0.7400 |       0.7399 |       0.7402 |       0.7399 |       0.7401 |       0.7400 |       0.7429 |       0.7354 |       0.7357 |       0.7349 |       0.7357 |       0.7355 |       0.7358 |       0.7348 |       0.7356 |       0.7347 |       0.7346 |       0.7344 |       0.7347 |       0.7345 |       0.7350 |       0.7344 |       0.7349 |       0.7350 |       0.7355 |       0.7353 |       0.7353 |       0.7355 |       0.7356 |       0.7351 |       0.7356 |       0.7383 |       0.7382 |       0.7382 |       0.7388 |       0.7376 |       0.7386 |       0.7376 |       0.7408 |       0.7384 |       0.7389 |       0.7388 |       0.7391 |       0.7387 |       0.7389 |       0.7382 |       0.7388 |       0.7391 |       0.7390 |       0.7390 |       0.7391 |       0.7389 |       0.7390 |       0.7388 |       0.7392 |       0.7348 |       0.7347 |       0.7340 |       0.7349 |       0.7339 |       0.7348 |       0.7343 |       0.7346 |       0.7363 |       0.7364 |       0.7355 |       0.7366 |       0.7359 |       0.7363 |       0.7364 |       0.7398 |
|    L2 bandwidth [MBytes/s]    | 64483.3433 | 64551.7648 | 64575.9594 | 64478.2103 | 64554.3154 | 64578.4239 | 64480.2580 | 64578.9499 | 64532.4661 | 64532.0753 |  64564.8656 |  64573.9035 |  64569.8020 |  64563.3740 |  64562.1117 |  64564.4089 |  64533.6806 |  64563.4355 |  64578.5274 |  64563.4014 |  64555.5216 |  64564.6156 |  64562.5000 |  64532.5290 |  64563.4028 |  64575.7809 |  64526.0049 |  64554.6470 |  64481.7038 |  64565.3261 |  64555.6544 |  64529.3181 |  64567.5168 |  64566.0384 |  64564.8361 |  64570.7312 |  64580.7624 |  64550.9019 |  64556.4060 |  64557.1189 |  64542.5244 |  64565.3593 |  64550.0703 |  64482.6676 |  64576.9826 |  64562.7993 |  64560.7797 |  64562.7769 |  64577.6968 |  64567.3189 |  64578.4378 |  64579.2289 |  64565.5982 |  64568.7016 |  64566.0269 |  64577.3571 |  64568.5704 |  64579.9502 |  64576.3797 |  64556.7026 |  64486.0895 |  64484.8856 |  64567.9086 |  64701.2765 |  64575.9615 |  64535.4111 |  64567.0008 |  64572.8616 |  64532.9793 |  64535.1960 |  64574.9868 |  64535.6740 |  64583.4974 |  64578.5107 |  64565.3034 |  64567.4107 |  64579.4109 |  64566.8992 |  64575.2974 |  64564.5273 |  64562.2008 |  64532.6183 |  64574.8500 |  64563.7342 |  64563.6148 |  64574.9099 |  64562.9253 |  64550.3628 |  64567.9679 |  64578.3568 |  64580.6116 |  64559.5816 |  64557.7484 |  64579.6556 |  64560.7486 |  64759.0123 |  64576.6833 |  64561.8377 |  64572.3001 |  64575.6121 |   64574.4149 |   64577.3856 |   64574.7163 |   64567.6694 |   64548.0153 |   64563.3145 |   64577.3436 |   64576.3645 |   64557.9983 |   64564.5452 |   64575.5393 |   64534.0952 |   64575.3798 |   64535.7735 |   64555.2697 |   64576.8802 |   64563.8147 |   64578.0683 |   64565.9538 |   64580.7944 |   64559.4732 |   64566.3201 |   64565.2381 |   64565.7490 |   64536.5482 |   64552.4591 |   64563.5248 |   64804.3268 |   64577.4449 |   64569.0403 |   64577.4855 |   64567.7765 |   64564.5717 |   64577.7572 |   64555.2128 |   64564.6318 |   64566.7600 |   64564.2592 |   64577.7171 |   64503.3376 |   64523.7264 |   64562.4389 |   64563.6697 |   64576.5443 |   64576.0669 |   64577.5156 |   64578.2068 |   64570.2780 |   64563.6870 |   64574.5338 |   64577.9378 |   64567.6801 |   64579.9425 |   64576.5790 |   64577.4048 |   64575.9634 |   64567.1486 |   64579.5621 |   64566.5784 |   64793.4170 |   64575.8429 |   64576.9116 |   64567.0971 |   64576.3190 |   64575.5377 |   64581.3249 |   64574.8914 |   64563.7898 |   64567.3870 |   64569.7606 |   64575.1119 |   64574.1741 |   64565.0146 |   64580.1809 |   64571.9198 |   64564.4134 |   64562.5623 |   64577.1367 |   64576.3710 |   64577.9096 |   64561.6603 |   64562.1433 |   64560.7908 |   64579.8423 |   64580.6619 |   64575.9163 |   64574.6237 |   64577.3555 |   64578.5176 |   64565.4673 |   64573.4692 |   64772.1784 |   64567.4873 |   64573.9041 |   64574.6556 |   64574.7455 |   64577.3027 |   64574.6545 |   64566.5845 |   64567.8466 |   64563.9937 |   64577.5646 |   64564.8029 |   64573.9921 |   64575.3007 |   64568.0169 |   64575.0153 |   64569.8017 |   64578.1171 |   64574.5638 |   64576.4726 |   64562.6005 |   64567.0489 |   64564.0174 |   64575.8115 |   64569.1579 |   64578.9382 |   64575.9475 |   64578.8199 |   64567.8418 |   64578.4394 |   64568.4140 |   64565.4678 |   64715.5443 |   64580.6411 |   64563.9233 |   64569.4406 |   64563.6575 |   64566.0937 |   64575.7982 |   64577.2656 |   64581.4856 |   64563.9581 |   64576.4940 |   64571.7498 |   64576.9552 |   64577.6063 |   64574.9259 |   64570.7466 |   64563.8797 |   64565.0912 |   64578.7780 |   64566.7236 |   64554.3669 |   64575.3716 |   64576.6264 |   64572.2196 |   64577.3650 |   64566.0033 |   64566.2427 |   64570.6259 |   64555.0693 |   64554.0387 |   64578.0155 |   64554.8072 |   64781.0164 |
|    L2 data volume [GBytes]    |   137.4838 |   137.4771 |   137.4776 |   137.4729 |   137.4760 |   137.4829 |   137.4754 |   137.4805 |   137.4764 |   137.4756 |    137.4761 |    137.4760 |    137.4849 |    137.4775 |    137.4748 |    137.4765 |    137.4756 |    137.4773 |    137.4800 |    137.4782 |    137.4776 |    137.4779 |    137.4762 |    137.4758 |    137.4779 |    137.4767 |    137.4788 |    137.4765 |    137.4771 |    137.4820 |    137.4748 |    137.4836 |    137.4803 |    137.4785 |    137.4759 |    137.5092 |    137.4823 |    137.4806 |    137.4763 |    137.4799 |    137.4840 |    137.4813 |    137.4764 |    137.4782 |    137.4795 |    137.4772 |    137.4743 |    137.4753 |    137.4756 |    137.4768 |    137.4797 |    137.4791 |    137.4749 |    137.4797 |    137.4739 |    137.4770 |    137.4821 |    137.4807 |    137.4786 |    137.4779 |    137.4856 |    137.4839 |    137.4808 |    137.9415 |    137.4771 |    137.4747 |    137.4804 |    137.4713 |    137.4768 |    137.4755 |    137.4708 |    137.4772 |    137.4883 |    137.4768 |    137.4729 |    137.4766 |    137.4791 |    137.4756 |    137.4763 |    137.4772 |    137.4753 |    137.4762 |    137.4745 |    137.4784 |    137.4780 |    137.4747 |    137.4760 |    137.4790 |    137.4812 |    137.4773 |    137.4821 |    137.4855 |    137.4816 |    137.4858 |    137.4745 |    137.8664 |    137.4785 |    137.4751 |    137.4750 |    137.4736 |     137.4770 |     137.4774 |     137.4774 |     137.4873 |     137.4749 |     137.4772 |     137.4802 |     137.4750 |     137.4798 |     137.4803 |     137.4765 |     137.4781 |     137.4783 |     137.4827 |     137.4799 |     137.4750 |     137.4736 |     137.4810 |     137.4769 |     137.4819 |     137.4824 |     137.4836 |     137.4813 |     137.4824 |     137.4783 |     137.4853 |     137.4777 |     137.9610 |     137.4778 |     137.4785 |     137.4753 |     137.4762 |     137.4739 |     137.4756 |     137.4790 |     137.4740 |     137.4799 |     137.4761 |     137.4780 |     137.4765 |     137.4728 |     137.4764 |     137.4720 |     137.4755 |     137.4808 |     137.4754 |     137.4769 |     137.4726 |     137.4751 |     137.4776 |     137.4760 |     137.4774 |     137.4825 |     137.4817 |     137.4801 |     137.4838 |     137.4813 |     137.4792 |     137.4799 |     137.9686 |     137.4764 |     137.4748 |     137.4791 |     137.4786 |     137.4769 |     137.4856 |     137.4719 |     137.4796 |     137.4750 |     137.4803 |     137.4771 |     137.4765 |     137.4767 |     137.4835 |     137.4717 |     137.4755 |     137.4758 |     137.4789 |     137.4806 |     137.4826 |     137.4740 |     137.4745 |     137.4716 |     137.4847 |     137.4845 |     137.4806 |     137.4778 |     137.4774 |     137.4823 |     137.4772 |     137.4783 |     137.9161 |     137.4801 |     137.4758 |     137.4774 |     137.4777 |     137.4827 |     137.4777 |     137.4784 |     137.4812 |     137.4743 |     137.4781 |     137.4766 |     137.4765 |     137.4755 |     137.4767 |     137.4785 |     137.4850 |     137.4766 |     137.4776 |     137.4781 |     137.4739 |     137.4834 |     137.4759 |     137.4767 |     137.4867 |     137.4833 |     137.4804 |     137.4826 |     137.4823 |     137.4793 |     137.4833 |     137.4771 |     137.7734 |     137.4823 |     137.4767 |     137.4771 |     137.4749 |     137.4724 |     137.4798 |     137.4771 |     137.4835 |     137.4756 |     137.4731 |     137.4760 |     137.4788 |     137.4755 |     137.4781 |     137.4838 |     137.4799 |     137.4802 |     137.4781 |     137.4741 |     137.4783 |     137.4731 |     137.4776 |     137.4725 |     137.4751 |     137.4796 |     137.4804 |     137.4837 |     137.4770 |     137.4770 |     137.4791 |     137.4744 |     137.9400 |
| Prefetch bandwidth [MBytes/s] | 36528.0789 | 37095.6281 | 37098.1377 | 37218.9638 | 36861.6869 | 37186.5754 | 36981.6674 | 36918.2033 | 36601.3376 | 36890.7759 |  36833.8197 |  37204.4974 |  36733.3961 |  36943.1082 |  36780.9849 |  36895.0257 |  36562.7677 |  37002.2256 |  36980.7500 |  37203.5812 |  36892.0465 |  37032.2927 |  36910.6718 |  36903.6916 |  36503.8709 |  36950.0832 |  36962.8780 |  37434.3144 |  36902.7707 |  37046.8481 |  36978.7702 |  36808.9216 |  36298.0207 |  36690.3308 |  36774.4310 |  35835.3430 |  36583.6729 |  36619.1561 |  36687.8420 |  36576.0653 |  36425.2077 |  36515.5410 |  36999.7953 |  36830.9986 |  36858.5220 |  36967.7518 |  36946.1505 |  36812.6831 |  36547.6184 |  36807.8279 |  36881.2469 |  37295.3434 |  36831.6907 |  36754.5046 |  36896.2939 |  36758.4539 |  36751.9333 |  37104.9353 |  37229.7145 |  37239.4476 |  36960.9314 |  37160.4905 |  37417.1340 |  28782.9536 |  36044.3568 |  36668.7362 |  36695.4450 |  36576.1440 |  36656.5168 |  36830.6144 |  36864.4793 |  36797.2262 |  36375.5236 |  36857.0484 |  37021.7983 |  36482.8510 |  36792.8194 |  36704.5868 |  36802.1119 |  36645.4628 |  36318.9824 |  36873.5674 |  36785.1711 |  36959.1536 |  36595.0743 |  36538.1325 |  36891.3698 |  36757.3255 |  36683.1354 |  37306.2388 |  36963.8485 |  37250.4054 |  37230.8110 |  37007.9848 |  37377.6504 |  29141.3030 |  36317.1882 |  36513.4419 |  36673.2278 |  37314.6193 |   36997.0606 |   36934.3077 |   36834.6001 |   36741.9196 |   36234.3403 |   36163.1228 |   36528.3066 |   36820.3187 |   36322.9013 |   36657.6254 |   36520.5763 |   36392.4054 |   36424.2768 |   36480.2761 |   36776.1553 |   37050.9259 |   36565.5073 |   36809.3246 |   36536.8280 |   36629.4895 |   36361.5231 |   37036.4376 |   36678.7380 |   37372.7070 |   36121.4230 |   37123.5657 |   36777.3827 |   29396.8432 |   35736.5866 |   36562.4969 |   36734.5304 |   37068.7778 |   36691.0878 |   36189.4610 |   36712.3215 |   36303.3750 |   36434.5606 |   36947.6600 |   36867.1393 |   37152.5443 |   36899.1476 |   37002.2434 |   36922.7544 |   36854.7662 |   36687.8521 |   36463.2695 |   36784.3280 |   36687.7112 |   36695.3832 |   36992.0436 |   36758.5772 |   36633.9154 |   36515.8466 |   36633.1190 |   36885.8148 |   37195.6051 |   36920.7787 |   37161.0876 |   37324.8597 |   30147.4714 |   36290.1874 |   36520.6390 |   36631.9388 |   36509.5738 |   36608.7656 |   36582.2512 |   36571.6691 |   36217.4981 |   35876.8291 |   36677.7630 |   36476.8456 |   36856.0248 |   36200.6391 |   36689.9531 |   36490.7350 |   36476.6540 |   36068.3948 |   36793.6493 |   36618.0627 |   36870.8363 |   36550.4493 |   36421.2243 |   36780.5476 |   36591.0593 |   36250.2855 |   37186.3130 |   36880.7389 |   37538.6896 |   37110.0235 |   36818.1343 |   37106.3470 |   29195.0869 |   35900.2727 |   36539.4517 |   36831.7397 |   36933.9916 |   36390.4192 |   36667.0540 |   36734.2416 |   36606.5100 |   35933.7689 |   36638.9451 |   36620.4216 |   36886.3130 |   36361.8777 |   36422.7589 |   36652.1435 |   36489.6118 |   36254.6774 |   36616.6968 |   36547.2972 |   36812.8823 |   36333.3584 |   36448.9597 |   36662.6931 |   36546.0949 |   36395.4873 |   36931.7924 |   36847.5638 |   37183.5104 |   36879.9980 |   36924.2156 |   37135.4236 |   29023.8804 |   35996.0786 |   36539.0532 |   36349.3344 |   36828.0288 |   36139.3404 |   36402.8393 |   36643.8885 |   36590.7207 |   36168.6100 |   36462.5522 |   36503.2815 |   36636.3846 |   36319.4208 |   36602.0526 |   36419.7244 |   36034.8311 |   35871.4054 |   36562.3108 |   36680.5797 |   36814.1747 |   36261.1291 |   36549.8953 |   36414.5379 |   36559.6352 |   36206.9274 |   36678.9938 |   36999.4838 |   37178.4328 |   36732.3484 |   36942.6686 |   36801.4966 |   29520.5128 |
| Prefetch data volume [GBytes] |    77.8809 |    79.0033 |    78.9793 |    79.3539 |    78.5013 |    79.1676 |    78.8469 |    78.5942 |    77.9734 |    78.5901 |     78.4292 |     79.2073 |     78.2144 |     78.6645 |     78.3193 |     78.5603 |     77.8894 |     78.7902 |     78.7276 |     79.2195 |     78.5654 |     78.8531 |     78.5958 |     78.6172 |     77.7294 |     78.6638 |     78.7530 |     79.7206 |     78.6779 |     78.8856 |     78.7483 |     78.4236 |     77.2875 |     78.1236 |     78.3027 |     76.3146 |     77.8809 |     77.9916 |     78.1287 |     77.8918 |     77.5905 |     77.7539 |     78.8008 |     78.5244 |     78.4690 |     78.7175 |     78.6723 |     78.3862 |     77.8040 |     78.3713 |     78.5157 |     79.3960 |     78.4231 |     78.2577 |     78.5596 |     78.2541 |     78.2538 |     78.9907 |     79.2595 |     79.3039 |     78.8014 |     79.2274 |     79.6702 |     61.3645 |     76.7356 |     78.1125 |     78.1344 |     77.8682 |     78.0906 |     78.4580 |     78.4792 |     78.3873 |     77.4379 |     78.4625 |     78.8271 |     77.6791 |     78.3260 |     78.1513 |     78.3491 |     78.0292 |     77.3357 |     78.5531 |     78.3126 |     78.6988 |     77.9234 |     77.7867 |     78.5540 |     78.2856 |     78.1075 |     79.4192 |     78.6903 |     79.3281 |     79.2864 |     78.7875 |     79.5913 |     62.0393 |     77.3164 |     77.7501 |     78.0776 |     79.4383 |      78.7656 |      78.6287 |      78.4196 |      78.2365 |      77.1722 |      77.0036 |      77.7660 |      78.3859 |      77.3516 |      78.0568 |      77.7496 |      77.5274 |      77.5458 |      77.7151 |      78.3202 |      78.8762 |      77.8577 |      78.3638 |      77.7960 |      77.9782 |      77.4335 |      78.8632 |      78.1015 |      79.5792 |      76.9473 |      79.0666 |      78.3116 |      62.5825 |      76.0790 |      77.8478 |      78.2020 |      78.9260 |      78.1244 |      77.0415 |      78.1838 |      77.2988 |      77.5789 |      78.6723 |      78.4856 |      79.1836 |      78.6165 |      78.7909 |      78.6177 |      78.4593 |      78.1075 |      77.6246 |      78.3081 |      78.1096 |      78.1353 |      78.7551 |      78.2531 |      78.0009 |      77.7376 |      77.9908 |      78.5269 |      79.1903 |      78.6145 |      79.1098 |      79.4748 |      64.1949 |      77.2587 |      77.7471 |      77.9983 |      77.7264 |      77.9375 |      77.8790 |      77.8565 |      77.1201 |      76.3879 |      78.0934 |      77.6573 |      78.4654 |      77.0812 |      78.1085 |      77.6877 |      77.6689 |      76.8020 |      78.3304 |      77.9585 |      78.4959 |      77.8285 |      77.5530 |      78.3181 |      77.8991 |      77.1725 |      79.1688 |      78.5182 |      79.9153 |      79.0042 |      78.3957 |      79.0002 |      62.1636 |      76.4405 |      77.7914 |      78.4136 |      78.6314 |      77.4739 |      78.0632 |      78.2164 |      77.9444 |      76.5128 |      78.0001 |      77.9752 |      78.5301 |      77.4115 |      77.5505 |      78.0314 |      77.6954 |      77.1805 |      77.9560 |      77.8063 |      78.3861 |      77.3651 |      77.6106 |      78.0519 |      77.8173 |      77.4830 |      78.6268 |      78.4452 |      79.1737 |      78.5128 |      78.6214 |      79.0712 |      61.7892 |      76.6301 |      77.8030 |      77.3926 |      78.4177 |      76.9469 |      77.5005 |      78.0104 |      77.8957 |      77.0136 |      77.6230 |      77.7171 |      77.9957 |      77.3183 |      77.9247 |      77.5448 |      76.7312 |      76.3820 |      77.8355 |      78.0995 |      78.4013 |      77.1955 |      77.8113 |      77.5256 |      77.8298 |      77.0950 |      78.1003 |      78.7793 |      79.1755 |      78.2268 |      78.6467 |      78.3716 |      62.8589 |
+-------------------------------+------------+------------+------------+------------+------------+------------+------------+------------+------------+------------+-------------+-------------+-------------+-------------+-------------+-------------+-------------+-------------+-------------+-------------+-------------+-------------+-------------+-------------+-------------+-------------+-------------+-------------+-------------+-------------+-------------+-------------+-------------+-------------+-------------+-------------+-------------+-------------+-------------+-------------+-------------+-------------+-------------+-------------+-------------+-------------+-------------+-------------+-------------+-------------+-------------+-------------+-------------+-------------+-------------+-------------+-------------+-------------+-------------+-------------+-------------+-------------+-------------+-------------+-------------+-------------+-------------+-------------+-------------+-------------+-------------+-------------+-------------+-------------+-------------+-------------+-------------+-------------+-------------+-------------+-------------+-------------+-------------+-------------+-------------+-------------+-------------+-------------+-------------+-------------+-------------+-------------+-------------+-------------+-------------+-------------+-------------+-------------+-------------+-------------+--------------+--------------+--------------+--------------+--------------+--------------+--------------+--------------+--------------+--------------+--------------+--------------+--------------+--------------+--------------+--------------+--------------+--------------+--------------+--------------+--------------+--------------+--------------+--------------+--------------+--------------+--------------+--------------+--------------+--------------+--------------+--------------+--------------+--------------+--------------+--------------+--------------+--------------+--------------+--------------+--------------+--------------+--------------+--------------+--------------+--------------+--------------+--------------+--------------+--------------+--------------+--------------+--------------+--------------+--------------+--------------+--------------+--------------+--------------+--------------+--------------+--------------+--------------+--------------+--------------+--------------+--------------+--------------+--------------+--------------+--------------+--------------+--------------+--------------+--------------+--------------+--------------+--------------+--------------+--------------+--------------+--------------+--------------+--------------+--------------+--------------+--------------+--------------+--------------+--------------+--------------+--------------+--------------+--------------+--------------+--------------+--------------+--------------+--------------+--------------+--------------+--------------+--------------+--------------+--------------+--------------+--------------+--------------+--------------+--------------+--------------+--------------+--------------+--------------+--------------+--------------+--------------+--------------+--------------+--------------+--------------+--------------+--------------+--------------+--------------+--------------+--------------+--------------+--------------+--------------+--------------+--------------+--------------+--------------+--------------+--------------+--------------+--------------+--------------+--------------+--------------+--------------+--------------+--------------+--------------+--------------+--------------+--------------+--------------+--------------+--------------+--------------+--------------+--------------+--------------+--------------+
+------------------------------------+--------------+------------+------------+------------+
|               Metric               |      Sum     |     Min    |     Max    |     Avg    |
+------------------------------------+--------------+------------+------------+------------+
|      Runtime (RDTSC) [s] STAT      |     545.1038 |     2.1288 |     2.1321 |     2.1293 |
|      Runtime unhalted [s] STAT     |     532.8245 |     2.0486 |     2.1072 |     2.0813 |
|          Clock [MHz] STAT          |  673280.4453 |  2588.4908 |  2662.0352 |  2630.0017 |
|              CPI STAT              |     188.3278 |     0.7276 |     0.7429 |     0.7357 |
|    L2 bandwidth [MBytes/s] STAT    | 1.652993e+07 | 64478.2103 | 64804.3268 | 64570.0583 |
|    L2 data volume [GBytes] STAT    |   35197.4548 |   137.4708 |   137.9686 |   137.4901 |
| Prefetch bandwidth [MBytes/s] STAT | 9.346883e+06 | 28782.9536 | 37538.6896 | 36511.2629 |
| Prefetch data volume [GBytes] STAT |   19902.4656 |    61.3645 |    79.9153 |    77.7440 |
+------------------------------------+--------------+------------+------------+------------+
