--------------------------------------------------------------------------------
CPU name:	AMD EPYC 9755 128-Core Processor               
CPU type:	AMD K1A (Zen5) architecture
CPU clock:	2.70 GHz
--------------------------------------------------------------------------------
Region bench, Group 1: MEM
+-------------------+------------+------------+------------+------------+------------+------------+------------+------------+------------+------------+-------------+-------------+-------------+-------------+-------------+-------------+-------------+-------------+-------------+-------------+-------------+-------------+-------------+-------------+-------------+-------------+-------------+-------------+-------------+-------------+-------------+-------------+-------------+-------------+-------------+-------------+-------------+-------------+-------------+-------------+-------------+-------------+-------------+-------------+-------------+-------------+-------------+-------------+-------------+-------------+-------------+-------------+-------------+-------------+-------------+-------------+-------------+-------------+-------------+-------------+-------------+-------------+-------------+-------------+-------------+-------------+-------------+-------------+-------------+-------------+-------------+-------------+-------------+-------------+-------------+-------------+-------------+-------------+-------------+-------------+-------------+-------------+-------------+-------------+-------------+-------------+-------------+-------------+-------------+-------------+-------------+-------------+-------------+-------------+-------------+-------------+-------------+-------------+-------------+-------------+--------------+--------------+--------------+--------------+--------------+--------------+--------------+--------------+--------------+--------------+--------------+--------------+--------------+--------------+--------------+--------------+--------------+--------------+--------------+--------------+--------------+--------------+--------------+--------------+--------------+--------------+--------------+--------------+
|    Region Info    | HWThread 0 | HWThread 1 | HWThread 2 | HWThread 3 | HWThread 4 | HWThread 5 | HWThread 6 | HWThread 7 | HWThread 8 | HWThread 9 | HWThread 10 | HWThread 11 | HWThread 12 | HWThread 13 | HWThread 14 | HWThread 15 | HWThread 16 | HWThread 17 | HWThread 18 | HWThread 19 | HWThread 20 | HWThread 21 | HWThread 22 | HWThread 23 | HWThread 24 | HWThread 25 | HWThread 26 | HWThread 27 | HWThread 28 | HWThread 29 | HWThread 30 | HWThread 31 | HWThread 32 | HWThread 33 | HWThread 34 | HWThread 35 | HWThread 36 | HWThread 37 | HWThread 38 | HWThread 39 | HWThread 40 | HWThread 41 | HWThread 42 | HWThread 43 | HWThread 44 | HWThread 45 | HWThread 46 | HWThread 47 | HWThread 48 | HWThread 49 | HWThread 50 | HWThread 51 | HWThread 52 | HWThread 53 | HWThread 54 | HWThread 55 | HWThread 56 | HWThread 57 | HWThread 58 | HWThread 59 | HWThread 60 | HWThread 61 | HWThread 62 | HWThread 63 | HWThread 64 | HWThread 65 | HWThread 66 | HWThread 67 | HWThread 68 | HWThread 69 | HWThread 70 | HWThread 71 | HWThread 72 | HWThread 73 | HWThread 74 | HWThread 75 | HWThread 76 | HWThread 77 | HWThread 78 | HWThread 79 | HWThread 80 | HWThread 81 | HWThread 82 | HWThread 83 | HWThread 84 | HWThread 85 | HWThread 86 | HWThread 87 | HWThread 88 | HWThread 89 | HWThread 90 | HWThread 91 | HWThread 92 | HWThread 93 | HWThread 94 | HWThread 95 | HWThread 96 | HWThread 97 | HWThread 98 | HWThread 99 | HWThread 100 | HWThread 101 | HWThread 102 | HWThread 103 | HWThread 104 | HWThread 105 | HWThread 106 | HWThread 107 | HWThread 108 | HWThread 109 | HWThread 110 | HWThread 111 | HWThread 112 | HWThread 113 | HWThread 114 | HWThread 115 | HWThread 116 | HWThread 117 | HWThread 118 | HWThread 119 | HWThread 120 | HWThread 121 | HWThread 122 | HWThread 123 | HWThread 124 | HWThread 125 | HWThread 126 | HWThread 127 |
+-------------------+------------+------------+------------+------------+------------+------------+------------+------------+------------+------------+-------------+-------------+-------------+-------------+-------------+-------------+-------------+-------------+-------------+-------------+-------------+-------------+-------------+-------------+-------------+-------------+-------------+-------------+-------------+-------------+-------------+-------------+-------------+-------------+-------------+-------------+-------------+-------------+-------------+-------------+-------------+-------------+-------------+-------------+-------------+-------------+-------------+-------------+-------------+-------------+-------------+-------------+-------------+-------------+-------------+-------------+-------------+-------------+-------------+-------------+-------------+-------------+-------------+-------------+-------------+-------------+-------------+-------------+-------------+-------------+-------------+-------------+-------------+-------------+-------------+-------------+-------------+-------------+-------------+-------------+-------------+-------------+-------------+-------------+-------------+-------------+-------------+-------------+-------------+-------------+-------------+-------------+-------------+-------------+-------------+-------------+-------------+-------------+-------------+-------------+--------------+--------------+--------------+--------------+--------------+--------------+--------------+--------------+--------------+--------------+--------------+--------------+--------------+--------------+--------------+--------------+--------------+--------------+--------------+--------------+--------------+--------------+--------------+--------------+--------------+--------------+--------------+--------------+
| RDTSC Runtime [s] |  19.648570 |  19.648940 |  19.648910 |  19.648740 |  19.648910 |  19.648710 |  19.648910 |  19.649480 |  19.649480 |  19.648840 |   19.649100 |   19.649330 |   19.649470 |   19.648920 |   19.649470 |   19.649480 |   19.648730 |   19.648720 |   19.648720 |   19.648730 |   19.648990 |   19.648990 |   19.648900 |   19.648990 |   19.648730 |   19.648910 |   19.649180 |   19.648910 |   19.648880 |   19.648720 |   19.648660 |   19.648720 |   19.648730 |   19.649470 |   19.648660 |   19.648720 |   19.649470 |   19.649190 |   19.649130 |   19.648970 |   19.648720 |   19.649130 |   19.649130 |   19.649170 |   19.649080 |   19.648840 |   19.648730 |   19.648720 |   19.649470 |   19.648910 |   19.648900 |   19.648910 |   19.648900 |   19.648870 |   19.648660 |   19.648900 |   19.648730 |   19.648740 |   19.648740 |   19.648740 |   19.648740 |   19.648740 |   19.648740 |   19.648730 |   19.648740 |   19.648710 |   19.648740 |   19.648660 |   19.648740 |   19.648740 |   19.648710 |   19.648730 |   19.648660 |   19.648720 |   19.648740 |   19.648680 |   19.648700 |   19.648940 |   19.648940 |   19.648940 |   19.648730 |   19.649020 |   19.648660 |   19.649000 |   19.648970 |   19.648740 |   19.648740 |   19.648730 |   19.648880 |   19.648730 |   19.648960 |   19.649370 |   19.648890 |   19.648880 |   19.648960 |   19.648880 |   19.648660 |   19.648940 |   19.648980 |   19.648850 |    19.648990 |    19.648850 |    19.648850 |    19.648880 |    19.648910 |    19.648730 |    19.649360 |    19.648880 |    19.648830 |    19.648740 |    19.649370 |    19.648730 |    19.648660 |    19.648730 |    19.648730 |    19.648700 |    19.648700 |    19.648660 |    19.648660 |    19.648730 |    19.648730 |    19.648900 |    19.648660 |    19.648660 |    19.648900 |    19.648660 |    19.648720 |    19.648900 |
|     call count    |          1 |          1 |          1 |          1 |          1 |          1 |          1 |          1 |          1 |          1 |           1 |           1 |           1 |           1 |           1 |           1 |           1 |           1 |           1 |           1 |           1 |           1 |           1 |           1 |           1 |           1 |           1 |           1 |           1 |           1 |           1 |           1 |           1 |           1 |           1 |           1 |           1 |           1 |           1 |           1 |           1 |           1 |           1 |           1 |           1 |           1 |           1 |           1 |           1 |           1 |           1 |           1 |           1 |           1 |           1 |           1 |           1 |           1 |           1 |           1 |           1 |           1 |           1 |           1 |           1 |           1 |           1 |           1 |           1 |           1 |           1 |           1 |           1 |           1 |           1 |           1 |           1 |           1 |           1 |           1 |           1 |           1 |           1 |           1 |           1 |           1 |           1 |           1 |           1 |           1 |           1 |           1 |           1 |           1 |           1 |           1 |           1 |           1 |           1 |           1 |            1 |            1 |            1 |            1 |            1 |            1 |            1 |            1 |            1 |            1 |            1 |            1 |            1 |            1 |            1 |            1 |            1 |            1 |            1 |            1 |            1 |            1 |            1 |            1 |            1 |            1 |            1 |            1 |
+-------------------+------------+------------+------------+------------+------------+------------+------------+------------+------------+------------+-------------+-------------+-------------+-------------+-------------+-------------+-------------+-------------+-------------+-------------+-------------+-------------+-------------+-------------+-------------+-------------+-------------+-------------+-------------+-------------+-------------+-------------+-------------+-------------+-------------+-------------+-------------+-------------+-------------+-------------+-------------+-------------+-------------+-------------+-------------+-------------+-------------+-------------+-------------+-------------+-------------+-------------+-------------+-------------+-------------+-------------+-------------+-------------+-------------+-------------+-------------+-------------+-------------+-------------+-------------+-------------+-------------+-------------+-------------+-------------+-------------+-------------+-------------+-------------+-------------+-------------+-------------+-------------+-------------+-------------+-------------+-------------+-------------+-------------+-------------+-------------+-------------+-------------+-------------+-------------+-------------+-------------+-------------+-------------+-------------+-------------+-------------+-------------+-------------+-------------+--------------+--------------+--------------+--------------+--------------+--------------+--------------+--------------+--------------+--------------+--------------+--------------+--------------+--------------+--------------+--------------+--------------+--------------+--------------+--------------+--------------+--------------+--------------+--------------+--------------+--------------+--------------+--------------+
+----------------------+---------+-------------+-------------+-------------+-------------+-------------+-------------+-------------+-------------+-------------+-------------+-------------+-------------+-------------+-------------+-------------+-------------+-------------+-------------+-------------+-------------+-------------+-------------+-------------+-------------+-------------+-------------+-------------+-------------+-------------+-------------+-------------+-------------+-------------+-------------+-------------+-------------+-------------+-------------+-------------+-------------+-------------+-------------+-------------+-------------+-------------+-------------+-------------+-------------+-------------+-------------+-------------+-------------+-------------+-------------+-------------+-------------+-------------+-------------+-------------+-------------+-------------+-------------+-------------+-------------+-------------+-------------+-------------+-------------+-------------+-------------+-------------+-------------+-------------+-------------+-------------+-------------+-------------+-------------+-------------+-------------+-------------+-------------+-------------+-------------+-------------+-------------+-------------+-------------+-------------+-------------+-------------+-------------+-------------+-------------+-------------+-------------+-------------+-------------+-------------+-------------+--------------+--------------+--------------+--------------+--------------+--------------+--------------+--------------+--------------+--------------+--------------+--------------+--------------+--------------+--------------+--------------+--------------+--------------+--------------+--------------+--------------+--------------+--------------+--------------+--------------+--------------+--------------+--------------+
|         Event        | Counter |  HWThread 0 |  HWThread 1 |  HWThread 2 |  HWThread 3 |  HWThread 4 |  HWThread 5 |  HWThread 6 |  HWThread 7 |  HWThread 8 |  HWThread 9 | HWThread 10 | HWThread 11 | HWThread 12 | HWThread 13 | HWThread 14 | HWThread 15 | HWThread 16 | HWThread 17 | HWThread 18 | HWThread 19 | HWThread 20 | HWThread 21 | HWThread 22 | HWThread 23 | HWThread 24 | HWThread 25 | HWThread 26 | HWThread 27 | HWThread 28 | HWThread 29 | HWThread 30 | HWThread 31 | HWThread 32 | HWThread 33 | HWThread 34 | HWThread 35 | HWThread 36 | HWThread 37 | HWThread 38 | HWThread 39 | HWThread 40 | HWThread 41 | HWThread 42 | HWThread 43 | HWThread 44 | HWThread 45 | HWThread 46 | HWThread 47 | HWThread 48 | HWThread 49 | HWThread 50 | HWThread 51 | HWThread 52 | HWThread 53 | HWThread 54 | HWThread 55 | HWThread 56 | HWThread 57 | HWThread 58 | HWThread 59 | HWThread 60 | HWThread 61 | HWThread 62 | HWThread 63 | HWThread 64 | HWThread 65 | HWThread 66 | HWThread 67 | HWThread 68 | HWThread 69 | HWThread 70 | HWThread 71 | HWThread 72 | HWThread 73 | HWThread 74 | HWThread 75 | HWThread 76 | HWThread 77 | HWThread 78 | HWThread 79 | HWThread 80 | HWThread 81 | HWThread 82 | HWThread 83 | HWThread 84 | HWThread 85 | HWThread 86 | HWThread 87 | HWThread 88 | HWThread 89 | HWThread 90 | HWThread 91 | HWThread 92 | HWThread 93 | HWThread 94 | HWThread 95 | HWThread 96 | HWThread 97 | HWThread 98 | HWThread 99 | HWThread 100 | HWThread 101 | HWThread 102 | HWThread 103 | HWThread 104 | HWThread 105 | HWThread 106 | HWThread 107 | HWThread 108 | HWThread 109 | HWThread 110 | HWThread 111 | HWThread 112 | HWThread 113 | HWThread 114 | HWThread 115 | HWThread 116 | HWThread 117 | HWThread 118 | HWThread 119 | HWThread 120 | HWThread 121 | HWThread 122 | HWThread 123 | HWThread 124 | HWThread 125 | HWThread 126 | HWThread 127 |
+----------------------+---------+-------------+-------------+-------------+-------------+-------------+-------------+-------------+-------------+-------------+-------------+-------------+-------------+-------------+-------------+-------------+-------------+-------------+-------------+-------------+-------------+-------------+-------------+-------------+-------------+-------------+-------------+-------------+-------------+-------------+-------------+-------------+-------------+-------------+-------------+-------------+-------------+-------------+-------------+-------------+-------------+-------------+-------------+-------------+-------------+-------------+-------------+-------------+-------------+-------------+-------------+-------------+-------------+-------------+-------------+-------------+-------------+-------------+-------------+-------------+-------------+-------------+-------------+-------------+-------------+-------------+-------------+-------------+-------------+-------------+-------------+-------------+-------------+-------------+-------------+-------------+-------------+-------------+-------------+-------------+-------------+-------------+-------------+-------------+-------------+-------------+-------------+-------------+-------------+-------------+-------------+-------------+-------------+-------------+-------------+-------------+-------------+-------------+-------------+-------------+-------------+--------------+--------------+--------------+--------------+--------------+--------------+--------------+--------------+--------------+--------------+--------------+--------------+--------------+--------------+--------------+--------------+--------------+--------------+--------------+--------------+--------------+--------------+--------------+--------------+--------------+--------------+--------------+--------------+
|   ACTUAL_CPU_CLOCK   |  FIXC1  | 81168440000 | 81168890000 | 81169120000 | 81168390000 | 81168510000 | 81168060000 | 81169070000 | 81169530000 | 80683800000 | 80683710000 | 80683550000 | 80681750000 | 80683730000 | 80683320000 | 80683770000 | 80683900000 | 80895160000 | 80895410000 | 80895440000 | 80895290000 | 80895850000 | 80895940000 | 80895860000 | 80896130000 | 80972590000 | 80973290000 | 80973230000 | 80973600000 | 80972690000 | 80972290000 | 80972350000 | 80972310000 | 80899860000 | 80901000000 | 80899770000 | 80899230000 | 80900900000 | 80901360000 | 80900780000 | 80900250000 | 80902490000 | 80903020000 | 80903570000 | 80902870000 | 80902920000 | 80900600000 | 80902310000 | 80902300000 | 81342350000 | 81341770000 | 81341730000 | 81341700000 | 81341740000 | 81341700000 | 81341290000 | 81341710000 | 80913010000 | 80913030000 | 80912850000 | 80913220000 | 80913890000 | 80913050000 | 80912840000 | 80913880000 | 81056580000 | 81056600000 | 81056380000 | 81055420000 | 81056290000 | 81056570000 | 81055430000 | 81056500000 | 81081910000 | 81082560000 | 81082530000 | 81080010000 | 81082230000 | 81083020000 | 81082780000 | 81083100000 | 81018810000 | 81019540000 | 81019060000 | 81019690000 | 81020230000 | 81019050000 | 81018640000 | 81019860000 | 81078160000 | 81078290000 | 81078830000 | 81079170000 | 81078700000 | 81078300000 | 81077990000 | 81078170000 | 81362340000 | 81363030000 | 81362840000 | 81362470000 |  81363260000 |  81363030000 |  81362640000 |  81362640000 |  80963700000 |  80962860000 |  80963830000 |  80963900000 |  80963060000 |  80963220000 |  80963830000 |  80962900000 |  81283490000 |  81283070000 |  81283050000 |  81283570000 |  81282980000 |  81282950000 |  81283490000 |  81283620000 |  80896130000 |  80896630000 |  80896180000 |  80896190000 |  80896510000 |  80896170000 |  80894040000 |  80896630000 |
|     MAX_CPU_CLOCK    |  FIXC2  | 52981340000 | 52981840000 | 52981730000 | 52981410000 | 52981420000 | 52980750000 | 52981710000 | 52982610000 | 52982090000 | 52981760000 | 52981830000 | 52980700000 | 52982020000 | 52981360000 | 52982060000 | 52982160000 | 52980540000 | 52980750000 | 52980670000 | 52980360000 | 52981430000 | 52981400000 | 52981250000 | 52981470000 | 52980750000 | 52981770000 | 52981780000 | 52981750000 | 52981230000 | 52980740000 | 52980660000 | 52980670000 | 52980590000 | 52981990000 | 52980070000 | 52980240000 | 52981790000 | 52982250000 | 52981800000 | 52980750000 | 52980810000 | 52981860000 | 52982330000 | 52981620000 | 52981430000 | 52979910000 | 52980640000 | 52980970000 | 52982570000 | 52981850000 | 52981810000 | 52981800000 | 52981820000 | 52981780000 | 52981160000 | 52981790000 | 52980380000 | 52980400000 | 52980540000 | 52980930000 | 52981070000 | 52980410000 | 52980880000 | 52981110000 | 52981280000 | 52981050000 | 52981130000 | 52980520000 | 52981130000 | 52981310000 | 52980670000 | 52981230000 | 52980740000 | 52981090000 | 52981320000 | 52979670000 | 52981110000 | 52981700000 | 52981800000 | 52981780000 | 52980290000 | 52981460000 | 52980700000 | 52981460000 | 52981710000 | 52980740000 | 52980460000 | 52981220000 | 52981320000 | 52981290000 | 52981670000 | 52982560000 | 52981890000 | 52981520000 | 52980960000 | 52981340000 | 52980840000 | 52981790000 | 52981470000 | 52981280000 |  52981940000 |  52981780000 |  52981360000 |  52981360000 |  52981900000 |  52980850000 |  52982310000 |  52981790000 |  52981070000 |  52980910000 |  52982320000 |  52980820000 |  52981080000 |  52980700000 |  52980690000 |  52980870000 |  52980620000 |  52980600000 |  52980920000 |  52981200000 |  52981430000 |  52981850000 |  52981210000 |  52981210000 |  52981760000 |  52981190000 |  52979800000 |  52981840000 |
| RETIRED_INSTRUCTIONS |   PMC0  |  2729690000 |  2759683000 |  2733307000 |  2746347000 |  2728393000 |  2736791000 |  2720783000 |  2725050000 |  2707096000 |  2719150000 |  2705480000 |  2716841000 |  2701218000 |  2705961000 |  2697541000 |  2699014000 |  2698542000 |  2709417000 |  2689683000 |  2693286000 |  2685467000 |  2693894000 |  2684387000 |  2685700000 |  2782950000 |  2790452000 |  2772467000 |  2791697000 |  2757261000 |  2770328000 |  2747050000 |  2756765000 |  2774015000 |  2797687000 |  2768775000 |  2784172000 |  2759257000 |  2771587000 |  2754310000 |  2755301000 |  2737817000 |  2742964000 |  2731804000 |  2733907000 |  2728061000 |  2734057000 |  2723792000 |  2726021000 |  2698307000 |  2712676000 |  2698341000 |  2706496000 |  2693242000 |  2696089000 |  2690813000 |  2693122000 |  2786221000 |  2810867000 |  2784364000 |  2802198000 |  2773090000 |  2784709000 |  2762652000 |  2768748000 |  2767612000 |  2788451000 |  2750616000 |  2777359000 |  2749675000 |  2752714000 |  2744300000 |  2745703000 |  2714273000 |  2728750000 |  2711592000 |  2719530000 |  2709447000 |  2712998000 |  2704330000 |  2707715000 |  2702803000 |  2703532000 |  2695312000 |  2700686000 |  2689382000 |  2694954000 |  2687641000 |  2689455000 |  2789952000 |  2797305000 |  2780434000 |  2809878000 |  2775757000 |  2786099000 |  2753756000 |  2767410000 |  2748678000 |  2766538000 |  2738418000 |  2760506000 |   2734493000 |   2748096000 |   2729947000 |   2733512000 |   2728573000 |   2757238000 |   2726959000 |   2737763000 |   2725631000 |   2729599000 |   2721791000 |   2723693000 |   2706073000 |   2715273000 |   2697932000 |   2707975000 |   2696220000 |   2701139000 |   2693684000 |   2695965000 |   2768887000 |   2782577000 |   2758542000 |   2768307000 |   2748940000 |   2757730000 |   2734596000 |   2742033000 |
|  CPU_CLOCKS_UNHALTED |   PMC1  | 80846980000 | 80902780000 | 80885610000 | 80904330000 | 80903910000 | 80903010000 | 80905280000 | 80905880000 | 80420690000 | 80413240000 | 80417790000 | 80411950000 | 80419310000 | 80416260000 | 80417010000 | 80413170000 | 80632700000 | 80631170000 | 80626390000 | 80631990000 | 80632570000 | 80635350000 | 80629610000 | 80634920000 | 80707180000 | 80707590000 | 80706540000 | 80710000000 | 80704360000 | 80708430000 | 80703910000 | 80699260000 | 80643250000 | 80654220000 | 80647330000 | 80644270000 | 80651700000 | 80651180000 | 80631590000 | 80644180000 | 80634260000 | 80636090000 | 80629520000 | 80633160000 | 80635950000 | 80629960000 | 80609970000 | 80633000000 | 81074450000 | 81073180000 | 81074230000 | 81075120000 | 81069440000 | 81075240000 | 81068810000 | 81069100000 | 80622380000 | 80642870000 | 80646070000 | 80648780000 | 80648910000 | 80648740000 | 80648170000 | 80641570000 | 80794530000 | 80799140000 | 80772200000 | 80795850000 | 80801170000 | 80798030000 | 80800930000 | 80794900000 | 80814780000 | 80816810000 | 80813390000 | 80813790000 | 80811940000 | 80814580000 | 80816080000 | 80816340000 | 80754910000 | 80755450000 | 80752990000 | 80756040000 | 80755400000 | 80752010000 | 80752930000 | 80752350000 | 80813760000 | 80810940000 | 80808920000 | 80815570000 | 80814890000 | 80813740000 | 80817050000 | 80811760000 | 81112640000 | 81118440000 | 81117230000 | 81114190000 |  81115530000 |  81115160000 |  81114590000 |  81111440000 |  80704650000 |  80707290000 |  80708580000 |  80708730000 |  80704810000 |  80705030000 |  80708860000 |  80708480000 |  81028220000 |  81029890000 |  81032810000 |  81029210000 |  81032850000 |  81032690000 |  81030520000 |  81029040000 |  80640740000 |  80646160000 |  80642450000 |  80638980000 |  80642950000 |  80643080000 |  80636850000 |  80638850000 |
|      CAS_CMD_RD      |  UMC0C0 |  7638103000 |           0 |           0 |           0 |           0 |           0 |           0 |           0 |           0 |           0 |           0 |           0 |           0 |           0 |           0 |           0 |           0 |           0 |           0 |           0 |           0 |           0 |           0 |           0 |           0 |           0 |           0 |           0 |           0 |           0 |           0 |           0 |           0 |           0 |           0 |           0 |           0 |           0 |           0 |           0 |           0 |           0 |           0 |           0 |           0 |           0 |           0 |           0 |           0 |           0 |           0 |           0 |           0 |           0 |           0 |           0 |           0 |           0 |           0 |           0 |           0 |           0 |           0 |           0 |           0 |           0 |           0 |           0 |           0 |           0 |           0 |           0 |           0 |           0 |           0 |           0 |           0 |           0 |           0 |           0 |           0 |           0 |           0 |           0 |           0 |           0 |           0 |           0 |           0 |           0 |           0 |           0 |           0 |           0 |           0 |           0 |           0 |           0 |           0 |           0 |            0 |            0 |            0 |            0 |            0 |            0 |            0 |            0 |            0 |            0 |            0 |            0 |            0 |            0 |            0 |            0 |            0 |            0 |            0 |            0 |            0 |            0 |            0 |            0 |            0 |            0 |            0 |            0 |
|      CAS_CMD_WR      |  UMC0C1 |  3818878000 |           0 |           0 |           0 |           0 |           0 |           0 |           0 |           0 |           0 |           0 |           0 |           0 |           0 |           0 |           0 |           0 |           0 |           0 |           0 |           0 |           0 |           0 |           0 |           0 |           0 |           0 |           0 |           0 |           0 |           0 |           0 |           0 |           0 |           0 |           0 |           0 |           0 |           0 |           0 |           0 |           0 |           0 |           0 |           0 |           0 |           0 |           0 |           0 |           0 |           0 |           0 |           0 |           0 |           0 |           0 |           0 |           0 |           0 |           0 |           0 |           0 |           0 |           0 |           0 |           0 |           0 |           0 |           0 |           0 |           0 |           0 |           0 |           0 |           0 |           0 |           0 |           0 |           0 |           0 |           0 |           0 |           0 |           0 |           0 |           0 |           0 |           0 |           0 |           0 |           0 |           0 |           0 |           0 |           0 |           0 |           0 |           0 |           0 |           0 |            0 |            0 |            0 |            0 |            0 |            0 |            0 |            0 |            0 |            0 |            0 |            0 |            0 |            0 |            0 |            0 |            0 |            0 |            0 |            0 |            0 |            0 |            0 |            0 |            0 |            0 |            0 |            0 |
|      CAS_CMD_RD      |  UMC1C0 |  7638211000 |           0 |           0 |           0 |           0 |           0 |           0 |           0 |           0 |           0 |           0 |           0 |           0 |           0 |           0 |           0 |           0 |           0 |           0 |           0 |           0 |           0 |           0 |           0 |           0 |           0 |           0 |           0 |           0 |           0 |           0 |           0 |           0 |           0 |           0 |           0 |           0 |           0 |           0 |           0 |           0 |           0 |           0 |           0 |           0 |           0 |           0 |           0 |           0 |           0 |           0 |           0 |           0 |           0 |           0 |           0 |           0 |           0 |           0 |           0 |           0 |           0 |           0 |           0 |           0 |           0 |           0 |           0 |           0 |           0 |           0 |           0 |           0 |           0 |           0 |           0 |           0 |           0 |           0 |           0 |           0 |           0 |           0 |           0 |           0 |           0 |           0 |           0 |           0 |           0 |           0 |           0 |           0 |           0 |           0 |           0 |           0 |           0 |           0 |           0 |            0 |            0 |            0 |            0 |            0 |            0 |            0 |            0 |            0 |            0 |            0 |            0 |            0 |            0 |            0 |            0 |            0 |            0 |            0 |            0 |            0 |            0 |            0 |            0 |            0 |            0 |            0 |            0 |
|      CAS_CMD_WR      |  UMC1C1 |  3818830000 |           0 |           0 |           0 |           0 |           0 |           0 |           0 |           0 |           0 |           0 |           0 |           0 |           0 |           0 |           0 |           0 |           0 |           0 |           0 |           0 |           0 |           0 |           0 |           0 |           0 |           0 |           0 |           0 |           0 |           0 |           0 |           0 |           0 |           0 |           0 |           0 |           0 |           0 |           0 |           0 |           0 |           0 |           0 |           0 |           0 |           0 |           0 |           0 |           0 |           0 |           0 |           0 |           0 |           0 |           0 |           0 |           0 |           0 |           0 |           0 |           0 |           0 |           0 |           0 |           0 |           0 |           0 |           0 |           0 |           0 |           0 |           0 |           0 |           0 |           0 |           0 |           0 |           0 |           0 |           0 |           0 |           0 |           0 |           0 |           0 |           0 |           0 |           0 |           0 |           0 |           0 |           0 |           0 |           0 |           0 |           0 |           0 |           0 |           0 |            0 |            0 |            0 |            0 |            0 |            0 |            0 |            0 |            0 |            0 |            0 |            0 |            0 |            0 |            0 |            0 |            0 |            0 |            0 |            0 |            0 |            0 |            0 |            0 |            0 |            0 |            0 |            0 |
|      CAS_CMD_RD      |  UMC2C0 |  7638462000 |           0 |           0 |           0 |           0 |           0 |           0 |           0 |           0 |           0 |           0 |           0 |           0 |           0 |           0 |           0 |           0 |           0 |           0 |           0 |           0 |           0 |           0 |           0 |           0 |           0 |           0 |           0 |           0 |           0 |           0 |           0 |           0 |           0 |           0 |           0 |           0 |           0 |           0 |           0 |           0 |           0 |           0 |           0 |           0 |           0 |           0 |           0 |           0 |           0 |           0 |           0 |           0 |           0 |           0 |           0 |           0 |           0 |           0 |           0 |           0 |           0 |           0 |           0 |           0 |           0 |           0 |           0 |           0 |           0 |           0 |           0 |           0 |           0 |           0 |           0 |           0 |           0 |           0 |           0 |           0 |           0 |           0 |           0 |           0 |           0 |           0 |           0 |           0 |           0 |           0 |           0 |           0 |           0 |           0 |           0 |           0 |           0 |           0 |           0 |            0 |            0 |            0 |            0 |            0 |            0 |            0 |            0 |            0 |            0 |            0 |            0 |            0 |            0 |            0 |            0 |            0 |            0 |            0 |            0 |            0 |            0 |            0 |            0 |            0 |            0 |            0 |            0 |
|      CAS_CMD_WR      |  UMC2C1 |  3818883000 |           0 |           0 |           0 |           0 |           0 |           0 |           0 |           0 |           0 |           0 |           0 |           0 |           0 |           0 |           0 |           0 |           0 |           0 |           0 |           0 |           0 |           0 |           0 |           0 |           0 |           0 |           0 |           0 |           0 |           0 |           0 |           0 |           0 |           0 |           0 |           0 |           0 |           0 |           0 |           0 |           0 |           0 |           0 |           0 |           0 |           0 |           0 |           0 |           0 |           0 |           0 |           0 |           0 |           0 |           0 |           0 |           0 |           0 |           0 |           0 |           0 |           0 |           0 |           0 |           0 |           0 |           0 |           0 |           0 |           0 |           0 |           0 |           0 |           0 |           0 |           0 |           0 |           0 |           0 |           0 |           0 |           0 |           0 |           0 |           0 |           0 |           0 |           0 |           0 |           0 |           0 |           0 |           0 |           0 |           0 |           0 |           0 |           0 |           0 |            0 |            0 |            0 |            0 |            0 |            0 |            0 |            0 |            0 |            0 |            0 |            0 |            0 |            0 |            0 |            0 |            0 |            0 |            0 |            0 |            0 |            0 |            0 |            0 |            0 |            0 |            0 |            0 |
|      CAS_CMD_RD      |  UMC3C0 |  7637916000 |           0 |           0 |           0 |           0 |           0 |           0 |           0 |           0 |           0 |           0 |           0 |           0 |           0 |           0 |           0 |           0 |           0 |           0 |           0 |           0 |           0 |           0 |           0 |           0 |           0 |           0 |           0 |           0 |           0 |           0 |           0 |           0 |           0 |           0 |           0 |           0 |           0 |           0 |           0 |           0 |           0 |           0 |           0 |           0 |           0 |           0 |           0 |           0 |           0 |           0 |           0 |           0 |           0 |           0 |           0 |           0 |           0 |           0 |           0 |           0 |           0 |           0 |           0 |           0 |           0 |           0 |           0 |           0 |           0 |           0 |           0 |           0 |           0 |           0 |           0 |           0 |           0 |           0 |           0 |           0 |           0 |           0 |           0 |           0 |           0 |           0 |           0 |           0 |           0 |           0 |           0 |           0 |           0 |           0 |           0 |           0 |           0 |           0 |           0 |            0 |            0 |            0 |            0 |            0 |            0 |            0 |            0 |            0 |            0 |            0 |            0 |            0 |            0 |            0 |            0 |            0 |            0 |            0 |            0 |            0 |            0 |            0 |            0 |            0 |            0 |            0 |            0 |
|      CAS_CMD_WR      |  UMC3C1 |  3818744000 |           0 |           0 |           0 |           0 |           0 |           0 |           0 |           0 |           0 |           0 |           0 |           0 |           0 |           0 |           0 |           0 |           0 |           0 |           0 |           0 |           0 |           0 |           0 |           0 |           0 |           0 |           0 |           0 |           0 |           0 |           0 |           0 |           0 |           0 |           0 |           0 |           0 |           0 |           0 |           0 |           0 |           0 |           0 |           0 |           0 |           0 |           0 |           0 |           0 |           0 |           0 |           0 |           0 |           0 |           0 |           0 |           0 |           0 |           0 |           0 |           0 |           0 |           0 |           0 |           0 |           0 |           0 |           0 |           0 |           0 |           0 |           0 |           0 |           0 |           0 |           0 |           0 |           0 |           0 |           0 |           0 |           0 |           0 |           0 |           0 |           0 |           0 |           0 |           0 |           0 |           0 |           0 |           0 |           0 |           0 |           0 |           0 |           0 |           0 |            0 |            0 |            0 |            0 |            0 |            0 |            0 |            0 |            0 |            0 |            0 |            0 |            0 |            0 |            0 |            0 |            0 |            0 |            0 |            0 |            0 |            0 |            0 |            0 |            0 |            0 |            0 |            0 |
|      CAS_CMD_RD      |  UMC4C0 |  7637771000 |           0 |           0 |           0 |           0 |           0 |           0 |           0 |           0 |           0 |           0 |           0 |           0 |           0 |           0 |           0 |           0 |           0 |           0 |           0 |           0 |           0 |           0 |           0 |           0 |           0 |           0 |           0 |           0 |           0 |           0 |           0 |           0 |           0 |           0 |           0 |           0 |           0 |           0 |           0 |           0 |           0 |           0 |           0 |           0 |           0 |           0 |           0 |           0 |           0 |           0 |           0 |           0 |           0 |           0 |           0 |           0 |           0 |           0 |           0 |           0 |           0 |           0 |           0 |           0 |           0 |           0 |           0 |           0 |           0 |           0 |           0 |           0 |           0 |           0 |           0 |           0 |           0 |           0 |           0 |           0 |           0 |           0 |           0 |           0 |           0 |           0 |           0 |           0 |           0 |           0 |           0 |           0 |           0 |           0 |           0 |           0 |           0 |           0 |           0 |            0 |            0 |            0 |            0 |            0 |            0 |            0 |            0 |            0 |            0 |            0 |            0 |            0 |            0 |            0 |            0 |            0 |            0 |            0 |            0 |            0 |            0 |            0 |            0 |            0 |            0 |            0 |            0 |
|      CAS_CMD_WR      |  UMC4C1 |  3818773000 |           0 |           0 |           0 |           0 |           0 |           0 |           0 |           0 |           0 |           0 |           0 |           0 |           0 |           0 |           0 |           0 |           0 |           0 |           0 |           0 |           0 |           0 |           0 |           0 |           0 |           0 |           0 |           0 |           0 |           0 |           0 |           0 |           0 |           0 |           0 |           0 |           0 |           0 |           0 |           0 |           0 |           0 |           0 |           0 |           0 |           0 |           0 |           0 |           0 |           0 |           0 |           0 |           0 |           0 |           0 |           0 |           0 |           0 |           0 |           0 |           0 |           0 |           0 |           0 |           0 |           0 |           0 |           0 |           0 |           0 |           0 |           0 |           0 |           0 |           0 |           0 |           0 |           0 |           0 |           0 |           0 |           0 |           0 |           0 |           0 |           0 |           0 |           0 |           0 |           0 |           0 |           0 |           0 |           0 |           0 |           0 |           0 |           0 |           0 |            0 |            0 |            0 |            0 |            0 |            0 |            0 |            0 |            0 |            0 |            0 |            0 |            0 |            0 |            0 |            0 |            0 |            0 |            0 |            0 |            0 |            0 |            0 |            0 |            0 |            0 |            0 |            0 |
|      CAS_CMD_RD      |  UMC5C0 |  7637776000 |           0 |           0 |           0 |           0 |           0 |           0 |           0 |           0 |           0 |           0 |           0 |           0 |           0 |           0 |           0 |           0 |           0 |           0 |           0 |           0 |           0 |           0 |           0 |           0 |           0 |           0 |           0 |           0 |           0 |           0 |           0 |           0 |           0 |           0 |           0 |           0 |           0 |           0 |           0 |           0 |           0 |           0 |           0 |           0 |           0 |           0 |           0 |           0 |           0 |           0 |           0 |           0 |           0 |           0 |           0 |           0 |           0 |           0 |           0 |           0 |           0 |           0 |           0 |           0 |           0 |           0 |           0 |           0 |           0 |           0 |           0 |           0 |           0 |           0 |           0 |           0 |           0 |           0 |           0 |           0 |           0 |           0 |           0 |           0 |           0 |           0 |           0 |           0 |           0 |           0 |           0 |           0 |           0 |           0 |           0 |           0 |           0 |           0 |           0 |            0 |            0 |            0 |            0 |            0 |            0 |            0 |            0 |            0 |            0 |            0 |            0 |            0 |            0 |            0 |            0 |            0 |            0 |            0 |            0 |            0 |            0 |            0 |            0 |            0 |            0 |            0 |            0 |
|      CAS_CMD_WR      |  UMC5C1 |  3818714000 |           0 |           0 |           0 |           0 |           0 |           0 |           0 |           0 |           0 |           0 |           0 |           0 |           0 |           0 |           0 |           0 |           0 |           0 |           0 |           0 |           0 |           0 |           0 |           0 |           0 |           0 |           0 |           0 |           0 |           0 |           0 |           0 |           0 |           0 |           0 |           0 |           0 |           0 |           0 |           0 |           0 |           0 |           0 |           0 |           0 |           0 |           0 |           0 |           0 |           0 |           0 |           0 |           0 |           0 |           0 |           0 |           0 |           0 |           0 |           0 |           0 |           0 |           0 |           0 |           0 |           0 |           0 |           0 |           0 |           0 |           0 |           0 |           0 |           0 |           0 |           0 |           0 |           0 |           0 |           0 |           0 |           0 |           0 |           0 |           0 |           0 |           0 |           0 |           0 |           0 |           0 |           0 |           0 |           0 |           0 |           0 |           0 |           0 |           0 |            0 |            0 |            0 |            0 |            0 |            0 |            0 |            0 |            0 |            0 |            0 |            0 |            0 |            0 |            0 |            0 |            0 |            0 |            0 |            0 |            0 |            0 |            0 |            0 |            0 |            0 |            0 |            0 |
|      CAS_CMD_RD      |  UMC6C0 |  7636969000 |           0 |           0 |           0 |           0 |           0 |           0 |           0 |           0 |           0 |           0 |           0 |           0 |           0 |           0 |           0 |           0 |           0 |           0 |           0 |           0 |           0 |           0 |           0 |           0 |           0 |           0 |           0 |           0 |           0 |           0 |           0 |           0 |           0 |           0 |           0 |           0 |           0 |           0 |           0 |           0 |           0 |           0 |           0 |           0 |           0 |           0 |           0 |           0 |           0 |           0 |           0 |           0 |           0 |           0 |           0 |           0 |           0 |           0 |           0 |           0 |           0 |           0 |           0 |           0 |           0 |           0 |           0 |           0 |           0 |           0 |           0 |           0 |           0 |           0 |           0 |           0 |           0 |           0 |           0 |           0 |           0 |           0 |           0 |           0 |           0 |           0 |           0 |           0 |           0 |           0 |           0 |           0 |           0 |           0 |           0 |           0 |           0 |           0 |           0 |            0 |            0 |            0 |            0 |            0 |            0 |            0 |            0 |            0 |            0 |            0 |            0 |            0 |            0 |            0 |            0 |            0 |            0 |            0 |            0 |            0 |            0 |            0 |            0 |            0 |            0 |            0 |            0 |
|      CAS_CMD_WR      |  UMC6C1 |  3818600000 |           0 |           0 |           0 |           0 |           0 |           0 |           0 |           0 |           0 |           0 |           0 |           0 |           0 |           0 |           0 |           0 |           0 |           0 |           0 |           0 |           0 |           0 |           0 |           0 |           0 |           0 |           0 |           0 |           0 |           0 |           0 |           0 |           0 |           0 |           0 |           0 |           0 |           0 |           0 |           0 |           0 |           0 |           0 |           0 |           0 |           0 |           0 |           0 |           0 |           0 |           0 |           0 |           0 |           0 |           0 |           0 |           0 |           0 |           0 |           0 |           0 |           0 |           0 |           0 |           0 |           0 |           0 |           0 |           0 |           0 |           0 |           0 |           0 |           0 |           0 |           0 |           0 |           0 |           0 |           0 |           0 |           0 |           0 |           0 |           0 |           0 |           0 |           0 |           0 |           0 |           0 |           0 |           0 |           0 |           0 |           0 |           0 |           0 |           0 |            0 |            0 |            0 |            0 |            0 |            0 |            0 |            0 |            0 |            0 |            0 |            0 |            0 |            0 |            0 |            0 |            0 |            0 |            0 |            0 |            0 |            0 |            0 |            0 |            0 |            0 |            0 |            0 |
|      CAS_CMD_RD      |  UMC7C0 |  7636947000 |           0 |           0 |           0 |           0 |           0 |           0 |           0 |           0 |           0 |           0 |           0 |           0 |           0 |           0 |           0 |           0 |           0 |           0 |           0 |           0 |           0 |           0 |           0 |           0 |           0 |           0 |           0 |           0 |           0 |           0 |           0 |           0 |           0 |           0 |           0 |           0 |           0 |           0 |           0 |           0 |           0 |           0 |           0 |           0 |           0 |           0 |           0 |           0 |           0 |           0 |           0 |           0 |           0 |           0 |           0 |           0 |           0 |           0 |           0 |           0 |           0 |           0 |           0 |           0 |           0 |           0 |           0 |           0 |           0 |           0 |           0 |           0 |           0 |           0 |           0 |           0 |           0 |           0 |           0 |           0 |           0 |           0 |           0 |           0 |           0 |           0 |           0 |           0 |           0 |           0 |           0 |           0 |           0 |           0 |           0 |           0 |           0 |           0 |           0 |            0 |            0 |            0 |            0 |            0 |            0 |            0 |            0 |            0 |            0 |            0 |            0 |            0 |            0 |            0 |            0 |            0 |            0 |            0 |            0 |            0 |            0 |            0 |            0 |            0 |            0 |            0 |            0 |
|      CAS_CMD_WR      |  UMC7C1 |  3818521000 |           0 |           0 |           0 |           0 |           0 |           0 |           0 |           0 |           0 |           0 |           0 |           0 |           0 |           0 |           0 |           0 |           0 |           0 |           0 |           0 |           0 |           0 |           0 |           0 |           0 |           0 |           0 |           0 |           0 |           0 |           0 |           0 |           0 |           0 |           0 |           0 |           0 |           0 |           0 |           0 |           0 |           0 |           0 |           0 |           0 |           0 |           0 |           0 |           0 |           0 |           0 |           0 |           0 |           0 |           0 |           0 |           0 |           0 |           0 |           0 |           0 |           0 |           0 |           0 |           0 |           0 |           0 |           0 |           0 |           0 |           0 |           0 |           0 |           0 |           0 |           0 |           0 |           0 |           0 |           0 |           0 |           0 |           0 |           0 |           0 |           0 |           0 |           0 |           0 |           0 |           0 |           0 |           0 |           0 |           0 |           0 |           0 |           0 |           0 |            0 |            0 |            0 |            0 |            0 |            0 |            0 |            0 |            0 |            0 |            0 |            0 |            0 |            0 |            0 |            0 |            0 |            0 |            0 |            0 |            0 |            0 |            0 |            0 |            0 |            0 |            0 |            0 |
|      CAS_CMD_RD      |  UMC8C0 |  7636911000 |           0 |           0 |           0 |           0 |           0 |           0 |           0 |           0 |           0 |           0 |           0 |           0 |           0 |           0 |           0 |           0 |           0 |           0 |           0 |           0 |           0 |           0 |           0 |           0 |           0 |           0 |           0 |           0 |           0 |           0 |           0 |           0 |           0 |           0 |           0 |           0 |           0 |           0 |           0 |           0 |           0 |           0 |           0 |           0 |           0 |           0 |           0 |           0 |           0 |           0 |           0 |           0 |           0 |           0 |           0 |           0 |           0 |           0 |           0 |           0 |           0 |           0 |           0 |           0 |           0 |           0 |           0 |           0 |           0 |           0 |           0 |           0 |           0 |           0 |           0 |           0 |           0 |           0 |           0 |           0 |           0 |           0 |           0 |           0 |           0 |           0 |           0 |           0 |           0 |           0 |           0 |           0 |           0 |           0 |           0 |           0 |           0 |           0 |           0 |            0 |            0 |            0 |            0 |            0 |            0 |            0 |            0 |            0 |            0 |            0 |            0 |            0 |            0 |            0 |            0 |            0 |            0 |            0 |            0 |            0 |            0 |            0 |            0 |            0 |            0 |            0 |            0 |
|      CAS_CMD_WR      |  UMC8C1 |  3818533000 |           0 |           0 |           0 |           0 |           0 |           0 |           0 |           0 |           0 |           0 |           0 |           0 |           0 |           0 |           0 |           0 |           0 |           0 |           0 |           0 |           0 |           0 |           0 |           0 |           0 |           0 |           0 |           0 |           0 |           0 |           0 |           0 |           0 |           0 |           0 |           0 |           0 |           0 |           0 |           0 |           0 |           0 |           0 |           0 |           0 |           0 |           0 |           0 |           0 |           0 |           0 |           0 |           0 |           0 |           0 |           0 |           0 |           0 |           0 |           0 |           0 |           0 |           0 |           0 |           0 |           0 |           0 |           0 |           0 |           0 |           0 |           0 |           0 |           0 |           0 |           0 |           0 |           0 |           0 |           0 |           0 |           0 |           0 |           0 |           0 |           0 |           0 |           0 |           0 |           0 |           0 |           0 |           0 |           0 |           0 |           0 |           0 |           0 |           0 |            0 |            0 |            0 |            0 |            0 |            0 |            0 |            0 |            0 |            0 |            0 |            0 |            0 |            0 |            0 |            0 |            0 |            0 |            0 |            0 |            0 |            0 |            0 |            0 |            0 |            0 |            0 |            0 |
|      CAS_CMD_RD      |  UMC9C0 |  7641981000 |           0 |           0 |           0 |           0 |           0 |           0 |           0 |           0 |           0 |           0 |           0 |           0 |           0 |           0 |           0 |           0 |           0 |           0 |           0 |           0 |           0 |           0 |           0 |           0 |           0 |           0 |           0 |           0 |           0 |           0 |           0 |           0 |           0 |           0 |           0 |           0 |           0 |           0 |           0 |           0 |           0 |           0 |           0 |           0 |           0 |           0 |           0 |           0 |           0 |           0 |           0 |           0 |           0 |           0 |           0 |           0 |           0 |           0 |           0 |           0 |           0 |           0 |           0 |           0 |           0 |           0 |           0 |           0 |           0 |           0 |           0 |           0 |           0 |           0 |           0 |           0 |           0 |           0 |           0 |           0 |           0 |           0 |           0 |           0 |           0 |           0 |           0 |           0 |           0 |           0 |           0 |           0 |           0 |           0 |           0 |           0 |           0 |           0 |           0 |            0 |            0 |            0 |            0 |            0 |            0 |            0 |            0 |            0 |            0 |            0 |            0 |            0 |            0 |            0 |            0 |            0 |            0 |            0 |            0 |            0 |            0 |            0 |            0 |            0 |            0 |            0 |            0 |
|      CAS_CMD_WR      |  UMC9C1 |  3818592000 |           0 |           0 |           0 |           0 |           0 |           0 |           0 |           0 |           0 |           0 |           0 |           0 |           0 |           0 |           0 |           0 |           0 |           0 |           0 |           0 |           0 |           0 |           0 |           0 |           0 |           0 |           0 |           0 |           0 |           0 |           0 |           0 |           0 |           0 |           0 |           0 |           0 |           0 |           0 |           0 |           0 |           0 |           0 |           0 |           0 |           0 |           0 |           0 |           0 |           0 |           0 |           0 |           0 |           0 |           0 |           0 |           0 |           0 |           0 |           0 |           0 |           0 |           0 |           0 |           0 |           0 |           0 |           0 |           0 |           0 |           0 |           0 |           0 |           0 |           0 |           0 |           0 |           0 |           0 |           0 |           0 |           0 |           0 |           0 |           0 |           0 |           0 |           0 |           0 |           0 |           0 |           0 |           0 |           0 |           0 |           0 |           0 |           0 |           0 |            0 |            0 |            0 |            0 |            0 |            0 |            0 |            0 |            0 |            0 |            0 |            0 |            0 |            0 |            0 |            0 |            0 |            0 |            0 |            0 |            0 |            0 |            0 |            0 |            0 |            0 |            0 |            0 |
|      CAS_CMD_RD      | UMC10C0 |  7642161000 |           0 |           0 |           0 |           0 |           0 |           0 |           0 |           0 |           0 |           0 |           0 |           0 |           0 |           0 |           0 |           0 |           0 |           0 |           0 |           0 |           0 |           0 |           0 |           0 |           0 |           0 |           0 |           0 |           0 |           0 |           0 |           0 |           0 |           0 |           0 |           0 |           0 |           0 |           0 |           0 |           0 |           0 |           0 |           0 |           0 |           0 |           0 |           0 |           0 |           0 |           0 |           0 |           0 |           0 |           0 |           0 |           0 |           0 |           0 |           0 |           0 |           0 |           0 |           0 |           0 |           0 |           0 |           0 |           0 |           0 |           0 |           0 |           0 |           0 |           0 |           0 |           0 |           0 |           0 |           0 |           0 |           0 |           0 |           0 |           0 |           0 |           0 |           0 |           0 |           0 |           0 |           0 |           0 |           0 |           0 |           0 |           0 |           0 |           0 |            0 |            0 |            0 |            0 |            0 |            0 |            0 |            0 |            0 |            0 |            0 |            0 |            0 |            0 |            0 |            0 |            0 |            0 |            0 |            0 |            0 |            0 |            0 |            0 |            0 |            0 |            0 |            0 |
|      CAS_CMD_WR      | UMC10C1 |  3818515000 |           0 |           0 |           0 |           0 |           0 |           0 |           0 |           0 |           0 |           0 |           0 |           0 |           0 |           0 |           0 |           0 |           0 |           0 |           0 |           0 |           0 |           0 |           0 |           0 |           0 |           0 |           0 |           0 |           0 |           0 |           0 |           0 |           0 |           0 |           0 |           0 |           0 |           0 |           0 |           0 |           0 |           0 |           0 |           0 |           0 |           0 |           0 |           0 |           0 |           0 |           0 |           0 |           0 |           0 |           0 |           0 |           0 |           0 |           0 |           0 |           0 |           0 |           0 |           0 |           0 |           0 |           0 |           0 |           0 |           0 |           0 |           0 |           0 |           0 |           0 |           0 |           0 |           0 |           0 |           0 |           0 |           0 |           0 |           0 |           0 |           0 |           0 |           0 |           0 |           0 |           0 |           0 |           0 |           0 |           0 |           0 |           0 |           0 |           0 |            0 |            0 |            0 |            0 |            0 |            0 |            0 |            0 |            0 |            0 |            0 |            0 |            0 |            0 |            0 |            0 |            0 |            0 |            0 |            0 |            0 |            0 |            0 |            0 |            0 |            0 |            0 |            0 |
|      CAS_CMD_RD      | UMC11C0 |  7641651000 |           0 |           0 |           0 |           0 |           0 |           0 |           0 |           0 |           0 |           0 |           0 |           0 |           0 |           0 |           0 |           0 |           0 |           0 |           0 |           0 |           0 |           0 |           0 |           0 |           0 |           0 |           0 |           0 |           0 |           0 |           0 |           0 |           0 |           0 |           0 |           0 |           0 |           0 |           0 |           0 |           0 |           0 |           0 |           0 |           0 |           0 |           0 |           0 |           0 |           0 |           0 |           0 |           0 |           0 |           0 |           0 |           0 |           0 |           0 |           0 |           0 |           0 |           0 |           0 |           0 |           0 |           0 |           0 |           0 |           0 |           0 |           0 |           0 |           0 |           0 |           0 |           0 |           0 |           0 |           0 |           0 |           0 |           0 |           0 |           0 |           0 |           0 |           0 |           0 |           0 |           0 |           0 |           0 |           0 |           0 |           0 |           0 |           0 |           0 |            0 |            0 |            0 |            0 |            0 |            0 |            0 |            0 |            0 |            0 |            0 |            0 |            0 |            0 |            0 |            0 |            0 |            0 |            0 |            0 |            0 |            0 |            0 |            0 |            0 |            0 |            0 |            0 |
|      CAS_CMD_WR      | UMC11C1 |  3818570000 |           0 |           0 |           0 |           0 |           0 |           0 |           0 |           0 |           0 |           0 |           0 |           0 |           0 |           0 |           0 |           0 |           0 |           0 |           0 |           0 |           0 |           0 |           0 |           0 |           0 |           0 |           0 |           0 |           0 |           0 |           0 |           0 |           0 |           0 |           0 |           0 |           0 |           0 |           0 |           0 |           0 |           0 |           0 |           0 |           0 |           0 |           0 |           0 |           0 |           0 |           0 |           0 |           0 |           0 |           0 |           0 |           0 |           0 |           0 |           0 |           0 |           0 |           0 |           0 |           0 |           0 |           0 |           0 |           0 |           0 |           0 |           0 |           0 |           0 |           0 |           0 |           0 |           0 |           0 |           0 |           0 |           0 |           0 |           0 |           0 |           0 |           0 |           0 |           0 |           0 |           0 |           0 |           0 |           0 |           0 |           0 |           0 |           0 |           0 |            0 |            0 |            0 |            0 |            0 |            0 |            0 |            0 |            0 |            0 |            0 |            0 |            0 |            0 |            0 |            0 |            0 |            0 |            0 |            0 |            0 |            0 |            0 |            0 |            0 |            0 |            0 |            0 |
+----------------------+---------+-------------+-------------+-------------+-------------+-------------+-------------+-------------+-------------+-------------+-------------+-------------+-------------+-------------+-------------+-------------+-------------+-------------+-------------+-------------+-------------+-------------+-------------+-------------+-------------+-------------+-------------+-------------+-------------+-------------+-------------+-------------+-------------+-------------+-------------+-------------+-------------+-------------+-------------+-------------+-------------+-------------+-------------+-------------+-------------+-------------+-------------+-------------+-------------+-------------+-------------+-------------+-------------+-------------+-------------+-------------+-------------+-------------+-------------+-------------+-------------+-------------+-------------+-------------+-------------+-------------+-------------+-------------+-------------+-------------+-------------+-------------+-------------+-------------+-------------+-------------+-------------+-------------+-------------+-------------+-------------+-------------+-------------+-------------+-------------+-------------+-------------+-------------+-------------+-------------+-------------+-------------+-------------+-------------+-------------+-------------+-------------+-------------+-------------+-------------+-------------+--------------+--------------+--------------+--------------+--------------+--------------+--------------+--------------+--------------+--------------+--------------+--------------+--------------+--------------+--------------+--------------+--------------+--------------+--------------+--------------+--------------+--------------+--------------+--------------+--------------+--------------+--------------+--------------+
+---------------------------+---------+----------------+-------------+-------------+--------------+
|           Event           | Counter |       Sum      |     Min     |     Max     |      Avg     |
+---------------------------+---------+----------------+-------------+-------------+--------------+
|   ACTUAL_CPU_CLOCK STAT   |  FIXC1  | 10372162610000 | 80681750000 | 81363260000 | 8.103252e+10 |
|     MAX_CPU_CLOCK STAT    |  FIXC2  |  6781602240000 | 52979670000 | 52982610000 |  52981267500 |
| RETIRED_INSTRUCTIONS STAT |   PMC0  |   350223882000 |  2684387000 |  2810867000 | 2.736124e+09 |
|  CPU_CLOCKS_UNHALTED STAT |   PMC1  | 10338489970000 | 80411950000 | 81118440000 | 8.076945e+10 |
|      CAS_CMD_RD STAT      |  UMC0C0 |     7638103000 |           0 |  7638103000 | 5.967268e+07 |
|      CAS_CMD_WR STAT      |  UMC0C1 |     3818878000 |           0 |  3818878000 | 2.983498e+07 |
|      CAS_CMD_RD STAT      |  UMC1C0 |     7638211000 |           0 |  7638211000 | 5.967352e+07 |
|      CAS_CMD_WR STAT      |  UMC1C1 |     3818830000 |           0 |  3818830000 | 2.983461e+07 |
|      CAS_CMD_RD STAT      |  UMC2C0 |     7638462000 |           0 |  7638462000 | 5.967548e+07 |
|      CAS_CMD_WR STAT      |  UMC2C1 |     3818883000 |           0 |  3818883000 | 2.983502e+07 |
|      CAS_CMD_RD STAT      |  UMC3C0 |     7637916000 |           0 |  7637916000 | 5.967122e+07 |
|      CAS_CMD_WR STAT      |  UMC3C1 |     3818744000 |           0 |  3818744000 | 2.983394e+07 |
|      CAS_CMD_RD STAT      |  UMC4C0 |     7637771000 |           0 |  7637771000 | 5.967009e+07 |
|      CAS_CMD_WR STAT      |  UMC4C1 |     3818773000 |           0 |  3818773000 | 2.983416e+07 |
|      CAS_CMD_RD STAT      |  UMC5C0 |     7637776000 |           0 |  7637776000 |     59670125 |
|      CAS_CMD_WR STAT      |  UMC5C1 |     3818714000 |           0 |  3818714000 | 2.983370e+07 |
|      CAS_CMD_RD STAT      |  UMC6C0 |     7636969000 |           0 |  7636969000 | 5.966382e+07 |
|      CAS_CMD_WR STAT      |  UMC6C1 |     3818600000 |           0 |  3818600000 | 2.983281e+07 |
|      CAS_CMD_RD STAT      |  UMC7C0 |     7636947000 |           0 |  7636947000 | 5.966365e+07 |
|      CAS_CMD_WR STAT      |  UMC7C1 |     3818521000 |           0 |  3818521000 | 2.983220e+07 |
|      CAS_CMD_RD STAT      |  UMC8C0 |     7636911000 |           0 |  7636911000 | 5.966337e+07 |
|      CAS_CMD_WR STAT      |  UMC8C1 |     3818533000 |           0 |  3818533000 | 2.983229e+07 |
|      CAS_CMD_RD STAT      |  UMC9C0 |     7641981000 |           0 |  7641981000 | 5.970298e+07 |
|      CAS_CMD_WR STAT      |  UMC9C1 |     3818592000 |           0 |  3818592000 |     29832750 |
|      CAS_CMD_RD STAT      | UMC10C0 |     7642161000 |           0 |  7642161000 | 5.970438e+07 |
|      CAS_CMD_WR STAT      | UMC10C1 |     3818515000 |           0 |  3818515000 | 2.983215e+07 |
|      CAS_CMD_RD STAT      | UMC11C0 |     7641651000 |           0 |  7641651000 | 5.970040e+07 |
|      CAS_CMD_WR STAT      | UMC11C1 |     3818570000 |           0 |  3818570000 | 2.983258e+07 |
+---------------------------+---------+----------------+-------------+-------------+--------------+
+-----------------------------------+-------------+------------+------------+------------+------------+------------+------------+------------+------------+------------+-------------+-------------+-------------+-------------+-------------+-------------+-------------+-------------+-------------+-------------+-------------+-------------+-------------+-------------+-------------+-------------+-------------+-------------+-------------+-------------+-------------+-------------+-------------+-------------+-------------+-------------+-------------+-------------+-------------+-------------+-------------+-------------+-------------+-------------+-------------+-------------+-------------+-------------+-------------+-------------+-------------+-------------+-------------+-------------+-------------+-------------+-------------+-------------+-------------+-------------+-------------+-------------+-------------+-------------+-------------+-------------+-------------+-------------+-------------+-------------+-------------+-------------+-------------+-------------+-------------+-------------+-------------+-------------+-------------+-------------+-------------+-------------+-------------+-------------+-------------+-------------+-------------+-------------+-------------+-------------+-------------+-------------+-------------+-------------+-------------+-------------+-------------+-------------+-------------+-------------+--------------+--------------+--------------+--------------+--------------+--------------+--------------+--------------+--------------+--------------+--------------+--------------+--------------+--------------+--------------+--------------+--------------+--------------+--------------+--------------+--------------+--------------+--------------+--------------+--------------+--------------+--------------+--------------+
|               Metric              |  HWThread 0 | HWThread 1 | HWThread 2 | HWThread 3 | HWThread 4 | HWThread 5 | HWThread 6 | HWThread 7 | HWThread 8 | HWThread 9 | HWThread 10 | HWThread 11 | HWThread 12 | HWThread 13 | HWThread 14 | HWThread 15 | HWThread 16 | HWThread 17 | HWThread 18 | HWThread 19 | HWThread 20 | HWThread 21 | HWThread 22 | HWThread 23 | HWThread 24 | HWThread 25 | HWThread 26 | HWThread 27 | HWThread 28 | HWThread 29 | HWThread 30 | HWThread 31 | HWThread 32 | HWThread 33 | HWThread 34 | HWThread 35 | HWThread 36 | HWThread 37 | HWThread 38 | HWThread 39 | HWThread 40 | HWThread 41 | HWThread 42 | HWThread 43 | HWThread 44 | HWThread 45 | HWThread 46 | HWThread 47 | HWThread 48 | HWThread 49 | HWThread 50 | HWThread 51 | HWThread 52 | HWThread 53 | HWThread 54 | HWThread 55 | HWThread 56 | HWThread 57 | HWThread 58 | HWThread 59 | HWThread 60 | HWThread 61 | HWThread 62 | HWThread 63 | HWThread 64 | HWThread 65 | HWThread 66 | HWThread 67 | HWThread 68 | HWThread 69 | HWThread 70 | HWThread 71 | HWThread 72 | HWThread 73 | HWThread 74 | HWThread 75 | HWThread 76 | HWThread 77 | HWThread 78 | HWThread 79 | HWThread 80 | HWThread 81 | HWThread 82 | HWThread 83 | HWThread 84 | HWThread 85 | HWThread 86 | HWThread 87 | HWThread 88 | HWThread 89 | HWThread 90 | HWThread 91 | HWThread 92 | HWThread 93 | HWThread 94 | HWThread 95 | HWThread 96 | HWThread 97 | HWThread 98 | HWThread 99 | HWThread 100 | HWThread 101 | HWThread 102 | HWThread 103 | HWThread 104 | HWThread 105 | HWThread 106 | HWThread 107 | HWThread 108 | HWThread 109 | HWThread 110 | HWThread 111 | HWThread 112 | HWThread 113 | HWThread 114 | HWThread 115 | HWThread 116 | HWThread 117 | HWThread 118 | HWThread 119 | HWThread 120 | HWThread 121 | HWThread 122 | HWThread 123 | HWThread 124 | HWThread 125 | HWThread 126 | HWThread 127 |
+-----------------------------------+-------------+------------+------------+------------+------------+------------+------------+------------+------------+------------+-------------+-------------+-------------+-------------+-------------+-------------+-------------+-------------+-------------+-------------+-------------+-------------+-------------+-------------+-------------+-------------+-------------+-------------+-------------+-------------+-------------+-------------+-------------+-------------+-------------+-------------+-------------+-------------+-------------+-------------+-------------+-------------+-------------+-------------+-------------+-------------+-------------+-------------+-------------+-------------+-------------+-------------+-------------+-------------+-------------+-------------+-------------+-------------+-------------+-------------+-------------+-------------+-------------+-------------+-------------+-------------+-------------+-------------+-------------+-------------+-------------+-------------+-------------+-------------+-------------+-------------+-------------+-------------+-------------+-------------+-------------+-------------+-------------+-------------+-------------+-------------+-------------+-------------+-------------+-------------+-------------+-------------+-------------+-------------+-------------+-------------+-------------+-------------+-------------+-------------+--------------+--------------+--------------+--------------+--------------+--------------+--------------+--------------+--------------+--------------+--------------+--------------+--------------+--------------+--------------+--------------+--------------+--------------+--------------+--------------+--------------+--------------+--------------+--------------+--------------+--------------+--------------+--------------+
|        Runtime (RDTSC) [s]        |     19.6486 |    19.6489 |    19.6489 |    19.6487 |    19.6489 |    19.6487 |    19.6489 |    19.6495 |    19.6495 |    19.6488 |     19.6491 |     19.6493 |     19.6495 |     19.6489 |     19.6495 |     19.6495 |     19.6487 |     19.6487 |     19.6487 |     19.6487 |     19.6490 |     19.6490 |     19.6489 |     19.6490 |     19.6487 |     19.6489 |     19.6492 |     19.6489 |     19.6489 |     19.6487 |     19.6487 |     19.6487 |     19.6487 |     19.6495 |     19.6487 |     19.6487 |     19.6495 |     19.6492 |     19.6491 |     19.6490 |     19.6487 |     19.6491 |     19.6491 |     19.6492 |     19.6491 |     19.6488 |     19.6487 |     19.6487 |     19.6495 |     19.6489 |     19.6489 |     19.6489 |     19.6489 |     19.6489 |     19.6487 |     19.6489 |     19.6487 |     19.6487 |     19.6487 |     19.6487 |     19.6487 |     19.6487 |     19.6487 |     19.6487 |     19.6487 |     19.6487 |     19.6487 |     19.6487 |     19.6487 |     19.6487 |     19.6487 |     19.6487 |     19.6487 |     19.6487 |     19.6487 |     19.6487 |     19.6487 |     19.6489 |     19.6489 |     19.6489 |     19.6487 |     19.6490 |     19.6487 |     19.6490 |     19.6490 |     19.6487 |     19.6487 |     19.6487 |     19.6489 |     19.6487 |     19.6490 |     19.6494 |     19.6489 |     19.6489 |     19.6490 |     19.6489 |     19.6487 |     19.6489 |     19.6490 |     19.6488 |      19.6490 |      19.6488 |      19.6488 |      19.6489 |      19.6489 |      19.6487 |      19.6494 |      19.6489 |      19.6488 |      19.6487 |      19.6494 |      19.6487 |      19.6487 |      19.6487 |      19.6487 |      19.6487 |      19.6487 |      19.6487 |      19.6487 |      19.6487 |      19.6487 |      19.6489 |      19.6487 |      19.6487 |      19.6489 |      19.6487 |      19.6487 |      19.6489 |
|        Runtime unhalted [s]       |     30.1038 |    30.1039 |    30.1040 |    30.1038 |    30.1038 |    30.1036 |    30.1040 |    30.1042 |    29.9240 |    29.9240 |     29.9239 |     29.9233 |     29.9240 |     29.9238 |     29.9240 |     29.9241 |     30.0024 |     30.0025 |     30.0025 |     30.0025 |     30.0027 |     30.0027 |     30.0027 |     30.0028 |     30.0311 |     30.0314 |     30.0314 |     30.0315 |     30.0312 |     30.0310 |     30.0310 |     30.0310 |     30.0042 |     30.0046 |     30.0041 |     30.0039 |     30.0045 |     30.0047 |     30.0045 |     30.0043 |     30.0051 |     30.0053 |     30.0055 |     30.0053 |     30.0053 |     30.0044 |     30.0051 |     30.0051 |     30.1683 |     30.1681 |     30.1680 |     30.1680 |     30.1680 |     30.1680 |     30.1679 |     30.1680 |     30.0090 |     30.0090 |     30.0090 |     30.0091 |     30.0094 |     30.0091 |     30.0090 |     30.0094 |     30.0623 |     30.0623 |     30.0622 |     30.0619 |     30.0622 |     30.0623 |     30.0619 |     30.0623 |     30.0717 |     30.0719 |     30.0719 |     30.0710 |     30.0718 |     30.0721 |     30.0720 |     30.0721 |     30.0483 |     30.0485 |     30.0484 |     30.0486 |     30.0488 |     30.0484 |     30.0482 |     30.0487 |     30.0703 |     30.0703 |     30.0705 |     30.0707 |     30.0705 |     30.0703 |     30.0702 |     30.0703 |     30.1757 |     30.1759 |     30.1759 |     30.1757 |      30.1760 |      30.1759 |      30.1758 |      30.1758 |      30.0278 |      30.0275 |      30.0279 |      30.0279 |      30.0276 |      30.0277 |      30.0279 |      30.0275 |      30.1464 |      30.1463 |      30.1463 |      30.1465 |      30.1463 |      30.1462 |      30.1464 |      30.1465 |      30.0028 |      30.0030 |      30.0028 |      30.0028 |      30.0029 |      30.0028 |      30.0020 |      30.0030 |
|            Clock [MHz]            |   4130.7658 |  4130.7497 |  4130.7700 |  4130.7578 |  4130.7631 |  4130.7924 |  4130.7690 |  4130.7222 |  4106.0437 |  4106.0647 |   4106.0511 |   4106.0471 |   4106.0456 |   4106.0758 |   4106.0445 |   4106.0434 |   4116.9204 |   4116.9168 |   4116.9245 |   4116.9410 |   4116.8863 |   4116.8932 |   4116.9008 |   4116.8975 |   4120.8446 |   4120.8009 |   4120.7971 |   4120.8182 |   4120.8124 |   4120.8301 |   4120.8394 |   4120.8366 |   4117.1557 |   4117.1049 |   4117.1915 |   4117.1508 |   4117.1154 |   4117.1030 |   4117.1085 |   4117.1631 |   4117.2724 |   4117.2178 |   4117.2093 |   4117.2288 |   4117.2461 |   4117.2462 |   4117.2765 |   4117.2503 |   4139.5202 |   4139.5469 |   4139.5480 |   4139.5473 |   4139.5477 |   4139.5488 |   4139.5764 |   4139.5485 |   4117.8412 |   4117.8407 |   4117.8207 |   4117.8092 |   4117.8324 |   4117.8409 |   4117.7937 |   4117.8288 |   4125.0777 |   4125.0967 |   4125.0792 |   4125.0779 |   4125.0747 |   4125.0749 |   4125.0667 |   4125.0776 |   4126.4089 |   4126.4147 |   4126.3953 |   4126.3955 |   4126.3964 |   4126.3906 |   4126.3706 |   4126.3884 |   4123.2326 |   4123.1787 |   4123.2134 |   4123.1864 |   4123.1944 |   4123.2098 |   4123.2107 |   4123.2137 |   4126.1729 |   4126.1818 |   4126.1797 |   4126.1277 |   4126.1560 |   4126.1644 |   4126.1923 |   4126.1718 |   4140.6727 |   4140.6335 |   4140.6489 |   4140.6449 |    4140.6335 |    4140.6343 |    4140.6473 |    4140.6473 |    4120.3027 |    4120.3417 |    4120.2775 |    4120.3215 |    4120.3347 |    4120.3553 |    4120.2767 |    4120.3460 |    4136.6411 |    4136.6494 |    4136.6492 |    4136.6616 |    4136.6511 |    4136.6511 |    4136.6536 |    4136.6384 |    4116.9006 |    4116.8934 |    4116.9202 |    4116.9207 |    4116.8943 |    4116.9213 |    4116.9209 |    4116.8942 |
|                CPI                |     29.6176 |    29.3160 |    29.5926 |    29.4589 |    29.6526 |    29.5613 |    29.7360 |    29.6897 |    29.7074 |    29.5729 |     29.7240 |     29.5976 |     29.7715 |     29.7182 |     29.8112 |     29.7935 |     29.8801 |     29.7596 |     29.9762 |     29.9381 |     30.0255 |     29.9326 |     30.0365 |     30.0238 |     29.0006 |     28.9228 |     29.1100 |     28.9107 |     29.2698 |     29.1332 |     29.3784 |     29.2732 |     29.0709 |     28.8289 |     29.1274 |     28.9653 |     29.2295 |     29.0993 |     29.2747 |     29.2687 |     29.4520 |     29.3974 |     29.5151 |     29.4937 |     29.5580 |     29.4910 |     29.5948 |     29.5790 |     30.0464 |     29.8868 |     30.0460 |     29.9558 |     30.1011 |     30.0714 |     30.1280 |     30.1023 |     28.9361 |     28.6897 |     28.9639 |     28.7805 |     29.0827 |     28.9613 |     29.1923 |     29.1256 |     29.1929 |     28.9764 |     29.3651 |     29.0909 |     29.3857 |     29.3521 |     29.4432 |     29.4259 |     29.7740 |     29.6168 |     29.8029 |     29.7161 |     29.8260 |     29.7879 |     29.8840 |     29.8467 |     29.8782 |     29.8704 |     29.9605 |     29.9020 |     30.0275 |     29.9642 |     30.0460 |     30.0255 |     28.9660 |     28.8889 |     29.0634 |     28.7612 |     29.1145 |     29.0061 |     29.3479 |     29.2012 |     29.5097 |     29.3213 |     29.6219 |     29.3838 |      29.6638 |      29.5169 |      29.7129 |      29.6730 |      29.5776 |      29.2711 |      29.5966 |      29.4798 |      29.6096 |      29.5666 |      29.6528 |      29.6320 |      29.9431 |      29.8423 |      30.0352 |      29.9224 |      30.0542 |      29.9995 |      30.0817 |      30.0557 |      29.1239 |      28.9825 |      29.2337 |      29.1293 |      29.3360 |      29.2426 |      29.4877 |      29.4084 |
|  Memory read bandwidth [MBytes/s] | 298573.9408 |          0 |          0 |          0 |          0 |          0 |          0 |          0 |          0 |          0 |           0 |           0 |           0 |           0 |           0 |           0 |           0 |           0 |           0 |           0 |           0 |           0 |           0 |           0 |           0 |           0 |           0 |           0 |           0 |           0 |           0 |           0 |           0 |           0 |           0 |           0 |           0 |           0 |           0 |           0 |           0 |           0 |           0 |           0 |           0 |           0 |           0 |           0 |           0 |           0 |           0 |           0 |           0 |           0 |           0 |           0 |           0 |           0 |           0 |           0 |           0 |           0 |           0 |           0 |           0 |           0 |           0 |           0 |           0 |           0 |           0 |           0 |           0 |           0 |           0 |           0 |           0 |           0 |           0 |           0 |           0 |           0 |           0 |           0 |           0 |           0 |           0 |           0 |           0 |           0 |           0 |           0 |           0 |           0 |           0 |           0 |           0 |           0 |           0 |           0 |            0 |            0 |            0 |            0 |            0 |            0 |            0 |            0 |            0 |            0 |            0 |            0 |            0 |            0 |            0 |            0 |            0 |            0 |            0 |            0 |            0 |            0 |            0 |            0 |            0 |            0 |            0 |            0 |
|  Memory read data volume [GBytes] |   5866.5510 |          0 |          0 |          0 |          0 |          0 |          0 |          0 |          0 |          0 |           0 |           0 |           0 |           0 |           0 |           0 |           0 |           0 |           0 |           0 |           0 |           0 |           0 |           0 |           0 |           0 |           0 |           0 |           0 |           0 |           0 |           0 |           0 |           0 |           0 |           0 |           0 |           0 |           0 |           0 |           0 |           0 |           0 |           0 |           0 |           0 |           0 |           0 |           0 |           0 |           0 |           0 |           0 |           0 |           0 |           0 |           0 |           0 |           0 |           0 |           0 |           0 |           0 |           0 |           0 |           0 |           0 |           0 |           0 |           0 |           0 |           0 |           0 |           0 |           0 |           0 |           0 |           0 |           0 |           0 |           0 |           0 |           0 |           0 |           0 |           0 |           0 |           0 |           0 |           0 |           0 |           0 |           0 |           0 |           0 |           0 |           0 |           0 |           0 |           0 |            0 |            0 |            0 |            0 |            0 |            0 |            0 |            0 |            0 |            0 |            0 |            0 |            0 |            0 |            0 |            0 |            0 |            0 |            0 |            0 |            0 |            0 |            0 |            0 |            0 |            0 |            0 |            0 |
| Memory write bandwidth [MBytes/s] | 149260.0119 |          0 |          0 |          0 |          0 |          0 |          0 |          0 |          0 |          0 |           0 |           0 |           0 |           0 |           0 |           0 |           0 |           0 |           0 |           0 |           0 |           0 |           0 |           0 |           0 |           0 |           0 |           0 |           0 |           0 |           0 |           0 |           0 |           0 |           0 |           0 |           0 |           0 |           0 |           0 |           0 |           0 |           0 |           0 |           0 |           0 |           0 |           0 |           0 |           0 |           0 |           0 |           0 |           0 |           0 |           0 |           0 |           0 |           0 |           0 |           0 |           0 |           0 |           0 |           0 |           0 |           0 |           0 |           0 |           0 |           0 |           0 |           0 |           0 |           0 |           0 |           0 |           0 |           0 |           0 |           0 |           0 |           0 |           0 |           0 |           0 |           0 |           0 |           0 |           0 |           0 |           0 |           0 |           0 |           0 |           0 |           0 |           0 |           0 |           0 |            0 |            0 |            0 |            0 |            0 |            0 |            0 |            0 |            0 |            0 |            0 |            0 |            0 |            0 |            0 |            0 |            0 |            0 |            0 |            0 |            0 |            0 |            0 |            0 |            0 |            0 |            0 |            0 |
| Memory write data volume [GBytes] |   2932.7458 |          0 |          0 |          0 |          0 |          0 |          0 |          0 |          0 |          0 |           0 |           0 |           0 |           0 |           0 |           0 |           0 |           0 |           0 |           0 |           0 |           0 |           0 |           0 |           0 |           0 |           0 |           0 |           0 |           0 |           0 |           0 |           0 |           0 |           0 |           0 |           0 |           0 |           0 |           0 |           0 |           0 |           0 |           0 |           0 |           0 |           0 |           0 |           0 |           0 |           0 |           0 |           0 |           0 |           0 |           0 |           0 |           0 |           0 |           0 |           0 |           0 |           0 |           0 |           0 |           0 |           0 |           0 |           0 |           0 |           0 |           0 |           0 |           0 |           0 |           0 |           0 |           0 |           0 |           0 |           0 |           0 |           0 |           0 |           0 |           0 |           0 |           0 |           0 |           0 |           0 |           0 |           0 |           0 |           0 |           0 |           0 |           0 |           0 |           0 |            0 |            0 |            0 |            0 |            0 |            0 |            0 |            0 |            0 |            0 |            0 |            0 |            0 |            0 |            0 |            0 |            0 |            0 |            0 |            0 |            0 |            0 |            0 |            0 |            0 |            0 |            0 |            0 |
|    Memory bandwidth [MBytes/s]    | 447833.9527 |          0 |          0 |          0 |          0 |          0 |          0 |          0 |          0 |          0 |           0 |           0 |           0 |           0 |           0 |           0 |           0 |           0 |           0 |           0 |           0 |           0 |           0 |           0 |           0 |           0 |           0 |           0 |           0 |           0 |           0 |           0 |           0 |           0 |           0 |           0 |           0 |           0 |           0 |           0 |           0 |           0 |           0 |           0 |           0 |           0 |           0 |           0 |           0 |           0 |           0 |           0 |           0 |           0 |           0 |           0 |           0 |           0 |           0 |           0 |           0 |           0 |           0 |           0 |           0 |           0 |           0 |           0 |           0 |           0 |           0 |           0 |           0 |           0 |           0 |           0 |           0 |           0 |           0 |           0 |           0 |           0 |           0 |           0 |           0 |           0 |           0 |           0 |           0 |           0 |           0 |           0 |           0 |           0 |           0 |           0 |           0 |           0 |           0 |           0 |            0 |            0 |            0 |            0 |            0 |            0 |            0 |            0 |            0 |            0 |            0 |            0 |            0 |            0 |            0 |            0 |            0 |            0 |            0 |            0 |            0 |            0 |            0 |            0 |            0 |            0 |            0 |            0 |
|    Memory data volume [GBytes]    |   8799.2968 |          0 |          0 |          0 |          0 |          0 |          0 |          0 |          0 |          0 |           0 |           0 |           0 |           0 |           0 |           0 |           0 |           0 |           0 |           0 |           0 |           0 |           0 |           0 |           0 |           0 |           0 |           0 |           0 |           0 |           0 |           0 |           0 |           0 |           0 |           0 |           0 |           0 |           0 |           0 |           0 |           0 |           0 |           0 |           0 |           0 |           0 |           0 |           0 |           0 |           0 |           0 |           0 |           0 |           0 |           0 |           0 |           0 |           0 |           0 |           0 |           0 |           0 |           0 |           0 |           0 |           0 |           0 |           0 |           0 |           0 |           0 |           0 |           0 |           0 |           0 |           0 |           0 |           0 |           0 |           0 |           0 |           0 |           0 |           0 |           0 |           0 |           0 |           0 |           0 |           0 |           0 |           0 |           0 |           0 |           0 |           0 |           0 |           0 |           0 |            0 |            0 |            0 |            0 |            0 |            0 |            0 |            0 |            0 |            0 |            0 |            0 |            0 |            0 |            0 |            0 |            0 |            0 |            0 |            0 |            0 |            0 |            0 |            0 |            0 |            0 |            0 |            0 |
+-----------------------------------+-------------+------------+------------+------------+------------+------------+------------+------------+------------+------------+-------------+-------------+-------------+-------------+-------------+-------------+-------------+-------------+-------------+-------------+-------------+-------------+-------------+-------------+-------------+-------------+-------------+-------------+-------------+-------------+-------------+-------------+-------------+-------------+-------------+-------------+-------------+-------------+-------------+-------------+-------------+-------------+-------------+-------------+-------------+-------------+-------------+-------------+-------------+-------------+-------------+-------------+-------------+-------------+-------------+-------------+-------------+-------------+-------------+-------------+-------------+-------------+-------------+-------------+-------------+-------------+-------------+-------------+-------------+-------------+-------------+-------------+-------------+-------------+-------------+-------------+-------------+-------------+-------------+-------------+-------------+-------------+-------------+-------------+-------------+-------------+-------------+-------------+-------------+-------------+-------------+-------------+-------------+-------------+-------------+-------------+-------------+-------------+-------------+-------------+--------------+--------------+--------------+--------------+--------------+--------------+--------------+--------------+--------------+--------------+--------------+--------------+--------------+--------------+--------------+--------------+--------------+--------------+--------------+--------------+--------------+--------------+--------------+--------------+--------------+--------------+--------------+--------------+
+----------------------------------------+-------------+-----------+-------------+-----------+
|                 Metric                 |     Sum     |    Min    |     Max     |    Avg    |
+----------------------------------------+-------------+-----------+-------------+-----------+
|        Runtime (RDTSC) [s] STAT        |   2515.0558 |   19.6486 |     19.6495 |   19.6489 |
|        Runtime unhalted [s] STAT       |   3846.8302 |   29.9233 |     30.1760 |   30.0534 |
|            Clock [MHz] STAT            | 527853.3491 | 4106.0434 |   4140.6727 | 4123.8543 |
|                CPI STAT                |   3779.0854 |   28.6897 |     30.1280 |   29.5241 |
|  Memory read bandwidth [MBytes/s] STAT | 298573.9408 |         0 | 298573.9408 | 2332.6089 |
|  Memory read data volume [GBytes] STAT |   5866.5510 |         0 |   5866.5510 |   45.8324 |
| Memory write bandwidth [MBytes/s] STAT | 149260.0119 |         0 | 149260.0119 | 1166.0938 |
| Memory write data volume [GBytes] STAT |   2932.7458 |         0 |   2932.7458 |   22.9121 |
|    Memory bandwidth [MBytes/s] STAT    | 447833.9527 |         0 | 447833.9527 | 3498.7028 |
|    Memory data volume [GBytes] STAT    |   8799.2968 |         0 |   8799.2968 |   68.7445 |
+----------------------------------------+-------------+-----------+-------------+-----------+
