--------------------------------------------------------------------------------
CPU name:	AMD EPYC 9755 128-Core Processor               
CPU type:	AMD K1A (Zen5) architecture
CPU clock:	2.70 GHz
--------------------------------------------------------------------------------
Region bench, Group 1: FLOPS_SP
+-------------------+------------+------------+------------+------------+------------+------------+------------+------------+------------+------------+-------------+-------------+-------------+-------------+-------------+-------------+-------------+-------------+-------------+-------------+-------------+-------------+-------------+-------------+-------------+-------------+-------------+-------------+-------------+-------------+-------------+-------------+-------------+-------------+-------------+-------------+-------------+-------------+-------------+-------------+-------------+-------------+-------------+-------------+-------------+-------------+-------------+-------------+-------------+-------------+-------------+-------------+-------------+-------------+-------------+-------------+-------------+-------------+-------------+-------------+-------------+-------------+-------------+-------------+-------------+-------------+-------------+-------------+-------------+-------------+-------------+-------------+-------------+-------------+-------------+-------------+-------------+-------------+-------------+-------------+-------------+-------------+-------------+-------------+-------------+-------------+-------------+-------------+-------------+-------------+-------------+-------------+-------------+-------------+-------------+-------------+-------------+-------------+-------------+-------------+--------------+--------------+--------------+--------------+--------------+--------------+--------------+--------------+--------------+--------------+--------------+--------------+--------------+--------------+--------------+--------------+--------------+--------------+--------------+--------------+--------------+--------------+--------------+--------------+--------------+--------------+--------------+--------------+--------------+--------------+--------------+--------------+--------------+--------------+--------------+--------------+--------------+--------------+--------------+--------------+--------------+--------------+--------------+--------------+--------------+--------------+--------------+--------------+--------------+--------------+--------------+--------------+--------------+--------------+--------------+--------------+--------------+--------------+--------------+--------------+--------------+--------------+--------------+--------------+--------------+--------------+--------------+--------------+--------------+--------------+--------------+--------------+--------------+--------------+--------------+--------------+--------------+--------------+--------------+--------------+--------------+--------------+--------------+--------------+--------------+--------------+--------------+--------------+--------------+--------------+--------------+--------------+--------------+--------------+--------------+--------------+--------------+--------------+--------------+--------------+--------------+--------------+--------------+--------------+--------------+--------------+--------------+--------------+--------------+--------------+--------------+--------------+--------------+--------------+--------------+--------------+--------------+--------------+--------------+--------------+--------------+--------------+--------------+--------------+--------------+--------------+--------------+--------------+--------------+--------------+--------------+--------------+--------------+--------------+--------------+--------------+--------------+--------------+--------------+--------------+--------------+--------------+--------------+--------------+--------------+--------------+--------------+--------------+--------------+--------------+--------------+--------------+--------------+--------------+--------------+--------------+
|    Region Info    | HWThread 0 | HWThread 1 | HWThread 2 | HWThread 3 | HWThread 4 | HWThread 5 | HWThread 6 | HWThread 7 | HWThread 8 | HWThread 9 | HWThread 10 | HWThread 11 | HWThread 12 | HWThread 13 | HWThread 14 | HWThread 15 | HWThread 16 | HWThread 17 | HWThread 18 | HWThread 19 | HWThread 20 | HWThread 21 | HWThread 22 | HWThread 23 | HWThread 24 | HWThread 25 | HWThread 26 | HWThread 27 | HWThread 28 | HWThread 29 | HWThread 30 | HWThread 31 | HWThread 32 | HWThread 33 | HWThread 34 | HWThread 35 | HWThread 36 | HWThread 37 | HWThread 38 | HWThread 39 | HWThread 40 | HWThread 41 | HWThread 42 | HWThread 43 | HWThread 44 | HWThread 45 | HWThread 46 | HWThread 47 | HWThread 48 | HWThread 49 | HWThread 50 | HWThread 51 | HWThread 52 | HWThread 53 | HWThread 54 | HWThread 55 | HWThread 56 | HWThread 57 | HWThread 58 | HWThread 59 | HWThread 60 | HWThread 61 | HWThread 62 | HWThread 63 | HWThread 64 | HWThread 65 | HWThread 66 | HWThread 67 | HWThread 68 | HWThread 69 | HWThread 70 | HWThread 71 | HWThread 72 | HWThread 73 | HWThread 74 | HWThread 75 | HWThread 76 | HWThread 77 | HWThread 78 | HWThread 79 | HWThread 80 | HWThread 81 | HWThread 82 | HWThread 83 | HWThread 84 | HWThread 85 | HWThread 86 | HWThread 87 | HWThread 88 | HWThread 89 | HWThread 90 | HWThread 91 | HWThread 92 | HWThread 93 | HWThread 94 | HWThread 95 | HWThread 96 | HWThread 97 | HWThread 98 | HWThread 99 | HWThread 100 | HWThread 101 | HWThread 102 | HWThread 103 | HWThread 104 | HWThread 105 | HWThread 106 | HWThread 107 | HWThread 108 | HWThread 109 | HWThread 110 | HWThread 111 | HWThread 112 | HWThread 113 | HWThread 114 | HWThread 115 | HWThread 116 | HWThread 117 | HWThread 118 | HWThread 119 | HWThread 120 | HWThread 121 | HWThread 122 | HWThread 123 | HWThread 124 | HWThread 125 | HWThread 126 | HWThread 127 | HWThread 128 | HWThread 129 | HWThread 130 | HWThread 131 | HWThread 132 | HWThread 133 | HWThread 134 | HWThread 135 | HWThread 136 | HWThread 137 | HWThread 138 | HWThread 139 | HWThread 140 | HWThread 141 | HWThread 142 | HWThread 143 | HWThread 144 | HWThread 145 | HWThread 146 | HWThread 147 | HWThread 148 | HWThread 149 | HWThread 150 | HWThread 151 | HWThread 152 | HWThread 153 | HWThread 154 | HWThread 155 | HWThread 156 | HWThread 157 | HWThread 158 | HWThread 159 | HWThread 160 | HWThread 161 | HWThread 162 | HWThread 163 | HWThread 164 | HWThread 165 | HWThread 166 | HWThread 167 | HWThread 168 | HWThread 169 | HWThread 170 | HWThread 171 | HWThread 172 | HWThread 173 | HWThread 174 | HWThread 175 | HWThread 176 | HWThread 177 | HWThread 178 | HWThread 179 | HWThread 180 | HWThread 181 | HWThread 182 | HWThread 183 | HWThread 184 | HWThread 185 | HWThread 186 | HWThread 187 | HWThread 188 | HWThread 189 | HWThread 190 | HWThread 191 | HWThread 192 | HWThread 193 | HWThread 194 | HWThread 195 | HWThread 196 | HWThread 197 | HWThread 198 | HWThread 199 | HWThread 200 | HWThread 201 | HWThread 202 | HWThread 203 | HWThread 204 | HWThread 205 | HWThread 206 | HWThread 207 | HWThread 208 | HWThread 209 | HWThread 210 | HWThread 211 | HWThread 212 | HWThread 213 | HWThread 214 | HWThread 215 | HWThread 216 | HWThread 217 | HWThread 218 | HWThread 219 | HWThread 220 | HWThread 221 | HWThread 222 | HWThread 223 | HWThread 224 | HWThread 225 | HWThread 226 | HWThread 227 | HWThread 228 | HWThread 229 | HWThread 230 | HWThread 231 | HWThread 232 | HWThread 233 | HWThread 234 | HWThread 235 | HWThread 236 | HWThread 237 | HWThread 238 | HWThread 239 | HWThread 240 | HWThread 241 | HWThread 242 | HWThread 243 | HWThread 244 | HWThread 245 | HWThread 246 | HWThread 247 | HWThread 248 | HWThread 249 | HWThread 250 | HWThread 251 | HWThread 252 | HWThread 253 | HWThread 254 | HWThread 255 |
+-------------------+------------+------------+------------+------------+------------+------------+------------+------------+------------+------------+-------------+-------------+-------------+-------------+-------------+-------------+-------------+-------------+-------------+-------------+-------------+-------------+-------------+-------------+-------------+-------------+-------------+-------------+-------------+-------------+-------------+-------------+-------------+-------------+-------------+-------------+-------------+-------------+-------------+-------------+-------------+-------------+-------------+-------------+-------------+-------------+-------------+-------------+-------------+-------------+-------------+-------------+-------------+-------------+-------------+-------------+-------------+-------------+-------------+-------------+-------------+-------------+-------------+-------------+-------------+-------------+-------------+-------------+-------------+-------------+-------------+-------------+-------------+-------------+-------------+-------------+-------------+-------------+-------------+-------------+-------------+-------------+-------------+-------------+-------------+-------------+-------------+-------------+-------------+-------------+-------------+-------------+-------------+-------------+-------------+-------------+-------------+-------------+-------------+-------------+--------------+--------------+--------------+--------------+--------------+--------------+--------------+--------------+--------------+--------------+--------------+--------------+--------------+--------------+--------------+--------------+--------------+--------------+--------------+--------------+--------------+--------------+--------------+--------------+--------------+--------------+--------------+--------------+--------------+--------------+--------------+--------------+--------------+--------------+--------------+--------------+--------------+--------------+--------------+--------------+--------------+--------------+--------------+--------------+--------------+--------------+--------------+--------------+--------------+--------------+--------------+--------------+--------------+--------------+--------------+--------------+--------------+--------------+--------------+--------------+--------------+--------------+--------------+--------------+--------------+--------------+--------------+--------------+--------------+--------------+--------------+--------------+--------------+--------------+--------------+--------------+--------------+--------------+--------------+--------------+--------------+--------------+--------------+--------------+--------------+--------------+--------------+--------------+--------------+--------------+--------------+--------------+--------------+--------------+--------------+--------------+--------------+--------------+--------------+--------------+--------------+--------------+--------------+--------------+--------------+--------------+--------------+--------------+--------------+--------------+--------------+--------------+--------------+--------------+--------------+--------------+--------------+--------------+--------------+--------------+--------------+--------------+--------------+--------------+--------------+--------------+--------------+--------------+--------------+--------------+--------------+--------------+--------------+--------------+--------------+--------------+--------------+--------------+--------------+--------------+--------------+--------------+--------------+--------------+--------------+--------------+--------------+--------------+--------------+--------------+--------------+--------------+--------------+--------------+--------------+--------------+
| RDTSC Runtime [s] |   1.833245 |   1.833279 |   1.833243 |   1.832815 |   1.833244 |   1.833246 |   1.833246 |   1.833188 |   1.833319 |   1.832989 |    1.833248 |    1.833406 |    1.833767 |    1.833392 |    1.836247 |    1.836298 |    1.832808 |    1.833194 |    1.833221 |    1.833236 |    1.833149 |    1.833231 |    1.832894 |    1.833182 |    1.833279 |    1.833279 |    1.833352 |    1.833356 |    1.833909 |    1.833257 |    1.833256 |    1.832811 |    1.833182 |    1.832812 |    1.832813 |    1.833221 |    1.833155 |    1.833157 |    1.833183 |    1.832812 |    1.833646 |    1.833247 |    1.833695 |    1.833148 |    1.833352 |    1.833154 |    1.833680 |    1.833670 |    1.833215 |    1.833220 |    1.832816 |    1.833155 |    1.832816 |    1.832816 |    1.832816 |    1.833151 |    1.833191 |    1.833473 |    1.833373 |    1.833671 |    1.833312 |    1.833384 |    1.832807 |    1.833295 |    1.832916 |    1.832814 |    1.833278 |    1.832814 |    1.833635 |    1.833367 |    1.833429 |    1.833403 |    1.836258 |    1.836833 |    1.833660 |    1.833348 |    1.833645 |    1.833659 |    1.833348 |    1.832996 |    1.833181 |    1.833004 |    1.832811 |    1.833006 |    1.833152 |    1.832810 |    1.832989 |    1.833182 |    1.832900 |    1.833173 |    1.833224 |    1.833281 |    1.833281 |    1.833282 |    1.832807 |    1.833222 |    1.833399 |    1.832898 |    1.836748 |    1.833352 |     1.832987 |     1.833757 |     1.833451 |     1.833352 |     1.833666 |     1.832805 |     1.833918 |     1.833634 |     1.832909 |     1.833679 |     1.833366 |     1.833275 |     1.832902 |     1.833626 |     1.833626 |     1.833627 |     1.833642 |     1.833003 |     1.833385 |     1.833278 |     1.832896 |     1.833632 |     1.833242 |     1.833320 |     1.833253 |     1.833252 |     1.833320 |     1.832987 |     1.832908 |     1.832978 |     1.832797 |     1.833073 |     1.833073 |     1.832976 |     1.832977 |     1.832875 |     1.836708 |     1.836708 |     1.833274 |     1.834316 |     1.832883 |     1.833249 |     1.835146 |     1.834854 |     1.833408 |     1.836217 |     1.833176 |     1.833453 |     1.833397 |     1.833228 |     1.833494 |     1.835522 |     1.832816 |     1.833073 |     1.832899 |     1.832894 |     1.833115 |     1.832898 |     1.832897 |     1.832806 |     1.833231 |     1.833231 |     1.832891 |     1.833229 |     1.833144 |     1.833268 |     1.833224 |     1.833145 |     1.833917 |     1.833270 |     1.832915 |     1.833360 |     1.833242 |     1.832890 |     1.833350 |     1.833252 |     1.833794 |     1.833003 |     1.833003 |     1.833188 |     1.832897 |     1.832899 |     1.833188 |     1.833358 |     1.832897 |     1.832802 |     1.833041 |     1.833039 |     1.833381 |     1.833366 |     1.833238 |     1.833397 |     1.833316 |     1.833381 |     1.833141 |     1.833308 |     1.833273 |     1.833146 |     1.833271 |     1.833150 |     1.833172 |     1.832864 |     1.833183 |     1.833177 |     1.832895 |     1.833216 |     1.833188 |     1.833214 |     1.833039 |     1.833152 |     1.832897 |     1.833040 |     1.833456 |     1.832897 |     1.833000 |     1.832889 |     1.832822 |     1.833277 |     1.833232 |     1.833148 |     1.832811 |     1.833251 |     1.833148 |     1.832810 |     1.833149 |     1.832891 |     1.832892 |     1.833035 |     1.833151 |     1.832982 |     1.832890 |     1.833002 |     1.832815 |     1.833463 |     1.832817 |     1.832814 |     1.833726 |     1.833243 |     1.833633 |     1.832815 |     1.833000 |     1.833668 |     1.833318 |     1.833178 |     1.833632 |     1.832896 |     1.832810 |     1.833004 |     1.833071 |     1.833152 |     1.833355 |     1.833431 |     1.833153 |     1.833153 |     1.833271 |     1.833002 |
|     call count    |          1 |          1 |          1 |          1 |          1 |          1 |          1 |          1 |          1 |          1 |           1 |           1 |           1 |           1 |           1 |           1 |           1 |           1 |           1 |           1 |           1 |           1 |           1 |           1 |           1 |           1 |           1 |           1 |           1 |           1 |           1 |           1 |           1 |           1 |           1 |           1 |           1 |           1 |           1 |           1 |           1 |           1 |           1 |           1 |           1 |           1 |           1 |           1 |           1 |           1 |           1 |           1 |           1 |           1 |           1 |           1 |           1 |           1 |           1 |           1 |           1 |           1 |           1 |           1 |           1 |           1 |           1 |           1 |           1 |           1 |           1 |           1 |           1 |           1 |           1 |           1 |           1 |           1 |           1 |           1 |           1 |           1 |           1 |           1 |           1 |           1 |           1 |           1 |           1 |           1 |           1 |           1 |           1 |           1 |           1 |           1 |           1 |           1 |           1 |           1 |            1 |            1 |            1 |            1 |            1 |            1 |            1 |            1 |            1 |            1 |            1 |            1 |            1 |            1 |            1 |            1 |            1 |            1 |            1 |            1 |            1 |            1 |            1 |            1 |            1 |            1 |            1 |            1 |            1 |            1 |            1 |            1 |            1 |            1 |            1 |            1 |            1 |            1 |            1 |            1 |            1 |            1 |            1 |            1 |            1 |            1 |            1 |            1 |            1 |            1 |            1 |            1 |            1 |            1 |            1 |            1 |            1 |            1 |            1 |            1 |            1 |            1 |            1 |            1 |            1 |            1 |            1 |            1 |            1 |            1 |            1 |            1 |            1 |            1 |            1 |            1 |            1 |            1 |            1 |            1 |            1 |            1 |            1 |            1 |            1 |            1 |            1 |            1 |            1 |            1 |            1 |            1 |            1 |            1 |            1 |            1 |            1 |            1 |            1 |            1 |            1 |            1 |            1 |            1 |            1 |            1 |            1 |            1 |            1 |            1 |            1 |            1 |            1 |            1 |            1 |            1 |            1 |            1 |            1 |            1 |            1 |            1 |            1 |            1 |            1 |            1 |            1 |            1 |            1 |            1 |            1 |            1 |            1 |            1 |            1 |            1 |            1 |            1 |            1 |            1 |            1 |            1 |            1 |            1 |            1 |            1 |            1 |            1 |            1 |            1 |            1 |            1 |            1 |            1 |            1 |            1 |
+-------------------+------------+------------+------------+------------+------------+------------+------------+------------+------------+------------+-------------+-------------+-------------+-------------+-------------+-------------+-------------+-------------+-------------+-------------+-------------+-------------+-------------+-------------+-------------+-------------+-------------+-------------+-------------+-------------+-------------+-------------+-------------+-------------+-------------+-------------+-------------+-------------+-------------+-------------+-------------+-------------+-------------+-------------+-------------+-------------+-------------+-------------+-------------+-------------+-------------+-------------+-------------+-------------+-------------+-------------+-------------+-------------+-------------+-------------+-------------+-------------+-------------+-------------+-------------+-------------+-------------+-------------+-------------+-------------+-------------+-------------+-------------+-------------+-------------+-------------+-------------+-------------+-------------+-------------+-------------+-------------+-------------+-------------+-------------+-------------+-------------+-------------+-------------+-------------+-------------+-------------+-------------+-------------+-------------+-------------+-------------+-------------+-------------+-------------+--------------+--------------+--------------+--------------+--------------+--------------+--------------+--------------+--------------+--------------+--------------+--------------+--------------+--------------+--------------+--------------+--------------+--------------+--------------+--------------+--------------+--------------+--------------+--------------+--------------+--------------+--------------+--------------+--------------+--------------+--------------+--------------+--------------+--------------+--------------+--------------+--------------+--------------+--------------+--------------+--------------+--------------+--------------+--------------+--------------+--------------+--------------+--------------+--------------+--------------+--------------+--------------+--------------+--------------+--------------+--------------+--------------+--------------+--------------+--------------+--------------+--------------+--------------+--------------+--------------+--------------+--------------+--------------+--------------+--------------+--------------+--------------+--------------+--------------+--------------+--------------+--------------+--------------+--------------+--------------+--------------+--------------+--------------+--------------+--------------+--------------+--------------+--------------+--------------+--------------+--------------+--------------+--------------+--------------+--------------+--------------+--------------+--------------+--------------+--------------+--------------+--------------+--------------+--------------+--------------+--------------+--------------+--------------+--------------+--------------+--------------+--------------+--------------+--------------+--------------+--------------+--------------+--------------+--------------+--------------+--------------+--------------+--------------+--------------+--------------+--------------+--------------+--------------+--------------+--------------+--------------+--------------+--------------+--------------+--------------+--------------+--------------+--------------+--------------+--------------+--------------+--------------+--------------+--------------+--------------+--------------+--------------+--------------+--------------+--------------+--------------+--------------+--------------+--------------+--------------+--------------+
+-------------------------------------+---------+--------------+--------------+--------------+--------------+--------------+--------------+--------------+--------------+--------------+--------------+--------------+--------------+--------------+--------------+--------------+--------------+--------------+--------------+--------------+--------------+--------------+--------------+--------------+--------------+--------------+--------------+--------------+--------------+--------------+--------------+--------------+--------------+--------------+--------------+--------------+--------------+--------------+--------------+--------------+--------------+--------------+--------------+--------------+--------------+--------------+--------------+--------------+--------------+--------------+--------------+--------------+--------------+--------------+--------------+--------------+--------------+--------------+--------------+--------------+--------------+--------------+--------------+--------------+--------------+--------------+--------------+--------------+--------------+--------------+--------------+--------------+--------------+--------------+--------------+--------------+--------------+--------------+--------------+--------------+--------------+--------------+--------------+--------------+--------------+--------------+--------------+--------------+--------------+--------------+--------------+--------------+--------------+--------------+--------------+--------------+--------------+--------------+--------------+--------------+--------------+--------------+--------------+--------------+--------------+--------------+--------------+--------------+--------------+--------------+--------------+--------------+--------------+--------------+--------------+--------------+--------------+--------------+--------------+--------------+--------------+--------------+--------------+--------------+--------------+--------------+--------------+--------------+--------------+--------------+--------------+--------------+--------------+--------------+--------------+--------------+--------------+--------------+--------------+--------------+--------------+--------------+--------------+--------------+--------------+--------------+--------------+--------------+--------------+--------------+--------------+--------------+--------------+--------------+--------------+--------------+--------------+--------------+--------------+--------------+--------------+--------------+--------------+--------------+--------------+--------------+--------------+--------------+--------------+--------------+--------------+--------------+--------------+--------------+--------------+--------------+--------------+--------------+--------------+--------------+--------------+--------------+--------------+--------------+--------------+--------------+--------------+--------------+--------------+--------------+--------------+--------------+--------------+--------------+--------------+--------------+--------------+--------------+--------------+--------------+--------------+--------------+--------------+--------------+--------------+--------------+--------------+--------------+--------------+--------------+--------------+--------------+--------------+--------------+--------------+--------------+--------------+--------------+--------------+--------------+--------------+--------------+--------------+--------------+--------------+--------------+--------------+--------------+--------------+--------------+--------------+--------------+--------------+--------------+--------------+--------------+--------------+--------------+--------------+--------------+--------------+--------------+--------------+--------------+--------------+--------------+--------------+--------------+--------------+--------------+--------------+--------------+--------------+--------------+--------------+--------------+--------------+
|                Event                | Counter |  HWThread 0  |  HWThread 1  |  HWThread 2  |  HWThread 3  |  HWThread 4  |  HWThread 5  |  HWThread 6  |  HWThread 7  |  HWThread 8  |  HWThread 9  |  HWThread 10 |  HWThread 11 |  HWThread 12 |  HWThread 13 |  HWThread 14 |  HWThread 15 |  HWThread 16 |  HWThread 17 |  HWThread 18 |  HWThread 19 |  HWThread 20 |  HWThread 21 |  HWThread 22 |  HWThread 23 |  HWThread 24 |  HWThread 25 |  HWThread 26 |  HWThread 27 |  HWThread 28 |  HWThread 29 |  HWThread 30 |  HWThread 31 |  HWThread 32 |  HWThread 33 |  HWThread 34 |  HWThread 35 |  HWThread 36 |  HWThread 37 |  HWThread 38 |  HWThread 39 |  HWThread 40 |  HWThread 41 |  HWThread 42 |  HWThread 43 |  HWThread 44 |  HWThread 45 |  HWThread 46 |  HWThread 47 |  HWThread 48 |  HWThread 49 |  HWThread 50 |  HWThread 51 |  HWThread 52 |  HWThread 53 |  HWThread 54 |  HWThread 55 |  HWThread 56 |  HWThread 57 |  HWThread 58 |  HWThread 59 |  HWThread 60 |  HWThread 61 |  HWThread 62 |  HWThread 63 |  HWThread 64 |  HWThread 65 |  HWThread 66 |  HWThread 67 |  HWThread 68 |  HWThread 69 |  HWThread 70 |  HWThread 71 |  HWThread 72 |  HWThread 73 |  HWThread 74 |  HWThread 75 |  HWThread 76 |  HWThread 77 |  HWThread 78 |  HWThread 79 |  HWThread 80 |  HWThread 81 |  HWThread 82 |  HWThread 83 |  HWThread 84 |  HWThread 85 |  HWThread 86 |  HWThread 87 |  HWThread 88 |  HWThread 89 |  HWThread 90 |  HWThread 91 |  HWThread 92 |  HWThread 93 |  HWThread 94 |  HWThread 95 |  HWThread 96 |  HWThread 97 |  HWThread 98 |  HWThread 99 | HWThread 100 | HWThread 101 | HWThread 102 | HWThread 103 | HWThread 104 | HWThread 105 | HWThread 106 | HWThread 107 | HWThread 108 | HWThread 109 | HWThread 110 | HWThread 111 | HWThread 112 | HWThread 113 | HWThread 114 | HWThread 115 | HWThread 116 | HWThread 117 | HWThread 118 | HWThread 119 | HWThread 120 | HWThread 121 | HWThread 122 | HWThread 123 | HWThread 124 | HWThread 125 | HWThread 126 | HWThread 127 | HWThread 128 | HWThread 129 | HWThread 130 | HWThread 131 | HWThread 132 | HWThread 133 | HWThread 134 | HWThread 135 | HWThread 136 | HWThread 137 | HWThread 138 | HWThread 139 | HWThread 140 | HWThread 141 | HWThread 142 | HWThread 143 | HWThread 144 | HWThread 145 | HWThread 146 | HWThread 147 | HWThread 148 | HWThread 149 | HWThread 150 | HWThread 151 | HWThread 152 | HWThread 153 | HWThread 154 | HWThread 155 | HWThread 156 | HWThread 157 | HWThread 158 | HWThread 159 | HWThread 160 | HWThread 161 | HWThread 162 | HWThread 163 | HWThread 164 | HWThread 165 | HWThread 166 | HWThread 167 | HWThread 168 | HWThread 169 | HWThread 170 | HWThread 171 | HWThread 172 | HWThread 173 | HWThread 174 | HWThread 175 | HWThread 176 | HWThread 177 | HWThread 178 | HWThread 179 | HWThread 180 | HWThread 181 | HWThread 182 | HWThread 183 | HWThread 184 | HWThread 185 | HWThread 186 | HWThread 187 | HWThread 188 | HWThread 189 | HWThread 190 | HWThread 191 | HWThread 192 | HWThread 193 | HWThread 194 | HWThread 195 | HWThread 196 | HWThread 197 | HWThread 198 | HWThread 199 | HWThread 200 | HWThread 201 | HWThread 202 | HWThread 203 | HWThread 204 | HWThread 205 | HWThread 206 | HWThread 207 | HWThread 208 | HWThread 209 | HWThread 210 | HWThread 211 | HWThread 212 | HWThread 213 | HWThread 214 | HWThread 215 | HWThread 216 | HWThread 217 | HWThread 218 | HWThread 219 | HWThread 220 | HWThread 221 | HWThread 222 | HWThread 223 | HWThread 224 | HWThread 225 | HWThread 226 | HWThread 227 | HWThread 228 | HWThread 229 | HWThread 230 | HWThread 231 | HWThread 232 | HWThread 233 | HWThread 234 | HWThread 235 | HWThread 236 | HWThread 237 | HWThread 238 | HWThread 239 | HWThread 240 | HWThread 241 | HWThread 242 | HWThread 243 | HWThread 244 | HWThread 245 | HWThread 246 | HWThread 247 | HWThread 248 | HWThread 249 | HWThread 250 | HWThread 251 | HWThread 252 | HWThread 253 | HWThread 254 | HWThread 255 |
+-------------------------------------+---------+--------------+--------------+--------------+--------------+--------------+--------------+--------------+--------------+--------------+--------------+--------------+--------------+--------------+--------------+--------------+--------------+--------------+--------------+--------------+--------------+--------------+--------------+--------------+--------------+--------------+--------------+--------------+--------------+--------------+--------------+--------------+--------------+--------------+--------------+--------------+--------------+--------------+--------------+--------------+--------------+--------------+--------------+--------------+--------------+--------------+--------------+--------------+--------------+--------------+--------------+--------------+--------------+--------------+--------------+--------------+--------------+--------------+--------------+--------------+--------------+--------------+--------------+--------------+--------------+--------------+--------------+--------------+--------------+--------------+--------------+--------------+--------------+--------------+--------------+--------------+--------------+--------------+--------------+--------------+--------------+--------------+--------------+--------------+--------------+--------------+--------------+--------------+--------------+--------------+--------------+--------------+--------------+--------------+--------------+--------------+--------------+--------------+--------------+--------------+--------------+--------------+--------------+--------------+--------------+--------------+--------------+--------------+--------------+--------------+--------------+--------------+--------------+--------------+--------------+--------------+--------------+--------------+--------------+--------------+--------------+--------------+--------------+--------------+--------------+--------------+--------------+--------------+--------------+--------------+--------------+--------------+--------------+--------------+--------------+--------------+--------------+--------------+--------------+--------------+--------------+--------------+--------------+--------------+--------------+--------------+--------------+--------------+--------------+--------------+--------------+--------------+--------------+--------------+--------------+--------------+--------------+--------------+--------------+--------------+--------------+--------------+--------------+--------------+--------------+--------------+--------------+--------------+--------------+--------------+--------------+--------------+--------------+--------------+--------------+--------------+--------------+--------------+--------------+--------------+--------------+--------------+--------------+--------------+--------------+--------------+--------------+--------------+--------------+--------------+--------------+--------------+--------------+--------------+--------------+--------------+--------------+--------------+--------------+--------------+--------------+--------------+--------------+--------------+--------------+--------------+--------------+--------------+--------------+--------------+--------------+--------------+--------------+--------------+--------------+--------------+--------------+--------------+--------------+--------------+--------------+--------------+--------------+--------------+--------------+--------------+--------------+--------------+--------------+--------------+--------------+--------------+--------------+--------------+--------------+--------------+--------------+--------------+--------------+--------------+--------------+--------------+--------------+--------------+--------------+--------------+--------------+--------------+--------------+--------------+--------------+--------------+--------------+--------------+--------------+--------------+--------------+
|           ACTUAL_CPU_CLOCK          |  FIXC1  |   4911154000 |   4911473000 |   4910697000 |   4910050000 |   4911537000 |   4911999000 |   4911063000 |   4910627000 |   4890689000 |   4889237000 |   4890709000 |   4890856000 |   4892191000 |   4890281000 |   4892246000 |   4891764000 |   4926619000 |   4927879000 |   4927966000 |   4928208000 |   4926991000 |   4929167000 |   4926801000 |   4929043000 |   4910415000 |   4909586000 |   4909071000 |   4910811000 |   4909180000 |   4909229000 |   4909209000 |   4907557000 |   4871881000 |   4869409000 |   4868688000 |   4872373000 |   4870168000 |   4870641000 |   4872122000 |   4870131000 |   4908560000 |   4905608000 |   4907048000 |   4904484000 |   4908013000 |   4905991000 |   4907786000 |   4906257000 |   4922032000 |   4922278000 |   4920204000 |   4921535000 |   4922012000 |   4922068000 |   4920513000 |   4920904000 |   4890891000 |   4891446000 |   4892585000 |   4891120000 |   4890713000 |   4891318000 |   4889176000 |   4892435000 |   4884155000 |   4886059000 |   4885585000 |   4883447000 |   4885644000 |   4885556000 |   4885592000 |   4885691000 |   4946806000 |   4946490000 |   4947029000 |   4945206000 |   4945360000 |   4945411000 |   4945190000 |   4943075000 |   4913251000 |   4912504000 |   4912189000 |   4913543000 |   4912837000 |   4912622000 |   4912484000 |   4912726000 |   4907021000 |   4908599000 |   4908871000 |   4909372000 |   4909162000 |   4910524000 |   4907585000 |   4908862000 |   4930797000 |   4931578000 |   4933757000 |   4931166000 |   4930960000 |   4931053000 |   4930071000 |   4930406000 |   4901874000 |   4899593000 |   4901527000 |   4900831000 |   4899317000 |   4902128000 |   4900881000 |   4900868000 |   4917813000 |   4921400000 |   4921547000 |   4919961000 |   4920085000 |   4920210000 |   4920395000 |   4919930000 |   4887624000 |   4890667000 |   4890432000 |   4889517000 |   4889273000 |   4890458000 |   4890652000 |   4888028000 |   4872771000 |   4872891000 |   4873506000 |   4873077000 |   4873138000 |   4872257000 |   4873589000 |   4872733000 |   4927506000 |   4925328000 |   4924946000 |   4925591000 |   4923949000 |   4924932000 |   4925753000 |   4925770000 |   4951854000 |   4953643000 |   4952121000 |   4952018000 |   4950390000 |   4952463000 |   4952389000 |   4953349000 |   4892387000 |   4894813000 |   4892616000 |   4892279000 |   4891671000 |   4892526000 |   4895138000 |   4892525000 |   4902322000 |   4902036000 |   4900890000 |   4903553000 |   4900815000 |   4902579000 |   4902046000 |   4902110000 |   4914871000 |   4915860000 |   4913255000 |   4915844000 |   4914373000 |   4912113000 |   4917120000 |   4914695000 |   4884433000 |   4882921000 |   4883328000 |   4885762000 |   4881447000 |   4884588000 |   4884186000 |   4886275000 |   4923220000 |   4924725000 |   4923362000 |   4923118000 |   4922419000 |   4922423000 |   4924316000 |   4922470000 |   4885659000 |   4888086000 |   4885691000 |   4885800000 |   4885401000 |   4884910000 |   4885598000 |   4884206000 |   4890165000 |   4888902000 |   4889932000 |   4889894000 |   4888732000 |   4890099000 |   4889989000 |   4890317000 |   4913898000 |   4913761000 |   4916866000 |   4912926000 |   4913750000 |   4913357000 |   4914026000 |   4914196000 |   4918589000 |   4919922000 |   4920114000 |   4918355000 |   4918163000 |   4919723000 |   4918820000 |   4918017000 |   4937173000 |   4936410000 |   4935436000 |   4934812000 |   4937934000 |   4938234000 |   4936329000 |   4935518000 |   4905818000 |   4905484000 |   4905379000 |   4907084000 |   4908203000 |   4907049000 |   4908011000 |   4905507000 |   4901746000 |   4903030000 |   4901102000 |   4903153000 |   4902863000 |   4901556000 |   4901266000 |   4902958000 |   4908944000 |   4908184000 |   4909913000 |   4912370000 |   4908192000 |   4908193000 |   4909666000 |   4908419000 |
|            MAX_CPU_CLOCK            |  FIXC2  |   4953282000 |   4953359000 |   4953790000 |   4951971000 |   4953498000 |   4954657000 |   4953220000 |   4953780000 |   4953408000 |   4952016000 |   4953522000 |   4953548000 |   4954682000 |   4953932000 |   4955735000 |   4956160000 |   4951917000 |   4953329000 |   4953353000 |   4953448000 |   4952114000 |   4954238000 |   4952068000 |   4954209000 |   4954256000 |   4953558000 |   4953963000 |   4954484000 |   4954006000 |   4953383000 |   4953336000 |   4951871000 |   4954367000 |   4951662000 |   4952276000 |   4954311000 |   4952104000 |   4953141000 |   4954299000 |   4952346000 |   4956019000 |   4953825000 |   4954882000 |   4952488000 |   4954686000 |   4953385000 |   4954523000 |   4953375000 |   4953310000 |   4953431000 |   4952348000 |   4954178000 |   4952859000 |   4952921000 |   4951749000 |   4951972000 |   4953366000 |   4953570000 |   4954519000 |   4953427000 |   4953901000 |   4953479000 |   4951691000 |   4954379000 |   4952419000 |   4953531000 |   4953797000 |   4952163000 |   4953876000 |   4953809000 |   4953964000 |   4953963000 |   4955762000 |   4955613000 |   4955754000 |   4953457000 |   4953556000 |   4953543000 |   4953391000 |   4952184000 |   4952110000 |   4952278000 |   4952252000 |   4953056000 |   4951854000 |   4952498000 |   4952252000 |   4952506000 |   4952066000 |   4953223000 |   4953235000 |   4953405000 |   4953323000 |   4954333000 |   4951925000 |   4953259000 |   4953751000 |   4953580000 |   4955839000 |   4953884000 |   4953730000 |   4953887000 |   4951424000 |   4951805000 |   4953520000 |   4952337000 |   4953296000 |   4953873000 |   4952406000 |   4953706000 |   4953855000 |   4953805000 |   4952147000 |   4954469000 |   4954582000 |   4953387000 |   4953494000 |   4953471000 |   4953633000 |   4953304000 |   4951923000 |   4954475000 |   4954416000 |   4953508000 |   4953494000 |   4954427000 |   4954430000 |   4952118000 |   4950255000 |   4950315000 |   4951112000 |   4950499000 |   4950631000 |   4949657000 |   4952357000 |   4949399000 |   4957321000 |   4956052000 |   4953456000 |   4955117000 |   4953262000 |   4953431000 |   4955284000 |   4955294000 |   4952591000 |   4956008000 |   4954141000 |   4953048000 |   4951993000 |   4954285000 |   4954172000 |   4955879000 |   4952205000 |   4953399000 |   4952267000 |   4952106000 |   4952270000 |   4952249000 |   4952907000 |   4952168000 |   4953530000 |   4951929000 |   4950222000 |   4953154000 |   4950645000 |   4953598000 |   4952088000 |   4951693000 |   4953904000 |   4953871000 |   4952429000 |   4953536000 |   4953731000 |   4952356000 |   4954552000 |   4953794000 |   4953881000 |   4952679000 |   4952814000 |   4954281000 |   4952393000 |   4952888000 |   4953816000 |   4954440000 |   4952286000 |   4952068000 |   4951785000 |   4951431000 |   4951459000 |   4951713000 |   4952736000 |   4952031000 |   4953773000 |   4954502000 |   4953827000 |   4953820000 |   4953716000 |   4951804000 |   4953773000 |   4952389000 |   4953620000 |   4952277000 |   4952599000 |   4953558000 |   4952225000 |   4953596000 |   4953515000 |   4953645000 |   4952608000 |   4952352000 |   4952917000 |   4950047000 |   4952404000 |   4949662000 |   4952816000 |   4952199000 |   4951870000 |   4953904000 |   4953391000 |   4952466000 |   4952291000 |   4953849000 |   4952018000 |   4952265000 |   4951525000 |   4952213000 |   4949491000 |   4949748000 |   4953625000 |   4952043000 |   4952129000 |   4950342000 |   4951703000 |   4952390000 |   4952327000 |   4952677000 |   4954789000 |   4953840000 |   4955389000 |   4952342000 |   4952260000 |   4953451000 |   4951426000 |   4953550000 |   4953323000 |   4952016000 |   4951878000 |   4953225000 |   4952742000 |   4952277000 |   4953864000 |   4954449000 |   4952277000 |   4952222000 |   4953638000 |   4952457000 |
|         RETIRED_INSTRUCTIONS        |   PMC0  |  20416270000 |  20417590000 |  20417440000 |  20417470000 |  20417450000 |  20417440000 |  20417770000 |  20417450000 |  20416940000 |  20416770000 |  20416800000 |  20416940000 |  20417120000 |  20416900000 |  20419210000 |  20419250000 |  20420000000 |  20420110000 |  20420000000 |  20420100000 |  20420010000 |  20420080000 |  20419970000 |  20419970000 |  20417080000 |  20417170000 |  20417000000 |  20417200000 |  20417560000 |  20417130000 |  20417120000 |  20416930000 |  20408990000 |  20408900000 |  20408850000 |  20408810000 |  20407940000 |  20409340000 |  20408850000 |  20408830000 |  20418090000 |  20418210000 |  20418120000 |  20418000000 |  20417960000 |  20417920000 |  20417940000 |  20418300000 |  20418950000 |  20418970000 |  20418760000 |  20418870000 |  20419110000 |  20418830000 |  20418800000 |  20418880000 |  20414430000 |  20414750000 |  20414600000 |  20414870000 |  20414030000 |  20413770000 |  20413880000 |  20415510000 |  20412650000 |  20412630000 |  20412600000 |  20412520000 |  20413020000 |  20412740000 |  20412630000 |  20412660000 |  20429550000 |  20429880000 |  20427380000 |  20427220000 |  20427400000 |  20427440000 |  20427150000 |  20426830000 |  20417690000 |  20417660000 |  20417610000 |  20417680000 |  20417690000 |  20417620000 |  20417630000 |  20417720000 |  20417210000 |  20417260000 |  20417240000 |  20417330000 |  20416590000 |  20416560000 |  20416420000 |  20416550000 |  20425100000 |  20424850000 |  20427520000 |  20424740000 |  20424610000 |  20425140000 |  20425090000 |  20424830000 |  20418110000 |  20417990000 |  20418410000 |  20418120000 |  20417840000 |  20418270000 |  20417980000 |  20418120000 |  20420550000 |  20420800000 |  20420760000 |  20421050000 |  20420980000 |  20420540000 |  20420500000 |  20420620000 |  20413690000 |  20414030000 |  20413730000 |  20413800000 |  20412950000 |  20412960000 |  20412940000 |  20412840000 |  20407730000 |  20407730000 |  20407660000 |  20407870000 |  20407800000 |  20407740000 |  20407700000 |  20407680000 |  20425600000 |  20425660000 |  20423170000 |  20423930000 |  20422870000 |  20423090000 |  20424460000 |  20424270000 |  20427010000 |  20429120000 |  20426940000 |  20427070000 |  20423310000 |  20426980000 |  20427060000 |  20428560000 |  20413190000 |  20413380000 |  20413210000 |  20413250000 |  20412580000 |  20412300000 |  20412280000 |  20412330000 |  20416400000 |  20416470000 |  20416310000 |  20416420000 |  20416650000 |  20416400000 |  20416310000 |  20416370000 |  20420160000 |  20419730000 |  20419590000 |  20419700000 |  20419650000 |  20419610000 |  20419690000 |  20419610000 |  20414340000 |  20413900000 |  20413880000 |  20413850000 |  20413740000 |  20413850000 |  20413870000 |  20413980000 |  20420440000 |  20420400000 |  20420500000 |  20420560000 |  20419220000 |  20419720000 |  20419710000 |  20419820000 |  20411030000 |  20411000000 |  20410980000 |  20410990000 |  20411230000 |  20410990000 |  20410930000 |  20410900000 |  20410700000 |  20410620000 |  20410650000 |  20410720000 |  20410580000 |  20410690000 |  20410610000 |  20410230000 |  20418150000 |  20418230000 |  20418060000 |  20418180000 |  20418320000 |  20418080000 |  20418100000 |  20418070000 |  20418670000 |  20418810000 |  20418690000 |  20418690000 |  20417810000 |  20417920000 |  20417830000 |  20417760000 |  20422010000 |  20421880000 |  20421820000 |  20421960000 |  20422130000 |  20421760000 |  20421830000 |  20421850000 |  20418270000 |  20418520000 |  20418220000 |  20418230000 |  20418590000 |  20418370000 |  20418620000 |  20418200000 |  20417230000 |  20417620000 |  20417320000 |  20417310000 |  20417540000 |  20417180000 |  20417180000 |  20417140000 |  20419050000 |  20419180000 |  20419270000 |  20419270000 |  20418360000 |  20418370000 |  20417240000 |  20418290000 |
|         CPU_CLOCKS_UNHALTED         |   PMC1  |   4866950000 |   4871945000 |   4871107000 |   4870355000 |   4871391000 |   4871549000 |   4871247000 |   4871112000 |   4848884000 |   4848180000 |   4848621000 |   4849290000 |   4850435000 |   4849165000 |   4860546000 |   4860786000 |   4885022000 |   4886312000 |   4885919000 |   4886371000 |   4885798000 |   4886276000 |   4884990000 |   4885957000 |   4867800000 |   4867836000 |   4867870000 |   4867995000 |   4870042000 |   4867457000 |   4867399000 |   4866037000 |   4834424000 |   4833461000 |   4833049000 |   4834196000 |   4828965000 |   4834381000 |   4833514000 |   4833097000 |   4865818000 |   4864333000 |   4866019000 |   4864373000 |   4864661000 |   4864178000 |   4864967000 |   4865452000 |   4880132000 |   4880181000 |   4878676000 |   4880055000 |   4878793000 |   4878995000 |   4878809000 |   4879966000 |   4848312000 |   4850131000 |   4849593000 |   4850754000 |   4849275000 |   4849155000 |   4847704000 |   4848978000 |   4844624000 |   4844183000 |   4845380000 |   4844145000 |   4846667000 |   4845720000 |   4845824000 |   4845833000 |   4916878000 |   4919043000 |   4905952000 |   4904978000 |   4905936000 |   4906160000 |   4904657000 |   4902991000 |   4873000000 |   4872522000 |   4871780000 |   4872591000 |   4872843000 |   4871848000 |   4872284000 |   4873066000 |   4867386000 |   4868259000 |   4868305000 |   4868789000 |   4868477000 |   4868445000 |   4866815000 |   4868280000 |   4893038000 |   4891596000 |   4906583000 |   4892854000 |   4891588000 |   4894386000 |   4892887000 |   4892809000 |   4863003000 |   4860207000 |   4863827000 |   4862822000 |   4860367000 |   4863059000 |   4861783000 |   4861718000 |   4879306000 |   4881769000 |   4881542000 |   4881660000 |   4881500000 |   4879351000 |   4880418000 |   4880359000 |   4847934000 |   4850442000 |   4848738000 |   4849144000 |   4848560000 |   4848763000 |   4848694000 |   4847942000 |   4830144000 |   4830560000 |   4829942000 |   4831001000 |   4830805000 |   4830351000 |   4830066000 |   4829849000 |   4893112000 |   4893352000 |   4879395000 |   4883611000 |   4877746000 |   4878936000 |   4886569000 |   4885596000 |   4908102000 |   4919845000 |   4907352000 |   4908357000 |   4908204000 |   4907692000 |   4908341000 |   4916678000 |   4848674000 |   4849618000 |   4848879000 |   4849044000 |   4849445000 |   4848333000 |   4848102000 |   4848182000 |   4858972000 |   4859093000 |   4857772000 |   4859021000 |   4858542000 |   4858937000 |   4858368000 |   4858311000 |   4872820000 |   4870500000 |   4869067000 |   4870444000 |   4869982000 |   4869159000 |   4870197000 |   4869771000 |   4841322000 |   4838552000 |   4838503000 |   4839102000 |   4837985000 |   4838147000 |   4838644000 |   4839295000 |   4879500000 |   4879214000 |   4880039000 |   4880160000 |   4880637000 |   4880237000 |   4880099000 |   4880860000 |   4841966000 |   4842290000 |   4841226000 |   4841713000 |   4841398000 |   4841428000 |   4841297000 |   4840938000 |   4846507000 |   4845411000 |   4846281000 |   4846516000 |   4845301000 |   4846543000 |   4846031000 |   4844477000 |   4871116000 |   4871981000 |   4870629000 |   4871223000 |   4872452000 |   4870764000 |   4870911000 |   4870661000 |   4874099000 |   4875698000 |   4874996000 |   4874782000 |   4873506000 |   4875006000 |   4874396000 |   4873435000 |   4893838000 |   4892896000 |   4892437000 |   4893393000 |   4893336000 |   4892822000 |   4892327000 |   4892854000 |   4861419000 |   4863309000 |   4861109000 |   4861246000 |   4864076000 |   4862427000 |   4863730000 |   4861062000 |   4856792000 |   4859213000 |   4857630000 |   4857348000 |   4858814000 |   4856346000 |   4856066000 |   4856735000 |   4864707000 |   4865542000 |   4866017000 |   4865770000 |   4865203000 |   4865404000 |   4865271000 |   4864756000 |
|                MERGE                |   PMC3  |            0 |            0 |            0 |            0 |            0 |            0 |            0 |            0 |            0 |            0 |            0 |            0 |            0 |            0 |            0 |            0 |            0 |            0 |            0 |            0 |            0 |            0 |            0 |            0 |            0 |            0 |            0 |            0 |            0 |            0 |            0 |            0 |            0 |            0 |            0 |            0 |            0 |            0 |            0 |            0 |            0 |            0 |            0 |            0 |            0 |            0 |            0 |            0 |            0 |            0 |            0 |            0 |            0 |            0 |            0 |            0 |            0 |            0 |            0 |            0 |            0 |            0 |            0 |            0 |            0 |            0 |            0 |            0 |            0 |            0 |            0 |            0 |            0 |            0 |            0 |            0 |            0 |            0 |            0 |            0 |            0 |            0 |            0 |            0 |            0 |            0 |            0 |            0 |            0 |            0 |            0 |            0 |            0 |            0 |            0 |            0 |            0 |            0 |            0 |            0 |            0 |            0 |            0 |            0 |            0 |            0 |            0 |            0 |            0 |            0 |            0 |            0 |            0 |            0 |            0 |            0 |            0 |            0 |            0 |            0 |            0 |            0 |            0 |            0 |            0 |            0 |            0 |            0 |            0 |            0 |            0 |            0 |            0 |            0 |            0 |            0 |            0 |            0 |            0 |            0 |            0 |            0 |            0 |            0 |            0 |            0 |            0 |            0 |            0 |            0 |            0 |            0 |            0 |            0 |            0 |            0 |            0 |            0 |            0 |            0 |            0 |            0 |            0 |            0 |            0 |            0 |            0 |            0 |            0 |            0 |            0 |            0 |            0 |            0 |            0 |            0 |            0 |            0 |            0 |            0 |            0 |            0 |            0 |            0 |            0 |            0 |            0 |            0 |            0 |            0 |            0 |            0 |            0 |            0 |            0 |            0 |            0 |            0 |            0 |            0 |            0 |            0 |            0 |            0 |            0 |            0 |            0 |            0 |            0 |            0 |            0 |            0 |            0 |            0 |            0 |            0 |            0 |            0 |            0 |            0 |            0 |            0 |            0 |            0 |            0 |            0 |            0 |            0 |            0 |            0 |            0 |            0 |            0 |            0 |            0 |            0 |            0 |            0 |            0 |            0 |            0 |            0 |            0 |            0 |            0 |            0 |            0 |            0 |            0 |            0 |            0 |            0 |            0 |            0 |            0 |            0 |
| RETIRED_SSE_AVX_FLOPS_ALL_SP_SCALAR |   PMC2  |            0 |            0 |            0 |            0 |            0 |            0 |            0 |            0 |            0 |            0 |            0 |            0 |            0 |            0 |            0 |            0 |            0 |            0 |            0 |            0 |            0 |            0 |            0 |            0 |            0 |            0 |            0 |            0 |            0 |            0 |            0 |            0 |            0 |            0 |            0 |            0 |            0 |            0 |            0 |            0 |            0 |            0 |            0 |            0 |            0 |            0 |            0 |            0 |            0 |            0 |            0 |            0 |            0 |            0 |            0 |            0 |            0 |            0 |            0 |            0 |            0 |            0 |            0 |            0 |            0 |            0 |            0 |            0 |            0 |            0 |            0 |            0 |            0 |            0 |            0 |            0 |            0 |            0 |            0 |            0 |            0 |            0 |            0 |            0 |            0 |            0 |            0 |            0 |            0 |            0 |            0 |            0 |            0 |            0 |            0 |            0 |            0 |            0 |            0 |            0 |            0 |            0 |            0 |            0 |            0 |            0 |            0 |            0 |            0 |            0 |            0 |            0 |            0 |            0 |            0 |            0 |            0 |            0 |            0 |            0 |            0 |            0 |            0 |            0 |            0 |            0 |            0 |            0 |            0 |            0 |            0 |            0 |            0 |            0 |            0 |            0 |            0 |            0 |            0 |            0 |            0 |            0 |            0 |            0 |            0 |            0 |            0 |            0 |            0 |            0 |            0 |            0 |            0 |            0 |            0 |            0 |            0 |            0 |            0 |            0 |            0 |            0 |            0 |            0 |            0 |            0 |            0 |            0 |            0 |            0 |            0 |            0 |            0 |            0 |            0 |            0 |            0 |            0 |            0 |            0 |            0 |            0 |            0 |            0 |            0 |            0 |            0 |            0 |            0 |            0 |            0 |            0 |            0 |            0 |            0 |            0 |            0 |            0 |            0 |            0 |            0 |            0 |            0 |            0 |            0 |            0 |            0 |            0 |            0 |            0 |            0 |            0 |            0 |            0 |            0 |            0 |            0 |            0 |            0 |            0 |            0 |            0 |            0 |            0 |            0 |            0 |            0 |            0 |            0 |            0 |            0 |            0 |            0 |            0 |            0 |            0 |            0 |            0 |            0 |            0 |            0 |            0 |            0 |            0 |            0 |            0 |            0 |            0 |            0 |            0 |            0 |            0 |            0 |            0 |            0 |            0 |
|                MERGE                |   PMC5  |            0 |            0 |            0 |            0 |            0 |            0 |            0 |            0 |            0 |            0 |            0 |            0 |            0 |            0 |            0 |            0 |            0 |            0 |            0 |            0 |            0 |            0 |            0 |            0 |            0 |            0 |            0 |            0 |            0 |            0 |            0 |            0 |            0 |            0 |            0 |            0 |            0 |            0 |            0 |            0 |            0 |            0 |            0 |            0 |            0 |            0 |            0 |            0 |            0 |            0 |            0 |            0 |            0 |            0 |            0 |            0 |            0 |            0 |            0 |            0 |            0 |            0 |            0 |            0 |            0 |            0 |            0 |            0 |            0 |            0 |            0 |            0 |            0 |            0 |            0 |            0 |            0 |            0 |            0 |            0 |            0 |            0 |            0 |            0 |            0 |            0 |            0 |            0 |            0 |            0 |            0 |            0 |            0 |            0 |            0 |            0 |            0 |            0 |            0 |            0 |            0 |            0 |            0 |            0 |            0 |            0 |            0 |            0 |            0 |            0 |            0 |            0 |            0 |            0 |            0 |            0 |            0 |            0 |            0 |            0 |            0 |            0 |            0 |            0 |            0 |            0 |            0 |            0 |            0 |            0 |            0 |            0 |            0 |            0 |            0 |            0 |            0 |            0 |            0 |            0 |            0 |            0 |            0 |            0 |            0 |            0 |            0 |            0 |            0 |            0 |            0 |            0 |            0 |            0 |            0 |            0 |            0 |            0 |            0 |            0 |            0 |            0 |            0 |            0 |            0 |            0 |            0 |            0 |            0 |            0 |            0 |            0 |            0 |            0 |            0 |            0 |            0 |            0 |            0 |            0 |            0 |            0 |            0 |            0 |            0 |            0 |            0 |            0 |            0 |            0 |            0 |            0 |            0 |            0 |            0 |            0 |            0 |            0 |            0 |            0 |            0 |            0 |            0 |            0 |            0 |            0 |            0 |            0 |            0 |            0 |            0 |            0 |            0 |            0 |            0 |            0 |            0 |            0 |            0 |            0 |            0 |            0 |            0 |            0 |            0 |            0 |            0 |            0 |            0 |            0 |            0 |            0 |            0 |            0 |            0 |            0 |            0 |            0 |            0 |            0 |            0 |            0 |            0 |            0 |            0 |            0 |            0 |            0 |            0 |            0 |            0 |            0 |            0 |            0 |            0 |            0 |
| RETIRED_SSE_AVX_FLOPS_ALL_SP_PACKED |   PMC4  | 257698000000 | 257698000000 | 257698000000 | 257698000000 | 257698000000 | 257698000000 | 257698000000 | 257698000000 | 257698000000 | 257698000000 | 257698000000 | 257698000000 | 257698000000 | 257698000000 | 257698000000 | 257698000000 | 257698000000 | 257698000000 | 257698000000 | 257698000000 | 257698000000 | 257698000000 | 257698000000 | 257698000000 | 257698000000 | 257698000000 | 257698000000 | 257698000000 | 257698000000 | 257698000000 | 257698000000 | 257698000000 | 257698000000 | 257698000000 | 257698000000 | 257698000000 | 257698000000 | 257698000000 | 257698000000 | 257698000000 | 257698000000 | 257698000000 | 257698000000 | 257698000000 | 257698000000 | 257698000000 | 257698000000 | 257698000000 | 257698000000 | 257698000000 | 257698000000 | 257698000000 | 257698000000 | 257698000000 | 257698000000 | 257698000000 | 257698000000 | 257698000000 | 257698000000 | 257698000000 | 257698000000 | 257698000000 | 257698000000 | 257698000000 | 257698000000 | 257698000000 | 257698000000 | 257698000000 | 257698000000 | 257698000000 | 257698000000 | 257698000000 | 257698000000 | 257698000000 | 257698000000 | 257698000000 | 257698000000 | 257698000000 | 257698000000 | 257698000000 | 257698000000 | 257698000000 | 257698000000 | 257698000000 | 257698000000 | 257698000000 | 257698000000 | 257698000000 | 257698000000 | 257698000000 | 257698000000 | 257698000000 | 257698000000 | 257698000000 | 257698000000 | 257698000000 | 257698000000 | 257698000000 | 257698000000 | 257698000000 | 257698000000 | 257698000000 | 257698000000 | 257698000000 | 257698000000 | 257698000000 | 257698000000 | 257698000000 | 257698000000 | 257698000000 | 257698000000 | 257698000000 | 257698000000 | 257698000000 | 257698000000 | 257698000000 | 257698000000 | 257698000000 | 257698000000 | 257698000000 | 257698000000 | 257698000000 | 257698000000 | 257698000000 | 257698000000 | 257698000000 | 257698000000 | 257698000000 | 257698000000 | 257698000000 | 257698000000 | 257698000000 | 257698000000 | 257698000000 | 257698000000 | 257698000000 | 257698000000 | 257698000000 | 257698000000 | 257698000000 | 257698000000 | 257698000000 | 257698000000 | 257698000000 | 257698000000 | 257698000000 | 257698000000 | 257698000000 | 257698000000 | 257698000000 | 257698000000 | 257698000000 | 257698000000 | 257698000000 | 257698000000 | 257698000000 | 257698000000 | 257698000000 | 257698000000 | 257698000000 | 257698000000 | 257698000000 | 257698000000 | 257698000000 | 257698000000 | 257698000000 | 257698000000 | 257698000000 | 257698000000 | 257698000000 | 257698000000 | 257698000000 | 257698000000 | 257698000000 | 257698000000 | 257698000000 | 257698000000 | 257698000000 | 257698000000 | 257698000000 | 257698000000 | 257698000000 | 257698000000 | 257698000000 | 257698000000 | 257698000000 | 257698000000 | 257698000000 | 257698000000 | 257698000000 | 257698000000 | 257698000000 | 257698000000 | 257698000000 | 257698000000 | 257698000000 | 257698000000 | 257698000000 | 257698000000 | 257698000000 | 257698000000 | 257698000000 | 257698000000 | 257698000000 | 257698000000 | 257698000000 | 257698000000 | 257698000000 | 257698000000 | 257698000000 | 257698000000 | 257698000000 | 257698000000 | 257698000000 | 257698000000 | 257698000000 | 257698000000 | 257698000000 | 257698000000 | 257698000000 | 257698000000 | 257698000000 | 257698000000 | 257698000000 | 257698000000 | 257698000000 | 257698000000 | 257698000000 | 257698000000 | 257698000000 | 257698000000 | 257698000000 | 257698000000 | 257698000000 | 257698000000 | 257698000000 | 257698000000 | 257698000000 | 257698000000 | 257698000000 | 257698000000 | 257698000000 | 257698000000 | 257698000000 | 257698000000 | 257698000000 | 257698000000 | 257698000000 | 257698000000 | 257698000000 | 257698000000 | 257698000000 | 257698000000 | 257698000000 | 257698000000 | 257698000000 |
+-------------------------------------+---------+--------------+--------------+--------------+--------------+--------------+--------------+--------------+--------------+--------------+--------------+--------------+--------------+--------------+--------------+--------------+--------------+--------------+--------------+--------------+--------------+--------------+--------------+--------------+--------------+--------------+--------------+--------------+--------------+--------------+--------------+--------------+--------------+--------------+--------------+--------------+--------------+--------------+--------------+--------------+--------------+--------------+--------------+--------------+--------------+--------------+--------------+--------------+--------------+--------------+--------------+--------------+--------------+--------------+--------------+--------------+--------------+--------------+--------------+--------------+--------------+--------------+--------------+--------------+--------------+--------------+--------------+--------------+--------------+--------------+--------------+--------------+--------------+--------------+--------------+--------------+--------------+--------------+--------------+--------------+--------------+--------------+--------------+--------------+--------------+--------------+--------------+--------------+--------------+--------------+--------------+--------------+--------------+--------------+--------------+--------------+--------------+--------------+--------------+--------------+--------------+--------------+--------------+--------------+--------------+--------------+--------------+--------------+--------------+--------------+--------------+--------------+--------------+--------------+--------------+--------------+--------------+--------------+--------------+--------------+--------------+--------------+--------------+--------------+--------------+--------------+--------------+--------------+--------------+--------------+--------------+--------------+--------------+--------------+--------------+--------------+--------------+--------------+--------------+--------------+--------------+--------------+--------------+--------------+--------------+--------------+--------------+--------------+--------------+--------------+--------------+--------------+--------------+--------------+--------------+--------------+--------------+--------------+--------------+--------------+--------------+--------------+--------------+--------------+--------------+--------------+--------------+--------------+--------------+--------------+--------------+--------------+--------------+--------------+--------------+--------------+--------------+--------------+--------------+--------------+--------------+--------------+--------------+--------------+--------------+--------------+--------------+--------------+--------------+--------------+--------------+--------------+--------------+--------------+--------------+--------------+--------------+--------------+--------------+--------------+--------------+--------------+--------------+--------------+--------------+--------------+--------------+--------------+--------------+--------------+--------------+--------------+--------------+--------------+--------------+--------------+--------------+--------------+--------------+--------------+--------------+--------------+--------------+--------------+--------------+--------------+--------------+--------------+--------------+--------------+--------------+--------------+--------------+--------------+--------------+--------------+--------------+--------------+--------------+--------------+--------------+--------------+--------------+--------------+--------------+--------------+--------------+--------------+--------------+--------------+--------------+--------------+--------------+--------------+--------------+--------------+--------------+
+------------------------------------------+---------+----------------+--------------+--------------+--------------+
|                   Event                  | Counter |       Sum      |      Min     |      Max     |      Avg     |
+------------------------------------------+---------+----------------+--------------+--------------+--------------+
|           ACTUAL_CPU_CLOCK STAT          |  FIXC1  |  1256435136000 |   4868688000 |   4953643000 |   4907949750 |
|            MAX_CPU_CLOCK STAT            |  FIXC2  |  1267993404000 |   4949399000 |   4957321000 | 4.953099e+09 |
|         RETIRED_INSTRUCTIONS STAT        |   PMC0  |  5226886930000 |  20407660000 |  20429880000 | 2.041753e+10 |
|         CPU_CLOCKS_UNHALTED STAT         |   PMC1  |  1245735359000 |   4828965000 |   4919845000 | 4.866154e+09 |
|                MERGE STAT                |   PMC3  |              0 |            0 |            0 |            0 |
| RETIRED_SSE_AVX_FLOPS_ALL_SP_SCALAR STAT |   PMC2  |              0 |            0 |            0 |            0 |
|                MERGE STAT                |   PMC5  |              0 |            0 |            0 |            0 |
| RETIRED_SSE_AVX_FLOPS_ALL_SP_PACKED STAT |   PMC4  | 65970688000000 | 257698000000 | 257698000000 | 257698000000 |
+------------------------------------------+---------+----------------+--------------+--------------+--------------+
+----------------------+-------------+-------------+-------------+-------------+-------------+-------------+-------------+-------------+-------------+-------------+-------------+-------------+-------------+-------------+-------------+-------------+-------------+-------------+-------------+-------------+-------------+-------------+-------------+-------------+-------------+-------------+-------------+-------------+-------------+-------------+-------------+-------------+-------------+-------------+-------------+-------------+-------------+-------------+-------------+-------------+-------------+-------------+-------------+-------------+-------------+-------------+-------------+-------------+-------------+-------------+-------------+-------------+-------------+-------------+-------------+-------------+-------------+-------------+-------------+-------------+-------------+-------------+-------------+-------------+-------------+-------------+-------------+-------------+-------------+-------------+-------------+-------------+-------------+-------------+-------------+-------------+-------------+-------------+-------------+-------------+-------------+-------------+-------------+-------------+-------------+-------------+-------------+-------------+-------------+-------------+-------------+-------------+-------------+-------------+-------------+-------------+-------------+-------------+-------------+-------------+--------------+--------------+--------------+--------------+--------------+--------------+--------------+--------------+--------------+--------------+--------------+--------------+--------------+--------------+--------------+--------------+--------------+--------------+--------------+--------------+--------------+--------------+--------------+--------------+--------------+--------------+--------------+--------------+--------------+--------------+--------------+--------------+--------------+--------------+--------------+--------------+--------------+--------------+--------------+--------------+--------------+--------------+--------------+--------------+--------------+--------------+--------------+--------------+--------------+--------------+--------------+--------------+--------------+--------------+--------------+--------------+--------------+--------------+--------------+--------------+--------------+--------------+--------------+--------------+--------------+--------------+--------------+--------------+--------------+--------------+--------------+--------------+--------------+--------------+--------------+--------------+--------------+--------------+--------------+--------------+--------------+--------------+--------------+--------------+--------------+--------------+--------------+--------------+--------------+--------------+--------------+--------------+--------------+--------------+--------------+--------------+--------------+--------------+--------------+--------------+--------------+--------------+--------------+--------------+--------------+--------------+--------------+--------------+--------------+--------------+--------------+--------------+--------------+--------------+--------------+--------------+--------------+--------------+--------------+--------------+--------------+--------------+--------------+--------------+--------------+--------------+--------------+--------------+--------------+--------------+--------------+--------------+--------------+--------------+--------------+--------------+--------------+--------------+--------------+--------------+--------------+--------------+--------------+--------------+--------------+--------------+--------------+--------------+--------------+--------------+--------------+--------------+--------------+--------------+--------------+--------------+
|        Metric        |  HWThread 0 |  HWThread 1 |  HWThread 2 |  HWThread 3 |  HWThread 4 |  HWThread 5 |  HWThread 6 |  HWThread 7 |  HWThread 8 |  HWThread 9 | HWThread 10 | HWThread 11 | HWThread 12 | HWThread 13 | HWThread 14 | HWThread 15 | HWThread 16 | HWThread 17 | HWThread 18 | HWThread 19 | HWThread 20 | HWThread 21 | HWThread 22 | HWThread 23 | HWThread 24 | HWThread 25 | HWThread 26 | HWThread 27 | HWThread 28 | HWThread 29 | HWThread 30 | HWThread 31 | HWThread 32 | HWThread 33 | HWThread 34 | HWThread 35 | HWThread 36 | HWThread 37 | HWThread 38 | HWThread 39 | HWThread 40 | HWThread 41 | HWThread 42 | HWThread 43 | HWThread 44 | HWThread 45 | HWThread 46 | HWThread 47 | HWThread 48 | HWThread 49 | HWThread 50 | HWThread 51 | HWThread 52 | HWThread 53 | HWThread 54 | HWThread 55 | HWThread 56 | HWThread 57 | HWThread 58 | HWThread 59 | HWThread 60 | HWThread 61 | HWThread 62 | HWThread 63 | HWThread 64 | HWThread 65 | HWThread 66 | HWThread 67 | HWThread 68 | HWThread 69 | HWThread 70 | HWThread 71 | HWThread 72 | HWThread 73 | HWThread 74 | HWThread 75 | HWThread 76 | HWThread 77 | HWThread 78 | HWThread 79 | HWThread 80 | HWThread 81 | HWThread 82 | HWThread 83 | HWThread 84 | HWThread 85 | HWThread 86 | HWThread 87 | HWThread 88 | HWThread 89 | HWThread 90 | HWThread 91 | HWThread 92 | HWThread 93 | HWThread 94 | HWThread 95 | HWThread 96 | HWThread 97 | HWThread 98 | HWThread 99 | HWThread 100 | HWThread 101 | HWThread 102 | HWThread 103 | HWThread 104 | HWThread 105 | HWThread 106 | HWThread 107 | HWThread 108 | HWThread 109 | HWThread 110 | HWThread 111 | HWThread 112 | HWThread 113 | HWThread 114 | HWThread 115 | HWThread 116 | HWThread 117 | HWThread 118 | HWThread 119 | HWThread 120 | HWThread 121 | HWThread 122 | HWThread 123 | HWThread 124 | HWThread 125 | HWThread 126 | HWThread 127 | HWThread 128 | HWThread 129 | HWThread 130 | HWThread 131 | HWThread 132 | HWThread 133 | HWThread 134 | HWThread 135 | HWThread 136 | HWThread 137 | HWThread 138 | HWThread 139 | HWThread 140 | HWThread 141 | HWThread 142 | HWThread 143 | HWThread 144 | HWThread 145 | HWThread 146 | HWThread 147 | HWThread 148 | HWThread 149 | HWThread 150 | HWThread 151 | HWThread 152 | HWThread 153 | HWThread 154 | HWThread 155 | HWThread 156 | HWThread 157 | HWThread 158 | HWThread 159 | HWThread 160 | HWThread 161 | HWThread 162 | HWThread 163 | HWThread 164 | HWThread 165 | HWThread 166 | HWThread 167 | HWThread 168 | HWThread 169 | HWThread 170 | HWThread 171 | HWThread 172 | HWThread 173 | HWThread 174 | HWThread 175 | HWThread 176 | HWThread 177 | HWThread 178 | HWThread 179 | HWThread 180 | HWThread 181 | HWThread 182 | HWThread 183 | HWThread 184 | HWThread 185 | HWThread 186 | HWThread 187 | HWThread 188 | HWThread 189 | HWThread 190 | HWThread 191 | HWThread 192 | HWThread 193 | HWThread 194 | HWThread 195 | HWThread 196 | HWThread 197 | HWThread 198 | HWThread 199 | HWThread 200 | HWThread 201 | HWThread 202 | HWThread 203 | HWThread 204 | HWThread 205 | HWThread 206 | HWThread 207 | HWThread 208 | HWThread 209 | HWThread 210 | HWThread 211 | HWThread 212 | HWThread 213 | HWThread 214 | HWThread 215 | HWThread 216 | HWThread 217 | HWThread 218 | HWThread 219 | HWThread 220 | HWThread 221 | HWThread 222 | HWThread 223 | HWThread 224 | HWThread 225 | HWThread 226 | HWThread 227 | HWThread 228 | HWThread 229 | HWThread 230 | HWThread 231 | HWThread 232 | HWThread 233 | HWThread 234 | HWThread 235 | HWThread 236 | HWThread 237 | HWThread 238 | HWThread 239 | HWThread 240 | HWThread 241 | HWThread 242 | HWThread 243 | HWThread 244 | HWThread 245 | HWThread 246 | HWThread 247 | HWThread 248 | HWThread 249 | HWThread 250 | HWThread 251 | HWThread 252 | HWThread 253 | HWThread 254 | HWThread 255 |
+----------------------+-------------+-------------+-------------+-------------+-------------+-------------+-------------+-------------+-------------+-------------+-------------+-------------+-------------+-------------+-------------+-------------+-------------+-------------+-------------+-------------+-------------+-------------+-------------+-------------+-------------+-------------+-------------+-------------+-------------+-------------+-------------+-------------+-------------+-------------+-------------+-------------+-------------+-------------+-------------+-------------+-------------+-------------+-------------+-------------+-------------+-------------+-------------+-------------+-------------+-------------+-------------+-------------+-------------+-------------+-------------+-------------+-------------+-------------+-------------+-------------+-------------+-------------+-------------+-------------+-------------+-------------+-------------+-------------+-------------+-------------+-------------+-------------+-------------+-------------+-------------+-------------+-------------+-------------+-------------+-------------+-------------+-------------+-------------+-------------+-------------+-------------+-------------+-------------+-------------+-------------+-------------+-------------+-------------+-------------+-------------+-------------+-------------+-------------+-------------+-------------+--------------+--------------+--------------+--------------+--------------+--------------+--------------+--------------+--------------+--------------+--------------+--------------+--------------+--------------+--------------+--------------+--------------+--------------+--------------+--------------+--------------+--------------+--------------+--------------+--------------+--------------+--------------+--------------+--------------+--------------+--------------+--------------+--------------+--------------+--------------+--------------+--------------+--------------+--------------+--------------+--------------+--------------+--------------+--------------+--------------+--------------+--------------+--------------+--------------+--------------+--------------+--------------+--------------+--------------+--------------+--------------+--------------+--------------+--------------+--------------+--------------+--------------+--------------+--------------+--------------+--------------+--------------+--------------+--------------+--------------+--------------+--------------+--------------+--------------+--------------+--------------+--------------+--------------+--------------+--------------+--------------+--------------+--------------+--------------+--------------+--------------+--------------+--------------+--------------+--------------+--------------+--------------+--------------+--------------+--------------+--------------+--------------+--------------+--------------+--------------+--------------+--------------+--------------+--------------+--------------+--------------+--------------+--------------+--------------+--------------+--------------+--------------+--------------+--------------+--------------+--------------+--------------+--------------+--------------+--------------+--------------+--------------+--------------+--------------+--------------+--------------+--------------+--------------+--------------+--------------+--------------+--------------+--------------+--------------+--------------+--------------+--------------+--------------+--------------+--------------+--------------+--------------+--------------+--------------+--------------+--------------+--------------+--------------+--------------+--------------+--------------+--------------+--------------+--------------+--------------+--------------+
|  Runtime (RDTSC) [s] |      1.8332 |      1.8333 |      1.8332 |      1.8328 |      1.8332 |      1.8332 |      1.8332 |      1.8332 |      1.8333 |      1.8330 |      1.8332 |      1.8334 |      1.8338 |      1.8334 |      1.8362 |      1.8363 |      1.8328 |      1.8332 |      1.8332 |      1.8332 |      1.8331 |      1.8332 |      1.8329 |      1.8332 |      1.8333 |      1.8333 |      1.8334 |      1.8334 |      1.8339 |      1.8333 |      1.8333 |      1.8328 |      1.8332 |      1.8328 |      1.8328 |      1.8332 |      1.8332 |      1.8332 |      1.8332 |      1.8328 |      1.8336 |      1.8332 |      1.8337 |      1.8331 |      1.8334 |      1.8332 |      1.8337 |      1.8337 |      1.8332 |      1.8332 |      1.8328 |      1.8332 |      1.8328 |      1.8328 |      1.8328 |      1.8332 |      1.8332 |      1.8335 |      1.8334 |      1.8337 |      1.8333 |      1.8334 |      1.8328 |      1.8333 |      1.8329 |      1.8328 |      1.8333 |      1.8328 |      1.8336 |      1.8334 |      1.8334 |      1.8334 |      1.8363 |      1.8368 |      1.8337 |      1.8333 |      1.8336 |      1.8337 |      1.8333 |      1.8330 |      1.8332 |      1.8330 |      1.8328 |      1.8330 |      1.8332 |      1.8328 |      1.8330 |      1.8332 |      1.8329 |      1.8332 |      1.8332 |      1.8333 |      1.8333 |      1.8333 |      1.8328 |      1.8332 |      1.8334 |      1.8329 |      1.8367 |      1.8334 |       1.8330 |       1.8338 |       1.8335 |       1.8334 |       1.8337 |       1.8328 |       1.8339 |       1.8336 |       1.8329 |       1.8337 |       1.8334 |       1.8333 |       1.8329 |       1.8336 |       1.8336 |       1.8336 |       1.8336 |       1.8330 |       1.8334 |       1.8333 |       1.8329 |       1.8336 |       1.8332 |       1.8333 |       1.8333 |       1.8333 |       1.8333 |       1.8330 |       1.8329 |       1.8330 |       1.8328 |       1.8331 |       1.8331 |       1.8330 |       1.8330 |       1.8329 |       1.8367 |       1.8367 |       1.8333 |       1.8343 |       1.8329 |       1.8332 |       1.8351 |       1.8349 |       1.8334 |       1.8362 |       1.8332 |       1.8335 |       1.8334 |       1.8332 |       1.8335 |       1.8355 |       1.8328 |       1.8331 |       1.8329 |       1.8329 |       1.8331 |       1.8329 |       1.8329 |       1.8328 |       1.8332 |       1.8332 |       1.8329 |       1.8332 |       1.8331 |       1.8333 |       1.8332 |       1.8331 |       1.8339 |       1.8333 |       1.8329 |       1.8334 |       1.8332 |       1.8329 |       1.8334 |       1.8333 |       1.8338 |       1.8330 |       1.8330 |       1.8332 |       1.8329 |       1.8329 |       1.8332 |       1.8334 |       1.8329 |       1.8328 |       1.8330 |       1.8330 |       1.8334 |       1.8334 |       1.8332 |       1.8334 |       1.8333 |       1.8334 |       1.8331 |       1.8333 |       1.8333 |       1.8331 |       1.8333 |       1.8332 |       1.8332 |       1.8329 |       1.8332 |       1.8332 |       1.8329 |       1.8332 |       1.8332 |       1.8332 |       1.8330 |       1.8332 |       1.8329 |       1.8330 |       1.8335 |       1.8329 |       1.8330 |       1.8329 |       1.8328 |       1.8333 |       1.8332 |       1.8331 |       1.8328 |       1.8333 |       1.8331 |       1.8328 |       1.8331 |       1.8329 |       1.8329 |       1.8330 |       1.8332 |       1.8330 |       1.8329 |       1.8330 |       1.8328 |       1.8335 |       1.8328 |       1.8328 |       1.8337 |       1.8332 |       1.8336 |       1.8328 |       1.8330 |       1.8337 |       1.8333 |       1.8332 |       1.8336 |       1.8329 |       1.8328 |       1.8330 |       1.8331 |       1.8332 |       1.8334 |       1.8334 |       1.8332 |       1.8332 |       1.8333 |       1.8330 |
| Runtime unhalted [s] |      1.8222 |      1.8223 |      1.8220 |      1.8218 |      1.8224 |      1.8225 |      1.8222 |      1.8220 |      1.8146 |      1.8141 |      1.8146 |      1.8147 |      1.8152 |      1.8145 |      1.8152 |      1.8150 |      1.8279 |      1.8284 |      1.8284 |      1.8285 |      1.8281 |      1.8289 |      1.8280 |      1.8288 |      1.8219 |      1.8216 |      1.8214 |      1.8221 |      1.8215 |      1.8215 |      1.8215 |      1.8209 |      1.8076 |      1.8067 |      1.8065 |      1.8078 |      1.8070 |      1.8072 |      1.8077 |      1.8070 |      1.8212 |      1.8202 |      1.8207 |      1.8197 |      1.8210 |      1.8203 |      1.8210 |      1.8204 |      1.8262 |      1.8263 |      1.8256 |      1.8261 |      1.8262 |      1.8263 |      1.8257 |      1.8258 |      1.8147 |      1.8149 |      1.8153 |      1.8148 |      1.8146 |      1.8148 |      1.8141 |      1.8153 |      1.8122 |      1.8129 |      1.8127 |      1.8119 |      1.8127 |      1.8127 |      1.8127 |      1.8128 |      1.8354 |      1.8353 |      1.8355 |      1.8348 |      1.8349 |      1.8349 |      1.8348 |      1.8341 |      1.8230 |      1.8227 |      1.8226 |      1.8231 |      1.8228 |      1.8228 |      1.8227 |      1.8228 |      1.8207 |      1.8213 |      1.8214 |      1.8215 |      1.8215 |      1.8220 |      1.8209 |      1.8214 |      1.8295 |      1.8298 |      1.8306 |      1.8296 |       1.8296 |       1.8296 |       1.8292 |       1.8294 |       1.8188 |       1.8179 |       1.8186 |       1.8184 |       1.8178 |       1.8189 |       1.8184 |       1.8184 |       1.8247 |       1.8260 |       1.8261 |       1.8255 |       1.8255 |       1.8256 |       1.8256 |       1.8255 |       1.8135 |       1.8146 |       1.8145 |       1.8142 |       1.8141 |       1.8145 |       1.8146 |       1.8136 |       1.8080 |       1.8080 |       1.8082 |       1.8081 |       1.8081 |       1.8078 |       1.8083 |       1.8080 |       1.8283 |       1.8275 |       1.8273 |       1.8276 |       1.8270 |       1.8273 |       1.8276 |       1.8276 |       1.8373 |       1.8380 |       1.8374 |       1.8374 |       1.8368 |       1.8375 |       1.8375 |       1.8379 |       1.8152 |       1.8161 |       1.8153 |       1.8152 |       1.8150 |       1.8153 |       1.8163 |       1.8153 |       1.8189 |       1.8188 |       1.8184 |       1.8194 |       1.8184 |       1.8190 |       1.8188 |       1.8189 |       1.8236 |       1.8240 |       1.8230 |       1.8239 |       1.8234 |       1.8226 |       1.8244 |       1.8235 |       1.8123 |       1.8117 |       1.8119 |       1.8128 |       1.8112 |       1.8124 |       1.8122 |       1.8130 |       1.8267 |       1.8272 |       1.8267 |       1.8266 |       1.8264 |       1.8264 |       1.8271 |       1.8264 |       1.8127 |       1.8136 |       1.8128 |       1.8128 |       1.8127 |       1.8125 |       1.8127 |       1.8122 |       1.8144 |       1.8140 |       1.8143 |       1.8143 |       1.8139 |       1.8144 |       1.8144 |       1.8145 |       1.8232 |       1.8232 |       1.8243 |       1.8229 |       1.8232 |       1.8230 |       1.8233 |       1.8233 |       1.8250 |       1.8255 |       1.8255 |       1.8249 |       1.8248 |       1.8254 |       1.8251 |       1.8248 |       1.8319 |       1.8316 |       1.8312 |       1.8310 |       1.8321 |       1.8323 |       1.8315 |       1.8312 |       1.8202 |       1.8201 |       1.8201 |       1.8207 |       1.8211 |       1.8207 |       1.8210 |       1.8201 |       1.8187 |       1.8192 |       1.8185 |       1.8192 |       1.8191 |       1.8186 |       1.8185 |       1.8192 |       1.8214 |       1.8211 |       1.8217 |       1.8227 |       1.8211 |       1.8211 |       1.8217 |       1.8212 |
|      Clock [MHz]     |   2672.2430 |   2672.3751 |   2671.7204 |   2672.3496 |   2672.3349 |   2671.9611 |   2672.2270 |   2671.6877 |   2661.0400 |   2660.9978 |   2660.9896 |   2661.0557 |   2661.1728 |   2660.5366 |   2660.6373 |   2660.1470 |   2681.3967 |   2681.3180 |   2681.3523 |   2681.4326 |   2681.4925 |   2681.5267 |   2681.4140 |   2681.4749 |   2671.3157 |   2671.2410 |   2670.7425 |   2671.4082 |   2670.7786 |   2671.1412 |   2671.1556 |   2671.0467 |   2650.2934 |   2650.3957 |   2649.6747 |   2650.5910 |   2650.5722 |   2650.2747 |   2650.4609 |   2650.4226 |   2669.3566 |   2668.9328 |   2669.1467 |   2669.0416 |   2669.7772 |   2669.3783 |   2669.7416 |   2669.5284 |   2678.1468 |   2678.2152 |   2677.6722 |   2677.4072 |   2678.3798 |   2678.3767 |   2678.1643 |   2678.2565 |   2661.1725 |   2661.3648 |   2661.4747 |   2661.2643 |   2660.7882 |   2661.3441 |   2661.1392 |   2661.4683 |   2658.0155 |   2658.4548 |   2658.0542 |   2657.7676 |   2658.0439 |   2658.0319 |   2657.9684 |   2658.0228 |   2690.2949 |   2690.2040 |   2690.4206 |   2690.6763 |   2690.7063 |   2690.7411 |   2690.7034 |   2690.2082 |   2674.0168 |   2673.5195 |   2673.3621 |   2673.6649 |   2673.9297 |   2673.4650 |   2673.5227 |   2673.5172 |   2670.6498 |   2670.8846 |   2671.0262 |   2671.2071 |   2671.1371 |   2671.3334 |   2671.0329 |   2671.0083 |   2682.6771 |   2683.1947 |   2683.1566 |   2682.8059 |    2682.7772 |    2682.7428 |    2683.5427 |    2683.5186 |    2667.0655 |    2666.4612 |    2666.9973 |    2666.3080 |    2666.2739 |    2667.1035 |    2666.3449 |    2666.3647 |    2676.4796 |    2677.1765 |    2677.1954 |    2676.9783 |    2676.9880 |    2677.0684 |    2677.0815 |    2677.0063 |    2660.1698 |    2660.4549 |    2660.3588 |    2660.3486 |    2660.2234 |    2660.3670 |    2660.4710 |    2660.2850 |    2652.9795 |    2653.0126 |    2652.9204 |    2653.0153 |    2652.9778 |    2653.0201 |    2652.2986 |    2653.4176 |    2678.9560 |    2678.4575 |    2679.6534 |    2679.1060 |    2679.2158 |    2679.6593 |    2679.1038 |    2679.1076 |    2694.7645 |    2693.8795 |    2694.0667 |    2694.6051 |    2694.2932 |    2694.1744 |    2694.1956 |    2693.7897 |    2662.6105 |    2663.2887 |    2662.7018 |    2662.6050 |    2662.1859 |    2662.6625 |    2663.7301 |    2662.7055 |    2667.3039 |    2668.0106 |    2668.3066 |    2668.1762 |    2668.0378 |    2667.4071 |    2667.9303 |    2668.1780 |    2673.9298 |    2674.4856 |    2673.8467 |    2674.6578 |    2673.7522 |    2673.2646 |    2674.8034 |    2673.8934 |    2657.3823 |    2657.2045 |    2657.3535 |    2657.8908 |    2656.5558 |    2657.9995 |    2657.2828 |    2658.0845 |    2679.3471 |    2680.2842 |    2679.6955 |    2679.7543 |    2679.3586 |    2679.2234 |    2679.7001 |    2679.0769 |    2658.1073 |    2659.0364 |    2658.0957 |    2658.1588 |    2657.9975 |    2658.7566 |    2658.0741 |    2658.0594 |    2660.6410 |    2660.6752 |    2661.0627 |    2660.5269 |    2660.6106 |    2660.6180 |    2660.6017 |    2660.7103 |    2674.1000 |    2674.1636 |    2675.5482 |    2674.9542 |    2674.1296 |    2675.3970 |    2674.0573 |    2674.4830 |    2677.0517 |    2676.6777 |    2677.0594 |    2676.6022 |    2676.5923 |    2676.5992 |    2677.0974 |    2676.5269 |    2687.3537 |    2686.5651 |    2687.5122 |    2687.0329 |    2686.6285 |    2687.6500 |    2686.5666 |    2687.0948 |    2670.1908 |    2669.6387 |    2669.6155 |    2670.3547 |    2669.8251 |    2669.7087 |    2669.3974 |    2669.6771 |    2667.6744 |    2667.7316 |    2667.7732 |    2667.7452 |    2667.7097 |    2667.7024 |    2667.6190 |    2667.8142 |    2671.3318 |    2671.1690 |    2671.2539 |    2672.2751 |    2671.1733 |    2671.2036 |    2671.2414 |    2671.1998 |
|          CPI         |      0.2384 |      0.2386 |      0.2386 |      0.2385 |      0.2386 |      0.2386 |      0.2386 |      0.2386 |      0.2375 |      0.2375 |      0.2375 |      0.2375 |      0.2376 |      0.2375 |      0.2380 |      0.2380 |      0.2392 |      0.2393 |      0.2393 |      0.2393 |      0.2393 |      0.2393 |      0.2392 |      0.2393 |      0.2384 |      0.2384 |      0.2384 |      0.2384 |      0.2385 |      0.2384 |      0.2384 |      0.2383 |      0.2369 |      0.2368 |      0.2368 |      0.2369 |      0.2366 |      0.2369 |      0.2368 |      0.2368 |      0.2383 |      0.2382 |      0.2383 |      0.2382 |      0.2383 |      0.2382 |      0.2383 |      0.2383 |      0.2390 |      0.2390 |      0.2389 |      0.2390 |      0.2389 |      0.2389 |      0.2389 |      0.2390 |      0.2375 |      0.2376 |      0.2376 |      0.2376 |      0.2375 |      0.2375 |      0.2375 |      0.2375 |      0.2373 |      0.2373 |      0.2374 |      0.2373 |      0.2374 |      0.2374 |      0.2374 |      0.2374 |      0.2407 |      0.2408 |      0.2402 |      0.2401 |      0.2402 |      0.2402 |      0.2401 |      0.2400 |      0.2387 |      0.2386 |      0.2386 |      0.2386 |      0.2387 |      0.2386 |      0.2386 |      0.2387 |      0.2384 |      0.2384 |      0.2384 |      0.2385 |      0.2385 |      0.2385 |      0.2384 |      0.2384 |      0.2396 |      0.2395 |      0.2402 |      0.2396 |       0.2395 |       0.2396 |       0.2396 |       0.2396 |       0.2382 |       0.2380 |       0.2382 |       0.2382 |       0.2380 |       0.2382 |       0.2381 |       0.2381 |       0.2389 |       0.2391 |       0.2390 |       0.2391 |       0.2390 |       0.2389 |       0.2390 |       0.2390 |       0.2375 |       0.2376 |       0.2375 |       0.2375 |       0.2375 |       0.2375 |       0.2375 |       0.2375 |       0.2367 |       0.2367 |       0.2367 |       0.2367 |       0.2367 |       0.2367 |       0.2367 |       0.2367 |       0.2396 |       0.2396 |       0.2389 |       0.2391 |       0.2388 |       0.2389 |       0.2393 |       0.2392 |       0.2403 |       0.2408 |       0.2402 |       0.2403 |       0.2403 |       0.2403 |       0.2403 |       0.2407 |       0.2375 |       0.2376 |       0.2375 |       0.2375 |       0.2376 |       0.2375 |       0.2375 |       0.2375 |       0.2380 |       0.2380 |       0.2379 |       0.2380 |       0.2380 |       0.2380 |       0.2380 |       0.2380 |       0.2386 |       0.2385 |       0.2385 |       0.2385 |       0.2385 |       0.2385 |       0.2385 |       0.2385 |       0.2372 |       0.2370 |       0.2370 |       0.2370 |       0.2370 |       0.2370 |       0.2370 |       0.2371 |       0.2390 |       0.2389 |       0.2390 |       0.2390 |       0.2390 |       0.2390 |       0.2390 |       0.2390 |       0.2372 |       0.2372 |       0.2372 |       0.2372 |       0.2372 |       0.2372 |       0.2372 |       0.2372 |       0.2374 |       0.2374 |       0.2374 |       0.2374 |       0.2374 |       0.2375 |       0.2374 |       0.2374 |       0.2386 |       0.2386 |       0.2385 |       0.2386 |       0.2386 |       0.2386 |       0.2386 |       0.2385 |       0.2387 |       0.2388 |       0.2388 |       0.2387 |       0.2387 |       0.2388 |       0.2387 |       0.2387 |       0.2396 |       0.2396 |       0.2396 |       0.2396 |       0.2396 |       0.2396 |       0.2396 |       0.2396 |       0.2381 |       0.2382 |       0.2381 |       0.2381 |       0.2382 |       0.2381 |       0.2382 |       0.2381 |       0.2379 |       0.2380 |       0.2379 |       0.2379 |       0.2380 |       0.2379 |       0.2378 |       0.2379 |       0.2382 |       0.2383 |       0.2383 |       0.2383 |       0.2383 |       0.2383 |       0.2383 |       0.2383 |
|     SP [MFLOP/s]     | 140569.3183 | 140566.7113 | 140569.4717 | 140602.2976 | 140569.3950 | 140569.2417 | 140569.2417 | 140573.6891 | 140563.6444 | 140588.9506 | 140569.0883 | 140556.9743 | 140529.3039 | 140558.0476 | 140339.5077 | 140335.6100 | 140602.8346 | 140573.2290 | 140571.1586 | 140570.0084 | 140576.6798 | 140570.3918 | 140596.2374 | 140574.1492 | 140566.7113 | 140566.7113 | 140561.1143 | 140560.8076 | 140518.4227 | 140568.3982 | 140568.4749 | 140602.6044 | 140574.1492 | 140602.5277 | 140602.4510 | 140571.1586 | 140576.2197 | 140576.0663 | 140574.0725 | 140602.5277 | 140538.5772 | 140569.1650 | 140534.8218 | 140576.7565 | 140561.1143 | 140576.2964 | 140535.9714 | 140536.7378 | 140571.6187 | 140571.2353 | 140602.2208 | 140576.2197 | 140602.2208 | 140602.2208 | 140602.2208 | 140576.5264 | 140573.4591 | 140551.8380 | 140559.5043 | 140536.6612 | 140564.1811 | 140558.6609 | 140602.9113 | 140565.4846 | 140594.5499 | 140602.3743 | 140566.7880 | 140602.3743 | 140539.4203 | 140559.9643 | 140555.2110 | 140557.2043 | 140338.6670 | 140294.7356 | 140537.5042 | 140561.4210 | 140538.6539 | 140537.5809 | 140561.4210 | 140588.4137 | 140574.2259 | 140587.8001 | 140602.6044 | 140587.6467 | 140576.4497 | 140602.6811 | 140588.9506 | 140574.1492 | 140595.7772 | 140574.8394 | 140570.9286 | 140566.5580 | 140566.5580 | 140566.4813 | 140602.9113 | 140571.0820 | 140557.5109 | 140595.9306 | 140301.2280 | 140561.1143 |  140589.1040 |  140530.0702 |  140553.5245 |  140561.1143 |  140537.0444 |  140603.0647 |  140517.7331 |  140539.4970 |  140595.0868 |  140536.0480 |  140560.0409 |  140567.0180 |  140595.6238 |  140540.1101 |  140540.1101 |  140540.0335 |  140538.8838 |  140587.8768 |  140558.5843 |  140566.7880 |  140596.0840 |  140539.6503 |  140569.5484 |  140563.5677 |  140568.7049 |  140568.7816 |  140563.5677 |  140589.1040 |  140595.1635 |  140589.7943 |  140603.6784 |  140582.5082 |  140582.5082 |  140589.9477 |  140589.8710 |  140597.6949 |  140304.2835 |  140304.2835 |  140567.0947 |  140487.2443 |  140597.0812 |  140569.0116 |  140423.7047 |  140446.0518 |  140556.8210 |  140341.8006 |  140574.6093 |  140553.3712 |  140557.6643 |  140570.6219 |  140550.2281 |  140394.9394 |  140602.2208 |  140582.5082 |  140595.8539 |  140596.2374 |  140579.2872 |  140595.9306 |  140596.0073 |  140602.9880 |  140570.3918 |  140570.3918 |  140596.4675 |  140570.5452 |  140577.0632 |  140567.5548 |  140570.9286 |  140576.9865 |  140517.8097 |  140567.4014 |  140594.6266 |  140560.5009 |  140569.5484 |  140596.5443 |  140561.2676 |  140568.7816 |  140527.2348 |  140587.8768 |  140587.8768 |  140573.6891 |  140596.0073 |  140595.8539 |  140573.6891 |  140560.6543 |  140596.0073 |  140603.2948 |  140584.9624 |  140585.1158 |  140558.8909 |  140560.0409 |  140569.8551 |  140557.6643 |  140563.8744 |  140558.8909 |  140577.2933 |  140564.4878 |  140567.1714 |  140576.9099 |  140567.3247 |  140576.6031 |  140574.9160 |  140598.5387 |  140574.0725 |  140574.5326 |  140596.1607 |  140571.5420 |  140573.6891 |  140571.6954 |  140585.1158 |  140576.4497 |  140596.0073 |  140585.0391 |  140553.1412 |  140596.0073 |  140588.1069 |  140596.6210 |  140601.7606 |  140566.8647 |  140570.3152 |  140576.7565 |  140602.6044 |  140568.8583 |  140576.7565 |  140602.6811 |  140576.6798 |  140596.4675 |  140596.3908 |  140585.4225 |  140576.5264 |  140589.4875 |  140596.5443 |  140587.9535 |  140602.2976 |  140552.6046 |  140602.1441 |  140602.3743 |  140532.4460 |  140569.4717 |  140539.5736 |  140602.2976 |  140588.1069 |  140536.8911 |  140563.7211 |  140574.4559 |  140539.6503 |  140596.0840 |  140602.6811 |  140587.8001 |  140582.6616 |  140576.4497 |  140560.8843 |  140555.0577 |  140576.3731 |  140576.3731 |  140567.3247 |  140587.9535 |
+----------------------+-------------+-------------+-------------+-------------+-------------+-------------+-------------+-------------+-------------+-------------+-------------+-------------+-------------+-------------+-------------+-------------+-------------+-------------+-------------+-------------+-------------+-------------+-------------+-------------+-------------+-------------+-------------+-------------+-------------+-------------+-------------+-------------+-------------+-------------+-------------+-------------+-------------+-------------+-------------+-------------+-------------+-------------+-------------+-------------+-------------+-------------+-------------+-------------+-------------+-------------+-------------+-------------+-------------+-------------+-------------+-------------+-------------+-------------+-------------+-------------+-------------+-------------+-------------+-------------+-------------+-------------+-------------+-------------+-------------+-------------+-------------+-------------+-------------+-------------+-------------+-------------+-------------+-------------+-------------+-------------+-------------+-------------+-------------+-------------+-------------+-------------+-------------+-------------+-------------+-------------+-------------+-------------+-------------+-------------+-------------+-------------+-------------+-------------+-------------+-------------+--------------+--------------+--------------+--------------+--------------+--------------+--------------+--------------+--------------+--------------+--------------+--------------+--------------+--------------+--------------+--------------+--------------+--------------+--------------+--------------+--------------+--------------+--------------+--------------+--------------+--------------+--------------+--------------+--------------+--------------+--------------+--------------+--------------+--------------+--------------+--------------+--------------+--------------+--------------+--------------+--------------+--------------+--------------+--------------+--------------+--------------+--------------+--------------+--------------+--------------+--------------+--------------+--------------+--------------+--------------+--------------+--------------+--------------+--------------+--------------+--------------+--------------+--------------+--------------+--------------+--------------+--------------+--------------+--------------+--------------+--------------+--------------+--------------+--------------+--------------+--------------+--------------+--------------+--------------+--------------+--------------+--------------+--------------+--------------+--------------+--------------+--------------+--------------+--------------+--------------+--------------+--------------+--------------+--------------+--------------+--------------+--------------+--------------+--------------+--------------+--------------+--------------+--------------+--------------+--------------+--------------+--------------+--------------+--------------+--------------+--------------+--------------+--------------+--------------+--------------+--------------+--------------+--------------+--------------+--------------+--------------+--------------+--------------+--------------+--------------+--------------+--------------+--------------+--------------+--------------+--------------+--------------+--------------+--------------+--------------+--------------+--------------+--------------+--------------+--------------+--------------+--------------+--------------+--------------+--------------+--------------+--------------+--------------+--------------+--------------+--------------+--------------+--------------+--------------+--------------+--------------+
+---------------------------+--------------+-------------+-------------+-------------+
|           Metric          |      Sum     |     Min     |     Max     |     Avg     |
+---------------------------+--------------+-------------+-------------+-------------+
|  Runtime (RDTSC) [s] STAT |     469.3295 |      1.8328 |      1.8368 |      1.8333 |
| Runtime unhalted [s] STAT |     466.1811 |      1.8065 |      1.8380 |      1.8210 |
|      Clock [MHz] STAT     |  683673.0534 |   2649.6747 |   2694.7645 |   2670.5979 |
|          CPI STAT         |      61.0131 |      0.2366 |      0.2408 |      0.2383 |
|     SP [MFLOP/s] STAT     | 3.598433e+07 | 140294.7356 | 140603.6784 | 140563.7921 |
+---------------------------+--------------+-------------+-------------+-------------+
