--------------------------------------------------------------------------------
CPU name:	AMD EPYC 9755 128-Core Processor               
CPU type:	AMD K1A (Zen5) architecture
CPU clock:	2.70 GHz
--------------------------------------------------------------------------------
Region bench, Group 1: FLOPS_SP
+-------------------+------------+------------+------------+------------+------------+------------+------------+------------+------------+------------+-------------+-------------+-------------+-------------+-------------+-------------+-------------+-------------+-------------+-------------+-------------+-------------+-------------+-------------+-------------+-------------+-------------+-------------+-------------+-------------+-------------+-------------+-------------+-------------+-------------+-------------+-------------+-------------+-------------+-------------+-------------+-------------+-------------+-------------+-------------+-------------+-------------+-------------+-------------+-------------+-------------+-------------+-------------+-------------+-------------+-------------+-------------+-------------+-------------+-------------+-------------+-------------+-------------+-------------+-------------+-------------+-------------+-------------+-------------+-------------+-------------+-------------+-------------+-------------+-------------+-------------+-------------+-------------+-------------+-------------+-------------+-------------+-------------+-------------+-------------+-------------+-------------+-------------+-------------+-------------+-------------+-------------+-------------+-------------+-------------+-------------+-------------+-------------+-------------+-------------+--------------+--------------+--------------+--------------+--------------+--------------+--------------+--------------+--------------+--------------+--------------+--------------+--------------+--------------+--------------+--------------+--------------+--------------+--------------+--------------+--------------+--------------+--------------+--------------+--------------+--------------+--------------+--------------+--------------+--------------+--------------+--------------+--------------+--------------+--------------+--------------+--------------+--------------+--------------+--------------+--------------+--------------+--------------+--------------+--------------+--------------+--------------+--------------+--------------+--------------+--------------+--------------+--------------+--------------+--------------+--------------+--------------+--------------+--------------+--------------+--------------+--------------+--------------+--------------+--------------+--------------+--------------+--------------+--------------+--------------+--------------+--------------+--------------+--------------+--------------+--------------+--------------+--------------+--------------+--------------+--------------+--------------+--------------+--------------+--------------+--------------+--------------+--------------+--------------+--------------+--------------+--------------+--------------+--------------+--------------+--------------+--------------+--------------+--------------+--------------+--------------+--------------+--------------+--------------+--------------+--------------+--------------+--------------+--------------+--------------+--------------+--------------+--------------+--------------+--------------+--------------+--------------+--------------+--------------+--------------+--------------+--------------+--------------+--------------+--------------+--------------+--------------+--------------+--------------+--------------+--------------+--------------+--------------+--------------+--------------+--------------+--------------+--------------+--------------+--------------+--------------+--------------+--------------+--------------+--------------+--------------+--------------+--------------+--------------+--------------+--------------+--------------+--------------+--------------+--------------+--------------+
|    Region Info    | HWThread 0 | HWThread 1 | HWThread 2 | HWThread 3 | HWThread 4 | HWThread 5 | HWThread 6 | HWThread 7 | HWThread 8 | HWThread 9 | HWThread 10 | HWThread 11 | HWThread 12 | HWThread 13 | HWThread 14 | HWThread 15 | HWThread 16 | HWThread 17 | HWThread 18 | HWThread 19 | HWThread 20 | HWThread 21 | HWThread 22 | HWThread 23 | HWThread 24 | HWThread 25 | HWThread 26 | HWThread 27 | HWThread 28 | HWThread 29 | HWThread 30 | HWThread 31 | HWThread 32 | HWThread 33 | HWThread 34 | HWThread 35 | HWThread 36 | HWThread 37 | HWThread 38 | HWThread 39 | HWThread 40 | HWThread 41 | HWThread 42 | HWThread 43 | HWThread 44 | HWThread 45 | HWThread 46 | HWThread 47 | HWThread 48 | HWThread 49 | HWThread 50 | HWThread 51 | HWThread 52 | HWThread 53 | HWThread 54 | HWThread 55 | HWThread 56 | HWThread 57 | HWThread 58 | HWThread 59 | HWThread 60 | HWThread 61 | HWThread 62 | HWThread 63 | HWThread 64 | HWThread 65 | HWThread 66 | HWThread 67 | HWThread 68 | HWThread 69 | HWThread 70 | HWThread 71 | HWThread 72 | HWThread 73 | HWThread 74 | HWThread 75 | HWThread 76 | HWThread 77 | HWThread 78 | HWThread 79 | HWThread 80 | HWThread 81 | HWThread 82 | HWThread 83 | HWThread 84 | HWThread 85 | HWThread 86 | HWThread 87 | HWThread 88 | HWThread 89 | HWThread 90 | HWThread 91 | HWThread 92 | HWThread 93 | HWThread 94 | HWThread 95 | HWThread 96 | HWThread 97 | HWThread 98 | HWThread 99 | HWThread 100 | HWThread 101 | HWThread 102 | HWThread 103 | HWThread 104 | HWThread 105 | HWThread 106 | HWThread 107 | HWThread 108 | HWThread 109 | HWThread 110 | HWThread 111 | HWThread 112 | HWThread 113 | HWThread 114 | HWThread 115 | HWThread 116 | HWThread 117 | HWThread 118 | HWThread 119 | HWThread 120 | HWThread 121 | HWThread 122 | HWThread 123 | HWThread 124 | HWThread 125 | HWThread 126 | HWThread 127 | HWThread 128 | HWThread 129 | HWThread 130 | HWThread 131 | HWThread 132 | HWThread 133 | HWThread 134 | HWThread 135 | HWThread 136 | HWThread 137 | HWThread 138 | HWThread 139 | HWThread 140 | HWThread 141 | HWThread 142 | HWThread 143 | HWThread 144 | HWThread 145 | HWThread 146 | HWThread 147 | HWThread 148 | HWThread 149 | HWThread 150 | HWThread 151 | HWThread 152 | HWThread 153 | HWThread 154 | HWThread 155 | HWThread 156 | HWThread 157 | HWThread 158 | HWThread 159 | HWThread 160 | HWThread 161 | HWThread 162 | HWThread 163 | HWThread 164 | HWThread 165 | HWThread 166 | HWThread 167 | HWThread 168 | HWThread 169 | HWThread 170 | HWThread 171 | HWThread 172 | HWThread 173 | HWThread 174 | HWThread 175 | HWThread 176 | HWThread 177 | HWThread 178 | HWThread 179 | HWThread 180 | HWThread 181 | HWThread 182 | HWThread 183 | HWThread 184 | HWThread 185 | HWThread 186 | HWThread 187 | HWThread 188 | HWThread 189 | HWThread 190 | HWThread 191 | HWThread 192 | HWThread 193 | HWThread 194 | HWThread 195 | HWThread 196 | HWThread 197 | HWThread 198 | HWThread 199 | HWThread 200 | HWThread 201 | HWThread 202 | HWThread 203 | HWThread 204 | HWThread 205 | HWThread 206 | HWThread 207 | HWThread 208 | HWThread 209 | HWThread 210 | HWThread 211 | HWThread 212 | HWThread 213 | HWThread 214 | HWThread 215 | HWThread 216 | HWThread 217 | HWThread 218 | HWThread 219 | HWThread 220 | HWThread 221 | HWThread 222 | HWThread 223 | HWThread 224 | HWThread 225 | HWThread 226 | HWThread 227 | HWThread 228 | HWThread 229 | HWThread 230 | HWThread 231 | HWThread 232 | HWThread 233 | HWThread 234 | HWThread 235 | HWThread 236 | HWThread 237 | HWThread 238 | HWThread 239 | HWThread 240 | HWThread 241 | HWThread 242 | HWThread 243 | HWThread 244 | HWThread 245 | HWThread 246 | HWThread 247 | HWThread 248 | HWThread 249 | HWThread 250 | HWThread 251 | HWThread 252 | HWThread 253 | HWThread 254 | HWThread 255 |
+-------------------+------------+------------+------------+------------+------------+------------+------------+------------+------------+------------+-------------+-------------+-------------+-------------+-------------+-------------+-------------+-------------+-------------+-------------+-------------+-------------+-------------+-------------+-------------+-------------+-------------+-------------+-------------+-------------+-------------+-------------+-------------+-------------+-------------+-------------+-------------+-------------+-------------+-------------+-------------+-------------+-------------+-------------+-------------+-------------+-------------+-------------+-------------+-------------+-------------+-------------+-------------+-------------+-------------+-------------+-------------+-------------+-------------+-------------+-------------+-------------+-------------+-------------+-------------+-------------+-------------+-------------+-------------+-------------+-------------+-------------+-------------+-------------+-------------+-------------+-------------+-------------+-------------+-------------+-------------+-------------+-------------+-------------+-------------+-------------+-------------+-------------+-------------+-------------+-------------+-------------+-------------+-------------+-------------+-------------+-------------+-------------+-------------+-------------+--------------+--------------+--------------+--------------+--------------+--------------+--------------+--------------+--------------+--------------+--------------+--------------+--------------+--------------+--------------+--------------+--------------+--------------+--------------+--------------+--------------+--------------+--------------+--------------+--------------+--------------+--------------+--------------+--------------+--------------+--------------+--------------+--------------+--------------+--------------+--------------+--------------+--------------+--------------+--------------+--------------+--------------+--------------+--------------+--------------+--------------+--------------+--------------+--------------+--------------+--------------+--------------+--------------+--------------+--------------+--------------+--------------+--------------+--------------+--------------+--------------+--------------+--------------+--------------+--------------+--------------+--------------+--------------+--------------+--------------+--------------+--------------+--------------+--------------+--------------+--------------+--------------+--------------+--------------+--------------+--------------+--------------+--------------+--------------+--------------+--------------+--------------+--------------+--------------+--------------+--------------+--------------+--------------+--------------+--------------+--------------+--------------+--------------+--------------+--------------+--------------+--------------+--------------+--------------+--------------+--------------+--------------+--------------+--------------+--------------+--------------+--------------+--------------+--------------+--------------+--------------+--------------+--------------+--------------+--------------+--------------+--------------+--------------+--------------+--------------+--------------+--------------+--------------+--------------+--------------+--------------+--------------+--------------+--------------+--------------+--------------+--------------+--------------+--------------+--------------+--------------+--------------+--------------+--------------+--------------+--------------+--------------+--------------+--------------+--------------+--------------+--------------+--------------+--------------+--------------+--------------+
| RDTSC Runtime [s] |   1.836410 |   1.836114 |   1.836115 |   1.835586 |   1.835585 |   1.835692 |   1.836015 |   1.835988 |   1.835994 |   1.836108 |    1.835991 |    1.836178 |    1.836586 |    1.836881 |    1.836179 |    1.835687 |    1.836013 |    1.836149 |    1.836546 |    1.836144 |    1.836024 |    1.836106 |    1.836179 |    1.836014 |    1.836179 |    1.836233 |    1.836219 |    1.836433 |    1.836219 |    1.836219 |    1.836132 |    1.836252 |    1.835684 |    1.835828 |    1.836222 |    1.835770 |    1.835818 |    1.836222 |    1.836105 |    1.835726 |    1.835589 |    1.836189 |    1.836189 |    1.835811 |    1.836124 |    1.835828 |    1.835590 |    1.835811 |    1.836143 |    1.835687 |    1.835686 |    1.836001 |    1.835796 |    1.836001 |    1.835772 |    1.836126 |    1.835660 |    1.835659 |    1.835659 |    1.835733 |    1.835662 |    1.835685 |    1.835704 |    1.835814 |    1.836242 |    1.835775 |    1.836601 |    1.835686 |    1.836990 |    1.835869 |    1.835689 |    1.836585 |    1.835701 |    1.836581 |    1.835930 |    1.835701 |    1.835688 |    1.835684 |    1.835684 |    1.835702 |    1.836091 |    1.835683 |    1.836001 |    1.835612 |    1.836019 |    1.835766 |    1.836451 |    1.835593 |    1.836883 |    1.835731 |    1.836453 |    1.835699 |    1.836586 |    1.835732 |    1.835691 |    1.836114 |    1.837163 |    1.836029 |    1.835819 |    1.836123 |     1.836108 |     1.836197 |     1.837002 |     1.836241 |     1.836586 |     1.835599 |     1.835709 |     1.835680 |     1.835617 |     1.835737 |     1.835704 |     1.835688 |     1.836515 |     1.836201 |     1.836188 |     1.835738 |     1.835737 |     1.836003 |     1.835736 |     1.835674 |     1.836181 |     1.836181 |     1.837132 |     1.836168 |     1.836148 |     1.836449 |     1.836121 |     1.836140 |     1.836496 |     1.836496 |     1.835739 |     1.835756 |     1.836206 |     1.836120 |     1.836206 |     1.837219 |     1.835869 |     1.836006 |     1.836880 |     1.835666 |     1.835667 |     1.835667 |     1.835732 |     1.835600 |     1.836143 |     1.835785 |     1.835686 |     1.836123 |     1.835726 |     1.836144 |     1.835687 |     1.835687 |     1.835755 |     1.835723 |     1.835779 |     1.836005 |     1.836458 |     1.835966 |     1.836022 |     1.835779 |     1.836456 |     1.836456 |     1.835618 |     1.836125 |     1.836258 |     1.836529 |     1.836884 |     1.836538 |     1.835587 |     1.836497 |     1.836033 |     1.835592 |     1.835778 |     1.835812 |     1.835664 |     1.835692 |     1.835817 |     1.836605 |     1.835778 |     1.835727 |     1.836606 |     1.835596 |     1.835779 |     1.835661 |     1.836483 |     1.835683 |     1.836111 |     1.836483 |     1.836000 |     1.835677 |     1.835699 |     1.836648 |     1.835735 |     1.836159 |     1.836156 |     1.836113 |     1.835782 |     1.836125 |     1.835721 |     1.836156 |     1.835662 |     1.836032 |     1.835824 |     1.836126 |     1.836456 |     1.835721 |     1.835663 |     1.835661 |     1.836273 |     1.836005 |     1.836421 |     1.835591 |     1.835733 |     1.835699 |     1.836183 |     1.835691 |     1.835688 |     1.835830 |     1.835830 |     1.835704 |     1.835691 |     1.835935 |     1.835644 |     1.835829 |     1.836549 |     1.836454 |     1.837093 |     1.836570 |     1.836132 |     1.837144 |     1.836018 |     1.836568 |     1.836892 |     1.836546 |     1.836891 |     1.836585 |     1.836607 |     1.836899 |     1.836683 |     1.836899 |     1.835998 |     1.835597 |     1.835621 |     1.836590 |     1.836590 |     1.836705 |     1.836416 |     1.835594 |     1.835702 |     1.835705 |     1.835705 |     1.835682 |     1.835708 |     1.835673 |     1.835673 |     1.835702 |
|     call count    |          1 |          1 |          1 |          1 |          1 |          1 |          1 |          1 |          1 |          1 |           1 |           1 |           1 |           1 |           1 |           1 |           1 |           1 |           1 |           1 |           1 |           1 |           1 |           1 |           1 |           1 |           1 |           1 |           1 |           1 |           1 |           1 |           1 |           1 |           1 |           1 |           1 |           1 |           1 |           1 |           1 |           1 |           1 |           1 |           1 |           1 |           1 |           1 |           1 |           1 |           1 |           1 |           1 |           1 |           1 |           1 |           1 |           1 |           1 |           1 |           1 |           1 |           1 |           1 |           1 |           1 |           1 |           1 |           1 |           1 |           1 |           1 |           1 |           1 |           1 |           1 |           1 |           1 |           1 |           1 |           1 |           1 |           1 |           1 |           1 |           1 |           1 |           1 |           1 |           1 |           1 |           1 |           1 |           1 |           1 |           1 |           1 |           1 |           1 |           1 |            1 |            1 |            1 |            1 |            1 |            1 |            1 |            1 |            1 |            1 |            1 |            1 |            1 |            1 |            1 |            1 |            1 |            1 |            1 |            1 |            1 |            1 |            1 |            1 |            1 |            1 |            1 |            1 |            1 |            1 |            1 |            1 |            1 |            1 |            1 |            1 |            1 |            1 |            1 |            1 |            1 |            1 |            1 |            1 |            1 |            1 |            1 |            1 |            1 |            1 |            1 |            1 |            1 |            1 |            1 |            1 |            1 |            1 |            1 |            1 |            1 |            1 |            1 |            1 |            1 |            1 |            1 |            1 |            1 |            1 |            1 |            1 |            1 |            1 |            1 |            1 |            1 |            1 |            1 |            1 |            1 |            1 |            1 |            1 |            1 |            1 |            1 |            1 |            1 |            1 |            1 |            1 |            1 |            1 |            1 |            1 |            1 |            1 |            1 |            1 |            1 |            1 |            1 |            1 |            1 |            1 |            1 |            1 |            1 |            1 |            1 |            1 |            1 |            1 |            1 |            1 |            1 |            1 |            1 |            1 |            1 |            1 |            1 |            1 |            1 |            1 |            1 |            1 |            1 |            1 |            1 |            1 |            1 |            1 |            1 |            1 |            1 |            1 |            1 |            1 |            1 |            1 |            1 |            1 |            1 |            1 |            1 |            1 |            1 |            1 |            1 |            1 |            1 |            1 |            1 |            1 |
+-------------------+------------+------------+------------+------------+------------+------------+------------+------------+------------+------------+-------------+-------------+-------------+-------------+-------------+-------------+-------------+-------------+-------------+-------------+-------------+-------------+-------------+-------------+-------------+-------------+-------------+-------------+-------------+-------------+-------------+-------------+-------------+-------------+-------------+-------------+-------------+-------------+-------------+-------------+-------------+-------------+-------------+-------------+-------------+-------------+-------------+-------------+-------------+-------------+-------------+-------------+-------------+-------------+-------------+-------------+-------------+-------------+-------------+-------------+-------------+-------------+-------------+-------------+-------------+-------------+-------------+-------------+-------------+-------------+-------------+-------------+-------------+-------------+-------------+-------------+-------------+-------------+-------------+-------------+-------------+-------------+-------------+-------------+-------------+-------------+-------------+-------------+-------------+-------------+-------------+-------------+-------------+-------------+-------------+-------------+-------------+-------------+-------------+-------------+--------------+--------------+--------------+--------------+--------------+--------------+--------------+--------------+--------------+--------------+--------------+--------------+--------------+--------------+--------------+--------------+--------------+--------------+--------------+--------------+--------------+--------------+--------------+--------------+--------------+--------------+--------------+--------------+--------------+--------------+--------------+--------------+--------------+--------------+--------------+--------------+--------------+--------------+--------------+--------------+--------------+--------------+--------------+--------------+--------------+--------------+--------------+--------------+--------------+--------------+--------------+--------------+--------------+--------------+--------------+--------------+--------------+--------------+--------------+--------------+--------------+--------------+--------------+--------------+--------------+--------------+--------------+--------------+--------------+--------------+--------------+--------------+--------------+--------------+--------------+--------------+--------------+--------------+--------------+--------------+--------------+--------------+--------------+--------------+--------------+--------------+--------------+--------------+--------------+--------------+--------------+--------------+--------------+--------------+--------------+--------------+--------------+--------------+--------------+--------------+--------------+--------------+--------------+--------------+--------------+--------------+--------------+--------------+--------------+--------------+--------------+--------------+--------------+--------------+--------------+--------------+--------------+--------------+--------------+--------------+--------------+--------------+--------------+--------------+--------------+--------------+--------------+--------------+--------------+--------------+--------------+--------------+--------------+--------------+--------------+--------------+--------------+--------------+--------------+--------------+--------------+--------------+--------------+--------------+--------------+--------------+--------------+--------------+--------------+--------------+--------------+--------------+--------------+--------------+--------------+--------------+
+-------------------------------------+---------+--------------+--------------+--------------+--------------+--------------+--------------+--------------+--------------+--------------+--------------+--------------+--------------+--------------+--------------+--------------+--------------+--------------+--------------+--------------+--------------+--------------+--------------+--------------+--------------+--------------+--------------+--------------+--------------+--------------+--------------+--------------+--------------+--------------+--------------+--------------+--------------+--------------+--------------+--------------+--------------+--------------+--------------+--------------+--------------+--------------+--------------+--------------+--------------+--------------+--------------+--------------+--------------+--------------+--------------+--------------+--------------+--------------+--------------+--------------+--------------+--------------+--------------+--------------+--------------+--------------+--------------+--------------+--------------+--------------+--------------+--------------+--------------+--------------+--------------+--------------+--------------+--------------+--------------+--------------+--------------+--------------+--------------+--------------+--------------+--------------+--------------+--------------+--------------+--------------+--------------+--------------+--------------+--------------+--------------+--------------+--------------+--------------+--------------+--------------+--------------+--------------+--------------+--------------+--------------+--------------+--------------+--------------+--------------+--------------+--------------+--------------+--------------+--------------+--------------+--------------+--------------+--------------+--------------+--------------+--------------+--------------+--------------+--------------+--------------+--------------+--------------+--------------+--------------+--------------+--------------+--------------+--------------+--------------+--------------+--------------+--------------+--------------+--------------+--------------+--------------+--------------+--------------+--------------+--------------+--------------+--------------+--------------+--------------+--------------+--------------+--------------+--------------+--------------+--------------+--------------+--------------+--------------+--------------+--------------+--------------+--------------+--------------+--------------+--------------+--------------+--------------+--------------+--------------+--------------+--------------+--------------+--------------+--------------+--------------+--------------+--------------+--------------+--------------+--------------+--------------+--------------+--------------+--------------+--------------+--------------+--------------+--------------+--------------+--------------+--------------+--------------+--------------+--------------+--------------+--------------+--------------+--------------+--------------+--------------+--------------+--------------+--------------+--------------+--------------+--------------+--------------+--------------+--------------+--------------+--------------+--------------+--------------+--------------+--------------+--------------+--------------+--------------+--------------+--------------+--------------+--------------+--------------+--------------+--------------+--------------+--------------+--------------+--------------+--------------+--------------+--------------+--------------+--------------+--------------+--------------+--------------+--------------+--------------+--------------+--------------+--------------+--------------+--------------+--------------+--------------+--------------+--------------+--------------+--------------+--------------+--------------+--------------+--------------+--------------+--------------+--------------+
|                Event                | Counter |  HWThread 0  |  HWThread 1  |  HWThread 2  |  HWThread 3  |  HWThread 4  |  HWThread 5  |  HWThread 6  |  HWThread 7  |  HWThread 8  |  HWThread 9  |  HWThread 10 |  HWThread 11 |  HWThread 12 |  HWThread 13 |  HWThread 14 |  HWThread 15 |  HWThread 16 |  HWThread 17 |  HWThread 18 |  HWThread 19 |  HWThread 20 |  HWThread 21 |  HWThread 22 |  HWThread 23 |  HWThread 24 |  HWThread 25 |  HWThread 26 |  HWThread 27 |  HWThread 28 |  HWThread 29 |  HWThread 30 |  HWThread 31 |  HWThread 32 |  HWThread 33 |  HWThread 34 |  HWThread 35 |  HWThread 36 |  HWThread 37 |  HWThread 38 |  HWThread 39 |  HWThread 40 |  HWThread 41 |  HWThread 42 |  HWThread 43 |  HWThread 44 |  HWThread 45 |  HWThread 46 |  HWThread 47 |  HWThread 48 |  HWThread 49 |  HWThread 50 |  HWThread 51 |  HWThread 52 |  HWThread 53 |  HWThread 54 |  HWThread 55 |  HWThread 56 |  HWThread 57 |  HWThread 58 |  HWThread 59 |  HWThread 60 |  HWThread 61 |  HWThread 62 |  HWThread 63 |  HWThread 64 |  HWThread 65 |  HWThread 66 |  HWThread 67 |  HWThread 68 |  HWThread 69 |  HWThread 70 |  HWThread 71 |  HWThread 72 |  HWThread 73 |  HWThread 74 |  HWThread 75 |  HWThread 76 |  HWThread 77 |  HWThread 78 |  HWThread 79 |  HWThread 80 |  HWThread 81 |  HWThread 82 |  HWThread 83 |  HWThread 84 |  HWThread 85 |  HWThread 86 |  HWThread 87 |  HWThread 88 |  HWThread 89 |  HWThread 90 |  HWThread 91 |  HWThread 92 |  HWThread 93 |  HWThread 94 |  HWThread 95 |  HWThread 96 |  HWThread 97 |  HWThread 98 |  HWThread 99 | HWThread 100 | HWThread 101 | HWThread 102 | HWThread 103 | HWThread 104 | HWThread 105 | HWThread 106 | HWThread 107 | HWThread 108 | HWThread 109 | HWThread 110 | HWThread 111 | HWThread 112 | HWThread 113 | HWThread 114 | HWThread 115 | HWThread 116 | HWThread 117 | HWThread 118 | HWThread 119 | HWThread 120 | HWThread 121 | HWThread 122 | HWThread 123 | HWThread 124 | HWThread 125 | HWThread 126 | HWThread 127 | HWThread 128 | HWThread 129 | HWThread 130 | HWThread 131 | HWThread 132 | HWThread 133 | HWThread 134 | HWThread 135 | HWThread 136 | HWThread 137 | HWThread 138 | HWThread 139 | HWThread 140 | HWThread 141 | HWThread 142 | HWThread 143 | HWThread 144 | HWThread 145 | HWThread 146 | HWThread 147 | HWThread 148 | HWThread 149 | HWThread 150 | HWThread 151 | HWThread 152 | HWThread 153 | HWThread 154 | HWThread 155 | HWThread 156 | HWThread 157 | HWThread 158 | HWThread 159 | HWThread 160 | HWThread 161 | HWThread 162 | HWThread 163 | HWThread 164 | HWThread 165 | HWThread 166 | HWThread 167 | HWThread 168 | HWThread 169 | HWThread 170 | HWThread 171 | HWThread 172 | HWThread 173 | HWThread 174 | HWThread 175 | HWThread 176 | HWThread 177 | HWThread 178 | HWThread 179 | HWThread 180 | HWThread 181 | HWThread 182 | HWThread 183 | HWThread 184 | HWThread 185 | HWThread 186 | HWThread 187 | HWThread 188 | HWThread 189 | HWThread 190 | HWThread 191 | HWThread 192 | HWThread 193 | HWThread 194 | HWThread 195 | HWThread 196 | HWThread 197 | HWThread 198 | HWThread 199 | HWThread 200 | HWThread 201 | HWThread 202 | HWThread 203 | HWThread 204 | HWThread 205 | HWThread 206 | HWThread 207 | HWThread 208 | HWThread 209 | HWThread 210 | HWThread 211 | HWThread 212 | HWThread 213 | HWThread 214 | HWThread 215 | HWThread 216 | HWThread 217 | HWThread 218 | HWThread 219 | HWThread 220 | HWThread 221 | HWThread 222 | HWThread 223 | HWThread 224 | HWThread 225 | HWThread 226 | HWThread 227 | HWThread 228 | HWThread 229 | HWThread 230 | HWThread 231 | HWThread 232 | HWThread 233 | HWThread 234 | HWThread 235 | HWThread 236 | HWThread 237 | HWThread 238 | HWThread 239 | HWThread 240 | HWThread 241 | HWThread 242 | HWThread 243 | HWThread 244 | HWThread 245 | HWThread 246 | HWThread 247 | HWThread 248 | HWThread 249 | HWThread 250 | HWThread 251 | HWThread 252 | HWThread 253 | HWThread 254 | HWThread 255 |
+-------------------------------------+---------+--------------+--------------+--------------+--------------+--------------+--------------+--------------+--------------+--------------+--------------+--------------+--------------+--------------+--------------+--------------+--------------+--------------+--------------+--------------+--------------+--------------+--------------+--------------+--------------+--------------+--------------+--------------+--------------+--------------+--------------+--------------+--------------+--------------+--------------+--------------+--------------+--------------+--------------+--------------+--------------+--------------+--------------+--------------+--------------+--------------+--------------+--------------+--------------+--------------+--------------+--------------+--------------+--------------+--------------+--------------+--------------+--------------+--------------+--------------+--------------+--------------+--------------+--------------+--------------+--------------+--------------+--------------+--------------+--------------+--------------+--------------+--------------+--------------+--------------+--------------+--------------+--------------+--------------+--------------+--------------+--------------+--------------+--------------+--------------+--------------+--------------+--------------+--------------+--------------+--------------+--------------+--------------+--------------+--------------+--------------+--------------+--------------+--------------+--------------+--------------+--------------+--------------+--------------+--------------+--------------+--------------+--------------+--------------+--------------+--------------+--------------+--------------+--------------+--------------+--------------+--------------+--------------+--------------+--------------+--------------+--------------+--------------+--------------+--------------+--------------+--------------+--------------+--------------+--------------+--------------+--------------+--------------+--------------+--------------+--------------+--------------+--------------+--------------+--------------+--------------+--------------+--------------+--------------+--------------+--------------+--------------+--------------+--------------+--------------+--------------+--------------+--------------+--------------+--------------+--------------+--------------+--------------+--------------+--------------+--------------+--------------+--------------+--------------+--------------+--------------+--------------+--------------+--------------+--------------+--------------+--------------+--------------+--------------+--------------+--------------+--------------+--------------+--------------+--------------+--------------+--------------+--------------+--------------+--------------+--------------+--------------+--------------+--------------+--------------+--------------+--------------+--------------+--------------+--------------+--------------+--------------+--------------+--------------+--------------+--------------+--------------+--------------+--------------+--------------+--------------+--------------+--------------+--------------+--------------+--------------+--------------+--------------+--------------+--------------+--------------+--------------+--------------+--------------+--------------+--------------+--------------+--------------+--------------+--------------+--------------+--------------+--------------+--------------+--------------+--------------+--------------+--------------+--------------+--------------+--------------+--------------+--------------+--------------+--------------+--------------+--------------+--------------+--------------+--------------+--------------+--------------+--------------+--------------+--------------+--------------+--------------+--------------+--------------+--------------+--------------+--------------+
|           ACTUAL_CPU_CLOCK          |  FIXC1  |   4918343000 |   4919567000 |   4917049000 |   4915504000 |   4915506000 |   4914542000 |   4918775000 |   4915544000 |   4891737000 |   4889662000 |   4888114000 |   4890860000 |   4890002000 |   4892443000 |   4889776000 |   4887614000 |   4933642000 |   4933894000 |   4934751000 |   4933813000 |   4933675000 |   4933647000 |   4933848000 |   4933687000 |   4921700000 |   4921117000 |   4923206000 |   4922699000 |   4920952000 |   4921758000 |   4921074000 |   4921778000 |   4870889000 |   4873308000 |   4875293000 |   4873450000 |   4871044000 |   4873528000 |   4873395000 |   4871197000 |   4901050000 |   4904548000 |   4904598000 |   4900067000 |   4903685000 |   4900536000 |   4900276000 |   4901489000 |   4933185000 |   4932018000 |   4929930000 |   4932348000 |   4929256000 |   4931775000 |   4929240000 |   4931579000 |   4885108000 |   4885245000 |   4885266000 |   4884780000 |   4887076000 |   4885441000 |   4884614000 |   4885214000 |   4898734000 |   4896246000 |   4899021000 |   4896696000 |   4900244000 |   4896453000 |   4896760000 |   4899661000 |   4937855000 |   4943102000 |   4938449000 |   4937870000 |   4940114000 |   4938630000 |   4938503000 |   4937997000 |   4923007000 |   4922362000 |   4921623000 |   4921024000 |   4921771000 |   4920640000 |   4924456000 |   4920764000 |   4920309000 |   4916882000 |   4920839000 |   4917747000 |   4920452000 |   4918338000 |   4916779000 |   4919287000 |   4936885000 |   4935287000 |   4932770000 |   4936664000 |   4936522000 |   4935392000 |   4936890000 |   4936602000 |   4902063000 |   4898866000 |   4898620000 |   4898937000 |   4898931000 |   4898589000 |   4899050000 |   4899032000 |   4931397000 |   4930661000 |   4930404000 |   4927966000 |   4927757000 |   4930743000 |   4927750000 |   4929908000 |   4903024000 |   4902744000 |   4904549000 |   4903028000 |   4904000000 |   4906206000 |   4903033000 |   4902595000 |   4907090000 |   4906660000 |   4902884000 |   4902320000 |   4905323000 |   4905128000 |   4905612000 |   4906708000 |   4928168000 |   4931000000 |   4931943000 |   4928441000 |   4928578000 |   4928498000 |   4927912000 |   4928310000 |   4952319000 |   4951327000 |   4950307000 |   4952587000 |   4950872000 |   4952339000 |   4950127000 |   4950317000 |   4912682000 |   4912927000 |   4912899000 |   4913126000 |   4916655000 |   4913464000 |   4914938000 |   4912203000 |   4912399000 |   4912815000 |   4909049000 |   4912539000 |   4912207000 |   4913509000 |   4913506000 |   4912554000 |   4917479000 |   4922484000 |   4921820000 |   4917732000 |   4919379000 |   4918853000 |   4919696000 |   4919136000 |   4880785000 |   4883124000 |   4880670000 |   4880681000 |   4883222000 |   4881469000 |   4881340000 |   4881620000 |   4940163000 |   4936746000 |   4936323000 |   4939970000 |   4936665000 |   4934062000 |   4935588000 |   4940793000 |   4896059000 |   4898093000 |   4897991000 |   4897966000 |   4897774000 |   4899971000 |   4897583000 |   4898141000 |   4909174000 |   4912861000 |   4909174000 |   4911427000 |   4914027000 |   4908968000 |   4910927000 |   4909069000 |   4926977000 |   4927006000 |   4926725000 |   4923259000 |   4923377000 |   4923229000 |   4925532000 |   4924290000 |   4926489000 |   4926502000 |   4926472000 |   4928345000 |   4927581000 |   4927075000 |   4928300000 |   4928286000 |   4959171000 |   4959146000 |   4959236000 |   4958725000 |   4957803000 |   4959168000 |   4955730000 |   4958440000 |   4920958000 |   4920186000 |   4921153000 |   4920331000 |   4921145000 |   4921032000 |   4920410000 |   4920172000 |   4906141000 |   4902919000 |   4903731000 |   4906426000 |   4905471000 |   4906167000 |   4906423000 |   4903474000 |   4906893000 |   4906457000 |   4905765000 |   4906934000 |   4906896000 |   4905742000 |   4905691000 |   4905267000 |
|            MAX_CPU_CLOCK            |  FIXC2  |   4959874000 |   4962012000 |   4958713000 |   4958265000 |   4958271000 |   4957406000 |   4961235000 |   4957186000 |   4962686000 |   4960765000 |   4959205000 |   4961182000 |   4961066000 |   4963721000 |   4960832000 |   4959684000 |   4960439000 |   4960709000 |   4961981000 |   4960624000 |   4960696000 |   4960518000 |   4960585000 |   4960642000 |   4960636000 |   4959077000 |   4962041000 |   4962776000 |   4958931000 |   4960646000 |   4959010000 |   4960819000 |   4959475000 |   4960605000 |   4962402000 |   4960615000 |   4959425000 |   4960838000 |   4960767000 |   4959549000 |   4960055000 |   4962005000 |   4962022000 |   4959691000 |   4962282000 |   4959136000 |   4959933000 |   4961099000 |   4962165000 |   4960759000 |   4959094000 |   4961284000 |   4959549000 |   4960899000 |   4959533000 |   4960714000 |   4959206000 |   4960287000 |   4960289000 |   4959237000 |   4961190000 |   4959719000 |   4959713000 |   4959571000 |   4960856000 |   4959432000 |   4961118000 |   4958887000 |   4962720000 |   4959653000 |   4958983000 |   4962101000 |   4959800000 |   4963365000 |   4960076000 |   4959163000 |   4961025000 |   4959622000 |   4959662000 |   4959308000 |   4960698000 |   4960975000 |   4959193000 |   4959715000 |   4959301000 |   4959524000 |   4961914000 |   4959605000 |   4962448000 |   4959473000 |   4961969000 |   4959134000 |   4962151000 |   4960678000 |   4959381000 |   4960632000 |   4962697000 |   4960866000 |   4959615000 |   4962214000 |   4962078000 |   4960937000 |   4962796000 |   4962147000 |   4963720000 |   4961231000 |   4961083000 |   4961288000 |   4960561000 |   4961068000 |   4959396000 |   4961353000 |   4962086000 |   4960916000 |   4960830000 |   4959543000 |   4959482000 |   4961161000 |   4959479000 |   4961239000 |   4960900000 |   4960850000 |   4962665000 |   4960904000 |   4961906000 |   4963002000 |   4960894000 |   4960663000 |   4962941000 |   4962504000 |   4960080000 |   4959895000 |   4961371000 |   4961234000 |   4962401000 |   4963152000 |   4960936000 |   4962597000 |   4963163000 |   4961099000 |   4961197000 |   4961095000 |   4960015000 |   4961010000 |   4962058000 |   4961016000 |   4961071000 |   4962352000 |   4960713000 |   4961342000 |   4960957000 |   4960362000 |   4960689000 |   4960077000 |   4960796000 |   4960963000 |   4963181000 |   4960327000 |   4961839000 |   4960485000 |   4963190000 |   4962862000 |   4961101000 |   4963555000 |   4962110000 |   4963234000 |   4963876000 |   4962967000 |   4959314000 |   4962557000 |   4961852000 |   4959420000 |   4960371000 |   4961040000 |   4960808000 |   4960462000 |   4961117000 |   4962414000 |   4961103000 |   4961562000 |   4962505000 |   4960871000 |   4960741000 |   4960913000 |   4963285000 |   4960188000 |   4960825000 |   4963163000 |   4961164000 |   4959750000 |   4960458000 |   4964012000 |   4959993000 |   4960933000 |   4960867000 |   4960830000 |   4960730000 |   4961850000 |   4960621000 |   4960946000 |   4959740000 |   4962183000 |   4959683000 |   4960819000 |   4963128000 |   4959546000 |   4961209000 |   4959645000 |   4961157000 |   4961271000 |   4959962000 |   4957724000 |   4957801000 |   4957734000 |   4958889000 |   4957674000 |   4959932000 |   4960027000 |   4959913000 |   4960862000 |   4961031000 |   4960057000 |   4960834000 |   4960831000 |   4963182000 |   4963055000 |   4963663000 |   4963692000 |   4961915000 |   4963668000 |   4960866000 |   4963384000 |   4963273000 |   4963478000 |   4963359000 |   4962238000 |   4963416000 |   4963327000 |   4963197000 |   4963438000 |   4962173000 |   4960174000 |   4960758000 |   4962243000 |   4961625000 |   4963375000 |   4963180000 |   4960659000 |   4960947000 |   4959860000 |   4959775000 |   4960161000 |   4960951000 |   4959775000 |   4959741000 |   4959464000 |
|         RETIRED_INSTRUCTIONS        |   PMC0  |  20418590000 |  20420600000 |  20420510000 |  20420470000 |  20420380000 |  20420450000 |  20420480000 |  20420440000 |  20416190000 |  20416240000 |  20416180000 |  20416300000 |  20416490000 |  20416790000 |  20416190000 |  20416080000 |  20423140000 |  20423260000 |  20423390000 |  20423210000 |  20423320000 |  20423390000 |  20423290000 |  20423140000 |  20420980000 |  20420960000 |  20420880000 |  20421120000 |  20420930000 |  20420920000 |  20420900000 |  20420930000 |  20407860000 |  20407930000 |  20408050000 |  20407660000 |  20407780000 |  20408080000 |  20407850000 |  20407830000 |  20415610000 |  20415400000 |  20415320000 |  20415290000 |  20415390000 |  20415290000 |  20415040000 |  20415250000 |  20421490000 |  20421500000 |  20421380000 |  20421540000 |  20421520000 |  20421940000 |  20421490000 |  20421600000 |  20411020000 |  20411220000 |  20411160000 |  20411180000 |  20410450000 |  20411080000 |  20410500000 |  20410520000 |  20418850000 |  20418620000 |  20419300000 |  20418620000 |  20419620000 |  20418680000 |  20418600000 |  20419300000 |  20423290000 |  20423850000 |  20423390000 |  20423270000 |  20423240000 |  20423250000 |  20423550000 |  20423150000 |  20420320000 |  20420190000 |  20420180000 |  20420080000 |  20420200000 |  20420180000 |  20420560000 |  20420130000 |  20423040000 |  20422270000 |  20422580000 |  20422340000 |  20422070000 |  20421450000 |  20421440000 |  20421750000 |  20426610000 |  20425890000 |  20425750000 |  20425930000 |  20425750000 |  20425950000 |  20426460000 |  20425890000 |  20416610000 |  20415910000 |  20415860000 |  20415890000 |  20416020000 |  20415890000 |  20416080000 |  20415930000 |  20424830000 |  20424820000 |  20424770000 |  20424200000 |  20424470000 |  20424480000 |  20424240000 |  20424240000 |  20419900000 |  20419900000 |  20420550000 |  20419990000 |  20419190000 |  20419390000 |  20419130000 |  20419080000 |  20419820000 |  20419850000 |  20419520000 |  20419600000 |  20419640000 |  20419640000 |  20419650000 |  20420300000 |  20422510000 |  20422640000 |  20423190000 |  20422400000 |  20422380000 |  20422320000 |  20422340000 |  20422350000 |  20425520000 |  20425370000 |  20425240000 |  20425450000 |  20425560000 |  20425580000 |  20425240000 |  20425310000 |  20418740000 |  20418790000 |  20418790000 |  20418910000 |  20418420000 |  20418070000 |  20418070000 |  20418000000 |  20419280000 |  20419320000 |  20419010000 |  20419200000 |  20419160000 |  20419360000 |  20419530000 |  20419290000 |  20418910000 |  20419460000 |  20419070000 |  20418930000 |  20418820000 |  20418890000 |  20418810000 |  20418910000 |  20410250000 |  20410660000 |  20410130000 |  20410220000 |  20411230000 |  20410120000 |  20410170000 |  20410110000 |  20423540000 |  20423210000 |  20423430000 |  20423680000 |  20422610000 |  20422530000 |  20422480000 |  20422950000 |  20414370000 |  20414510000 |  20414380000 |  20414480000 |  20414320000 |  20414460000 |  20414340000 |  20414450000 |  20418600000 |  20418790000 |  20418600000 |  20418850000 |  20418980000 |  20418640000 |  20418570000 |  20418600000 |  20421670000 |  20421670000 |  20421890000 |  20421330000 |  20421800000 |  20421520000 |  20421720000 |  20421440000 |  20419640000 |  20419800000 |  20419720000 |  20419750000 |  20418930000 |  20419120000 |  20419320000 |  20419970000 |  20428330000 |  20428310000 |  20428640000 |  20428320000 |  20428200000 |  20428700000 |  20428110000 |  20428270000 |  20421310000 |  20421260000 |  20421330000 |  20421200000 |  20421220000 |  20421290000 |  20421250000 |  20421290000 |  20417820000 |  20417700000 |  20417710000 |  20418120000 |  20418050000 |  20418120000 |  20417940000 |  20417730000 |  20415560000 |  20415500000 |  20415530000 |  20415500000 |  20414810000 |  20414760000 |  20414710000 |  20414720000 |
|         CPU_CLOCKS_UNHALTED         |   PMC1  |   4874919000 |   4884694000 |   4884131000 |   4883148000 |   4882745000 |   4883306000 |   4884038000 |   4884099000 |   4851928000 |   4852229000 |   4851737000 |   4852630000 |   4853662000 |   4855236000 |   4851994000 |   4850786000 |   4895936000 |   4896526000 |   4897595000 |   4896253000 |   4895598000 |   4896266000 |   4896137000 |   4895727000 |   4884700000 |   4884611000 |   4884616000 |   4885406000 |   4884465000 |   4884474000 |   4884137000 |   4884456000 |   4836518000 |   4837128000 |   4838305000 |   4836231000 |   4836707000 |   4838352000 |   4837037000 |   4836355000 |   4862191000 |   4864054000 |   4863848000 |   4862749000 |   4863791000 |   4862914000 |   4861249000 |   4862630000 |   4894633000 |   4893475000 |   4893262000 |   4894391000 |   4893781000 |   4894437000 |   4893466000 |   4894712000 |   4847290000 |   4848214000 |   4847929000 |   4848046000 |   4847812000 |   4847605000 |   4847932000 |   4848535000 |   4862731000 |   4861330000 |   4864065000 |   4861098000 |   4865626000 |   4862002000 |   4861043000 |   4863951000 |   4902469000 |   4905619000 |   4902984000 |   4902251000 |   4902270000 |   4902298000 |   4902065000 |   4902085000 |   4886149000 |   4884991000 |   4885631000 |   4884722000 |   4885702000 |   4885089000 |   4887388000 |   4884484000 |   4885683000 |   4881494000 |   4883633000 |   4881254000 |   4884122000 |   4880645000 |   4880753000 |   4882644000 |   4903784000 |   4899689000 |   4898476000 |   4899983000 |   4899484000 |   4900024000 |   4902834000 |   4900020000 |   4864824000 |   4861426000 |   4861511000 |   4861537000 |   4861155000 |   4861587000 |   4861581000 |   4861276000 |   4896430000 |   4894935000 |   4895042000 |   4893608000 |   4893313000 |   4894573000 |   4893162000 |   4893163000 |   4865887000 |   4866503000 |   4869567000 |   4866365000 |   4866162000 |   4867321000 |   4865892000 |   4865931000 |   4863710000 |   4863880000 |   4861194000 |   4861607000 |   4862667000 |   4862505000 |   4862704000 |   4866601000 |   4885789000 |   4886464000 |   4889648000 |   4885079000 |   4885048000 |   4885113000 |   4885089000 |   4884809000 |   4909005000 |   4907891000 |   4907312000 |   4908940000 |   4907387000 |   4908969000 |   4907390000 |   4907407000 |   4869691000 |   4869859000 |   4869952000 |   4870816000 |   4872281000 |   4870478000 |   4870517000 |   4869801000 |   4869646000 |   4869772000 |   4866754000 |   4868530000 |   4868550000 |   4869837000 |   4870742000 |   4869499000 |   4876023000 |   4879196000 |   4877322000 |   4876094000 |   4876317000 |   4876637000 |   4875774000 |   4876229000 |   4838378000 |   4841405000 |   4838093000 |   4837984000 |   4841228000 |   4837735000 |   4837899000 |   4837811000 |   4895827000 |   4893098000 |   4894618000 |   4896026000 |   4893954000 |   4893247000 |   4893104000 |   4896287000 |   4855131000 |   4856613000 |   4856386000 |   4856287000 |   4854954000 |   4856314000 |   4854885000 |   4856331000 |   4867899000 |   4869129000 |   4868083000 |   4869424000 |   4870353000 |   4868187000 |   4867809000 |   4867910000 |   4884896000 |   4884628000 |   4885868000 |   4883046000 |   4883510000 |   4883366000 |   4884801000 |   4883171000 |   4885175000 |   4885772000 |   4885335000 |   4885044000 |   4884919000 |   4885936000 |   4884371000 |   4885176000 |   4915749000 |   4915416000 |   4917545000 |   4915650000 |   4914317000 |   4917825000 |   4913747000 |   4915459000 |   4878832000 |   4878000000 |   4879041000 |   4877743000 |   4877772000 |   4878997000 |   4878116000 |   4878795000 |   4862078000 |   4860776000 |   4860721000 |   4864119000 |   4863778000 |   4864170000 |   4862957000 |   4860752000 |   4864742000 |   4864829000 |   4864583000 |   4864681000 |   4864594000 |   4864602000 |   4864284000 |   4864381000 |
|                MERGE                |   PMC3  |            0 |            0 |            0 |            0 |            0 |            0 |            0 |            0 |            0 |            0 |            0 |            0 |            0 |            0 |            0 |            0 |            0 |            0 |            0 |            0 |            0 |            0 |            0 |            0 |            0 |            0 |            0 |            0 |            0 |            0 |            0 |            0 |            0 |            0 |            0 |            0 |            0 |            0 |            0 |            0 |            0 |            0 |            0 |            0 |            0 |            0 |            0 |            0 |            0 |            0 |            0 |            0 |            0 |            0 |            0 |            0 |            0 |            0 |            0 |            0 |            0 |            0 |            0 |            0 |            0 |            0 |            0 |            0 |            0 |            0 |            0 |            0 |            0 |            0 |            0 |            0 |            0 |            0 |            0 |            0 |            0 |            0 |            0 |            0 |            0 |            0 |            0 |            0 |            0 |            0 |            0 |            0 |            0 |            0 |            0 |            0 |            0 |            0 |            0 |            0 |            0 |            0 |            0 |            0 |            0 |            0 |            0 |            0 |            0 |            0 |            0 |            0 |            0 |            0 |            0 |            0 |            0 |            0 |            0 |            0 |            0 |            0 |            0 |            0 |            0 |            0 |            0 |            0 |            0 |            0 |            0 |            0 |            0 |            0 |            0 |            0 |            0 |            0 |            0 |            0 |            0 |            0 |            0 |            0 |            0 |            0 |            0 |            0 |            0 |            0 |            0 |            0 |            0 |            0 |            0 |            0 |            0 |            0 |            0 |            0 |            0 |            0 |            0 |            0 |            0 |            0 |            0 |            0 |            0 |            0 |            0 |            0 |            0 |            0 |            0 |            0 |            0 |            0 |            0 |            0 |            0 |            0 |            0 |            0 |            0 |            0 |            0 |            0 |            0 |            0 |            0 |            0 |            0 |            0 |            0 |            0 |            0 |            0 |            0 |            0 |            0 |            0 |            0 |            0 |            0 |            0 |            0 |            0 |            0 |            0 |            0 |            0 |            0 |            0 |            0 |            0 |            0 |            0 |            0 |            0 |            0 |            0 |            0 |            0 |            0 |            0 |            0 |            0 |            0 |            0 |            0 |            0 |            0 |            0 |            0 |            0 |            0 |            0 |            0 |            0 |            0 |            0 |            0 |            0 |            0 |            0 |            0 |            0 |            0 |            0 |            0 |            0 |            0 |            0 |            0 |            0 |
| RETIRED_SSE_AVX_FLOPS_ALL_SP_SCALAR |   PMC2  |            0 |            0 |            0 |            0 |            0 |            0 |            0 |            0 |            0 |            0 |            0 |            0 |            0 |            0 |            0 |            0 |            0 |            0 |            0 |            0 |            0 |            0 |            0 |            0 |            0 |            0 |            0 |            0 |            0 |            0 |            0 |            0 |            0 |            0 |            0 |            0 |            0 |            0 |            0 |            0 |            0 |            0 |            0 |            0 |            0 |            0 |            0 |            0 |            0 |            0 |            0 |            0 |            0 |            0 |            0 |            0 |            0 |            0 |            0 |            0 |            0 |            0 |            0 |            0 |            0 |            0 |            0 |            0 |            0 |            0 |            0 |            0 |            0 |            0 |            0 |            0 |            0 |            0 |            0 |            0 |            0 |            0 |            0 |            0 |            0 |            0 |            0 |            0 |            0 |            0 |            0 |            0 |            0 |            0 |            0 |            0 |            0 |            0 |            0 |            0 |            0 |            0 |            0 |            0 |            0 |            0 |            0 |            0 |            0 |            0 |            0 |            0 |            0 |            0 |            0 |            0 |            0 |            0 |            0 |            0 |            0 |            0 |            0 |            0 |            0 |            0 |            0 |            0 |            0 |            0 |            0 |            0 |            0 |            0 |            0 |            0 |            0 |            0 |            0 |            0 |            0 |            0 |            0 |            0 |            0 |            0 |            0 |            0 |            0 |            0 |            0 |            0 |            0 |            0 |            0 |            0 |            0 |            0 |            0 |            0 |            0 |            0 |            0 |            0 |            0 |            0 |            0 |            0 |            0 |            0 |            0 |            0 |            0 |            0 |            0 |            0 |            0 |            0 |            0 |            0 |            0 |            0 |            0 |            0 |            0 |            0 |            0 |            0 |            0 |            0 |            0 |            0 |            0 |            0 |            0 |            0 |            0 |            0 |            0 |            0 |            0 |            0 |            0 |            0 |            0 |            0 |            0 |            0 |            0 |            0 |            0 |            0 |            0 |            0 |            0 |            0 |            0 |            0 |            0 |            0 |            0 |            0 |            0 |            0 |            0 |            0 |            0 |            0 |            0 |            0 |            0 |            0 |            0 |            0 |            0 |            0 |            0 |            0 |            0 |            0 |            0 |            0 |            0 |            0 |            0 |            0 |            0 |            0 |            0 |            0 |            0 |            0 |            0 |            0 |            0 |            0 |
|                MERGE                |   PMC5  |            0 |            0 |            0 |            0 |            0 |            0 |            0 |            0 |            0 |            0 |            0 |            0 |            0 |            0 |            0 |            0 |            0 |            0 |            0 |            0 |            0 |            0 |            0 |            0 |            0 |            0 |            0 |            0 |            0 |            0 |            0 |            0 |            0 |            0 |            0 |            0 |            0 |            0 |            0 |            0 |            0 |            0 |            0 |            0 |            0 |            0 |            0 |            0 |            0 |            0 |            0 |            0 |            0 |            0 |            0 |            0 |            0 |            0 |            0 |            0 |            0 |            0 |            0 |            0 |            0 |            0 |            0 |            0 |            0 |            0 |            0 |            0 |            0 |            0 |            0 |            0 |            0 |            0 |            0 |            0 |            0 |            0 |            0 |            0 |            0 |            0 |            0 |            0 |            0 |            0 |            0 |            0 |            0 |            0 |            0 |            0 |            0 |            0 |            0 |            0 |            0 |            0 |            0 |            0 |            0 |            0 |            0 |            0 |            0 |            0 |            0 |            0 |            0 |            0 |            0 |            0 |            0 |            0 |            0 |            0 |            0 |            0 |            0 |            0 |            0 |            0 |            0 |            0 |            0 |            0 |            0 |            0 |            0 |            0 |            0 |            0 |            0 |            0 |            0 |            0 |            0 |            0 |            0 |            0 |            0 |            0 |            0 |            0 |            0 |            0 |            0 |            0 |            0 |            0 |            0 |            0 |            0 |            0 |            0 |            0 |            0 |            0 |            0 |            0 |            0 |            0 |            0 |            0 |            0 |            0 |            0 |            0 |            0 |            0 |            0 |            0 |            0 |            0 |            0 |            0 |            0 |            0 |            0 |            0 |            0 |            0 |            0 |            0 |            0 |            0 |            0 |            0 |            0 |            0 |            0 |            0 |            0 |            0 |            0 |            0 |            0 |            0 |            0 |            0 |            0 |            0 |            0 |            0 |            0 |            0 |            0 |            0 |            0 |            0 |            0 |            0 |            0 |            0 |            0 |            0 |            0 |            0 |            0 |            0 |            0 |            0 |            0 |            0 |            0 |            0 |            0 |            0 |            0 |            0 |            0 |            0 |            0 |            0 |            0 |            0 |            0 |            0 |            0 |            0 |            0 |            0 |            0 |            0 |            0 |            0 |            0 |            0 |            0 |            0 |            0 |            0 |
| RETIRED_SSE_AVX_FLOPS_ALL_SP_PACKED |   PMC4  | 257698000000 | 257698000000 | 257698000000 | 257698000000 | 257698000000 | 257698000000 | 257698000000 | 257698000000 | 257698000000 | 257698000000 | 257698000000 | 257698000000 | 257698000000 | 257698000000 | 257698000000 | 257698000000 | 257698000000 | 257698000000 | 257698000000 | 257698000000 | 257698000000 | 257698000000 | 257698000000 | 257698000000 | 257698000000 | 257698000000 | 257698000000 | 257698000000 | 257698000000 | 257698000000 | 257698000000 | 257698000000 | 257698000000 | 257698000000 | 257698000000 | 257698000000 | 257698000000 | 257698000000 | 257698000000 | 257698000000 | 257698000000 | 257698000000 | 257698000000 | 257698000000 | 257698000000 | 257698000000 | 257698000000 | 257698000000 | 257698000000 | 257698000000 | 257698000000 | 257698000000 | 257698000000 | 257698000000 | 257698000000 | 257698000000 | 257698000000 | 257698000000 | 257698000000 | 257698000000 | 257698000000 | 257698000000 | 257698000000 | 257698000000 | 257698000000 | 257698000000 | 257698000000 | 257698000000 | 257698000000 | 257698000000 | 257698000000 | 257698000000 | 257698000000 | 257698000000 | 257698000000 | 257698000000 | 257698000000 | 257698000000 | 257698000000 | 257698000000 | 257698000000 | 257698000000 | 257698000000 | 257698000000 | 257698000000 | 257698000000 | 257698000000 | 257698000000 | 257698000000 | 257698000000 | 257698000000 | 257698000000 | 257698000000 | 257698000000 | 257698000000 | 257698000000 | 257698000000 | 257698000000 | 257698000000 | 257698000000 | 257698000000 | 257698000000 | 257698000000 | 257698000000 | 257698000000 | 257698000000 | 257698000000 | 257698000000 | 257698000000 | 257698000000 | 257698000000 | 257698000000 | 257698000000 | 257698000000 | 257698000000 | 257698000000 | 257698000000 | 257698000000 | 257698000000 | 257698000000 | 257698000000 | 257698000000 | 257698000000 | 257698000000 | 257698000000 | 257698000000 | 257698000000 | 257698000000 | 257698000000 | 257698000000 | 257698000000 | 257698000000 | 257698000000 | 257698000000 | 257698000000 | 257698000000 | 257698000000 | 257698000000 | 257698000000 | 257698000000 | 257698000000 | 257698000000 | 257698000000 | 257698000000 | 257698000000 | 257698000000 | 257698000000 | 257698000000 | 257698000000 | 257698000000 | 257698000000 | 257698000000 | 257698000000 | 257698000000 | 257698000000 | 257698000000 | 257698000000 | 257698000000 | 257698000000 | 257698000000 | 257698000000 | 257698000000 | 257698000000 | 257698000000 | 257698000000 | 257698000000 | 257698000000 | 257698000000 | 257698000000 | 257698000000 | 257698000000 | 257698000000 | 257698000000 | 257698000000 | 257698000000 | 257698000000 | 257698000000 | 257698000000 | 257698000000 | 257698000000 | 257698000000 | 257698000000 | 257698000000 | 257698000000 | 257698000000 | 257698000000 | 257698000000 | 257698000000 | 257698000000 | 257698000000 | 257698000000 | 257698000000 | 257698000000 | 257698000000 | 257698000000 | 257698000000 | 257698000000 | 257698000000 | 257698000000 | 257698000000 | 257698000000 | 257698000000 | 257698000000 | 257698000000 | 257698000000 | 257698000000 | 257698000000 | 257698000000 | 257698000000 | 257698000000 | 257698000000 | 257698000000 | 257698000000 | 257698000000 | 257698000000 | 257698000000 | 257698000000 | 257698000000 | 257698000000 | 257698000000 | 257698000000 | 257698000000 | 257698000000 | 257698000000 | 257698000000 | 257698000000 | 257698000000 | 257698000000 | 257698000000 | 257698000000 | 257698000000 | 257698000000 | 257698000000 | 257698000000 | 257698000000 | 257698000000 | 257698000000 | 257698000000 | 257698000000 | 257698000000 | 257698000000 | 257698000000 | 257698000000 | 257698000000 | 257698000000 | 257698000000 | 257698000000 | 257698000000 | 257698000000 | 257698000000 | 257698000000 | 257698000000 | 257698000000 | 257698000000 | 257698000000 | 257698000000 |
+-------------------------------------+---------+--------------+--------------+--------------+--------------+--------------+--------------+--------------+--------------+--------------+--------------+--------------+--------------+--------------+--------------+--------------+--------------+--------------+--------------+--------------+--------------+--------------+--------------+--------------+--------------+--------------+--------------+--------------+--------------+--------------+--------------+--------------+--------------+--------------+--------------+--------------+--------------+--------------+--------------+--------------+--------------+--------------+--------------+--------------+--------------+--------------+--------------+--------------+--------------+--------------+--------------+--------------+--------------+--------------+--------------+--------------+--------------+--------------+--------------+--------------+--------------+--------------+--------------+--------------+--------------+--------------+--------------+--------------+--------------+--------------+--------------+--------------+--------------+--------------+--------------+--------------+--------------+--------------+--------------+--------------+--------------+--------------+--------------+--------------+--------------+--------------+--------------+--------------+--------------+--------------+--------------+--------------+--------------+--------------+--------------+--------------+--------------+--------------+--------------+--------------+--------------+--------------+--------------+--------------+--------------+--------------+--------------+--------------+--------------+--------------+--------------+--------------+--------------+--------------+--------------+--------------+--------------+--------------+--------------+--------------+--------------+--------------+--------------+--------------+--------------+--------------+--------------+--------------+--------------+--------------+--------------+--------------+--------------+--------------+--------------+--------------+--------------+--------------+--------------+--------------+--------------+--------------+--------------+--------------+--------------+--------------+--------------+--------------+--------------+--------------+--------------+--------------+--------------+--------------+--------------+--------------+--------------+--------------+--------------+--------------+--------------+--------------+--------------+--------------+--------------+--------------+--------------+--------------+--------------+--------------+--------------+--------------+--------------+--------------+--------------+--------------+--------------+--------------+--------------+--------------+--------------+--------------+--------------+--------------+--------------+--------------+--------------+--------------+--------------+--------------+--------------+--------------+--------------+--------------+--------------+--------------+--------------+--------------+--------------+--------------+--------------+--------------+--------------+--------------+--------------+--------------+--------------+--------------+--------------+--------------+--------------+--------------+--------------+--------------+--------------+--------------+--------------+--------------+--------------+--------------+--------------+--------------+--------------+--------------+--------------+--------------+--------------+--------------+--------------+--------------+--------------+--------------+--------------+--------------+--------------+--------------+--------------+--------------+--------------+--------------+--------------+--------------+--------------+--------------+--------------+--------------+--------------+--------------+--------------+--------------+--------------+--------------+--------------+--------------+--------------+--------------+--------------+
+------------------------------------------+---------+----------------+--------------+--------------+--------------+
|                   Event                  | Counter |       Sum      |      Min     |      Max     |      Avg     |
+------------------------------------------+---------+----------------+--------------+--------------+--------------+
|           ACTUAL_CPU_CLOCK STAT          |  FIXC1  |  1258414082000 |   4870889000 |   4959236000 | 4.915680e+09 |
|            MAX_CPU_CLOCK STAT            |  FIXC2  |  1270005615000 |   4957186000 |   4964012000 | 4.960959e+09 |
|         RETIRED_INSTRUCTIONS STAT        |   PMC0  |  5227376340000 |  20407660000 |  20428700000 | 2.041944e+10 |
|         CPU_CLOCKS_UNHALTED STAT         |   PMC1  |  1248292059000 |   4836231000 |   4917825000 | 4.876141e+09 |
|                MERGE STAT                |   PMC3  |              0 |            0 |            0 |            0 |
| RETIRED_SSE_AVX_FLOPS_ALL_SP_SCALAR STAT |   PMC2  |              0 |            0 |            0 |            0 |
|                MERGE STAT                |   PMC5  |              0 |            0 |            0 |            0 |
| RETIRED_SSE_AVX_FLOPS_ALL_SP_PACKED STAT |   PMC4  | 65970688000000 | 257698000000 | 257698000000 | 257698000000 |
+------------------------------------------+---------+----------------+--------------+--------------+--------------+
+----------------------+-------------+-------------+-------------+-------------+-------------+-------------+-------------+-------------+-------------+-------------+-------------+-------------+-------------+-------------+-------------+-------------+-------------+-------------+-------------+-------------+-------------+-------------+-------------+-------------+-------------+-------------+-------------+-------------+-------------+-------------+-------------+-------------+-------------+-------------+-------------+-------------+-------------+-------------+-------------+-------------+-------------+-------------+-------------+-------------+-------------+-------------+-------------+-------------+-------------+-------------+-------------+-------------+-------------+-------------+-------------+-------------+-------------+-------------+-------------+-------------+-------------+-------------+-------------+-------------+-------------+-------------+-------------+-------------+-------------+-------------+-------------+-------------+-------------+-------------+-------------+-------------+-------------+-------------+-------------+-------------+-------------+-------------+-------------+-------------+-------------+-------------+-------------+-------------+-------------+-------------+-------------+-------------+-------------+-------------+-------------+-------------+-------------+-------------+-------------+-------------+--------------+--------------+--------------+--------------+--------------+--------------+--------------+--------------+--------------+--------------+--------------+--------------+--------------+--------------+--------------+--------------+--------------+--------------+--------------+--------------+--------------+--------------+--------------+--------------+--------------+--------------+--------------+--------------+--------------+--------------+--------------+--------------+--------------+--------------+--------------+--------------+--------------+--------------+--------------+--------------+--------------+--------------+--------------+--------------+--------------+--------------+--------------+--------------+--------------+--------------+--------------+--------------+--------------+--------------+--------------+--------------+--------------+--------------+--------------+--------------+--------------+--------------+--------------+--------------+--------------+--------------+--------------+--------------+--------------+--------------+--------------+--------------+--------------+--------------+--------------+--------------+--------------+--------------+--------------+--------------+--------------+--------------+--------------+--------------+--------------+--------------+--------------+--------------+--------------+--------------+--------------+--------------+--------------+--------------+--------------+--------------+--------------+--------------+--------------+--------------+--------------+--------------+--------------+--------------+--------------+--------------+--------------+--------------+--------------+--------------+--------------+--------------+--------------+--------------+--------------+--------------+--------------+--------------+--------------+--------------+--------------+--------------+--------------+--------------+--------------+--------------+--------------+--------------+--------------+--------------+--------------+--------------+--------------+--------------+--------------+--------------+--------------+--------------+--------------+--------------+--------------+--------------+--------------+--------------+--------------+--------------+--------------+--------------+--------------+--------------+--------------+--------------+--------------+--------------+--------------+--------------+
|        Metric        |  HWThread 0 |  HWThread 1 |  HWThread 2 |  HWThread 3 |  HWThread 4 |  HWThread 5 |  HWThread 6 |  HWThread 7 |  HWThread 8 |  HWThread 9 | HWThread 10 | HWThread 11 | HWThread 12 | HWThread 13 | HWThread 14 | HWThread 15 | HWThread 16 | HWThread 17 | HWThread 18 | HWThread 19 | HWThread 20 | HWThread 21 | HWThread 22 | HWThread 23 | HWThread 24 | HWThread 25 | HWThread 26 | HWThread 27 | HWThread 28 | HWThread 29 | HWThread 30 | HWThread 31 | HWThread 32 | HWThread 33 | HWThread 34 | HWThread 35 | HWThread 36 | HWThread 37 | HWThread 38 | HWThread 39 | HWThread 40 | HWThread 41 | HWThread 42 | HWThread 43 | HWThread 44 | HWThread 45 | HWThread 46 | HWThread 47 | HWThread 48 | HWThread 49 | HWThread 50 | HWThread 51 | HWThread 52 | HWThread 53 | HWThread 54 | HWThread 55 | HWThread 56 | HWThread 57 | HWThread 58 | HWThread 59 | HWThread 60 | HWThread 61 | HWThread 62 | HWThread 63 | HWThread 64 | HWThread 65 | HWThread 66 | HWThread 67 | HWThread 68 | HWThread 69 | HWThread 70 | HWThread 71 | HWThread 72 | HWThread 73 | HWThread 74 | HWThread 75 | HWThread 76 | HWThread 77 | HWThread 78 | HWThread 79 | HWThread 80 | HWThread 81 | HWThread 82 | HWThread 83 | HWThread 84 | HWThread 85 | HWThread 86 | HWThread 87 | HWThread 88 | HWThread 89 | HWThread 90 | HWThread 91 | HWThread 92 | HWThread 93 | HWThread 94 | HWThread 95 | HWThread 96 | HWThread 97 | HWThread 98 | HWThread 99 | HWThread 100 | HWThread 101 | HWThread 102 | HWThread 103 | HWThread 104 | HWThread 105 | HWThread 106 | HWThread 107 | HWThread 108 | HWThread 109 | HWThread 110 | HWThread 111 | HWThread 112 | HWThread 113 | HWThread 114 | HWThread 115 | HWThread 116 | HWThread 117 | HWThread 118 | HWThread 119 | HWThread 120 | HWThread 121 | HWThread 122 | HWThread 123 | HWThread 124 | HWThread 125 | HWThread 126 | HWThread 127 | HWThread 128 | HWThread 129 | HWThread 130 | HWThread 131 | HWThread 132 | HWThread 133 | HWThread 134 | HWThread 135 | HWThread 136 | HWThread 137 | HWThread 138 | HWThread 139 | HWThread 140 | HWThread 141 | HWThread 142 | HWThread 143 | HWThread 144 | HWThread 145 | HWThread 146 | HWThread 147 | HWThread 148 | HWThread 149 | HWThread 150 | HWThread 151 | HWThread 152 | HWThread 153 | HWThread 154 | HWThread 155 | HWThread 156 | HWThread 157 | HWThread 158 | HWThread 159 | HWThread 160 | HWThread 161 | HWThread 162 | HWThread 163 | HWThread 164 | HWThread 165 | HWThread 166 | HWThread 167 | HWThread 168 | HWThread 169 | HWThread 170 | HWThread 171 | HWThread 172 | HWThread 173 | HWThread 174 | HWThread 175 | HWThread 176 | HWThread 177 | HWThread 178 | HWThread 179 | HWThread 180 | HWThread 181 | HWThread 182 | HWThread 183 | HWThread 184 | HWThread 185 | HWThread 186 | HWThread 187 | HWThread 188 | HWThread 189 | HWThread 190 | HWThread 191 | HWThread 192 | HWThread 193 | HWThread 194 | HWThread 195 | HWThread 196 | HWThread 197 | HWThread 198 | HWThread 199 | HWThread 200 | HWThread 201 | HWThread 202 | HWThread 203 | HWThread 204 | HWThread 205 | HWThread 206 | HWThread 207 | HWThread 208 | HWThread 209 | HWThread 210 | HWThread 211 | HWThread 212 | HWThread 213 | HWThread 214 | HWThread 215 | HWThread 216 | HWThread 217 | HWThread 218 | HWThread 219 | HWThread 220 | HWThread 221 | HWThread 222 | HWThread 223 | HWThread 224 | HWThread 225 | HWThread 226 | HWThread 227 | HWThread 228 | HWThread 229 | HWThread 230 | HWThread 231 | HWThread 232 | HWThread 233 | HWThread 234 | HWThread 235 | HWThread 236 | HWThread 237 | HWThread 238 | HWThread 239 | HWThread 240 | HWThread 241 | HWThread 242 | HWThread 243 | HWThread 244 | HWThread 245 | HWThread 246 | HWThread 247 | HWThread 248 | HWThread 249 | HWThread 250 | HWThread 251 | HWThread 252 | HWThread 253 | HWThread 254 | HWThread 255 |
+----------------------+-------------+-------------+-------------+-------------+-------------+-------------+-------------+-------------+-------------+-------------+-------------+-------------+-------------+-------------+-------------+-------------+-------------+-------------+-------------+-------------+-------------+-------------+-------------+-------------+-------------+-------------+-------------+-------------+-------------+-------------+-------------+-------------+-------------+-------------+-------------+-------------+-------------+-------------+-------------+-------------+-------------+-------------+-------------+-------------+-------------+-------------+-------------+-------------+-------------+-------------+-------------+-------------+-------------+-------------+-------------+-------------+-------------+-------------+-------------+-------------+-------------+-------------+-------------+-------------+-------------+-------------+-------------+-------------+-------------+-------------+-------------+-------------+-------------+-------------+-------------+-------------+-------------+-------------+-------------+-------------+-------------+-------------+-------------+-------------+-------------+-------------+-------------+-------------+-------------+-------------+-------------+-------------+-------------+-------------+-------------+-------------+-------------+-------------+-------------+-------------+--------------+--------------+--------------+--------------+--------------+--------------+--------------+--------------+--------------+--------------+--------------+--------------+--------------+--------------+--------------+--------------+--------------+--------------+--------------+--------------+--------------+--------------+--------------+--------------+--------------+--------------+--------------+--------------+--------------+--------------+--------------+--------------+--------------+--------------+--------------+--------------+--------------+--------------+--------------+--------------+--------------+--------------+--------------+--------------+--------------+--------------+--------------+--------------+--------------+--------------+--------------+--------------+--------------+--------------+--------------+--------------+--------------+--------------+--------------+--------------+--------------+--------------+--------------+--------------+--------------+--------------+--------------+--------------+--------------+--------------+--------------+--------------+--------------+--------------+--------------+--------------+--------------+--------------+--------------+--------------+--------------+--------------+--------------+--------------+--------------+--------------+--------------+--------------+--------------+--------------+--------------+--------------+--------------+--------------+--------------+--------------+--------------+--------------+--------------+--------------+--------------+--------------+--------------+--------------+--------------+--------------+--------------+--------------+--------------+--------------+--------------+--------------+--------------+--------------+--------------+--------------+--------------+--------------+--------------+--------------+--------------+--------------+--------------+--------------+--------------+--------------+--------------+--------------+--------------+--------------+--------------+--------------+--------------+--------------+--------------+--------------+--------------+--------------+--------------+--------------+--------------+--------------+--------------+--------------+--------------+--------------+--------------+--------------+--------------+--------------+--------------+--------------+--------------+--------------+--------------+--------------+
|  Runtime (RDTSC) [s] |      1.8364 |      1.8361 |      1.8361 |      1.8356 |      1.8356 |      1.8357 |      1.8360 |      1.8360 |      1.8360 |      1.8361 |      1.8360 |      1.8362 |      1.8366 |      1.8369 |      1.8362 |      1.8357 |      1.8360 |      1.8361 |      1.8365 |      1.8361 |      1.8360 |      1.8361 |      1.8362 |      1.8360 |      1.8362 |      1.8362 |      1.8362 |      1.8364 |      1.8362 |      1.8362 |      1.8361 |      1.8363 |      1.8357 |      1.8358 |      1.8362 |      1.8358 |      1.8358 |      1.8362 |      1.8361 |      1.8357 |      1.8356 |      1.8362 |      1.8362 |      1.8358 |      1.8361 |      1.8358 |      1.8356 |      1.8358 |      1.8361 |      1.8357 |      1.8357 |      1.8360 |      1.8358 |      1.8360 |      1.8358 |      1.8361 |      1.8357 |      1.8357 |      1.8357 |      1.8357 |      1.8357 |      1.8357 |      1.8357 |      1.8358 |      1.8362 |      1.8358 |      1.8366 |      1.8357 |      1.8370 |      1.8359 |      1.8357 |      1.8366 |      1.8357 |      1.8366 |      1.8359 |      1.8357 |      1.8357 |      1.8357 |      1.8357 |      1.8357 |      1.8361 |      1.8357 |      1.8360 |      1.8356 |      1.8360 |      1.8358 |      1.8365 |      1.8356 |      1.8369 |      1.8357 |      1.8365 |      1.8357 |      1.8366 |      1.8357 |      1.8357 |      1.8361 |      1.8372 |      1.8360 |      1.8358 |      1.8361 |       1.8361 |       1.8362 |       1.8370 |       1.8362 |       1.8366 |       1.8356 |       1.8357 |       1.8357 |       1.8356 |       1.8357 |       1.8357 |       1.8357 |       1.8365 |       1.8362 |       1.8362 |       1.8357 |       1.8357 |       1.8360 |       1.8357 |       1.8357 |       1.8362 |       1.8362 |       1.8371 |       1.8362 |       1.8361 |       1.8364 |       1.8361 |       1.8361 |       1.8365 |       1.8365 |       1.8357 |       1.8358 |       1.8362 |       1.8361 |       1.8362 |       1.8372 |       1.8359 |       1.8360 |       1.8369 |       1.8357 |       1.8357 |       1.8357 |       1.8357 |       1.8356 |       1.8361 |       1.8358 |       1.8357 |       1.8361 |       1.8357 |       1.8361 |       1.8357 |       1.8357 |       1.8358 |       1.8357 |       1.8358 |       1.8360 |       1.8365 |       1.8360 |       1.8360 |       1.8358 |       1.8365 |       1.8365 |       1.8356 |       1.8361 |       1.8363 |       1.8365 |       1.8369 |       1.8365 |       1.8356 |       1.8365 |       1.8360 |       1.8356 |       1.8358 |       1.8358 |       1.8357 |       1.8357 |       1.8358 |       1.8366 |       1.8358 |       1.8357 |       1.8366 |       1.8356 |       1.8358 |       1.8357 |       1.8365 |       1.8357 |       1.8361 |       1.8365 |       1.8360 |       1.8357 |       1.8357 |       1.8366 |       1.8357 |       1.8362 |       1.8362 |       1.8361 |       1.8358 |       1.8361 |       1.8357 |       1.8362 |       1.8357 |       1.8360 |       1.8358 |       1.8361 |       1.8365 |       1.8357 |       1.8357 |       1.8357 |       1.8363 |       1.8360 |       1.8364 |       1.8356 |       1.8357 |       1.8357 |       1.8362 |       1.8357 |       1.8357 |       1.8358 |       1.8358 |       1.8357 |       1.8357 |       1.8359 |       1.8356 |       1.8358 |       1.8365 |       1.8365 |       1.8371 |       1.8366 |       1.8361 |       1.8371 |       1.8360 |       1.8366 |       1.8369 |       1.8365 |       1.8369 |       1.8366 |       1.8366 |       1.8369 |       1.8367 |       1.8369 |       1.8360 |       1.8356 |       1.8356 |       1.8366 |       1.8366 |       1.8367 |       1.8364 |       1.8356 |       1.8357 |       1.8357 |       1.8357 |       1.8357 |       1.8357 |       1.8357 |       1.8357 |       1.8357 |
| Runtime unhalted [s] |      1.8241 |      1.8246 |      1.8236 |      1.8231 |      1.8231 |      1.8227 |      1.8243 |      1.8231 |      1.8143 |      1.8135 |      1.8129 |      1.8139 |      1.8136 |      1.8145 |      1.8135 |      1.8127 |      1.8298 |      1.8299 |      1.8302 |      1.8299 |      1.8298 |      1.8298 |      1.8299 |      1.8298 |      1.8254 |      1.8251 |      1.8259 |      1.8257 |      1.8251 |      1.8254 |      1.8251 |      1.8254 |      1.8065 |      1.8074 |      1.8082 |      1.8075 |      1.8066 |      1.8075 |      1.8074 |      1.8066 |      1.8177 |      1.8190 |      1.8190 |      1.8173 |      1.8187 |      1.8175 |      1.8174 |      1.8179 |      1.8296 |      1.8292 |      1.8284 |      1.8293 |      1.8282 |      1.8291 |      1.8282 |      1.8290 |      1.8118 |      1.8118 |      1.8119 |      1.8117 |      1.8125 |      1.8119 |      1.8116 |      1.8118 |      1.8168 |      1.8159 |      1.8170 |      1.8161 |      1.8174 |      1.8160 |      1.8161 |      1.8172 |      1.8314 |      1.8333 |      1.8316 |      1.8314 |      1.8322 |      1.8316 |      1.8316 |      1.8314 |      1.8258 |      1.8256 |      1.8253 |      1.8251 |      1.8254 |      1.8250 |      1.8264 |      1.8250 |      1.8248 |      1.8236 |      1.8250 |      1.8239 |      1.8249 |      1.8241 |      1.8235 |      1.8245 |      1.8310 |      1.8304 |      1.8295 |      1.8309 |       1.8309 |       1.8304 |       1.8310 |       1.8309 |       1.8181 |       1.8169 |       1.8168 |       1.8169 |       1.8169 |       1.8168 |       1.8170 |       1.8170 |       1.8290 |       1.8287 |       1.8286 |       1.8277 |       1.8276 |       1.8287 |       1.8276 |       1.8284 |       1.8184 |       1.8183 |       1.8190 |       1.8184 |       1.8188 |       1.8196 |       1.8184 |       1.8183 |       1.8199 |       1.8198 |       1.8184 |       1.8182 |       1.8193 |       1.8192 |       1.8194 |       1.8198 |       1.8278 |       1.8288 |       1.8292 |       1.8279 |       1.8279 |       1.8279 |       1.8277 |       1.8278 |       1.8367 |       1.8364 |       1.8360 |       1.8368 |       1.8362 |       1.8367 |       1.8359 |       1.8360 |       1.8220 |       1.8221 |       1.8221 |       1.8222 |       1.8235 |       1.8223 |       1.8229 |       1.8218 |       1.8219 |       1.8221 |       1.8207 |       1.8220 |       1.8218 |       1.8223 |       1.8223 |       1.8220 |       1.8238 |       1.8257 |       1.8254 |       1.8239 |       1.8245 |       1.8243 |       1.8246 |       1.8244 |       1.8102 |       1.8111 |       1.8101 |       1.8101 |       1.8111 |       1.8104 |       1.8104 |       1.8105 |       1.8322 |       1.8309 |       1.8308 |       1.8321 |       1.8309 |       1.8299 |       1.8305 |       1.8324 |       1.8159 |       1.8166 |       1.8166 |       1.8166 |       1.8165 |       1.8173 |       1.8164 |       1.8166 |       1.8207 |       1.8221 |       1.8207 |       1.8216 |       1.8225 |       1.8206 |       1.8214 |       1.8207 |       1.8273 |       1.8273 |       1.8272 |       1.8259 |       1.8260 |       1.8259 |       1.8268 |       1.8263 |       1.8271 |       1.8271 |       1.8271 |       1.8278 |       1.8275 |       1.8274 |       1.8278 |       1.8278 |       1.8393 |       1.8393 |       1.8393 |       1.8391 |       1.8388 |       1.8393 |       1.8380 |       1.8390 |       1.8251 |       1.8248 |       1.8252 |       1.8249 |       1.8252 |       1.8251 |       1.8249 |       1.8248 |       1.8196 |       1.8184 |       1.8187 |       1.8197 |       1.8193 |       1.8196 |       1.8197 |       1.8186 |       1.8199 |       1.8197 |       1.8195 |       1.8199 |       1.8199 |       1.8194 |       1.8194 |       1.8193 |
|      Clock [MHz]     |   2673.7088 |   2673.2219 |   2673.6312 |   2673.0326 |   2673.0305 |   2672.9726 |   2673.2101 |   2673.6362 |   2657.7385 |   2657.6399 |   2657.6342 |   2658.0676 |   2657.6634 |   2657.5678 |   2657.6659 |   2657.1057 |   2681.7202 |   2681.7112 |   2681.4894 |   2681.7131 |   2681.5992 |   2681.6802 |   2681.7532 |   2681.6349 |   2675.1228 |   2675.6468 |   2675.1837 |   2674.5120 |   2675.6358 |   2675.1489 |   2675.6596 |   2675.0665 |   2648.1249 |   2648.8365 |   2648.9559 |   2648.9084 |   2648.2359 |   2648.8317 |   2648.7973 |   2648.2529 |   2664.2108 |   2665.0646 |   2665.0826 |   2663.8719 |   2664.4469 |   2664.4250 |   2663.8556 |   2663.8887 |   2680.5391 |   2680.6645 |   2680.4293 |   2680.5602 |   2679.8170 |   2680.4568 |   2679.8169 |   2680.4502 |   2655.9993 |   2655.4950 |   2655.5053 |   2655.8044 |   2656.0068 |   2655.9057 |   2655.4593 |   2655.8615 |   2662.5218 |   2661.9337 |   2662.5372 |   2662.4709 |   2662.3422 |   2661.9276 |   2662.4542 |   2662.3575 |   2684.3560 |   2685.2783 |   2684.5295 |   2684.7090 |   2684.9209 |   2684.8737 |   2684.7830 |   2684.6995 |   2675.7997 |   2675.2998 |   2675.8593 |   2675.2520 |   2675.8815 |   2675.1463 |   2675.9314 |   2675.1700 |   2673.3902 |   2673.1307 |   2673.9363 |   2673.7838 |   2673.6279 |   2673.2728 |   2673.1243 |   2673.8134 |   2682.2620 |   2682.3834 |   2681.6917 |   2682.4030 |    2682.3993 |    2682.4021 |    2682.2112 |    2682.4055 |    2662.7939 |    2662.3923 |    2662.3381 |    2662.4003 |    2662.7873 |    2662.3293 |    2663.4775 |    2662.4171 |    2679.6102 |    2679.8421 |    2679.7489 |    2679.1189 |    2679.0382 |    2679.7544 |    2679.0360 |    2679.2584 |    2664.8299 |    2664.7046 |    2664.7107 |    2664.8299 |    2664.8200 |    2665.4299 |    2664.8380 |    2664.7240 |    2665.9430 |    2665.9441 |    2665.1943 |    2664.9871 |    2665.8263 |    2665.7939 |    2665.4300 |    2665.6221 |    2678.4764 |    2679.1186 |    2679.3253 |    2678.5368 |    2678.5583 |    2678.5699 |    2678.8346 |    2678.5136 |    2690.9939 |    2691.0200 |    2690.4358 |    2690.9801 |    2690.9371 |    2691.3931 |    2690.3998 |    2690.8258 |    2670.1926 |    2670.6553 |    2670.2530 |    2670.2865 |    2671.0103 |    2670.8126 |    2670.7997 |    2670.0421 |    2668.6934 |    2669.0957 |    2667.9964 |    2668.5732 |    2669.1699 |    2669.2727 |    2668.9259 |    2668.8975 |    2673.5410 |    2674.5132 |    2674.5324 |    2673.6214 |    2674.0041 |    2673.3576 |    2673.9408 |    2673.8229 |    2652.6268 |    2653.2044 |    2652.5718 |    2652.3324 |    2653.2089 |    2653.1301 |    2653.1295 |    2653.1897 |    2683.7250 |    2683.5432 |    2682.9687 |    2683.6861 |    2682.9712 |    2682.3211 |    2682.7677 |    2683.6741 |    2661.5310 |    2662.1321 |    2662.1121 |    2662.1184 |    2662.0677 |    2662.6607 |    2662.0224 |    2662.1512 |    2668.7965 |    2669.4860 |    2668.8272 |    2669.4406 |    2669.6111 |    2668.7889 |    2668.9590 |    2668.7905 |    2677.7098 |    2677.6640 |    2678.2179 |    2677.5419 |    2677.5645 |    2677.5202 |    2678.1488 |    2678.1297 |    2678.1058 |    2678.0616 |    2678.1069 |    2678.6125 |    2678.1061 |    2678.3569 |    2678.6032 |    2678.5972 |    2694.1069 |    2694.1623 |    2693.8811 |    2693.5878 |    2694.0515 |    2693.8415 |    2693.4944 |    2693.6002 |    2673.2984 |    2672.7686 |    2673.3580 |    2673.5153 |    2673.3230 |    2673.3095 |    2673.0416 |    2672.7825 |    2665.8399 |    2665.1628 |    2665.2904 |    2665.9572 |    2665.7703 |    2665.2084 |    2665.4522 |    2665.2039 |    2666.9074 |    2667.2549 |    2666.9244 |    2667.3523 |    2666.9069 |    2666.9119 |    2666.9025 |    2666.8209 |
|          CPI         |      0.2387 |      0.2392 |      0.2392 |      0.2391 |      0.2391 |      0.2391 |      0.2392 |      0.2392 |      0.2377 |      0.2377 |      0.2376 |      0.2377 |      0.2377 |      0.2378 |      0.2377 |      0.2376 |      0.2397 |      0.2398 |      0.2398 |      0.2397 |      0.2397 |      0.2397 |      0.2397 |      0.2397 |      0.2392 |      0.2392 |      0.2392 |      0.2392 |      0.2392 |      0.2392 |      0.2392 |      0.2392 |      0.2370 |      0.2370 |      0.2371 |      0.2370 |      0.2370 |      0.2371 |      0.2370 |      0.2370 |      0.2382 |      0.2383 |      0.2382 |      0.2382 |      0.2382 |      0.2382 |      0.2381 |      0.2382 |      0.2397 |      0.2396 |      0.2396 |      0.2397 |      0.2396 |      0.2397 |      0.2396 |      0.2397 |      0.2375 |      0.2375 |      0.2375 |      0.2375 |      0.2375 |      0.2375 |      0.2375 |      0.2376 |      0.2381 |      0.2381 |      0.2382 |      0.2381 |      0.2383 |      0.2381 |      0.2381 |      0.2382 |      0.2400 |      0.2402 |      0.2401 |      0.2400 |      0.2400 |      0.2400 |      0.2400 |      0.2400 |      0.2393 |      0.2392 |      0.2393 |      0.2392 |      0.2393 |      0.2392 |      0.2393 |      0.2392 |      0.2392 |      0.2390 |      0.2391 |      0.2390 |      0.2392 |      0.2390 |      0.2390 |      0.2391 |      0.2401 |      0.2399 |      0.2398 |      0.2399 |       0.2399 |       0.2399 |       0.2400 |       0.2399 |       0.2383 |       0.2381 |       0.2381 |       0.2381 |       0.2381 |       0.2381 |       0.2381 |       0.2381 |       0.2397 |       0.2397 |       0.2397 |       0.2396 |       0.2396 |       0.2396 |       0.2396 |       0.2396 |       0.2383 |       0.2383 |       0.2385 |       0.2383 |       0.2383 |       0.2384 |       0.2383 |       0.2383 |       0.2382 |       0.2382 |       0.2381 |       0.2381 |       0.2381 |       0.2381 |       0.2381 |       0.2383 |       0.2392 |       0.2393 |       0.2394 |       0.2392 |       0.2392 |       0.2392 |       0.2392 |       0.2392 |       0.2403 |       0.2403 |       0.2403 |       0.2403 |       0.2403 |       0.2403 |       0.2403 |       0.2403 |       0.2385 |       0.2385 |       0.2385 |       0.2385 |       0.2386 |       0.2385 |       0.2385 |       0.2385 |       0.2385 |       0.2385 |       0.2383 |       0.2384 |       0.2384 |       0.2385 |       0.2385 |       0.2385 |       0.2388 |       0.2389 |       0.2389 |       0.2388 |       0.2388 |       0.2388 |       0.2388 |       0.2388 |       0.2371 |       0.2372 |       0.2370 |       0.2370 |       0.2372 |       0.2370 |       0.2370 |       0.2370 |       0.2397 |       0.2396 |       0.2397 |       0.2397 |       0.2396 |       0.2396 |       0.2396 |       0.2397 |       0.2378 |       0.2379 |       0.2379 |       0.2379 |       0.2378 |       0.2379 |       0.2378 |       0.2379 |       0.2384 |       0.2385 |       0.2384 |       0.2385 |       0.2385 |       0.2384 |       0.2384 |       0.2384 |       0.2392 |       0.2392 |       0.2392 |       0.2391 |       0.2391 |       0.2391 |       0.2392 |       0.2391 |       0.2392 |       0.2393 |       0.2392 |       0.2392 |       0.2392 |       0.2393 |       0.2392 |       0.2392 |       0.2406 |       0.2406 |       0.2407 |       0.2406 |       0.2406 |       0.2407 |       0.2405 |       0.2406 |       0.2389 |       0.2389 |       0.2389 |       0.2389 |       0.2389 |       0.2389 |       0.2389 |       0.2389 |       0.2381 |       0.2381 |       0.2381 |       0.2382 |       0.2382 |       0.2382 |       0.2382 |       0.2381 |       0.2383 |       0.2383 |       0.2383 |       0.2383 |       0.2383 |       0.2383 |       0.2383 |       0.2383 |
|     SP [MFLOP/s]     | 140327.0511 | 140349.6733 | 140349.5968 | 140390.0444 | 140390.1209 | 140381.9377 | 140357.2411 | 140359.3052 | 140358.8465 | 140350.1319 | 140359.0758 | 140344.7814 | 140313.6036 | 140291.0695 | 140344.7050 | 140382.3201 | 140357.3940 | 140346.9980 | 140316.6596 | 140347.3802 | 140356.5531 | 140350.2848 | 140344.7050 | 140357.3175 | 140344.7050 | 140340.5777 | 140341.6477 | 140325.2937 | 140341.6477 | 140341.6477 | 140348.2974 | 140339.1256 | 140382.5495 | 140371.5381 | 140341.4184 | 140375.9730 | 140372.3027 | 140341.4184 | 140350.3612 | 140379.3377 | 140389.8149 | 140343.9406 | 140343.9406 | 140372.8379 | 140348.9089 | 140371.5381 | 140389.7384 | 140372.8379 | 140347.4566 | 140382.3201 | 140382.3966 | 140358.3114 | 140373.9849 | 140358.3114 | 140375.8201 | 140348.7560 | 140384.3849 | 140384.4614 | 140384.4614 | 140378.8024 | 140384.2320 | 140382.4730 | 140381.0200 | 140372.6086 | 140339.8898 | 140375.5907 | 140312.4576 | 140382.3966 | 140282.7451 | 140368.4032 | 140382.1671 | 140313.6800 | 140381.2495 | 140313.9856 | 140363.7394 | 140381.2495 | 140382.2436 | 140382.5495 | 140382.5495 | 140381.1730 | 140351.4314 | 140382.6260 | 140358.3114 | 140388.0559 | 140356.9353 | 140376.2789 | 140323.9183 | 140389.5090 | 140290.9167 | 140378.9553 | 140323.7654 | 140381.4024 | 140313.6036 | 140378.8788 | 140382.0142 | 140349.6733 | 140269.5351 | 140356.1708 | 140372.2262 | 140348.9853 |  140350.1319 |  140343.3292 |  140281.8288 |  140339.9663 |  140313.6036 |  140389.0501 |  140380.6377 |  140382.8554 |  140387.6735 |  140378.4965 |  140381.0200 |  140382.2436 |  140319.0282 |  140343.0234 |  140344.0171 |  140378.4200 |  140378.4965 |  140358.1585 |  140378.5730 |  140383.3142 |  140344.5521 |  140344.5521 |  140271.9021 |  140345.5457 |  140347.0744 |  140324.0711 |  140349.1382 |  140347.6859 |  140320.4799 |  140320.4799 |  140378.3435 |  140377.0436 |  140342.6413 |  140349.2146 |  140342.6413 |  140265.2596 |  140368.4032 |  140357.9291 |  140291.1459 |  140383.9261 |  140383.8496 |  140383.8496 |  140378.8788 |  140388.9736 |  140347.4566 |  140374.8260 |  140382.3966 |  140348.9853 |  140379.3377 |  140347.3802 |  140382.3201 |  140382.3201 |  140377.1200 |  140379.5671 |  140375.2848 |  140358.0056 |  140323.3834 |  140360.9871 |  140356.7060 |  140375.2848 |  140323.5362 |  140323.5362 |  140387.5970 |  140348.8325 |  140338.6670 |  140317.9585 |  140290.8404 |  140317.2709 |  140389.9679 |  140320.4035 |  140355.8651 |  140389.5855 |  140375.3613 |  140372.7615 |  140384.0790 |  140381.9377 |  140372.3792 |  140312.1520 |  140375.3613 |  140379.2612 |  140312.0756 |  140389.2796 |  140375.2848 |  140384.3084 |  140321.4732 |  140382.6260 |  140349.9026 |  140321.4732 |  140358.3878 |  140383.0848 |  140381.4024 |  140308.8670 |  140378.6494 |  140346.2336 |  140346.4629 |  140349.7497 |  140375.0554 |  140348.8325 |  140379.7200 |  140346.4629 |  140384.2320 |  140355.9415 |  140371.8439 |  140348.7560 |  140323.5362 |  140379.7200 |  140384.1555 |  140384.3084 |  140337.5206 |  140358.0056 |  140326.2106 |  140389.6620 |  140378.8024 |  140381.4024 |  140344.3992 |  140382.0142 |  140382.2436 |  140371.3852 |  140371.3852 |  140381.0200 |  140382.0142 |  140363.3571 |  140385.6085 |  140371.4616 |  140316.4304 |  140323.6890 |  140274.8799 |  140314.8260 |  140348.2974 |  140270.9858 |  140357.0118 |  140314.9788 |  140290.2294 |  140316.6596 |  140290.3057 |  140313.6800 |  140311.9992 |  140289.6948 |  140306.1933 |  140289.6948 |  140358.5407 |  140389.2031 |  140387.3675 |  140313.2980 |  140313.2980 |  140304.5127 |  140326.5927 |  140389.4325 |  140381.1730 |  140380.9436 |  140380.9436 |  140382.7025 |  140380.7141 |  140383.3907 |  140383.3907 |  140381.1730 |
+----------------------+-------------+-------------+-------------+-------------+-------------+-------------+-------------+-------------+-------------+-------------+-------------+-------------+-------------+-------------+-------------+-------------+-------------+-------------+-------------+-------------+-------------+-------------+-------------+-------------+-------------+-------------+-------------+-------------+-------------+-------------+-------------+-------------+-------------+-------------+-------------+-------------+-------------+-------------+-------------+-------------+-------------+-------------+-------------+-------------+-------------+-------------+-------------+-------------+-------------+-------------+-------------+-------------+-------------+-------------+-------------+-------------+-------------+-------------+-------------+-------------+-------------+-------------+-------------+-------------+-------------+-------------+-------------+-------------+-------------+-------------+-------------+-------------+-------------+-------------+-------------+-------------+-------------+-------------+-------------+-------------+-------------+-------------+-------------+-------------+-------------+-------------+-------------+-------------+-------------+-------------+-------------+-------------+-------------+-------------+-------------+-------------+-------------+-------------+-------------+-------------+--------------+--------------+--------------+--------------+--------------+--------------+--------------+--------------+--------------+--------------+--------------+--------------+--------------+--------------+--------------+--------------+--------------+--------------+--------------+--------------+--------------+--------------+--------------+--------------+--------------+--------------+--------------+--------------+--------------+--------------+--------------+--------------+--------------+--------------+--------------+--------------+--------------+--------------+--------------+--------------+--------------+--------------+--------------+--------------+--------------+--------------+--------------+--------------+--------------+--------------+--------------+--------------+--------------+--------------+--------------+--------------+--------------+--------------+--------------+--------------+--------------+--------------+--------------+--------------+--------------+--------------+--------------+--------------+--------------+--------------+--------------+--------------+--------------+--------------+--------------+--------------+--------------+--------------+--------------+--------------+--------------+--------------+--------------+--------------+--------------+--------------+--------------+--------------+--------------+--------------+--------------+--------------+--------------+--------------+--------------+--------------+--------------+--------------+--------------+--------------+--------------+--------------+--------------+--------------+--------------+--------------+--------------+--------------+--------------+--------------+--------------+--------------+--------------+--------------+--------------+--------------+--------------+--------------+--------------+--------------+--------------+--------------+--------------+--------------+--------------+--------------+--------------+--------------+--------------+--------------+--------------+--------------+--------------+--------------+--------------+--------------+--------------+--------------+--------------+--------------+--------------+--------------+--------------+--------------+--------------+--------------+--------------+--------------+--------------+--------------+--------------+--------------+--------------+--------------+--------------+--------------+
+---------------------------+--------------+-------------+-------------+-------------+
|           Metric          |      Sum     |     Min     |     Max     |     Avg     |
+---------------------------+--------------+-------------+-------------+-------------+
|  Runtime (RDTSC) [s] STAT |     470.0266 |      1.8356 |      1.8372 |      1.8360 |
| Runtime unhalted [s] STAT |     466.7214 |      1.8065 |      1.8393 |      1.8231 |
|      Clock [MHz] STAT     |  683949.1199 |   2648.1249 |   2694.1623 |   2671.6762 |
|          CPI STAT         |      61.1317 |      0.2370 |      0.2407 |      0.2388 |
|     SP [MFLOP/s] STAT     | 3.593093e+07 | 140265.2596 | 140390.1209 | 140355.2030 |
+---------------------------+--------------+-------------+-------------+-------------+
