--------------------------------------------------------------------------------
CPU name:	AMD EPYC 9755 128-Core Processor               
CPU type:	AMD K1A (Zen5) architecture
CPU clock:	2.70 GHz
--------------------------------------------------------------------------------
Region bench, Group 1: FLOPS_SP
+-------------------+------------+------------+------------+------------+------------+------------+------------+------------+------------+------------+-------------+-------------+-------------+-------------+-------------+-------------+-------------+-------------+-------------+-------------+-------------+-------------+-------------+-------------+-------------+-------------+-------------+-------------+-------------+-------------+-------------+-------------+-------------+-------------+-------------+-------------+-------------+-------------+-------------+-------------+-------------+-------------+-------------+-------------+-------------+-------------+-------------+-------------+-------------+-------------+-------------+-------------+-------------+-------------+-------------+-------------+-------------+-------------+-------------+-------------+-------------+-------------+-------------+-------------+-------------+-------------+-------------+-------------+-------------+-------------+-------------+-------------+-------------+-------------+-------------+-------------+-------------+-------------+-------------+-------------+-------------+-------------+-------------+-------------+-------------+-------------+-------------+-------------+-------------+-------------+-------------+-------------+-------------+-------------+-------------+-------------+-------------+-------------+-------------+-------------+--------------+--------------+--------------+--------------+--------------+--------------+--------------+--------------+--------------+--------------+--------------+--------------+--------------+--------------+--------------+--------------+--------------+--------------+--------------+--------------+--------------+--------------+--------------+--------------+--------------+--------------+--------------+--------------+--------------+--------------+--------------+--------------+--------------+--------------+--------------+--------------+--------------+--------------+--------------+--------------+--------------+--------------+--------------+--------------+--------------+--------------+--------------+--------------+--------------+--------------+--------------+--------------+--------------+--------------+--------------+--------------+--------------+--------------+--------------+--------------+--------------+--------------+--------------+--------------+--------------+--------------+--------------+--------------+--------------+--------------+--------------+--------------+--------------+--------------+--------------+--------------+--------------+--------------+--------------+--------------+--------------+--------------+--------------+--------------+--------------+--------------+--------------+--------------+--------------+--------------+--------------+--------------+--------------+--------------+--------------+--------------+--------------+--------------+--------------+--------------+--------------+--------------+--------------+--------------+--------------+--------------+--------------+--------------+--------------+--------------+--------------+--------------+--------------+--------------+--------------+--------------+--------------+--------------+--------------+--------------+--------------+--------------+--------------+--------------+--------------+--------------+--------------+--------------+--------------+--------------+--------------+--------------+--------------+--------------+--------------+--------------+--------------+--------------+--------------+--------------+--------------+--------------+--------------+--------------+--------------+--------------+--------------+--------------+--------------+--------------+--------------+--------------+--------------+--------------+--------------+--------------+
|    Region Info    | HWThread 0 | HWThread 1 | HWThread 2 | HWThread 3 | HWThread 4 | HWThread 5 | HWThread 6 | HWThread 7 | HWThread 8 | HWThread 9 | HWThread 10 | HWThread 11 | HWThread 12 | HWThread 13 | HWThread 14 | HWThread 15 | HWThread 16 | HWThread 17 | HWThread 18 | HWThread 19 | HWThread 20 | HWThread 21 | HWThread 22 | HWThread 23 | HWThread 24 | HWThread 25 | HWThread 26 | HWThread 27 | HWThread 28 | HWThread 29 | HWThread 30 | HWThread 31 | HWThread 32 | HWThread 33 | HWThread 34 | HWThread 35 | HWThread 36 | HWThread 37 | HWThread 38 | HWThread 39 | HWThread 40 | HWThread 41 | HWThread 42 | HWThread 43 | HWThread 44 | HWThread 45 | HWThread 46 | HWThread 47 | HWThread 48 | HWThread 49 | HWThread 50 | HWThread 51 | HWThread 52 | HWThread 53 | HWThread 54 | HWThread 55 | HWThread 56 | HWThread 57 | HWThread 58 | HWThread 59 | HWThread 60 | HWThread 61 | HWThread 62 | HWThread 63 | HWThread 64 | HWThread 65 | HWThread 66 | HWThread 67 | HWThread 68 | HWThread 69 | HWThread 70 | HWThread 71 | HWThread 72 | HWThread 73 | HWThread 74 | HWThread 75 | HWThread 76 | HWThread 77 | HWThread 78 | HWThread 79 | HWThread 80 | HWThread 81 | HWThread 82 | HWThread 83 | HWThread 84 | HWThread 85 | HWThread 86 | HWThread 87 | HWThread 88 | HWThread 89 | HWThread 90 | HWThread 91 | HWThread 92 | HWThread 93 | HWThread 94 | HWThread 95 | HWThread 96 | HWThread 97 | HWThread 98 | HWThread 99 | HWThread 100 | HWThread 101 | HWThread 102 | HWThread 103 | HWThread 104 | HWThread 105 | HWThread 106 | HWThread 107 | HWThread 108 | HWThread 109 | HWThread 110 | HWThread 111 | HWThread 112 | HWThread 113 | HWThread 114 | HWThread 115 | HWThread 116 | HWThread 117 | HWThread 118 | HWThread 119 | HWThread 120 | HWThread 121 | HWThread 122 | HWThread 123 | HWThread 124 | HWThread 125 | HWThread 126 | HWThread 127 | HWThread 128 | HWThread 129 | HWThread 130 | HWThread 131 | HWThread 132 | HWThread 133 | HWThread 134 | HWThread 135 | HWThread 136 | HWThread 137 | HWThread 138 | HWThread 139 | HWThread 140 | HWThread 141 | HWThread 142 | HWThread 143 | HWThread 144 | HWThread 145 | HWThread 146 | HWThread 147 | HWThread 148 | HWThread 149 | HWThread 150 | HWThread 151 | HWThread 152 | HWThread 153 | HWThread 154 | HWThread 155 | HWThread 156 | HWThread 157 | HWThread 158 | HWThread 159 | HWThread 160 | HWThread 161 | HWThread 162 | HWThread 163 | HWThread 164 | HWThread 165 | HWThread 166 | HWThread 167 | HWThread 168 | HWThread 169 | HWThread 170 | HWThread 171 | HWThread 172 | HWThread 173 | HWThread 174 | HWThread 175 | HWThread 176 | HWThread 177 | HWThread 178 | HWThread 179 | HWThread 180 | HWThread 181 | HWThread 182 | HWThread 183 | HWThread 184 | HWThread 185 | HWThread 186 | HWThread 187 | HWThread 188 | HWThread 189 | HWThread 190 | HWThread 191 | HWThread 192 | HWThread 193 | HWThread 194 | HWThread 195 | HWThread 196 | HWThread 197 | HWThread 198 | HWThread 199 | HWThread 200 | HWThread 201 | HWThread 202 | HWThread 203 | HWThread 204 | HWThread 205 | HWThread 206 | HWThread 207 | HWThread 208 | HWThread 209 | HWThread 210 | HWThread 211 | HWThread 212 | HWThread 213 | HWThread 214 | HWThread 215 | HWThread 216 | HWThread 217 | HWThread 218 | HWThread 219 | HWThread 220 | HWThread 221 | HWThread 222 | HWThread 223 | HWThread 224 | HWThread 225 | HWThread 226 | HWThread 227 | HWThread 228 | HWThread 229 | HWThread 230 | HWThread 231 | HWThread 232 | HWThread 233 | HWThread 234 | HWThread 235 | HWThread 236 | HWThread 237 | HWThread 238 | HWThread 239 | HWThread 240 | HWThread 241 | HWThread 242 | HWThread 243 | HWThread 244 | HWThread 245 | HWThread 246 | HWThread 247 | HWThread 248 | HWThread 249 | HWThread 250 | HWThread 251 | HWThread 252 | HWThread 253 | HWThread 254 | HWThread 255 |
+-------------------+------------+------------+------------+------------+------------+------------+------------+------------+------------+------------+-------------+-------------+-------------+-------------+-------------+-------------+-------------+-------------+-------------+-------------+-------------+-------------+-------------+-------------+-------------+-------------+-------------+-------------+-------------+-------------+-------------+-------------+-------------+-------------+-------------+-------------+-------------+-------------+-------------+-------------+-------------+-------------+-------------+-------------+-------------+-------------+-------------+-------------+-------------+-------------+-------------+-------------+-------------+-------------+-------------+-------------+-------------+-------------+-------------+-------------+-------------+-------------+-------------+-------------+-------------+-------------+-------------+-------------+-------------+-------------+-------------+-------------+-------------+-------------+-------------+-------------+-------------+-------------+-------------+-------------+-------------+-------------+-------------+-------------+-------------+-------------+-------------+-------------+-------------+-------------+-------------+-------------+-------------+-------------+-------------+-------------+-------------+-------------+-------------+-------------+--------------+--------------+--------------+--------------+--------------+--------------+--------------+--------------+--------------+--------------+--------------+--------------+--------------+--------------+--------------+--------------+--------------+--------------+--------------+--------------+--------------+--------------+--------------+--------------+--------------+--------------+--------------+--------------+--------------+--------------+--------------+--------------+--------------+--------------+--------------+--------------+--------------+--------------+--------------+--------------+--------------+--------------+--------------+--------------+--------------+--------------+--------------+--------------+--------------+--------------+--------------+--------------+--------------+--------------+--------------+--------------+--------------+--------------+--------------+--------------+--------------+--------------+--------------+--------------+--------------+--------------+--------------+--------------+--------------+--------------+--------------+--------------+--------------+--------------+--------------+--------------+--------------+--------------+--------------+--------------+--------------+--------------+--------------+--------------+--------------+--------------+--------------+--------------+--------------+--------------+--------------+--------------+--------------+--------------+--------------+--------------+--------------+--------------+--------------+--------------+--------------+--------------+--------------+--------------+--------------+--------------+--------------+--------------+--------------+--------------+--------------+--------------+--------------+--------------+--------------+--------------+--------------+--------------+--------------+--------------+--------------+--------------+--------------+--------------+--------------+--------------+--------------+--------------+--------------+--------------+--------------+--------------+--------------+--------------+--------------+--------------+--------------+--------------+--------------+--------------+--------------+--------------+--------------+--------------+--------------+--------------+--------------+--------------+--------------+--------------+--------------+--------------+--------------+--------------+--------------+--------------+
| RDTSC Runtime [s] |   2.633971 |   2.633910 |   2.634239 |   2.633911 |   2.634094 |   2.633657 |   2.634302 |   2.633746 |   2.633718 |   2.634080 |    2.633900 |    2.633804 |    2.633727 |    2.633741 |    2.633732 |    2.633888 |    2.633949 |    2.633655 |    2.634572 |    2.634523 |    2.633978 |    2.633745 |    2.633910 |    2.634499 |    2.633840 |    2.633968 |    2.633900 |    2.634101 |    2.634078 |    2.633652 |    2.634285 |    2.633845 |    2.633655 |    2.633949 |    2.634079 |    2.633653 |    2.633912 |    2.634301 |    2.634525 |    2.634549 |    2.633755 |    2.633654 |    2.633849 |    2.633729 |    2.633738 |    2.633809 |    2.634085 |    2.633713 |    2.633752 |    2.633732 |    2.633911 |    2.633746 |    2.633801 |    2.634121 |    2.633971 |    2.633911 |    2.633834 |    2.634117 |    2.634117 |    2.633851 |    2.634156 |    2.634184 |    2.633746 |    2.633654 |    2.634302 |    2.633845 |    2.633725 |    2.633755 |    2.633728 |    2.633708 |    2.633846 |    2.633911 |    2.633750 |    2.634675 |    2.633657 |    2.634637 |    2.634675 |    2.633850 |    2.634581 |    2.634550 |    2.633849 |    2.633657 |    2.633846 |    2.634157 |    2.634292 |    2.633903 |    2.634101 |    2.634157 |    2.633820 |    2.633721 |    2.633751 |    2.633820 |    2.633947 |    2.633849 |    2.633960 |    2.633849 |    2.633728 |    2.633727 |    2.633728 |    2.633727 |     2.633906 |     2.633896 |     2.634123 |     2.633653 |     2.633903 |     2.634246 |     2.634093 |     2.633744 |     2.633725 |     2.634092 |     2.634092 |     2.634199 |     2.634557 |     2.637816 |     2.633909 |     2.634522 |     2.637734 |     2.637734 |     2.637734 |     2.637734 |     2.634557 |     2.633846 |     2.634849 |     2.634289 |     2.634580 |     2.634244 |     2.633796 |     2.633848 |     2.633660 |     2.633918 |     2.634851 |     2.634259 |     2.634547 |     2.634270 |     2.634216 |     2.634595 |     2.633737 |     2.633661 |     2.633730 |     2.633958 |     2.633658 |     2.634115 |     2.633731 |     2.633761 |     2.634582 |     2.634167 |     2.634515 |     2.633655 |     2.634113 |     2.634640 |     2.633664 |     2.633844 |     2.634599 |     2.634968 |     2.637623 |     2.637623 |     2.633913 |     2.634673 |     2.637623 |     2.634588 |     2.634295 |     2.635151 |     2.634260 |     2.634610 |     2.634168 |     2.633656 |     2.634470 |     2.634123 |     2.633812 |     2.634511 |     2.633775 |     2.634547 |     2.633750 |     2.634504 |     2.635122 |     2.634501 |     2.634269 |     2.634485 |     2.635126 |     2.635095 |     2.634261 |     2.634498 |     2.634502 |     2.635126 |     2.633720 |     2.633756 |     2.634261 |     2.634480 |     2.635167 |     2.633734 |     2.633852 |     2.634269 |     2.635082 |     2.633662 |     2.634890 |     2.634903 |     2.633940 |     2.633662 |     2.633912 |     2.633749 |     2.633809 |     2.633939 |     2.633730 |     2.635088 |     2.633849 |     2.634263 |     2.634306 |     2.633910 |     2.635041 |     2.633901 |     2.634251 |     2.633750 |     2.634288 |     2.633916 |     2.633905 |     2.633655 |     2.633958 |     2.633915 |     2.633905 |     2.634890 |     2.634499 |     2.633914 |     2.634572 |     2.633752 |     2.634548 |     2.633749 |     2.634557 |     2.633979 |     2.633720 |     2.633936 |     2.634557 |     2.633908 |     2.634598 |     2.634850 |     2.634126 |     2.634271 |     2.633812 |     2.633737 |     2.633661 |     2.634303 |     2.635659 |     2.634558 |     2.633741 |     2.635819 |     2.634962 |     2.635482 |     2.634963 |     2.633905 |     2.634261 |     2.633656 |     2.633898 |     2.633806 |     2.633822 |     2.634271 |     2.634549 |     2.634576 |
|     call count    |          1 |          1 |          1 |          1 |          1 |          1 |          1 |          1 |          1 |          1 |           1 |           1 |           1 |           1 |           1 |           1 |           1 |           1 |           1 |           1 |           1 |           1 |           1 |           1 |           1 |           1 |           1 |           1 |           1 |           1 |           1 |           1 |           1 |           1 |           1 |           1 |           1 |           1 |           1 |           1 |           1 |           1 |           1 |           1 |           1 |           1 |           1 |           1 |           1 |           1 |           1 |           1 |           1 |           1 |           1 |           1 |           1 |           1 |           1 |           1 |           1 |           1 |           1 |           1 |           1 |           1 |           1 |           1 |           1 |           1 |           1 |           1 |           1 |           1 |           1 |           1 |           1 |           1 |           1 |           1 |           1 |           1 |           1 |           1 |           1 |           1 |           1 |           1 |           1 |           1 |           1 |           1 |           1 |           1 |           1 |           1 |           1 |           1 |           1 |           1 |            1 |            1 |            1 |            1 |            1 |            1 |            1 |            1 |            1 |            1 |            1 |            1 |            1 |            1 |            1 |            1 |            1 |            1 |            1 |            1 |            1 |            1 |            1 |            1 |            1 |            1 |            1 |            1 |            1 |            1 |            1 |            1 |            1 |            1 |            1 |            1 |            1 |            1 |            1 |            1 |            1 |            1 |            1 |            1 |            1 |            1 |            1 |            1 |            1 |            1 |            1 |            1 |            1 |            1 |            1 |            1 |            1 |            1 |            1 |            1 |            1 |            1 |            1 |            1 |            1 |            1 |            1 |            1 |            1 |            1 |            1 |            1 |            1 |            1 |            1 |            1 |            1 |            1 |            1 |            1 |            1 |            1 |            1 |            1 |            1 |            1 |            1 |            1 |            1 |            1 |            1 |            1 |            1 |            1 |            1 |            1 |            1 |            1 |            1 |            1 |            1 |            1 |            1 |            1 |            1 |            1 |            1 |            1 |            1 |            1 |            1 |            1 |            1 |            1 |            1 |            1 |            1 |            1 |            1 |            1 |            1 |            1 |            1 |            1 |            1 |            1 |            1 |            1 |            1 |            1 |            1 |            1 |            1 |            1 |            1 |            1 |            1 |            1 |            1 |            1 |            1 |            1 |            1 |            1 |            1 |            1 |            1 |            1 |            1 |            1 |            1 |            1 |            1 |            1 |            1 |            1 |
+-------------------+------------+------------+------------+------------+------------+------------+------------+------------+------------+------------+-------------+-------------+-------------+-------------+-------------+-------------+-------------+-------------+-------------+-------------+-------------+-------------+-------------+-------------+-------------+-------------+-------------+-------------+-------------+-------------+-------------+-------------+-------------+-------------+-------------+-------------+-------------+-------------+-------------+-------------+-------------+-------------+-------------+-------------+-------------+-------------+-------------+-------------+-------------+-------------+-------------+-------------+-------------+-------------+-------------+-------------+-------------+-------------+-------------+-------------+-------------+-------------+-------------+-------------+-------------+-------------+-------------+-------------+-------------+-------------+-------------+-------------+-------------+-------------+-------------+-------------+-------------+-------------+-------------+-------------+-------------+-------------+-------------+-------------+-------------+-------------+-------------+-------------+-------------+-------------+-------------+-------------+-------------+-------------+-------------+-------------+-------------+-------------+-------------+-------------+--------------+--------------+--------------+--------------+--------------+--------------+--------------+--------------+--------------+--------------+--------------+--------------+--------------+--------------+--------------+--------------+--------------+--------------+--------------+--------------+--------------+--------------+--------------+--------------+--------------+--------------+--------------+--------------+--------------+--------------+--------------+--------------+--------------+--------------+--------------+--------------+--------------+--------------+--------------+--------------+--------------+--------------+--------------+--------------+--------------+--------------+--------------+--------------+--------------+--------------+--------------+--------------+--------------+--------------+--------------+--------------+--------------+--------------+--------------+--------------+--------------+--------------+--------------+--------------+--------------+--------------+--------------+--------------+--------------+--------------+--------------+--------------+--------------+--------------+--------------+--------------+--------------+--------------+--------------+--------------+--------------+--------------+--------------+--------------+--------------+--------------+--------------+--------------+--------------+--------------+--------------+--------------+--------------+--------------+--------------+--------------+--------------+--------------+--------------+--------------+--------------+--------------+--------------+--------------+--------------+--------------+--------------+--------------+--------------+--------------+--------------+--------------+--------------+--------------+--------------+--------------+--------------+--------------+--------------+--------------+--------------+--------------+--------------+--------------+--------------+--------------+--------------+--------------+--------------+--------------+--------------+--------------+--------------+--------------+--------------+--------------+--------------+--------------+--------------+--------------+--------------+--------------+--------------+--------------+--------------+--------------+--------------+--------------+--------------+--------------+--------------+--------------+--------------+--------------+--------------+--------------+
+-------------------------------------+---------+--------------+--------------+--------------+--------------+--------------+--------------+--------------+--------------+--------------+--------------+--------------+--------------+--------------+--------------+--------------+--------------+--------------+--------------+--------------+--------------+--------------+--------------+--------------+--------------+--------------+--------------+--------------+--------------+--------------+--------------+--------------+--------------+--------------+--------------+--------------+--------------+--------------+--------------+--------------+--------------+--------------+--------------+--------------+--------------+--------------+--------------+--------------+--------------+--------------+--------------+--------------+--------------+--------------+--------------+--------------+--------------+--------------+--------------+--------------+--------------+--------------+--------------+--------------+--------------+--------------+--------------+--------------+--------------+--------------+--------------+--------------+--------------+--------------+--------------+--------------+--------------+--------------+--------------+--------------+--------------+--------------+--------------+--------------+--------------+--------------+--------------+--------------+--------------+--------------+--------------+--------------+--------------+--------------+--------------+--------------+--------------+--------------+--------------+--------------+--------------+--------------+--------------+--------------+--------------+--------------+--------------+--------------+--------------+--------------+--------------+--------------+--------------+--------------+--------------+--------------+--------------+--------------+--------------+--------------+--------------+--------------+--------------+--------------+--------------+--------------+--------------+--------------+--------------+--------------+--------------+--------------+--------------+--------------+--------------+--------------+--------------+--------------+--------------+--------------+--------------+--------------+--------------+--------------+--------------+--------------+--------------+--------------+--------------+--------------+--------------+--------------+--------------+--------------+--------------+--------------+--------------+--------------+--------------+--------------+--------------+--------------+--------------+--------------+--------------+--------------+--------------+--------------+--------------+--------------+--------------+--------------+--------------+--------------+--------------+--------------+--------------+--------------+--------------+--------------+--------------+--------------+--------------+--------------+--------------+--------------+--------------+--------------+--------------+--------------+--------------+--------------+--------------+--------------+--------------+--------------+--------------+--------------+--------------+--------------+--------------+--------------+--------------+--------------+--------------+--------------+--------------+--------------+--------------+--------------+--------------+--------------+--------------+--------------+--------------+--------------+--------------+--------------+--------------+--------------+--------------+--------------+--------------+--------------+--------------+--------------+--------------+--------------+--------------+--------------+--------------+--------------+--------------+--------------+--------------+--------------+--------------+--------------+--------------+--------------+--------------+--------------+--------------+--------------+--------------+--------------+--------------+--------------+--------------+--------------+--------------+--------------+--------------+--------------+--------------+--------------+--------------+
|                Event                | Counter |  HWThread 0  |  HWThread 1  |  HWThread 2  |  HWThread 3  |  HWThread 4  |  HWThread 5  |  HWThread 6  |  HWThread 7  |  HWThread 8  |  HWThread 9  |  HWThread 10 |  HWThread 11 |  HWThread 12 |  HWThread 13 |  HWThread 14 |  HWThread 15 |  HWThread 16 |  HWThread 17 |  HWThread 18 |  HWThread 19 |  HWThread 20 |  HWThread 21 |  HWThread 22 |  HWThread 23 |  HWThread 24 |  HWThread 25 |  HWThread 26 |  HWThread 27 |  HWThread 28 |  HWThread 29 |  HWThread 30 |  HWThread 31 |  HWThread 32 |  HWThread 33 |  HWThread 34 |  HWThread 35 |  HWThread 36 |  HWThread 37 |  HWThread 38 |  HWThread 39 |  HWThread 40 |  HWThread 41 |  HWThread 42 |  HWThread 43 |  HWThread 44 |  HWThread 45 |  HWThread 46 |  HWThread 47 |  HWThread 48 |  HWThread 49 |  HWThread 50 |  HWThread 51 |  HWThread 52 |  HWThread 53 |  HWThread 54 |  HWThread 55 |  HWThread 56 |  HWThread 57 |  HWThread 58 |  HWThread 59 |  HWThread 60 |  HWThread 61 |  HWThread 62 |  HWThread 63 |  HWThread 64 |  HWThread 65 |  HWThread 66 |  HWThread 67 |  HWThread 68 |  HWThread 69 |  HWThread 70 |  HWThread 71 |  HWThread 72 |  HWThread 73 |  HWThread 74 |  HWThread 75 |  HWThread 76 |  HWThread 77 |  HWThread 78 |  HWThread 79 |  HWThread 80 |  HWThread 81 |  HWThread 82 |  HWThread 83 |  HWThread 84 |  HWThread 85 |  HWThread 86 |  HWThread 87 |  HWThread 88 |  HWThread 89 |  HWThread 90 |  HWThread 91 |  HWThread 92 |  HWThread 93 |  HWThread 94 |  HWThread 95 |  HWThread 96 |  HWThread 97 |  HWThread 98 |  HWThread 99 | HWThread 100 | HWThread 101 | HWThread 102 | HWThread 103 | HWThread 104 | HWThread 105 | HWThread 106 | HWThread 107 | HWThread 108 | HWThread 109 | HWThread 110 | HWThread 111 | HWThread 112 | HWThread 113 | HWThread 114 | HWThread 115 | HWThread 116 | HWThread 117 | HWThread 118 | HWThread 119 | HWThread 120 | HWThread 121 | HWThread 122 | HWThread 123 | HWThread 124 | HWThread 125 | HWThread 126 | HWThread 127 | HWThread 128 | HWThread 129 | HWThread 130 | HWThread 131 | HWThread 132 | HWThread 133 | HWThread 134 | HWThread 135 | HWThread 136 | HWThread 137 | HWThread 138 | HWThread 139 | HWThread 140 | HWThread 141 | HWThread 142 | HWThread 143 | HWThread 144 | HWThread 145 | HWThread 146 | HWThread 147 | HWThread 148 | HWThread 149 | HWThread 150 | HWThread 151 | HWThread 152 | HWThread 153 | HWThread 154 | HWThread 155 | HWThread 156 | HWThread 157 | HWThread 158 | HWThread 159 | HWThread 160 | HWThread 161 | HWThread 162 | HWThread 163 | HWThread 164 | HWThread 165 | HWThread 166 | HWThread 167 | HWThread 168 | HWThread 169 | HWThread 170 | HWThread 171 | HWThread 172 | HWThread 173 | HWThread 174 | HWThread 175 | HWThread 176 | HWThread 177 | HWThread 178 | HWThread 179 | HWThread 180 | HWThread 181 | HWThread 182 | HWThread 183 | HWThread 184 | HWThread 185 | HWThread 186 | HWThread 187 | HWThread 188 | HWThread 189 | HWThread 190 | HWThread 191 | HWThread 192 | HWThread 193 | HWThread 194 | HWThread 195 | HWThread 196 | HWThread 197 | HWThread 198 | HWThread 199 | HWThread 200 | HWThread 201 | HWThread 202 | HWThread 203 | HWThread 204 | HWThread 205 | HWThread 206 | HWThread 207 | HWThread 208 | HWThread 209 | HWThread 210 | HWThread 211 | HWThread 212 | HWThread 213 | HWThread 214 | HWThread 215 | HWThread 216 | HWThread 217 | HWThread 218 | HWThread 219 | HWThread 220 | HWThread 221 | HWThread 222 | HWThread 223 | HWThread 224 | HWThread 225 | HWThread 226 | HWThread 227 | HWThread 228 | HWThread 229 | HWThread 230 | HWThread 231 | HWThread 232 | HWThread 233 | HWThread 234 | HWThread 235 | HWThread 236 | HWThread 237 | HWThread 238 | HWThread 239 | HWThread 240 | HWThread 241 | HWThread 242 | HWThread 243 | HWThread 244 | HWThread 245 | HWThread 246 | HWThread 247 | HWThread 248 | HWThread 249 | HWThread 250 | HWThread 251 | HWThread 252 | HWThread 253 | HWThread 254 | HWThread 255 |
+-------------------------------------+---------+--------------+--------------+--------------+--------------+--------------+--------------+--------------+--------------+--------------+--------------+--------------+--------------+--------------+--------------+--------------+--------------+--------------+--------------+--------------+--------------+--------------+--------------+--------------+--------------+--------------+--------------+--------------+--------------+--------------+--------------+--------------+--------------+--------------+--------------+--------------+--------------+--------------+--------------+--------------+--------------+--------------+--------------+--------------+--------------+--------------+--------------+--------------+--------------+--------------+--------------+--------------+--------------+--------------+--------------+--------------+--------------+--------------+--------------+--------------+--------------+--------------+--------------+--------------+--------------+--------------+--------------+--------------+--------------+--------------+--------------+--------------+--------------+--------------+--------------+--------------+--------------+--------------+--------------+--------------+--------------+--------------+--------------+--------------+--------------+--------------+--------------+--------------+--------------+--------------+--------------+--------------+--------------+--------------+--------------+--------------+--------------+--------------+--------------+--------------+--------------+--------------+--------------+--------------+--------------+--------------+--------------+--------------+--------------+--------------+--------------+--------------+--------------+--------------+--------------+--------------+--------------+--------------+--------------+--------------+--------------+--------------+--------------+--------------+--------------+--------------+--------------+--------------+--------------+--------------+--------------+--------------+--------------+--------------+--------------+--------------+--------------+--------------+--------------+--------------+--------------+--------------+--------------+--------------+--------------+--------------+--------------+--------------+--------------+--------------+--------------+--------------+--------------+--------------+--------------+--------------+--------------+--------------+--------------+--------------+--------------+--------------+--------------+--------------+--------------+--------------+--------------+--------------+--------------+--------------+--------------+--------------+--------------+--------------+--------------+--------------+--------------+--------------+--------------+--------------+--------------+--------------+--------------+--------------+--------------+--------------+--------------+--------------+--------------+--------------+--------------+--------------+--------------+--------------+--------------+--------------+--------------+--------------+--------------+--------------+--------------+--------------+--------------+--------------+--------------+--------------+--------------+--------------+--------------+--------------+--------------+--------------+--------------+--------------+--------------+--------------+--------------+--------------+--------------+--------------+--------------+--------------+--------------+--------------+--------------+--------------+--------------+--------------+--------------+--------------+--------------+--------------+--------------+--------------+--------------+--------------+--------------+--------------+--------------+--------------+--------------+--------------+--------------+--------------+--------------+--------------+--------------+--------------+--------------+--------------+--------------+--------------+--------------+--------------+--------------+--------------+--------------+
|           ACTUAL_CPU_CLOCK          |  FIXC1  |   8227189000 |   8226586000 |   8227859000 |   8227526000 |   8229661000 |   8228972000 |   8226483000 |   8227179000 |   8180488000 |   8179941000 |   8179035000 |   8178589000 |   8182190000 |   8179921000 |   8180007000 |   8180354000 |   8223905000 |   8222158000 |   8223658000 |   8223421000 |   8221962000 |   8223292000 |   8222039000 |   8223505000 |   8213845000 |   8215923000 |   8212725000 |   8215706000 |   8213670000 |   8214894000 |   8217210000 |   8213867000 |   8142123000 |   8142797000 |   8140526000 |   8140897000 |   8141533000 |   8143175000 |   8142909000 |   8142697000 |   8199990000 |   8201463000 |   8198089000 |   8200813000 |   8197465000 |   8197700000 |   8199967000 |   8198400000 |   8224935000 |   8224979000 |   8225867000 |   8224787000 |   8224959000 |   8225457000 |   8224969000 |   8225799000 |   8169139000 |   8171682000 |   8169171000 |   8167059000 |   8169171000 |   8169192000 |   8166936000 |   8167621000 |   8222950000 |   8220583000 |   8220900000 |   8221985000 |   8221984000 |   8221668000 |   8220511000 |   8221823000 |   8251221000 |   8255384000 |   8252044000 |   8253968000 |   8254029000 |   8252778000 |   8253986000 |   8254156000 |   8214590000 |   8213590000 |   8213835000 |   8216473000 |   8213462000 |   8211996000 |   8216714000 |   8215526000 |   8229001000 |   8231248000 |   8228891000 |   8230218000 |   8230997000 |   8228994000 |   8228657000 |   8228896000 |   8241695000 |   8239231000 |   8238349000 |   8240900000 |   8238215000 |   8238443000 |   8240745000 |   8238102000 |   8187928000 |   8190033000 |   8187160000 |   8187067000 |   8185707000 |   8189754000 |   8186382000 |   8188017000 |   8235963000 |   8236280000 |   8232692000 |   8235673000 |   8236325000 |   8237539000 |   8236246000 |   8239499000 |   8190798000 |   8191194000 |   8190492000 |   8187664000 |   8190677000 |   8190122000 |   8188684000 |   8188228000 |   8186122000 |   8187860000 |   8189031000 |   8188258000 |   8188979000 |   8187735000 |   8188774000 |   8189213000 |   8249548000 |   8249381000 |   8251766000 |   8248604000 |   8249258000 |   8248908000 |   8249839000 |   8248188000 |   8290942000 |   8290755000 |   8291232000 |   8289236000 |   8288770000 |   8288777000 |   8288099000 |   8288830000 |   8236912000 |   8238463000 |   8238905000 |   8238317000 |   8235714000 |   8235247000 |   8238996000 |   8234625000 |   8221681000 |   8225548000 |   8221428000 |   8224094000 |   8224316000 |   8221843000 |   8224651000 |   8223438000 |   8247200000 |   8248855000 |   8246305000 |   8248751000 |   8246220000 |   8248867000 |   8249851000 |   8248858000 |   8197320000 |   8198702000 |   8200403000 |   8198819000 |   8195862000 |   8200390000 |   8198797000 |   8198734000 |   8268137000 |   8266982000 |   8267911000 |   8269211000 |   8270061000 |   8267784000 |   8267228000 |   8268531000 |   8217506000 |   8216609000 |   8217692000 |   8218493000 |   8216076000 |   8216711000 |   8215436000 |   8215362000 |   8240372000 |   8240920000 |   8239313000 |   8243369000 |   8239367000 |   8241776000 |   8241816000 |   8239829000 |   8252397000 |   8250175000 |   8252328000 |   8249758000 |   8250290000 |   8250914000 |   8249670000 |   8251670000 |   8255938000 |   8256801000 |   8256974000 |   8259024000 |   8259100000 |   8256582000 |   8258743000 |   8256389000 |   8274954000 |   8270321000 |   8274626000 |   8271522000 |   8270555000 |   8271667000 |   8275441000 |   8270836000 |   8238953000 |   8239121000 |   8239903000 |   8237368000 |   8237759000 |   8237446000 |   8238402000 |   8239229000 |   8227512000 |   8227042000 |   8224211000 |   8227857000 |   8226891000 |   8227881000 |   8227710000 |   8225408000 |   8216347000 |   8211116000 |   8214203000 |   8214134000 |   8211215000 |   8211011000 |   8216006000 |   8216306000 |
|            MAX_CPU_CLOCK            |  FIXC2  |   7111907000 |   7111460000 |   7112417000 |   7112332000 |   7113331000 |   7111964000 |   7111377000 |   7112054000 |   7112043000 |   7112448000 |   7110759000 |   7111172000 |   7112011000 |   7112543000 |   7110907000 |   7112864000 |   7112314000 |   7110651000 |   7112048000 |   7112021000 |   7110584000 |   7112756000 |   7110649000 |   7112018000 |   7111161000 |   7111201000 |   7110544000 |   7110854000 |   7110964000 |   7110876000 |   7113274000 |   7111162000 |   7110890000 |   7112106000 |   7111091000 |   7111384000 |   7110856000 |   7112276000 |   7112109000 |   7112088000 |   7112028000 |   7111844000 |   7109579000 |   7112038000 |   7109707000 |   7109762000 |   7111201000 |   7109536000 |   7111296000 |   7110929000 |   7110720000 |   7109721000 |   7110955000 |   7111411000 |   7111043000 |   7110700000 |   7112100000 |   7113521000 |   7112146000 |   7111185000 |   7112162000 |   7112355000 |   7111063000 |   7110708000 |   7112180000 |   7112518000 |   7112878000 |   7112294000 |   7112216000 |   7112295000 |   7112542000 |   7111861000 |   7111007000 |   7114978000 |   7110751000 |   7113194000 |   7113682000 |   7112415000 |   7113587000 |   7113603000 |   7112528000 |   7112627000 |   7112861000 |   7113261000 |   7112608000 |   7111132000 |   7113583000 |   7113760000 |   7111262000 |   7111649000 |   7111211000 |   7112763000 |   7111637000 |   7111287000 |   7111000000 |   7111281000 |   7112032000 |   7112326000 |   7111415000 |   7112203000 |   7111284000 |   7110613000 |   7112741000 |   7111324000 |   7112120000 |   7113131000 |   7112337000 |   7110886000 |   7111022000 |   7113995000 |   7110680000 |   7112123000 |   7112517000 |   7112550000 |   7109181000 |   7111636000 |   7112583000 |   7114566000 |   7112523000 |   7115721000 |   7111065000 |   7112248000 |   7110479000 |   7108931000 |   7110582000 |   7109657000 |   7110098000 |   7109322000 |   7112580000 |   7112062000 |   7113459000 |   7112003000 |   7113277000 |   7112358000 |   7113249000 |   7113584000 |   7110853000 |   7110781000 |   7111956000 |   7110697000 |   7110786000 |   7111522000 |   7110952000 |   7111201000 |   7114698000 |   7113666000 |   7114963000 |   7112099000 |   7112733000 |   7113804000 |   7112216000 |   7111884000 |   7113552000 |   7115183000 |   7115591000 |   7116090000 |   7112481000 |   7111975000 |   7115645000 |   7110431000 |   7112167000 |   7115651000 |   7111031000 |   7113328000 |   7113615000 |   7112257000 |   7114599000 |   7113861000 |   7112466000 |   7115066000 |   7112640000 |   7114833000 |   7112558000 |   7114883000 |   7114881000 |   7114906000 |   7112141000 |   7113204000 |   7114893000 |   7113564000 |   7110849000 |   7114698000 |   7113436000 |   7113521000 |   7112518000 |   7112205000 |   7111452000 |   7114969000 |   7115045000 |   7111376000 |   7111625000 |   7111996000 |   7115328000 |   7111950000 |   7115591000 |   7115199000 |   7111960000 |   7112006000 |   7112352000 |   7112298000 |   7112459000 |   7112039000 |   7112602000 |   7115259000 |   7112541000 |   7112171000 |   7112189000 |   7112071000 |   7115225000 |   7112027000 |   7113180000 |   7112619000 |   7112206000 |   7111824000 |   7112588000 |   7112050000 |   7112829000 |   7111852000 |   7111864000 |   7114742000 |   7114595000 |   7112455000 |   7114648000 |   7112300000 |   7114803000 |   7111009000 |   7114543000 |   7110843000 |   7111030000 |   7110861000 |   7113253000 |   7110217000 |   7113342000 |   7113410000 |   7113447000 |   7112092000 |   7112321000 |   7112152000 |   7111884000 |   7112113000 |   7115282000 |   7114695000 |   7112118000 |   7115422000 |   7115492000 |   7115408000 |   7115242000 |   7111988000 |   7113331000 |   7109766000 |   7112339000 |   7112281000 |   7109461000 |   7109309000 |   7114854000 |   7113297000 |
|         RETIRED_INSTRUCTIONS        |   PMC0  |  20421320000 |  20424240000 |  20424060000 |  20424180000 |  20424130000 |  20423970000 |  20424220000 |  20423960000 |  20414410000 |  20414640000 |  20414430000 |  20414460000 |  20414300000 |  20414360000 |  20414300000 |  20414430000 |  20423640000 |  20423530000 |  20423940000 |  20423880000 |  20423630000 |  20423710000 |  20423650000 |  20424090000 |  20421410000 |  20421710000 |  20421430000 |  20421700000 |  20421540000 |  20421520000 |  20421580000 |  20421290000 |  20407860000 |  20408170000 |  20407950000 |  20407660000 |  20408050000 |  20408310000 |  20408110000 |  20408340000 |  20417110000 |  20417270000 |  20417240000 |  20417200000 |  20417160000 |  20417340000 |  20417280000 |  20417160000 |  20423020000 |  20423080000 |  20423050000 |  20423010000 |  20423120000 |  20423270000 |  20423010000 |  20423100000 |  20411570000 |  20411880000 |  20411910000 |  20411860000 |  20411180000 |  20411240000 |  20411090000 |  20410920000 |  20422930000 |  20422540000 |  20422400000 |  20422400000 |  20422520000 |  20422380000 |  20422610000 |  20422540000 |  20429150000 |  20429970000 |  20429280000 |  20429650000 |  20429730000 |  20429260000 |  20429790000 |  20429690000 |  20421410000 |  20421570000 |  20421510000 |  20421680000 |  20421750000 |  20421490000 |  20421470000 |  20421560000 |  20423950000 |  20423850000 |  20423870000 |  20423940000 |  20423310000 |  20423300000 |  20423290000 |  20423250000 |  20425780000 |  20425800000 |  20425890000 |  20425930000 |  20425750000 |  20425870000 |  20426000000 |  20425740000 |  20415480000 |  20415760000 |  20415520000 |  20415490000 |  20415390000 |  20415530000 |  20415610000 |  20415640000 |  20427330000 |  20429620000 |  20426820000 |  20427400000 |  20429510000 |  20429560000 |  20429540000 |  20429450000 |  20418020000 |  20417820000 |  20418070000 |  20417970000 |  20417490000 |  20417260000 |  20416950000 |  20416930000 |  20413510000 |  20413670000 |  20414050000 |  20413700000 |  20413770000 |  20413700000 |  20413550000 |  20413870000 |  20424580000 |  20424560000 |  20424540000 |  20424750000 |  20424450000 |  20424800000 |  20424520000 |  20424550000 |  20432230000 |  20432090000 |  20432220000 |  20431860000 |  20431910000 |  20432310000 |  20431760000 |  20431820000 |  20424060000 |  20424430000 |  20426230000 |  20426260000 |  20422960000 |  20423510000 |  20425570000 |  20423410000 |  20423040000 |  20423780000 |  20423060000 |  20423270000 |  20420040000 |  20422920000 |  20423070000 |  20422900000 |  20424700000 |  20425050000 |  20424580000 |  20424900000 |  20424490000 |  20424900000 |  20425350000 |  20424860000 |  20416160000 |  20416150000 |  20416540000 |  20416500000 |  20415890000 |  20416080000 |  20415970000 |  20416540000 |  20427850000 |  20428060000 |  20428150000 |  20428300000 |  20428130000 |  20426790000 |  20427300000 |  20427690000 |  20420060000 |  20419220000 |  20419910000 |  20420000000 |  20419270000 |  20419130000 |  20419210000 |  20419050000 |  20423200000 |  20423270000 |  20423150000 |  20424060000 |  20423140000 |  20423450000 |  20423500000 |  20423280000 |  20425860000 |  20425050000 |  20425380000 |  20425060000 |  20425360000 |  20425030000 |  20425070000 |  20425060000 |  20426360000 |  20426360000 |  20426310000 |  20427020000 |  20425990000 |  20425630000 |  20425980000 |  20425600000 |  20429490000 |  20428950000 |  20429420000 |  20429120000 |  20428890000 |  20428960000 |  20429460000 |  20428950000 |  20423140000 |  20423320000 |  20422820000 |  20422840000 |  20422700000 |  20422660000 |  20422580000 |  20422860000 |  20422960000 |  20422200000 |  20421810000 |  20423050000 |  20422420000 |  20422750000 |  20422450000 |  20421920000 |  20417850000 |  20417610000 |  20417660000 |  20417690000 |  20416950000 |  20417190000 |  20417340000 |  20417360000 |
|         CPU_CLOCKS_UNHALTED         |   PMC1  |   8145370000 |   8156598000 |   8156070000 |   8156339000 |   8156122000 |   8154816000 |   8156614000 |   8154928000 |   8103545000 |   8104823000 |   8103716000 |   8103796000 |   8103055000 |   8103438000 |   8103036000 |   8104529000 |   8149792000 |   8148846000 |   8151552000 |   8151618000 |   8149700000 |   8149998000 |   8149880000 |   8152340000 |   8141934000 |   8142696000 |   8142110000 |   8143059000 |   8142287000 |   8141313000 |   8142500000 |   8141339000 |   8069673000 |   8072086000 |   8070794000 |   8069247000 |   8071117000 |   8072775000 |   8072667000 |   8072920000 |   8121884000 |   8122478000 |   8122543000 |   8122160000 |   8122778000 |   8123141000 |   8122750000 |   8122691000 |   8152147000 |   8151935000 |   8152351000 |   8151854000 |   8152059000 |   8153128000 |   8151612000 |   8152119000 |   8092778000 |   8095436000 |   8094776000 |   8094281000 |   8093945000 |   8095187000 |   8093502000 |   8093061000 |   8149519000 |   8147473000 |   8146615000 |   8146207000 |   8147229000 |   8146393000 |   8147779000 |   8147316000 |   8177283000 |   8181914000 |   8177844000 |   8180339000 |   8180595000 |   8177882000 |   8180809000 |   8180460000 |   8141351000 |   8141332000 |   8141735000 |   8142694000 |   8142691000 |   8141604000 |   8141660000 |   8142135000 |   8156228000 |   8155891000 |   8155731000 |   8156050000 |   8156135000 |   8156132000 |   8156106000 |   8155879000 |   8167040000 |   8167203000 |   8167483000 |   8167767000 |   8167308000 |   8167500000 |   8168243000 |   8166511000 |   8113462000 |   8115171000 |   8113927000 |   8113265000 |   8112724000 |   8114164000 |   8114723000 |   8114557000 |   8167101000 |   8179867000 |   8164271000 |   8166789000 |   8178980000 |   8179668000 |   8179075000 |   8178549000 |   8121749000 |   8119501000 |   8121988000 |   8121029000 |   8121638000 |   8120632000 |   8118232000 |   8118462000 |   8097497000 |   8098875000 |   8101555000 |   8099514000 |   8100257000 |   8099561000 |   8098592000 |   8100401000 |   8160236000 |   8159956000 |   8159985000 |   8160921000 |   8159384000 |   8161687000 |   8159655000 |   8160056000 |   8201282000 |   8199990000 |   8200878000 |   8198124000 |   8199397000 |   8201234000 |   8197777000 |   8198175000 |   8148644000 |   8150537000 |   8160764000 |   8160915000 |   8145950000 |   8149006000 |   8160679000 |   8148488000 |   8149677000 |   8154210000 |   8149455000 |   8150656000 |   8132545000 |   8147718000 |   8149395000 |   8148749000 |   8157795000 |   8160315000 |   8157482000 |   8159674000 |   8156649000 |   8159427000 |   8161951000 |   8159323000 |   8111461000 |   8111469000 |   8113769000 |   8114243000 |   8110581000 |   8111909000 |   8111117000 |   8114293000 |   8176608000 |   8177720000 |   8178558000 |   8179441000 |   8182415000 |   8177086000 |   8177099000 |   8179393000 |   8130782000 |   8125761000 |   8129930000 |   8130467000 |   8126353000 |   8125452000 |   8125851000 |   8125051000 |   8150275000 |   8150685000 |   8150034000 |   8155080000 |   8150011000 |   8151729000 |   8152038000 |   8151018000 |   8165555000 |   8160861000 |   8162508000 |   8160652000 |   8162439000 |   8160760000 |   8160884000 |   8160536000 |   8167785000 |   8167757000 |   8167580000 |   8171442000 |   8169399000 |   8167281000 |   8169203000 |   8166915000 |   8186759000 |   8184044000 |   8186419000 |   8184586000 |   8183615000 |   8184564000 |   8186356000 |   8183975000 |   8151990000 |   8152922000 |   8149970000 |   8150572000 |   8149046000 |   8148797000 |   8147990000 |   8150665000 |   8143045000 |   8138439000 |   8135892000 |   8143200000 |   8139835000 |   8141620000 |   8139915000 |   8136562000 |   8125901000 |   8124104000 |   8124777000 |   8124736000 |   8124403000 |   8125848000 |   8126731000 |   8126830000 |
|                MERGE                |   PMC3  |            0 |            0 |            0 |            0 |            0 |            0 |            0 |            0 |            0 |            0 |            0 |            0 |            0 |            0 |            0 |            0 |            0 |            0 |            0 |            0 |            0 |            0 |            0 |            0 |            0 |            0 |            0 |            0 |            0 |            0 |            0 |            0 |            0 |            0 |            0 |            0 |            0 |            0 |            0 |            0 |            0 |            0 |            0 |            0 |            0 |            0 |            0 |            0 |            0 |            0 |            0 |            0 |            0 |            0 |            0 |            0 |            0 |            0 |            0 |            0 |            0 |            0 |            0 |            0 |            0 |            0 |            0 |            0 |            0 |            0 |            0 |            0 |            0 |            0 |            0 |            0 |            0 |            0 |            0 |            0 |            0 |            0 |            0 |            0 |            0 |            0 |            0 |            0 |            0 |            0 |            0 |            0 |            0 |            0 |            0 |            0 |            0 |            0 |            0 |            0 |            0 |            0 |            0 |            0 |            0 |            0 |            0 |            0 |            0 |            0 |            0 |            0 |            0 |            0 |            0 |            0 |            0 |            0 |            0 |            0 |            0 |            0 |            0 |            0 |            0 |            0 |            0 |            0 |            0 |            0 |            0 |            0 |            0 |            0 |            0 |            0 |            0 |            0 |            0 |            0 |            0 |            0 |            0 |            0 |            0 |            0 |            0 |            0 |            0 |            0 |            0 |            0 |            0 |            0 |            0 |            0 |            0 |            0 |            0 |            0 |            0 |            0 |            0 |            0 |            0 |            0 |            0 |            0 |            0 |            0 |            0 |            0 |            0 |            0 |            0 |            0 |            0 |            0 |            0 |            0 |            0 |            0 |            0 |            0 |            0 |            0 |            0 |            0 |            0 |            0 |            0 |            0 |            0 |            0 |            0 |            0 |            0 |            0 |            0 |            0 |            0 |            0 |            0 |            0 |            0 |            0 |            0 |            0 |            0 |            0 |            0 |            0 |            0 |            0 |            0 |            0 |            0 |            0 |            0 |            0 |            0 |            0 |            0 |            0 |            0 |            0 |            0 |            0 |            0 |            0 |            0 |            0 |            0 |            0 |            0 |            0 |            0 |            0 |            0 |            0 |            0 |            0 |            0 |            0 |            0 |            0 |            0 |            0 |            0 |            0 |            0 |            0 |            0 |            0 |            0 |            0 |
| RETIRED_SSE_AVX_FLOPS_ALL_SP_SCALAR |   PMC2  |            0 |            0 |            0 |            0 |            0 |            0 |            0 |            0 |            0 |            0 |            0 |            0 |            0 |            0 |            0 |            0 |            0 |            0 |            0 |            0 |            0 |            0 |            0 |            0 |            0 |            0 |            0 |            0 |            0 |            0 |            0 |            0 |            0 |            0 |            0 |            0 |            0 |            0 |            0 |            0 |            0 |            0 |            0 |            0 |            0 |            0 |            0 |            0 |            0 |            0 |            0 |            0 |            0 |            0 |            0 |            0 |            0 |            0 |            0 |            0 |            0 |            0 |            0 |            0 |            0 |            0 |            0 |            0 |            0 |            0 |            0 |            0 |            0 |            0 |            0 |            0 |            0 |            0 |            0 |            0 |            0 |            0 |            0 |            0 |            0 |            0 |            0 |            0 |            0 |            0 |            0 |            0 |            0 |            0 |            0 |            0 |            0 |            0 |            0 |            0 |            0 |            0 |            0 |            0 |            0 |            0 |            0 |            0 |            0 |            0 |            0 |            0 |            0 |            0 |            0 |            0 |            0 |            0 |            0 |            0 |            0 |            0 |            0 |            0 |            0 |            0 |            0 |            0 |            0 |            0 |            0 |            0 |            0 |            0 |            0 |            0 |            0 |            0 |            0 |            0 |            0 |            0 |            0 |            0 |            0 |            0 |            0 |            0 |            0 |            0 |            0 |            0 |            0 |            0 |            0 |            0 |            0 |            0 |            0 |            0 |            0 |            0 |            0 |            0 |            0 |            0 |            0 |            0 |            0 |            0 |            0 |            0 |            0 |            0 |            0 |            0 |            0 |            0 |            0 |            0 |            0 |            0 |            0 |            0 |            0 |            0 |            0 |            0 |            0 |            0 |            0 |            0 |            0 |            0 |            0 |            0 |            0 |            0 |            0 |            0 |            0 |            0 |            0 |            0 |            0 |            0 |            0 |            0 |            0 |            0 |            0 |            0 |            0 |            0 |            0 |            0 |            0 |            0 |            0 |            0 |            0 |            0 |            0 |            0 |            0 |            0 |            0 |            0 |            0 |            0 |            0 |            0 |            0 |            0 |            0 |            0 |            0 |            0 |            0 |            0 |            0 |            0 |            0 |            0 |            0 |            0 |            0 |            0 |            0 |            0 |            0 |            0 |            0 |            0 |            0 |            0 |
|                MERGE                |   PMC5  |            0 |            0 |            0 |            0 |            0 |            0 |            0 |            0 |            0 |            0 |            0 |            0 |            0 |            0 |            0 |            0 |            0 |            0 |            0 |            0 |            0 |            0 |            0 |            0 |            0 |            0 |            0 |            0 |            0 |            0 |            0 |            0 |            0 |            0 |            0 |            0 |            0 |            0 |            0 |            0 |            0 |            0 |            0 |            0 |            0 |            0 |            0 |            0 |            0 |            0 |            0 |            0 |            0 |            0 |            0 |            0 |            0 |            0 |            0 |            0 |            0 |            0 |            0 |            0 |            0 |            0 |            0 |            0 |            0 |            0 |            0 |            0 |            0 |            0 |            0 |            0 |            0 |            0 |            0 |            0 |            0 |            0 |            0 |            0 |            0 |            0 |            0 |            0 |            0 |            0 |            0 |            0 |            0 |            0 |            0 |            0 |            0 |            0 |            0 |            0 |            0 |            0 |            0 |            0 |            0 |            0 |            0 |            0 |            0 |            0 |            0 |            0 |            0 |            0 |            0 |            0 |            0 |            0 |            0 |            0 |            0 |            0 |            0 |            0 |            0 |            0 |            0 |            0 |            0 |            0 |            0 |            0 |            0 |            0 |            0 |            0 |            0 |            0 |            0 |            0 |            0 |            0 |            0 |            0 |            0 |            0 |            0 |            0 |            0 |            0 |            0 |            0 |            0 |            0 |            0 |            0 |            0 |            0 |            0 |            0 |            0 |            0 |            0 |            0 |            0 |            0 |            0 |            0 |            0 |            0 |            0 |            0 |            0 |            0 |            0 |            0 |            0 |            0 |            0 |            0 |            0 |            0 |            0 |            0 |            0 |            0 |            0 |            0 |            0 |            0 |            0 |            0 |            0 |            0 |            0 |            0 |            0 |            0 |            0 |            0 |            0 |            0 |            0 |            0 |            0 |            0 |            0 |            0 |            0 |            0 |            0 |            0 |            0 |            0 |            0 |            0 |            0 |            0 |            0 |            0 |            0 |            0 |            0 |            0 |            0 |            0 |            0 |            0 |            0 |            0 |            0 |            0 |            0 |            0 |            0 |            0 |            0 |            0 |            0 |            0 |            0 |            0 |            0 |            0 |            0 |            0 |            0 |            0 |            0 |            0 |            0 |            0 |            0 |            0 |            0 |            0 |
| RETIRED_SSE_AVX_FLOPS_ALL_SP_PACKED |   PMC4  | 515396100000 | 515396100000 | 515396100000 | 515396100000 | 515396100000 | 515396100000 | 515396100000 | 515396100000 | 515396100000 | 515396100000 | 515396100000 | 515396100000 | 515396100000 | 515396100000 | 515396100000 | 515396100000 | 515396100000 | 515396100000 | 515396100000 | 515396100000 | 515396100000 | 515396100000 | 515396100000 | 515396100000 | 515396100000 | 515396100000 | 515396100000 | 515396100000 | 515396100000 | 515396100000 | 515396100000 | 515396100000 | 515396100000 | 515396100000 | 515396100000 | 515396100000 | 515396100000 | 515396100000 | 515396100000 | 515396100000 | 515396100000 | 515396100000 | 515396100000 | 515396100000 | 515396100000 | 515396100000 | 515396100000 | 515396100000 | 515396100000 | 515396100000 | 515396100000 | 515396100000 | 515396100000 | 515396100000 | 515396100000 | 515396100000 | 515396100000 | 515396100000 | 515396100000 | 515396100000 | 515396100000 | 515396100000 | 515396100000 | 515396100000 | 515396100000 | 515396100000 | 515396100000 | 515396100000 | 515396100000 | 515396100000 | 515396100000 | 515396100000 | 515396100000 | 515396100000 | 515396100000 | 515396100000 | 515396100000 | 515396100000 | 515396100000 | 515396100000 | 515396100000 | 515396100000 | 515396100000 | 515396100000 | 515396100000 | 515396100000 | 515396100000 | 515396100000 | 515396100000 | 515396100000 | 515396100000 | 515396100000 | 515396100000 | 515396100000 | 515396100000 | 515396100000 | 515396100000 | 515396100000 | 515396100000 | 515396100000 | 515396100000 | 515396100000 | 515396100000 | 515396100000 | 515396100000 | 515396100000 | 515396100000 | 515396100000 | 515396100000 | 515396100000 | 515396100000 | 515396100000 | 515396100000 | 515396100000 | 515396100000 | 515396100000 | 515396100000 | 515396100000 | 515396100000 | 515396100000 | 515396100000 | 515396100000 | 515396100000 | 515396100000 | 515396100000 | 515396100000 | 515396100000 | 515396100000 | 515396100000 | 515396100000 | 515396100000 | 515396100000 | 515396100000 | 515396100000 | 515396100000 | 515396100000 | 515396100000 | 515396100000 | 515396100000 | 515396100000 | 515396100000 | 515396100000 | 515396100000 | 515396100000 | 515396100000 | 515396100000 | 515396100000 | 515396100000 | 515396100000 | 515396100000 | 515396100000 | 515396100000 | 515396100000 | 515396100000 | 515396100000 | 515396100000 | 515396100000 | 515396100000 | 515396100000 | 515396100000 | 515396100000 | 515396100000 | 515396100000 | 515396100000 | 515396100000 | 515396100000 | 515396100000 | 515396100000 | 515396100000 | 515396100000 | 515396100000 | 515396100000 | 515396100000 | 515396100000 | 515396100000 | 515396100000 | 515396100000 | 515396100000 | 515396100000 | 515396100000 | 515396100000 | 515396100000 | 515396100000 | 515396100000 | 515396100000 | 515396100000 | 515396100000 | 515396100000 | 515396100000 | 515396100000 | 515396100000 | 515396100000 | 515396100000 | 515396100000 | 515396100000 | 515396100000 | 515396100000 | 515396100000 | 515396100000 | 515396100000 | 515396100000 | 515396100000 | 515396100000 | 515396100000 | 515396100000 | 515396100000 | 515396100000 | 515396100000 | 515396100000 | 515396100000 | 515396100000 | 515396100000 | 515396100000 | 515396100000 | 515396100000 | 515396100000 | 515396100000 | 515396100000 | 515396100000 | 515396100000 | 515396100000 | 515396100000 | 515396100000 | 515396100000 | 515396100000 | 515396100000 | 515396100000 | 515396100000 | 515396100000 | 515396100000 | 515396100000 | 515396100000 | 515396100000 | 515396100000 | 515396100000 | 515396100000 | 515396100000 | 515396100000 | 515396100000 | 515396100000 | 515396100000 | 515396100000 | 515396100000 | 515396100000 | 515396100000 | 515396100000 | 515396100000 | 515396100000 | 515396100000 | 515396100000 | 515396100000 | 515396100000 | 515396100000 | 515396100000 | 515396100000 | 515396100000 |
+-------------------------------------+---------+--------------+--------------+--------------+--------------+--------------+--------------+--------------+--------------+--------------+--------------+--------------+--------------+--------------+--------------+--------------+--------------+--------------+--------------+--------------+--------------+--------------+--------------+--------------+--------------+--------------+--------------+--------------+--------------+--------------+--------------+--------------+--------------+--------------+--------------+--------------+--------------+--------------+--------------+--------------+--------------+--------------+--------------+--------------+--------------+--------------+--------------+--------------+--------------+--------------+--------------+--------------+--------------+--------------+--------------+--------------+--------------+--------------+--------------+--------------+--------------+--------------+--------------+--------------+--------------+--------------+--------------+--------------+--------------+--------------+--------------+--------------+--------------+--------------+--------------+--------------+--------------+--------------+--------------+--------------+--------------+--------------+--------------+--------------+--------------+--------------+--------------+--------------+--------------+--------------+--------------+--------------+--------------+--------------+--------------+--------------+--------------+--------------+--------------+--------------+--------------+--------------+--------------+--------------+--------------+--------------+--------------+--------------+--------------+--------------+--------------+--------------+--------------+--------------+--------------+--------------+--------------+--------------+--------------+--------------+--------------+--------------+--------------+--------------+--------------+--------------+--------------+--------------+--------------+--------------+--------------+--------------+--------------+--------------+--------------+--------------+--------------+--------------+--------------+--------------+--------------+--------------+--------------+--------------+--------------+--------------+--------------+--------------+--------------+--------------+--------------+--------------+--------------+--------------+--------------+--------------+--------------+--------------+--------------+--------------+--------------+--------------+--------------+--------------+--------------+--------------+--------------+--------------+--------------+--------------+--------------+--------------+--------------+--------------+--------------+--------------+--------------+--------------+--------------+--------------+--------------+--------------+--------------+--------------+--------------+--------------+--------------+--------------+--------------+--------------+--------------+--------------+--------------+--------------+--------------+--------------+--------------+--------------+--------------+--------------+--------------+--------------+--------------+--------------+--------------+--------------+--------------+--------------+--------------+--------------+--------------+--------------+--------------+--------------+--------------+--------------+--------------+--------------+--------------+--------------+--------------+--------------+--------------+--------------+--------------+--------------+--------------+--------------+--------------+--------------+--------------+--------------+--------------+--------------+--------------+--------------+--------------+--------------+--------------+--------------+--------------+--------------+--------------+--------------+--------------+--------------+--------------+--------------+--------------+--------------+--------------+--------------+--------------+--------------+--------------+--------------+--------------+
+------------------------------------------+---------+-----------------+--------------+--------------+--------------+
|                   Event                  | Counter |       Sum       |      Min     |      Max     |      Avg     |
+------------------------------------------+---------+-----------------+--------------+--------------+--------------+
|           ACTUAL_CPU_CLOCK STAT          |  FIXC1  |   2105387304000 |   8140526000 |   8291232000 | 8.224169e+09 |
|            MAX_CPU_CLOCK STAT            |  FIXC2  |   1820762707000 |   7108931000 |   7116090000 | 7.112354e+09 |
|         RETIRED_INSTRUCTIONS STAT        |   PMC0  |   5228006740000 |  20407660000 |  20432310000 | 2.042190e+10 |
|         CPU_CLOCKS_UNHALTED STAT         |   PMC1  |   2084895561000 |   8069247000 |   8201282000 | 8.144123e+09 |
|                MERGE STAT                |   PMC3  |               0 |            0 |            0 |            0 |
| RETIRED_SSE_AVX_FLOPS_ALL_SP_SCALAR STAT |   PMC2  |               0 |            0 |            0 |            0 |
|                MERGE STAT                |   PMC5  |               0 |            0 |            0 |            0 |
| RETIRED_SSE_AVX_FLOPS_ALL_SP_PACKED STAT |   PMC4  | 131941401600000 | 515396100000 | 515396100000 | 515396100000 |
+------------------------------------------+---------+-----------------+--------------+--------------+--------------+
+----------------------+-------------+-------------+-------------+-------------+-------------+-------------+-------------+-------------+-------------+-------------+-------------+-------------+-------------+-------------+-------------+-------------+-------------+-------------+-------------+-------------+-------------+-------------+-------------+-------------+-------------+-------------+-------------+-------------+-------------+-------------+-------------+-------------+-------------+-------------+-------------+-------------+-------------+-------------+-------------+-------------+-------------+-------------+-------------+-------------+-------------+-------------+-------------+-------------+-------------+-------------+-------------+-------------+-------------+-------------+-------------+-------------+-------------+-------------+-------------+-------------+-------------+-------------+-------------+-------------+-------------+-------------+-------------+-------------+-------------+-------------+-------------+-------------+-------------+-------------+-------------+-------------+-------------+-------------+-------------+-------------+-------------+-------------+-------------+-------------+-------------+-------------+-------------+-------------+-------------+-------------+-------------+-------------+-------------+-------------+-------------+-------------+-------------+-------------+-------------+-------------+--------------+--------------+--------------+--------------+--------------+--------------+--------------+--------------+--------------+--------------+--------------+--------------+--------------+--------------+--------------+--------------+--------------+--------------+--------------+--------------+--------------+--------------+--------------+--------------+--------------+--------------+--------------+--------------+--------------+--------------+--------------+--------------+--------------+--------------+--------------+--------------+--------------+--------------+--------------+--------------+--------------+--------------+--------------+--------------+--------------+--------------+--------------+--------------+--------------+--------------+--------------+--------------+--------------+--------------+--------------+--------------+--------------+--------------+--------------+--------------+--------------+--------------+--------------+--------------+--------------+--------------+--------------+--------------+--------------+--------------+--------------+--------------+--------------+--------------+--------------+--------------+--------------+--------------+--------------+--------------+--------------+--------------+--------------+--------------+--------------+--------------+--------------+--------------+--------------+--------------+--------------+--------------+--------------+--------------+--------------+--------------+--------------+--------------+--------------+--------------+--------------+--------------+--------------+--------------+--------------+--------------+--------------+--------------+--------------+--------------+--------------+--------------+--------------+--------------+--------------+--------------+--------------+--------------+--------------+--------------+--------------+--------------+--------------+--------------+--------------+--------------+--------------+--------------+--------------+--------------+--------------+--------------+--------------+--------------+--------------+--------------+--------------+--------------+--------------+--------------+--------------+--------------+--------------+--------------+--------------+--------------+--------------+--------------+--------------+--------------+--------------+--------------+--------------+--------------+--------------+--------------+
|        Metric        |  HWThread 0 |  HWThread 1 |  HWThread 2 |  HWThread 3 |  HWThread 4 |  HWThread 5 |  HWThread 6 |  HWThread 7 |  HWThread 8 |  HWThread 9 | HWThread 10 | HWThread 11 | HWThread 12 | HWThread 13 | HWThread 14 | HWThread 15 | HWThread 16 | HWThread 17 | HWThread 18 | HWThread 19 | HWThread 20 | HWThread 21 | HWThread 22 | HWThread 23 | HWThread 24 | HWThread 25 | HWThread 26 | HWThread 27 | HWThread 28 | HWThread 29 | HWThread 30 | HWThread 31 | HWThread 32 | HWThread 33 | HWThread 34 | HWThread 35 | HWThread 36 | HWThread 37 | HWThread 38 | HWThread 39 | HWThread 40 | HWThread 41 | HWThread 42 | HWThread 43 | HWThread 44 | HWThread 45 | HWThread 46 | HWThread 47 | HWThread 48 | HWThread 49 | HWThread 50 | HWThread 51 | HWThread 52 | HWThread 53 | HWThread 54 | HWThread 55 | HWThread 56 | HWThread 57 | HWThread 58 | HWThread 59 | HWThread 60 | HWThread 61 | HWThread 62 | HWThread 63 | HWThread 64 | HWThread 65 | HWThread 66 | HWThread 67 | HWThread 68 | HWThread 69 | HWThread 70 | HWThread 71 | HWThread 72 | HWThread 73 | HWThread 74 | HWThread 75 | HWThread 76 | HWThread 77 | HWThread 78 | HWThread 79 | HWThread 80 | HWThread 81 | HWThread 82 | HWThread 83 | HWThread 84 | HWThread 85 | HWThread 86 | HWThread 87 | HWThread 88 | HWThread 89 | HWThread 90 | HWThread 91 | HWThread 92 | HWThread 93 | HWThread 94 | HWThread 95 | HWThread 96 | HWThread 97 | HWThread 98 | HWThread 99 | HWThread 100 | HWThread 101 | HWThread 102 | HWThread 103 | HWThread 104 | HWThread 105 | HWThread 106 | HWThread 107 | HWThread 108 | HWThread 109 | HWThread 110 | HWThread 111 | HWThread 112 | HWThread 113 | HWThread 114 | HWThread 115 | HWThread 116 | HWThread 117 | HWThread 118 | HWThread 119 | HWThread 120 | HWThread 121 | HWThread 122 | HWThread 123 | HWThread 124 | HWThread 125 | HWThread 126 | HWThread 127 | HWThread 128 | HWThread 129 | HWThread 130 | HWThread 131 | HWThread 132 | HWThread 133 | HWThread 134 | HWThread 135 | HWThread 136 | HWThread 137 | HWThread 138 | HWThread 139 | HWThread 140 | HWThread 141 | HWThread 142 | HWThread 143 | HWThread 144 | HWThread 145 | HWThread 146 | HWThread 147 | HWThread 148 | HWThread 149 | HWThread 150 | HWThread 151 | HWThread 152 | HWThread 153 | HWThread 154 | HWThread 155 | HWThread 156 | HWThread 157 | HWThread 158 | HWThread 159 | HWThread 160 | HWThread 161 | HWThread 162 | HWThread 163 | HWThread 164 | HWThread 165 | HWThread 166 | HWThread 167 | HWThread 168 | HWThread 169 | HWThread 170 | HWThread 171 | HWThread 172 | HWThread 173 | HWThread 174 | HWThread 175 | HWThread 176 | HWThread 177 | HWThread 178 | HWThread 179 | HWThread 180 | HWThread 181 | HWThread 182 | HWThread 183 | HWThread 184 | HWThread 185 | HWThread 186 | HWThread 187 | HWThread 188 | HWThread 189 | HWThread 190 | HWThread 191 | HWThread 192 | HWThread 193 | HWThread 194 | HWThread 195 | HWThread 196 | HWThread 197 | HWThread 198 | HWThread 199 | HWThread 200 | HWThread 201 | HWThread 202 | HWThread 203 | HWThread 204 | HWThread 205 | HWThread 206 | HWThread 207 | HWThread 208 | HWThread 209 | HWThread 210 | HWThread 211 | HWThread 212 | HWThread 213 | HWThread 214 | HWThread 215 | HWThread 216 | HWThread 217 | HWThread 218 | HWThread 219 | HWThread 220 | HWThread 221 | HWThread 222 | HWThread 223 | HWThread 224 | HWThread 225 | HWThread 226 | HWThread 227 | HWThread 228 | HWThread 229 | HWThread 230 | HWThread 231 | HWThread 232 | HWThread 233 | HWThread 234 | HWThread 235 | HWThread 236 | HWThread 237 | HWThread 238 | HWThread 239 | HWThread 240 | HWThread 241 | HWThread 242 | HWThread 243 | HWThread 244 | HWThread 245 | HWThread 246 | HWThread 247 | HWThread 248 | HWThread 249 | HWThread 250 | HWThread 251 | HWThread 252 | HWThread 253 | HWThread 254 | HWThread 255 |
+----------------------+-------------+-------------+-------------+-------------+-------------+-------------+-------------+-------------+-------------+-------------+-------------+-------------+-------------+-------------+-------------+-------------+-------------+-------------+-------------+-------------+-------------+-------------+-------------+-------------+-------------+-------------+-------------+-------------+-------------+-------------+-------------+-------------+-------------+-------------+-------------+-------------+-------------+-------------+-------------+-------------+-------------+-------------+-------------+-------------+-------------+-------------+-------------+-------------+-------------+-------------+-------------+-------------+-------------+-------------+-------------+-------------+-------------+-------------+-------------+-------------+-------------+-------------+-------------+-------------+-------------+-------------+-------------+-------------+-------------+-------------+-------------+-------------+-------------+-------------+-------------+-------------+-------------+-------------+-------------+-------------+-------------+-------------+-------------+-------------+-------------+-------------+-------------+-------------+-------------+-------------+-------------+-------------+-------------+-------------+-------------+-------------+-------------+-------------+-------------+-------------+--------------+--------------+--------------+--------------+--------------+--------------+--------------+--------------+--------------+--------------+--------------+--------------+--------------+--------------+--------------+--------------+--------------+--------------+--------------+--------------+--------------+--------------+--------------+--------------+--------------+--------------+--------------+--------------+--------------+--------------+--------------+--------------+--------------+--------------+--------------+--------------+--------------+--------------+--------------+--------------+--------------+--------------+--------------+--------------+--------------+--------------+--------------+--------------+--------------+--------------+--------------+--------------+--------------+--------------+--------------+--------------+--------------+--------------+--------------+--------------+--------------+--------------+--------------+--------------+--------------+--------------+--------------+--------------+--------------+--------------+--------------+--------------+--------------+--------------+--------------+--------------+--------------+--------------+--------------+--------------+--------------+--------------+--------------+--------------+--------------+--------------+--------------+--------------+--------------+--------------+--------------+--------------+--------------+--------------+--------------+--------------+--------------+--------------+--------------+--------------+--------------+--------------+--------------+--------------+--------------+--------------+--------------+--------------+--------------+--------------+--------------+--------------+--------------+--------------+--------------+--------------+--------------+--------------+--------------+--------------+--------------+--------------+--------------+--------------+--------------+--------------+--------------+--------------+--------------+--------------+--------------+--------------+--------------+--------------+--------------+--------------+--------------+--------------+--------------+--------------+--------------+--------------+--------------+--------------+--------------+--------------+--------------+--------------+--------------+--------------+--------------+--------------+--------------+--------------+--------------+--------------+
|  Runtime (RDTSC) [s] |      2.6340 |      2.6339 |      2.6342 |      2.6339 |      2.6341 |      2.6337 |      2.6343 |      2.6337 |      2.6337 |      2.6341 |      2.6339 |      2.6338 |      2.6337 |      2.6337 |      2.6337 |      2.6339 |      2.6339 |      2.6337 |      2.6346 |      2.6345 |      2.6340 |      2.6337 |      2.6339 |      2.6345 |      2.6338 |      2.6340 |      2.6339 |      2.6341 |      2.6341 |      2.6337 |      2.6343 |      2.6338 |      2.6337 |      2.6339 |      2.6341 |      2.6337 |      2.6339 |      2.6343 |      2.6345 |      2.6345 |      2.6338 |      2.6337 |      2.6338 |      2.6337 |      2.6337 |      2.6338 |      2.6341 |      2.6337 |      2.6338 |      2.6337 |      2.6339 |      2.6337 |      2.6338 |      2.6341 |      2.6340 |      2.6339 |      2.6338 |      2.6341 |      2.6341 |      2.6339 |      2.6342 |      2.6342 |      2.6337 |      2.6337 |      2.6343 |      2.6338 |      2.6337 |      2.6338 |      2.6337 |      2.6337 |      2.6338 |      2.6339 |      2.6338 |      2.6347 |      2.6337 |      2.6346 |      2.6347 |      2.6338 |      2.6346 |      2.6345 |      2.6338 |      2.6337 |      2.6338 |      2.6342 |      2.6343 |      2.6339 |      2.6341 |      2.6342 |      2.6338 |      2.6337 |      2.6338 |      2.6338 |      2.6339 |      2.6338 |      2.6340 |      2.6338 |      2.6337 |      2.6337 |      2.6337 |      2.6337 |       2.6339 |       2.6339 |       2.6341 |       2.6337 |       2.6339 |       2.6342 |       2.6341 |       2.6337 |       2.6337 |       2.6341 |       2.6341 |       2.6342 |       2.6346 |       2.6378 |       2.6339 |       2.6345 |       2.6377 |       2.6377 |       2.6377 |       2.6377 |       2.6346 |       2.6338 |       2.6348 |       2.6343 |       2.6346 |       2.6342 |       2.6338 |       2.6338 |       2.6337 |       2.6339 |       2.6349 |       2.6343 |       2.6345 |       2.6343 |       2.6342 |       2.6346 |       2.6337 |       2.6337 |       2.6337 |       2.6340 |       2.6337 |       2.6341 |       2.6337 |       2.6338 |       2.6346 |       2.6342 |       2.6345 |       2.6337 |       2.6341 |       2.6346 |       2.6337 |       2.6338 |       2.6346 |       2.6350 |       2.6376 |       2.6376 |       2.6339 |       2.6347 |       2.6376 |       2.6346 |       2.6343 |       2.6352 |       2.6343 |       2.6346 |       2.6342 |       2.6337 |       2.6345 |       2.6341 |       2.6338 |       2.6345 |       2.6338 |       2.6345 |       2.6338 |       2.6345 |       2.6351 |       2.6345 |       2.6343 |       2.6345 |       2.6351 |       2.6351 |       2.6343 |       2.6345 |       2.6345 |       2.6351 |       2.6337 |       2.6338 |       2.6343 |       2.6345 |       2.6352 |       2.6337 |       2.6339 |       2.6343 |       2.6351 |       2.6337 |       2.6349 |       2.6349 |       2.6339 |       2.6337 |       2.6339 |       2.6337 |       2.6338 |       2.6339 |       2.6337 |       2.6351 |       2.6338 |       2.6343 |       2.6343 |       2.6339 |       2.6350 |       2.6339 |       2.6343 |       2.6338 |       2.6343 |       2.6339 |       2.6339 |       2.6337 |       2.6340 |       2.6339 |       2.6339 |       2.6349 |       2.6345 |       2.6339 |       2.6346 |       2.6338 |       2.6345 |       2.6337 |       2.6346 |       2.6340 |       2.6337 |       2.6339 |       2.6346 |       2.6339 |       2.6346 |       2.6349 |       2.6341 |       2.6343 |       2.6338 |       2.6337 |       2.6337 |       2.6343 |       2.6357 |       2.6346 |       2.6337 |       2.6358 |       2.6350 |       2.6355 |       2.6350 |       2.6339 |       2.6343 |       2.6337 |       2.6339 |       2.6338 |       2.6338 |       2.6343 |       2.6345 |       2.6346 |
| Runtime unhalted [s] |      3.0513 |      3.0511 |      3.0516 |      3.0514 |      3.0522 |      3.0520 |      3.0510 |      3.0513 |      3.0340 |      3.0338 |      3.0334 |      3.0333 |      3.0346 |      3.0338 |      3.0338 |      3.0339 |      3.0501 |      3.0494 |      3.0500 |      3.0499 |      3.0494 |      3.0499 |      3.0494 |      3.0499 |      3.0464 |      3.0471 |      3.0459 |      3.0470 |      3.0463 |      3.0467 |      3.0476 |      3.0464 |      3.0198 |      3.0200 |      3.0192 |      3.0193 |      3.0195 |      3.0201 |      3.0201 |      3.0200 |      3.0412 |      3.0418 |      3.0405 |      3.0415 |      3.0403 |      3.0404 |      3.0412 |      3.0406 |      3.0505 |      3.0505 |      3.0508 |      3.0504 |      3.0505 |      3.0507 |      3.0505 |      3.0508 |      3.0298 |      3.0307 |      3.0298 |      3.0290 |      3.0298 |      3.0298 |      3.0290 |      3.0292 |      3.0497 |      3.0489 |      3.0490 |      3.0494 |      3.0494 |      3.0493 |      3.0488 |      3.0493 |      3.0602 |      3.0618 |      3.0605 |      3.0612 |      3.0613 |      3.0608 |      3.0612 |      3.0613 |      3.0466 |      3.0463 |      3.0464 |      3.0473 |      3.0462 |      3.0457 |      3.0474 |      3.0470 |      3.0520 |      3.0528 |      3.0519 |      3.0524 |      3.0527 |      3.0520 |      3.0519 |      3.0519 |      3.0567 |      3.0558 |      3.0554 |      3.0564 |       3.0554 |       3.0555 |       3.0563 |       3.0554 |       3.0367 |       3.0375 |       3.0365 |       3.0364 |       3.0359 |       3.0374 |       3.0362 |       3.0368 |       3.0546 |       3.0547 |       3.0533 |       3.0545 |       3.0547 |       3.0551 |       3.0547 |       3.0559 |       3.0378 |       3.0380 |       3.0377 |       3.0366 |       3.0378 |       3.0376 |       3.0370 |       3.0369 |       3.0361 |       3.0367 |       3.0372 |       3.0369 |       3.0371 |       3.0367 |       3.0371 |       3.0372 |       3.0596 |       3.0595 |       3.0604 |       3.0593 |       3.0595 |       3.0594 |       3.0597 |       3.0591 |       3.0750 |       3.0749 |       3.0751 |       3.0743 |       3.0741 |       3.0741 |       3.0739 |       3.0742 |       3.0549 |       3.0555 |       3.0557 |       3.0554 |       3.0545 |       3.0543 |       3.0557 |       3.0541 |       3.0493 |       3.0507 |       3.0492 |       3.0502 |       3.0502 |       3.0493 |       3.0504 |       3.0499 |       3.0587 |       3.0593 |       3.0584 |       3.0593 |       3.0584 |       3.0593 |       3.0597 |       3.0593 |       3.0402 |       3.0407 |       3.0414 |       3.0408 |       3.0397 |       3.0414 |       3.0408 |       3.0408 |       3.0665 |       3.0661 |       3.0664 |       3.0669 |       3.0672 |       3.0664 |       3.0662 |       3.0666 |       3.0477 |       3.0474 |       3.0478 |       3.0481 |       3.0472 |       3.0474 |       3.0469 |       3.0469 |       3.0562 |       3.0564 |       3.0558 |       3.0573 |       3.0558 |       3.0567 |       3.0567 |       3.0560 |       3.0607 |       3.0598 |       3.0606 |       3.0597 |       3.0599 |       3.0601 |       3.0596 |       3.0604 |       3.0620 |       3.0623 |       3.0624 |       3.0631 |       3.0631 |       3.0622 |       3.0630 |       3.0621 |       3.0690 |       3.0673 |       3.0689 |       3.0678 |       3.0674 |       3.0678 |       3.0692 |       3.0675 |       3.0557 |       3.0557 |       3.0560 |       3.0551 |       3.0552 |       3.0551 |       3.0555 |       3.0558 |       3.0514 |       3.0513 |       3.0502 |       3.0516 |       3.0512 |       3.0516 |       3.0515 |       3.0506 |       3.0473 |       3.0453 |       3.0465 |       3.0465 |       3.0454 |       3.0453 |       3.0472 |       3.0473 |
|      Clock [MHz]     |   3119.1112 |   3119.0786 |   3119.1415 |   3119.0525 |   3119.4237 |   3119.7621 |   3119.0759 |   3119.0429 |   3101.3465 |   3100.9625 |   3101.3555 |   3101.0063 |   3102.0057 |   3100.9135 |   3101.6595 |   3100.9377 |   3117.6877 |   3117.7544 |   3117.7107 |   3117.6326 |   3117.7095 |   3117.2616 |   3117.7102 |   3117.6658 |   3114.3788 |   3115.1492 |   3114.2244 |   3115.2189 |   3114.3987 |   3114.9014 |   3114.7292 |   3114.3867 |   3087.3022 |   3087.0299 |   3086.6094 |   3086.6229 |   3087.0933 |   3087.0994 |   3087.0710 |   3086.9998 |   3108.7465 |   3109.3854 |   3109.0964 |   3109.0542 |   3108.8038 |   3108.8689 |   3109.0993 |   3109.2332 |   3118.5245 |   3118.7022 |   3119.1305 |   3119.1592 |   3118.6832 |   3118.6720 |   3118.6484 |   3119.1135 |   3097.0191 |   3097.3643 |   3097.0112 |   3096.6289 |   3097.0042 |   3096.9281 |   3096.6354 |   3097.0497 |   3117.3844 |   3116.3389 |   3116.3014 |   3116.9686 |   3117.0024 |   3116.8480 |   3116.3011 |   3117.0969 |   3128.6181 |   3128.4496 |   3129.0428 |   3128.6975 |   3128.5060 |   3128.5890 |   3128.5315 |   3128.5889 |   3114.0627 |   3113.6402 |   3113.6307 |   3114.4555 |   3113.6000 |   3113.6905 |   3114.4059 |   3113.8781 |   3120.0811 |   3120.7632 |   3120.0618 |   3119.8840 |   3120.6733 |   3120.0675 |   3120.0656 |   3120.0329 |   3124.5558 |   3123.4925 |   3123.5582 |   3124.1793 |    3123.5650 |    3123.9462 |    3123.8842 |    3123.5046 |    3104.1335 |    3104.4902 |    3103.7476 |    3104.3457 |    3103.7706 |    3104.0074 |    3104.1759 |    3104.1659 |    3122.1698 |    3122.2755 |    3122.3943 |    3122.4466 |    3122.2780 |    3121.8679 |    3122.2744 |    3122.1038 |    3105.6822 |    3105.3157 |    3105.8221 |    3105.4258 |    3105.8473 |    3106.0409 |    3105.3029 |    3105.4689 |    3103.2481 |    3104.1330 |    3103.9672 |    3104.3096 |    3104.0269 |    3103.9564 |    3103.9615 |    3103.9817 |    3128.0515 |    3128.0199 |    3128.4073 |    3127.7622 |    3127.9710 |    3127.5146 |    3128.1183 |    3127.3828 |    3142.0483 |    3142.4332 |    3142.0411 |    3142.5497 |    3142.0930 |    3141.6226 |    3142.0670 |    3142.4908 |    3122.0752 |    3121.9473 |    3121.9358 |    3121.4941 |    3122.0912 |    3122.1363 |    3121.9466 |    3122.5784 |    3116.9090 |    3116.8482 |    3117.3110 |    3117.3149 |    3117.2733 |    3116.9310 |    3116.9691 |    3116.8327 |    3126.4520 |    3125.9367 |    3126.0363 |    3125.9997 |    3126.0401 |    3126.0217 |    3126.3954 |    3126.0082 |    3107.6849 |    3107.7443 |    3107.6512 |    3107.6314 |    3107.6967 |    3107.7315 |    3107.6790 |    3107.6180 |    3134.3662 |    3134.0662 |    3134.7503 |    3133.6934 |    3133.9821 |    3134.7357 |    3134.4151 |    3134.7456 |    3113.9422 |    3115.0812 |    3113.8976 |    3114.3727 |    3114.8748 |    3115.0953 |    3114.4605 |    3114.4560 |    3123.8667 |    3124.2589 |    3123.4024 |    3123.7730 |    3123.4497 |    3124.5254 |    3124.5327 |    3123.8312 |    3127.2091 |    3127.7729 |    3128.0820 |    3127.3545 |    3127.7378 |    3128.1423 |    3127.3347 |    3128.3295 |    3129.6048 |    3130.3619 |    3130.4222 |    3129.9328 |    3130.0263 |    3130.0135 |    3129.8677 |    3130.0086 |    3135.9430 |    3135.8594 |    3135.9333 |    3136.3880 |    3135.9389 |    3136.4351 |    3136.8109 |    3136.4040 |    3122.9410 |    3122.9748 |    3123.2550 |    3122.8890 |    3122.9367 |    3122.8922 |    3123.3724 |    3123.5853 |    3117.7541 |    3117.8332 |    3117.8896 |    3117.8234 |    3117.4267 |    3117.8387 |    3117.8466 |    3118.4004 |    3114.3771 |    3113.9550 |    3113.9987 |    3113.9979 |    3114.1261 |    3114.1153 |    3113.5812 |    3114.3765 |
|          CPI         |      0.3989 |      0.3994 |      0.3993 |      0.3993 |      0.3993 |      0.3993 |      0.3994 |      0.3993 |      0.3970 |      0.3970 |      0.3970 |      0.3970 |      0.3969 |      0.3969 |      0.3969 |      0.3970 |      0.3990 |      0.3990 |      0.3991 |      0.3991 |      0.3990 |      0.3990 |      0.3990 |      0.3992 |      0.3987 |      0.3987 |      0.3987 |      0.3987 |      0.3987 |      0.3987 |      0.3987 |      0.3987 |      0.3954 |      0.3955 |      0.3955 |      0.3954 |      0.3955 |      0.3956 |      0.3956 |      0.3956 |      0.3978 |      0.3978 |      0.3978 |      0.3978 |      0.3978 |      0.3979 |      0.3978 |      0.3978 |      0.3992 |      0.3992 |      0.3992 |      0.3992 |      0.3992 |      0.3992 |      0.3991 |      0.3992 |      0.3965 |      0.3966 |      0.3966 |      0.3965 |      0.3965 |      0.3966 |      0.3965 |      0.3965 |      0.3990 |      0.3989 |      0.3989 |      0.3989 |      0.3989 |      0.3989 |      0.3990 |      0.3989 |      0.4003 |      0.4005 |      0.4003 |      0.4004 |      0.4004 |      0.4003 |      0.4004 |      0.4004 |      0.3987 |      0.3987 |      0.3987 |      0.3987 |      0.3987 |      0.3987 |      0.3987 |      0.3987 |      0.3993 |      0.3993 |      0.3993 |      0.3993 |      0.3994 |      0.3994 |      0.3994 |      0.3993 |      0.3998 |      0.3998 |      0.3999 |      0.3999 |       0.3999 |       0.3999 |       0.3999 |       0.3998 |       0.3974 |       0.3975 |       0.3974 |       0.3974 |       0.3974 |       0.3975 |       0.3975 |       0.3975 |       0.3998 |       0.4004 |       0.3997 |       0.3998 |       0.4004 |       0.4004 |       0.4004 |       0.4003 |       0.3978 |       0.3977 |       0.3978 |       0.3977 |       0.3978 |       0.3977 |       0.3976 |       0.3976 |       0.3967 |       0.3967 |       0.3969 |       0.3968 |       0.3968 |       0.3968 |       0.3967 |       0.3968 |       0.3995 |       0.3995 |       0.3995 |       0.3996 |       0.3995 |       0.3996 |       0.3995 |       0.3995 |       0.4014 |       0.4013 |       0.4014 |       0.4012 |       0.4013 |       0.4014 |       0.4012 |       0.4012 |       0.3990 |       0.3991 |       0.3995 |       0.3995 |       0.3989 |       0.3990 |       0.3995 |       0.3990 |       0.3990 |       0.3993 |       0.3990 |       0.3991 |       0.3983 |       0.3989 |       0.3990 |       0.3990 |       0.3994 |       0.3995 |       0.3994 |       0.3995 |       0.3994 |       0.3995 |       0.3996 |       0.3995 |       0.3973 |       0.3973 |       0.3974 |       0.3974 |       0.3973 |       0.3973 |       0.3973 |       0.3974 |       0.4003 |       0.4003 |       0.4004 |       0.4004 |       0.4005 |       0.4003 |       0.4003 |       0.4004 |       0.3982 |       0.3979 |       0.3981 |       0.3982 |       0.3980 |       0.3979 |       0.3980 |       0.3979 |       0.3991 |       0.3991 |       0.3991 |       0.3993 |       0.3991 |       0.3991 |       0.3991 |       0.3991 |       0.3998 |       0.3996 |       0.3996 |       0.3995 |       0.3996 |       0.3995 |       0.3996 |       0.3995 |       0.3999 |       0.3999 |       0.3999 |       0.4000 |       0.4000 |       0.3999 |       0.3999 |       0.3998 |       0.4007 |       0.4006 |       0.4007 |       0.4006 |       0.4006 |       0.4006 |       0.4007 |       0.4006 |       0.3992 |       0.3992 |       0.3991 |       0.3991 |       0.3990 |       0.3990 |       0.3990 |       0.3991 |       0.3987 |       0.3985 |       0.3984 |       0.3987 |       0.3986 |       0.3987 |       0.3986 |       0.3984 |       0.3980 |       0.3979 |       0.3979 |       0.3979 |       0.3979 |       0.3980 |       0.3980 |       0.3980 |
|     SP [MFLOP/s]     | 195672.6555 | 195677.1871 | 195652.7483 | 195677.1129 | 195663.5185 | 195695.9847 | 195648.0692 | 195689.3717 | 195691.4522 | 195664.5584 | 195677.9301 | 195685.0624 | 195690.7834 | 195689.7432 | 195690.4119 | 195678.8216 | 195674.2898 | 195696.1333 | 195628.0185 | 195631.6570 | 195672.1355 | 195689.4460 | 195677.1871 | 195633.4392 | 195682.3877 | 195672.8783 | 195677.9301 | 195662.9985 | 195664.7070 | 195696.3562 | 195649.3318 | 195682.0162 | 195696.1333 | 195674.2898 | 195664.6327 | 195696.2819 | 195677.0386 | 195648.1435 | 195631.5085 | 195629.7264 | 195688.7030 | 195696.2076 | 195681.7190 | 195690.6348 | 195689.9661 | 195684.6909 | 195664.1870 | 195691.8237 | 195688.9259 | 195690.4119 | 195677.1129 | 195689.3717 | 195685.2853 | 195661.5129 | 195672.6555 | 195677.1129 | 195682.8335 | 195661.8100 | 195661.8100 | 195681.5704 | 195658.9131 | 195656.8334 | 195689.3717 | 195696.2076 | 195648.0692 | 195682.0162 | 195690.9320 | 195688.7030 | 195690.7091 | 195692.1952 | 195681.9419 | 195677.1129 | 195689.0745 | 195620.3706 | 195695.9847 | 195623.1921 | 195620.3706 | 195681.6447 | 195627.3502 | 195629.6521 | 195681.7190 | 195695.9847 | 195681.9419 | 195658.8389 | 195648.8119 | 195677.7072 | 195662.9985 | 195658.8389 | 195683.8736 | 195691.2293 | 195689.0002 | 195683.8736 | 195674.4384 | 195681.7190 | 195673.4726 | 195681.7190 | 195690.7091 | 195690.7834 | 195690.7091 | 195690.7834 |  195677.4843 |  195678.2272 |  195661.3643 |  195696.2819 |  195677.7072 |  195652.2284 |  195663.5927 |  195689.5203 |  195690.9320 |  195663.6670 |  195663.6670 |  195655.7193 |  195629.1323 |  195387.4342 |  195677.2614 |  195631.7313 |  195393.5082 |  195393.5082 |  195393.5082 |  195393.5082 |  195629.1323 |  195681.9419 |  195607.4523 |  195649.0347 |  195627.4245 |  195652.3769 |  195685.6567 |  195681.7933 |  195695.7618 |  195676.5928 |  195607.3038 |  195651.2628 |  195629.8749 |  195650.4459 |  195654.4566 |  195626.3107 |  195690.0404 |  195695.6875 |  195690.5605 |  195673.6212 |  195695.9104 |  195661.9586 |  195690.4862 |  195688.2572 |  195627.2760 |  195658.0961 |  195632.2511 |  195696.1333 |  195662.1071 |  195622.9694 |  195695.4646 |  195682.0905 |  195626.0137 |  195598.6183 |  195401.7310 |  195401.7310 |  195676.9643 |  195620.5191 |  195401.7310 |  195626.8305 |  195648.5891 |  195585.0348 |  195651.1886 |  195625.1969 |  195658.0218 |  195696.0590 |  195635.5927 |  195661.3643 |  195684.4680 |  195632.5481 |  195687.2170 |  195629.8749 |  195689.0745 |  195633.0679 |  195587.1872 |  195633.2907 |  195650.5201 |  195634.4788 |  195586.8903 |  195589.1913 |  195651.1143 |  195633.5135 |  195633.2164 |  195586.8903 |  195691.3036 |  195688.6287 |  195651.1143 |  195634.8501 |  195583.8472 |  195690.2633 |  195681.4962 |  195650.5201 |  195590.1562 |  195695.6132 |  195604.4085 |  195603.4435 |  195674.9584 |  195695.6132 |  195677.0386 |  195689.1488 |  195684.6909 |  195675.0327 |  195690.5605 |  195589.7109 |  195681.7190 |  195650.9658 |  195647.7721 |  195677.1871 |  195593.1995 |  195677.8558 |  195651.8570 |  195689.0745 |  195649.1090 |  195676.7414 |  195677.5586 |  195696.1333 |  195673.6212 |  195676.8157 |  195677.5586 |  195604.4085 |  195633.4392 |  195676.8900 |  195628.0185 |  195688.9259 |  195629.8006 |  195689.1488 |  195629.1323 |  195672.0612 |  195691.3036 |  195675.2556 |  195629.1323 |  195677.3357 |  195626.0879 |  195607.3780 |  195661.1415 |  195650.3716 |  195684.4680 |  195690.0404 |  195695.6875 |  195647.9949 |  195547.3375 |  195629.0581 |  195689.7432 |  195535.4673 |  195599.0637 |  195560.4705 |  195598.9894 |  195677.5586 |  195651.1143 |  195696.0590 |  195678.0786 |  195684.9138 |  195683.7250 |  195650.3716 |  195629.7264 |  195627.7215 |
+----------------------+-------------+-------------+-------------+-------------+-------------+-------------+-------------+-------------+-------------+-------------+-------------+-------------+-------------+-------------+-------------+-------------+-------------+-------------+-------------+-------------+-------------+-------------+-------------+-------------+-------------+-------------+-------------+-------------+-------------+-------------+-------------+-------------+-------------+-------------+-------------+-------------+-------------+-------------+-------------+-------------+-------------+-------------+-------------+-------------+-------------+-------------+-------------+-------------+-------------+-------------+-------------+-------------+-------------+-------------+-------------+-------------+-------------+-------------+-------------+-------------+-------------+-------------+-------------+-------------+-------------+-------------+-------------+-------------+-------------+-------------+-------------+-------------+-------------+-------------+-------------+-------------+-------------+-------------+-------------+-------------+-------------+-------------+-------------+-------------+-------------+-------------+-------------+-------------+-------------+-------------+-------------+-------------+-------------+-------------+-------------+-------------+-------------+-------------+-------------+-------------+--------------+--------------+--------------+--------------+--------------+--------------+--------------+--------------+--------------+--------------+--------------+--------------+--------------+--------------+--------------+--------------+--------------+--------------+--------------+--------------+--------------+--------------+--------------+--------------+--------------+--------------+--------------+--------------+--------------+--------------+--------------+--------------+--------------+--------------+--------------+--------------+--------------+--------------+--------------+--------------+--------------+--------------+--------------+--------------+--------------+--------------+--------------+--------------+--------------+--------------+--------------+--------------+--------------+--------------+--------------+--------------+--------------+--------------+--------------+--------------+--------------+--------------+--------------+--------------+--------------+--------------+--------------+--------------+--------------+--------------+--------------+--------------+--------------+--------------+--------------+--------------+--------------+--------------+--------------+--------------+--------------+--------------+--------------+--------------+--------------+--------------+--------------+--------------+--------------+--------------+--------------+--------------+--------------+--------------+--------------+--------------+--------------+--------------+--------------+--------------+--------------+--------------+--------------+--------------+--------------+--------------+--------------+--------------+--------------+--------------+--------------+--------------+--------------+--------------+--------------+--------------+--------------+--------------+--------------+--------------+--------------+--------------+--------------+--------------+--------------+--------------+--------------+--------------+--------------+--------------+--------------+--------------+--------------+--------------+--------------+--------------+--------------+--------------+--------------+--------------+--------------+--------------+--------------+--------------+--------------+--------------+--------------+--------------+--------------+--------------+--------------+--------------+--------------+--------------+--------------+--------------+
+---------------------------+--------------+-------------+-------------+-------------+
|           Metric          |      Sum     |     Min     |     Max     |     Avg     |
+---------------------------+--------------+-------------+-------------+-------------+
|  Runtime (RDTSC) [s] STAT |     674.3630 |      2.6337 |      2.6378 |      2.6342 |
| Runtime unhalted [s] STAT |     780.8484 |      3.0192 |      3.0751 |      3.0502 |
|      Clock [MHz] STAT     |  798149.0361 |   3086.6094 |   3142.5497 |   3117.7697 |
|          CPI STAT         |     102.0909 |      0.3954 |      0.4014 |      0.3988 |
|     SP [MFLOP/s] STAT     | 5.008727e+07 | 195387.4342 | 195696.3562 | 195653.3854 |
+---------------------------+--------------+-------------+-------------+-------------+
