--------------------------------------------------------------------------------
CPU name:	AMD EPYC 9755 128-Core Processor               
CPU type:	AMD K1A (Zen5) architecture
CPU clock:	2.70 GHz
--------------------------------------------------------------------------------
Region bench, Group 1: FLOPS_SP
+-------------------+------------+------------+------------+------------+------------+------------+------------+------------+------------+------------+-------------+-------------+-------------+-------------+-------------+-------------+-------------+-------------+-------------+-------------+-------------+-------------+-------------+-------------+-------------+-------------+-------------+-------------+-------------+-------------+-------------+-------------+-------------+-------------+-------------+-------------+-------------+-------------+-------------+-------------+-------------+-------------+-------------+-------------+-------------+-------------+-------------+-------------+-------------+-------------+-------------+-------------+-------------+-------------+-------------+-------------+-------------+-------------+-------------+-------------+-------------+-------------+-------------+-------------+-------------+-------------+-------------+-------------+-------------+-------------+-------------+-------------+-------------+-------------+-------------+-------------+-------------+-------------+-------------+-------------+-------------+-------------+-------------+-------------+-------------+-------------+-------------+-------------+-------------+-------------+-------------+-------------+-------------+-------------+-------------+-------------+-------------+-------------+-------------+-------------+--------------+--------------+--------------+--------------+--------------+--------------+--------------+--------------+--------------+--------------+--------------+--------------+--------------+--------------+--------------+--------------+--------------+--------------+--------------+--------------+--------------+--------------+--------------+--------------+--------------+--------------+--------------+--------------+--------------+--------------+--------------+--------------+--------------+--------------+--------------+--------------+--------------+--------------+--------------+--------------+--------------+--------------+--------------+--------------+--------------+--------------+--------------+--------------+--------------+--------------+--------------+--------------+--------------+--------------+--------------+--------------+--------------+--------------+--------------+--------------+--------------+--------------+--------------+--------------+--------------+--------------+--------------+--------------+--------------+--------------+--------------+--------------+--------------+--------------+--------------+--------------+--------------+--------------+--------------+--------------+--------------+--------------+--------------+--------------+--------------+--------------+--------------+--------------+--------------+--------------+--------------+--------------+--------------+--------------+--------------+--------------+--------------+--------------+--------------+--------------+--------------+--------------+--------------+--------------+--------------+--------------+--------------+--------------+--------------+--------------+--------------+--------------+--------------+--------------+--------------+--------------+--------------+--------------+--------------+--------------+--------------+--------------+--------------+--------------+--------------+--------------+--------------+--------------+--------------+--------------+--------------+--------------+--------------+--------------+--------------+--------------+--------------+--------------+--------------+--------------+--------------+--------------+--------------+--------------+--------------+--------------+--------------+--------------+--------------+--------------+--------------+--------------+--------------+--------------+--------------+--------------+
|    Region Info    | HWThread 0 | HWThread 1 | HWThread 2 | HWThread 3 | HWThread 4 | HWThread 5 | HWThread 6 | HWThread 7 | HWThread 8 | HWThread 9 | HWThread 10 | HWThread 11 | HWThread 12 | HWThread 13 | HWThread 14 | HWThread 15 | HWThread 16 | HWThread 17 | HWThread 18 | HWThread 19 | HWThread 20 | HWThread 21 | HWThread 22 | HWThread 23 | HWThread 24 | HWThread 25 | HWThread 26 | HWThread 27 | HWThread 28 | HWThread 29 | HWThread 30 | HWThread 31 | HWThread 32 | HWThread 33 | HWThread 34 | HWThread 35 | HWThread 36 | HWThread 37 | HWThread 38 | HWThread 39 | HWThread 40 | HWThread 41 | HWThread 42 | HWThread 43 | HWThread 44 | HWThread 45 | HWThread 46 | HWThread 47 | HWThread 48 | HWThread 49 | HWThread 50 | HWThread 51 | HWThread 52 | HWThread 53 | HWThread 54 | HWThread 55 | HWThread 56 | HWThread 57 | HWThread 58 | HWThread 59 | HWThread 60 | HWThread 61 | HWThread 62 | HWThread 63 | HWThread 64 | HWThread 65 | HWThread 66 | HWThread 67 | HWThread 68 | HWThread 69 | HWThread 70 | HWThread 71 | HWThread 72 | HWThread 73 | HWThread 74 | HWThread 75 | HWThread 76 | HWThread 77 | HWThread 78 | HWThread 79 | HWThread 80 | HWThread 81 | HWThread 82 | HWThread 83 | HWThread 84 | HWThread 85 | HWThread 86 | HWThread 87 | HWThread 88 | HWThread 89 | HWThread 90 | HWThread 91 | HWThread 92 | HWThread 93 | HWThread 94 | HWThread 95 | HWThread 96 | HWThread 97 | HWThread 98 | HWThread 99 | HWThread 100 | HWThread 101 | HWThread 102 | HWThread 103 | HWThread 104 | HWThread 105 | HWThread 106 | HWThread 107 | HWThread 108 | HWThread 109 | HWThread 110 | HWThread 111 | HWThread 112 | HWThread 113 | HWThread 114 | HWThread 115 | HWThread 116 | HWThread 117 | HWThread 118 | HWThread 119 | HWThread 120 | HWThread 121 | HWThread 122 | HWThread 123 | HWThread 124 | HWThread 125 | HWThread 126 | HWThread 127 | HWThread 128 | HWThread 129 | HWThread 130 | HWThread 131 | HWThread 132 | HWThread 133 | HWThread 134 | HWThread 135 | HWThread 136 | HWThread 137 | HWThread 138 | HWThread 139 | HWThread 140 | HWThread 141 | HWThread 142 | HWThread 143 | HWThread 144 | HWThread 145 | HWThread 146 | HWThread 147 | HWThread 148 | HWThread 149 | HWThread 150 | HWThread 151 | HWThread 152 | HWThread 153 | HWThread 154 | HWThread 155 | HWThread 156 | HWThread 157 | HWThread 158 | HWThread 159 | HWThread 160 | HWThread 161 | HWThread 162 | HWThread 163 | HWThread 164 | HWThread 165 | HWThread 166 | HWThread 167 | HWThread 168 | HWThread 169 | HWThread 170 | HWThread 171 | HWThread 172 | HWThread 173 | HWThread 174 | HWThread 175 | HWThread 176 | HWThread 177 | HWThread 178 | HWThread 179 | HWThread 180 | HWThread 181 | HWThread 182 | HWThread 183 | HWThread 184 | HWThread 185 | HWThread 186 | HWThread 187 | HWThread 188 | HWThread 189 | HWThread 190 | HWThread 191 | HWThread 192 | HWThread 193 | HWThread 194 | HWThread 195 | HWThread 196 | HWThread 197 | HWThread 198 | HWThread 199 | HWThread 200 | HWThread 201 | HWThread 202 | HWThread 203 | HWThread 204 | HWThread 205 | HWThread 206 | HWThread 207 | HWThread 208 | HWThread 209 | HWThread 210 | HWThread 211 | HWThread 212 | HWThread 213 | HWThread 214 | HWThread 215 | HWThread 216 | HWThread 217 | HWThread 218 | HWThread 219 | HWThread 220 | HWThread 221 | HWThread 222 | HWThread 223 | HWThread 224 | HWThread 225 | HWThread 226 | HWThread 227 | HWThread 228 | HWThread 229 | HWThread 230 | HWThread 231 | HWThread 232 | HWThread 233 | HWThread 234 | HWThread 235 | HWThread 236 | HWThread 237 | HWThread 238 | HWThread 239 | HWThread 240 | HWThread 241 | HWThread 242 | HWThread 243 | HWThread 244 | HWThread 245 | HWThread 246 | HWThread 247 | HWThread 248 | HWThread 249 | HWThread 250 | HWThread 251 | HWThread 252 | HWThread 253 | HWThread 254 | HWThread 255 |
+-------------------+------------+------------+------------+------------+------------+------------+------------+------------+------------+------------+-------------+-------------+-------------+-------------+-------------+-------------+-------------+-------------+-------------+-------------+-------------+-------------+-------------+-------------+-------------+-------------+-------------+-------------+-------------+-------------+-------------+-------------+-------------+-------------+-------------+-------------+-------------+-------------+-------------+-------------+-------------+-------------+-------------+-------------+-------------+-------------+-------------+-------------+-------------+-------------+-------------+-------------+-------------+-------------+-------------+-------------+-------------+-------------+-------------+-------------+-------------+-------------+-------------+-------------+-------------+-------------+-------------+-------------+-------------+-------------+-------------+-------------+-------------+-------------+-------------+-------------+-------------+-------------+-------------+-------------+-------------+-------------+-------------+-------------+-------------+-------------+-------------+-------------+-------------+-------------+-------------+-------------+-------------+-------------+-------------+-------------+-------------+-------------+-------------+-------------+--------------+--------------+--------------+--------------+--------------+--------------+--------------+--------------+--------------+--------------+--------------+--------------+--------------+--------------+--------------+--------------+--------------+--------------+--------------+--------------+--------------+--------------+--------------+--------------+--------------+--------------+--------------+--------------+--------------+--------------+--------------+--------------+--------------+--------------+--------------+--------------+--------------+--------------+--------------+--------------+--------------+--------------+--------------+--------------+--------------+--------------+--------------+--------------+--------------+--------------+--------------+--------------+--------------+--------------+--------------+--------------+--------------+--------------+--------------+--------------+--------------+--------------+--------------+--------------+--------------+--------------+--------------+--------------+--------------+--------------+--------------+--------------+--------------+--------------+--------------+--------------+--------------+--------------+--------------+--------------+--------------+--------------+--------------+--------------+--------------+--------------+--------------+--------------+--------------+--------------+--------------+--------------+--------------+--------------+--------------+--------------+--------------+--------------+--------------+--------------+--------------+--------------+--------------+--------------+--------------+--------------+--------------+--------------+--------------+--------------+--------------+--------------+--------------+--------------+--------------+--------------+--------------+--------------+--------------+--------------+--------------+--------------+--------------+--------------+--------------+--------------+--------------+--------------+--------------+--------------+--------------+--------------+--------------+--------------+--------------+--------------+--------------+--------------+--------------+--------------+--------------+--------------+--------------+--------------+--------------+--------------+--------------+--------------+--------------+--------------+--------------+--------------+--------------+--------------+--------------+--------------+
| RDTSC Runtime [s] |   2.084182 |   2.084727 |   2.083942 |   2.083954 |   2.083899 |   2.084189 |   2.083955 |   2.084716 |   2.083846 |   2.083849 |    2.084004 |    2.083848 |    2.084003 |    2.084334 |    2.084054 |    2.084036 |    2.083834 |    2.083850 |    2.083837 |    2.084369 |    2.084651 |    2.083862 |    2.083849 |    2.084628 |    2.084133 |    2.083868 |    2.083899 |    2.084665 |    2.084133 |    2.083906 |    2.083925 |    2.084353 |    2.084736 |    2.083849 |    2.084653 |    2.083850 |    2.083838 |    2.084342 |    2.084334 |    2.083849 |    2.084006 |    2.084004 |    2.084005 |    2.084138 |    2.083956 |    2.083851 |    2.084336 |    2.083999 |    2.083896 |    2.083881 |    2.084344 |    2.083935 |    2.084629 |    2.083961 |    2.084226 |    2.084222 |    2.084721 |    2.084708 |    2.084691 |    2.084644 |    2.084198 |    2.084727 |    2.083893 |    2.084705 |    2.084020 |    2.084026 |    2.083965 |    2.083835 |    2.083965 |    2.083945 |    2.084006 |    2.084026 |    2.083999 |    2.083891 |    2.083944 |    2.084677 |    2.083890 |    2.084154 |    2.084644 |    2.084732 |    2.084060 |    2.083954 |    2.083892 |    2.083892 |    2.083848 |    2.084679 |    2.084195 |    2.083896 |    2.084004 |    2.084176 |    2.084727 |    2.083944 |    2.083983 |    2.084654 |    2.084245 |    2.083983 |    2.084283 |    2.084162 |    2.084357 |    2.084174 |     2.084138 |     2.084282 |     2.084161 |     2.084172 |     2.084603 |     2.084187 |     2.083834 |     2.083835 |     2.084038 |     2.084290 |     2.084363 |     2.084025 |     2.084607 |     2.084265 |     2.083835 |     2.084340 |     2.084297 |     2.083848 |     2.083848 |     2.084306 |     2.084138 |     2.084652 |     2.084370 |     2.084669 |     2.084019 |     2.083892 |     2.083939 |     2.083981 |     2.083832 |     2.083990 |     2.083991 |     2.083947 |     2.083832 |     2.084015 |     2.083831 |     2.084015 |     2.083830 |     2.084369 |     2.084128 |     2.083829 |     2.084128 |     2.084021 |     2.083830 |     2.083840 |     2.083922 |     2.084203 |     2.084716 |     2.084685 |     2.083994 |     2.084203 |     2.084203 |     2.084690 |     2.084133 |     2.084290 |     2.083978 |     2.083843 |     2.084372 |     2.084977 |     2.084303 |     2.084598 |     2.084363 |     2.083846 |     2.083881 |     2.083837 |     2.084141 |     2.083845 |     2.083939 |     2.083881 |     2.083935 |     2.084171 |     2.084616 |     2.084156 |     2.083830 |     2.083895 |     2.084263 |     2.083894 |     2.083894 |     2.083876 |     2.084129 |     2.083886 |     2.084342 |     2.083881 |     2.084276 |     2.083993 |     2.084349 |     2.084346 |     2.084355 |     2.084300 |     2.084317 |     2.084187 |     2.084187 |     2.084183 |     2.084022 |     2.084335 |     2.084333 |     2.084327 |     2.083853 |     2.083845 |     2.083845 |     2.084126 |     2.084156 |     2.083975 |     2.084505 |     2.083829 |     2.084278 |     2.084259 |     2.084328 |     2.084352 |     2.083879 |     2.084344 |     2.083879 |     2.083862 |     2.084194 |     2.083858 |     2.083863 |     2.083879 |     2.083997 |     2.083997 |     2.084215 |     2.083889 |     2.084360 |     2.084698 |     2.083879 |     2.084699 |     2.083830 |     2.084010 |     2.083849 |     2.083854 |     2.083845 |     2.084635 |     2.083844 |     2.083845 |     2.084690 |     2.084346 |     2.084689 |     2.084327 |     2.083857 |     2.083992 |     2.083857 |     2.084130 |     2.083994 |     2.083842 |     2.083833 |     2.083880 |     2.083960 |     2.084182 |     2.084696 |     2.084178 |     2.084008 |     2.084011 |     2.083828 |     2.084012 |     2.084012 |     2.084012 |     2.084013 |     2.083996 |
|     call count    |          1 |          1 |          1 |          1 |          1 |          1 |          1 |          1 |          1 |          1 |           1 |           1 |           1 |           1 |           1 |           1 |           1 |           1 |           1 |           1 |           1 |           1 |           1 |           1 |           1 |           1 |           1 |           1 |           1 |           1 |           1 |           1 |           1 |           1 |           1 |           1 |           1 |           1 |           1 |           1 |           1 |           1 |           1 |           1 |           1 |           1 |           1 |           1 |           1 |           1 |           1 |           1 |           1 |           1 |           1 |           1 |           1 |           1 |           1 |           1 |           1 |           1 |           1 |           1 |           1 |           1 |           1 |           1 |           1 |           1 |           1 |           1 |           1 |           1 |           1 |           1 |           1 |           1 |           1 |           1 |           1 |           1 |           1 |           1 |           1 |           1 |           1 |           1 |           1 |           1 |           1 |           1 |           1 |           1 |           1 |           1 |           1 |           1 |           1 |           1 |            1 |            1 |            1 |            1 |            1 |            1 |            1 |            1 |            1 |            1 |            1 |            1 |            1 |            1 |            1 |            1 |            1 |            1 |            1 |            1 |            1 |            1 |            1 |            1 |            1 |            1 |            1 |            1 |            1 |            1 |            1 |            1 |            1 |            1 |            1 |            1 |            1 |            1 |            1 |            1 |            1 |            1 |            1 |            1 |            1 |            1 |            1 |            1 |            1 |            1 |            1 |            1 |            1 |            1 |            1 |            1 |            1 |            1 |            1 |            1 |            1 |            1 |            1 |            1 |            1 |            1 |            1 |            1 |            1 |            1 |            1 |            1 |            1 |            1 |            1 |            1 |            1 |            1 |            1 |            1 |            1 |            1 |            1 |            1 |            1 |            1 |            1 |            1 |            1 |            1 |            1 |            1 |            1 |            1 |            1 |            1 |            1 |            1 |            1 |            1 |            1 |            1 |            1 |            1 |            1 |            1 |            1 |            1 |            1 |            1 |            1 |            1 |            1 |            1 |            1 |            1 |            1 |            1 |            1 |            1 |            1 |            1 |            1 |            1 |            1 |            1 |            1 |            1 |            1 |            1 |            1 |            1 |            1 |            1 |            1 |            1 |            1 |            1 |            1 |            1 |            1 |            1 |            1 |            1 |            1 |            1 |            1 |            1 |            1 |            1 |            1 |            1 |            1 |            1 |            1 |            1 |
+-------------------+------------+------------+------------+------------+------------+------------+------------+------------+------------+------------+-------------+-------------+-------------+-------------+-------------+-------------+-------------+-------------+-------------+-------------+-------------+-------------+-------------+-------------+-------------+-------------+-------------+-------------+-------------+-------------+-------------+-------------+-------------+-------------+-------------+-------------+-------------+-------------+-------------+-------------+-------------+-------------+-------------+-------------+-------------+-------------+-------------+-------------+-------------+-------------+-------------+-------------+-------------+-------------+-------------+-------------+-------------+-------------+-------------+-------------+-------------+-------------+-------------+-------------+-------------+-------------+-------------+-------------+-------------+-------------+-------------+-------------+-------------+-------------+-------------+-------------+-------------+-------------+-------------+-------------+-------------+-------------+-------------+-------------+-------------+-------------+-------------+-------------+-------------+-------------+-------------+-------------+-------------+-------------+-------------+-------------+-------------+-------------+-------------+-------------+--------------+--------------+--------------+--------------+--------------+--------------+--------------+--------------+--------------+--------------+--------------+--------------+--------------+--------------+--------------+--------------+--------------+--------------+--------------+--------------+--------------+--------------+--------------+--------------+--------------+--------------+--------------+--------------+--------------+--------------+--------------+--------------+--------------+--------------+--------------+--------------+--------------+--------------+--------------+--------------+--------------+--------------+--------------+--------------+--------------+--------------+--------------+--------------+--------------+--------------+--------------+--------------+--------------+--------------+--------------+--------------+--------------+--------------+--------------+--------------+--------------+--------------+--------------+--------------+--------------+--------------+--------------+--------------+--------------+--------------+--------------+--------------+--------------+--------------+--------------+--------------+--------------+--------------+--------------+--------------+--------------+--------------+--------------+--------------+--------------+--------------+--------------+--------------+--------------+--------------+--------------+--------------+--------------+--------------+--------------+--------------+--------------+--------------+--------------+--------------+--------------+--------------+--------------+--------------+--------------+--------------+--------------+--------------+--------------+--------------+--------------+--------------+--------------+--------------+--------------+--------------+--------------+--------------+--------------+--------------+--------------+--------------+--------------+--------------+--------------+--------------+--------------+--------------+--------------+--------------+--------------+--------------+--------------+--------------+--------------+--------------+--------------+--------------+--------------+--------------+--------------+--------------+--------------+--------------+--------------+--------------+--------------+--------------+--------------+--------------+--------------+--------------+--------------+--------------+--------------+--------------+
+-------------------------------------+---------+-------------+-------------+-------------+-------------+-------------+-------------+-------------+-------------+-------------+-------------+-------------+-------------+-------------+-------------+-------------+-------------+-------------+-------------+-------------+-------------+-------------+-------------+-------------+-------------+-------------+-------------+-------------+-------------+-------------+-------------+-------------+-------------+-------------+-------------+-------------+-------------+-------------+-------------+-------------+-------------+-------------+-------------+-------------+-------------+-------------+-------------+-------------+-------------+-------------+-------------+-------------+-------------+-------------+-------------+-------------+-------------+-------------+-------------+-------------+-------------+-------------+-------------+-------------+-------------+-------------+-------------+-------------+-------------+-------------+-------------+-------------+-------------+-------------+-------------+-------------+-------------+-------------+-------------+-------------+-------------+-------------+-------------+-------------+-------------+-------------+-------------+-------------+-------------+-------------+-------------+-------------+-------------+-------------+-------------+-------------+-------------+-------------+-------------+-------------+-------------+--------------+--------------+--------------+--------------+--------------+--------------+--------------+--------------+--------------+--------------+--------------+--------------+--------------+--------------+--------------+--------------+--------------+--------------+--------------+--------------+--------------+--------------+--------------+--------------+--------------+--------------+--------------+--------------+--------------+--------------+--------------+--------------+--------------+--------------+--------------+--------------+--------------+--------------+--------------+--------------+--------------+--------------+--------------+--------------+--------------+--------------+--------------+--------------+--------------+--------------+--------------+--------------+--------------+--------------+--------------+--------------+--------------+--------------+--------------+--------------+--------------+--------------+--------------+--------------+--------------+--------------+--------------+--------------+--------------+--------------+--------------+--------------+--------------+--------------+--------------+--------------+--------------+--------------+--------------+--------------+--------------+--------------+--------------+--------------+--------------+--------------+--------------+--------------+--------------+--------------+--------------+--------------+--------------+--------------+--------------+--------------+--------------+--------------+--------------+--------------+--------------+--------------+--------------+--------------+--------------+--------------+--------------+--------------+--------------+--------------+--------------+--------------+--------------+--------------+--------------+--------------+--------------+--------------+--------------+--------------+--------------+--------------+--------------+--------------+--------------+--------------+--------------+--------------+--------------+--------------+--------------+--------------+--------------+--------------+--------------+--------------+--------------+--------------+--------------+--------------+--------------+--------------+--------------+--------------+--------------+--------------+--------------+--------------+--------------+--------------+--------------+--------------+--------------+--------------+--------------+--------------+
|                Event                | Counter |  HWThread 0 |  HWThread 1 |  HWThread 2 |  HWThread 3 |  HWThread 4 |  HWThread 5 |  HWThread 6 |  HWThread 7 |  HWThread 8 |  HWThread 9 | HWThread 10 | HWThread 11 | HWThread 12 | HWThread 13 | HWThread 14 | HWThread 15 | HWThread 16 | HWThread 17 | HWThread 18 | HWThread 19 | HWThread 20 | HWThread 21 | HWThread 22 | HWThread 23 | HWThread 24 | HWThread 25 | HWThread 26 | HWThread 27 | HWThread 28 | HWThread 29 | HWThread 30 | HWThread 31 | HWThread 32 | HWThread 33 | HWThread 34 | HWThread 35 | HWThread 36 | HWThread 37 | HWThread 38 | HWThread 39 | HWThread 40 | HWThread 41 | HWThread 42 | HWThread 43 | HWThread 44 | HWThread 45 | HWThread 46 | HWThread 47 | HWThread 48 | HWThread 49 | HWThread 50 | HWThread 51 | HWThread 52 | HWThread 53 | HWThread 54 | HWThread 55 | HWThread 56 | HWThread 57 | HWThread 58 | HWThread 59 | HWThread 60 | HWThread 61 | HWThread 62 | HWThread 63 | HWThread 64 | HWThread 65 | HWThread 66 | HWThread 67 | HWThread 68 | HWThread 69 | HWThread 70 | HWThread 71 | HWThread 72 | HWThread 73 | HWThread 74 | HWThread 75 | HWThread 76 | HWThread 77 | HWThread 78 | HWThread 79 | HWThread 80 | HWThread 81 | HWThread 82 | HWThread 83 | HWThread 84 | HWThread 85 | HWThread 86 | HWThread 87 | HWThread 88 | HWThread 89 | HWThread 90 | HWThread 91 | HWThread 92 | HWThread 93 | HWThread 94 | HWThread 95 | HWThread 96 | HWThread 97 | HWThread 98 | HWThread 99 | HWThread 100 | HWThread 101 | HWThread 102 | HWThread 103 | HWThread 104 | HWThread 105 | HWThread 106 | HWThread 107 | HWThread 108 | HWThread 109 | HWThread 110 | HWThread 111 | HWThread 112 | HWThread 113 | HWThread 114 | HWThread 115 | HWThread 116 | HWThread 117 | HWThread 118 | HWThread 119 | HWThread 120 | HWThread 121 | HWThread 122 | HWThread 123 | HWThread 124 | HWThread 125 | HWThread 126 | HWThread 127 | HWThread 128 | HWThread 129 | HWThread 130 | HWThread 131 | HWThread 132 | HWThread 133 | HWThread 134 | HWThread 135 | HWThread 136 | HWThread 137 | HWThread 138 | HWThread 139 | HWThread 140 | HWThread 141 | HWThread 142 | HWThread 143 | HWThread 144 | HWThread 145 | HWThread 146 | HWThread 147 | HWThread 148 | HWThread 149 | HWThread 150 | HWThread 151 | HWThread 152 | HWThread 153 | HWThread 154 | HWThread 155 | HWThread 156 | HWThread 157 | HWThread 158 | HWThread 159 | HWThread 160 | HWThread 161 | HWThread 162 | HWThread 163 | HWThread 164 | HWThread 165 | HWThread 166 | HWThread 167 | HWThread 168 | HWThread 169 | HWThread 170 | HWThread 171 | HWThread 172 | HWThread 173 | HWThread 174 | HWThread 175 | HWThread 176 | HWThread 177 | HWThread 178 | HWThread 179 | HWThread 180 | HWThread 181 | HWThread 182 | HWThread 183 | HWThread 184 | HWThread 185 | HWThread 186 | HWThread 187 | HWThread 188 | HWThread 189 | HWThread 190 | HWThread 191 | HWThread 192 | HWThread 193 | HWThread 194 | HWThread 195 | HWThread 196 | HWThread 197 | HWThread 198 | HWThread 199 | HWThread 200 | HWThread 201 | HWThread 202 | HWThread 203 | HWThread 204 | HWThread 205 | HWThread 206 | HWThread 207 | HWThread 208 | HWThread 209 | HWThread 210 | HWThread 211 | HWThread 212 | HWThread 213 | HWThread 214 | HWThread 215 | HWThread 216 | HWThread 217 | HWThread 218 | HWThread 219 | HWThread 220 | HWThread 221 | HWThread 222 | HWThread 223 | HWThread 224 | HWThread 225 | HWThread 226 | HWThread 227 | HWThread 228 | HWThread 229 | HWThread 230 | HWThread 231 | HWThread 232 | HWThread 233 | HWThread 234 | HWThread 235 | HWThread 236 | HWThread 237 | HWThread 238 | HWThread 239 | HWThread 240 | HWThread 241 | HWThread 242 | HWThread 243 | HWThread 244 | HWThread 245 | HWThread 246 | HWThread 247 | HWThread 248 | HWThread 249 | HWThread 250 | HWThread 251 | HWThread 252 | HWThread 253 | HWThread 254 | HWThread 255 |
+-------------------------------------+---------+-------------+-------------+-------------+-------------+-------------+-------------+-------------+-------------+-------------+-------------+-------------+-------------+-------------+-------------+-------------+-------------+-------------+-------------+-------------+-------------+-------------+-------------+-------------+-------------+-------------+-------------+-------------+-------------+-------------+-------------+-------------+-------------+-------------+-------------+-------------+-------------+-------------+-------------+-------------+-------------+-------------+-------------+-------------+-------------+-------------+-------------+-------------+-------------+-------------+-------------+-------------+-------------+-------------+-------------+-------------+-------------+-------------+-------------+-------------+-------------+-------------+-------------+-------------+-------------+-------------+-------------+-------------+-------------+-------------+-------------+-------------+-------------+-------------+-------------+-------------+-------------+-------------+-------------+-------------+-------------+-------------+-------------+-------------+-------------+-------------+-------------+-------------+-------------+-------------+-------------+-------------+-------------+-------------+-------------+-------------+-------------+-------------+-------------+-------------+-------------+--------------+--------------+--------------+--------------+--------------+--------------+--------------+--------------+--------------+--------------+--------------+--------------+--------------+--------------+--------------+--------------+--------------+--------------+--------------+--------------+--------------+--------------+--------------+--------------+--------------+--------------+--------------+--------------+--------------+--------------+--------------+--------------+--------------+--------------+--------------+--------------+--------------+--------------+--------------+--------------+--------------+--------------+--------------+--------------+--------------+--------------+--------------+--------------+--------------+--------------+--------------+--------------+--------------+--------------+--------------+--------------+--------------+--------------+--------------+--------------+--------------+--------------+--------------+--------------+--------------+--------------+--------------+--------------+--------------+--------------+--------------+--------------+--------------+--------------+--------------+--------------+--------------+--------------+--------------+--------------+--------------+--------------+--------------+--------------+--------------+--------------+--------------+--------------+--------------+--------------+--------------+--------------+--------------+--------------+--------------+--------------+--------------+--------------+--------------+--------------+--------------+--------------+--------------+--------------+--------------+--------------+--------------+--------------+--------------+--------------+--------------+--------------+--------------+--------------+--------------+--------------+--------------+--------------+--------------+--------------+--------------+--------------+--------------+--------------+--------------+--------------+--------------+--------------+--------------+--------------+--------------+--------------+--------------+--------------+--------------+--------------+--------------+--------------+--------------+--------------+--------------+--------------+--------------+--------------+--------------+--------------+--------------+--------------+--------------+--------------+--------------+--------------+--------------+--------------+--------------+--------------+
|           ACTUAL_CPU_CLOCK          |  FIXC1  |  8389955000 |  8393214000 |  8391277000 |  8390571000 |  8389843000 |  8392523000 |  8388450000 |  8393101000 |  8326437000 |  8326495000 |  8324525000 |  8326344000 |  8326467000 |  8327717000 |  8326521000 |  8326525000 |  8335285000 |  8333427000 |  8332655000 |  8333780000 |  8335863000 |  8332933000 |  8332528000 |  8335344000 |  8344241000 |  8341913000 |  8341998000 |  8345276000 |  8344265000 |  8342135000 |  8342154000 |  8343892000 |  8300034000 |  8297687000 |  8299850000 |  8297484000 |  8297443000 |  8296640000 |  8299479000 |  8297625000 |  8318559000 |  8318590000 |  8322436000 |  8323998000 |  8322277000 |  8322183000 |  8323769000 |  8318577000 |  8348018000 |  8347208000 |  8349773000 |  8346295000 |  8348952000 |  8348365000 |  8350637000 |  8350430000 |  8299314000 |  8299662000 |  8297412000 |  8299605000 |  8299122000 |  8299258000 |  8294275000 |  8299827000 |  8365385000 |  8363544000 |  8365173000 |  8363622000 |  8365247000 |  8365610000 |  8365485000 |  8365473000 |  8355708000 |  8357569000 |  8356411000 |  8358174000 |  8355387000 |  8359266000 |  8357672000 |  8360522000 |  8348542000 |  8347368000 |  8348192000 |  8347016000 |  8347240000 |  8351332000 |  8348753000 |  8349613000 |  8360238000 |  8363990000 |  8362835000 |  8362189000 |  8360091000 |  8362603000 |  8362474000 |  8362318000 |  8366277000 |  8369472000 |  8365595000 |  8365935000 |   8369422000 |   8366229000 |   8365962000 |   8369388000 |   8319937000 |   8321641000 |   8316847000 |   8317248000 |   8320145000 |   8319627000 |   8319115000 |   8319117000 |   8371314000 |   8369216000 |   8368873000 |   8370230000 |   8371010000 |   8369253000 |   8368949000 |   8371143000 |   8319198000 |   8320271000 |   8319167000 |   8319870000 |   8317534000 |   8316847000 |   8316925000 |   8317371000 |   8294505000 |   8297043000 |   8294734000 |   8294453000 |   8294496000 |   8294468000 |   8294892000 |   8294840000 |   8366683000 |   8368044000 |   8369418000 |   8366650000 |   8369359000 |   8367725000 |   8366686000 |   8366683000 |   8377561000 |   8379718000 |   8380478000 |   8380509000 |   8380727000 |   8379821000 |   8380854000 |   8379348000 |   8336126000 |   8336466000 |   8334330000 |   8334640000 |   8338769000 |   8339954000 |   8339959000 |   8336863000 |   8307178000 |   8307019000 |   8305480000 |   8305129000 |   8306811000 |   8306849000 |   8305648000 |   8304555000 |   8340182000 |   8343474000 |   8341868000 |   8341301000 |   8340182000 |   8338944000 |   8342080000 |   8341439000 |   8277303000 |   8277238000 |   8279019000 |   8277216000 |   8278165000 |   8277238000 |   8278919000 |   8276801000 |   8361986000 |   8362122000 |   8362071000 |   8361874000 |   8363028000 |   8366461000 |   8365940000 |   8362335000 |   8331226000 |   8332543000 |   8335408000 |   8333505000 |   8331447000 |   8331510000 |   8331477000 |   8336660000 |   8344138000 |   8338543000 |   8341389000 |   8340328000 |   8340785000 |   8340942000 |   8343386000 |   8340076000 |   8316642000 |   8317834000 |   8316731000 |   8316889000 |   8318361000 |   8319689000 |   8316649000 |   8316671000 |   8355930000 |   8355930000 |   8358109000 |   8356425000 |   8359103000 |   8358497000 |   8356766000 |   8358887000 |   8373281000 |   8372559000 |   8373584000 |   8373211000 |   8372757000 |   8378230000 |   8375521000 |   8373452000 |   8340188000 |   8339040000 |   8340218000 |   8340035000 |   8338098000 |   8337612000 |   8338112000 |   8339345000 |   8291937000 |   8294938000 |   8292214000 |   8291904000 |   8292360000 |   8293359000 |   8294098000 |   8295907000 |   8325323000 |   8321826000 |   8321919000 |   8321844000 |   8321842000 |   8325544000 |   8325104000 |   8321822000 |
|            MAX_CPU_CLOCK            |  FIXC2  |  5629278000 |  5632304000 |  5629905000 |  5630928000 |  5630259000 |  5631040000 |  5628166000 |  5631842000 |  5629549000 |  5629589000 |  5628846000 |  5629095000 |  5630282000 |  5630896000 |  5630384000 |  5630396000 |  5630357000 |  5628106000 |  5628649000 |  5629107000 |  5630797000 |  5627984000 |  5627807000 |  5630383000 |  5630897000 |  5628657000 |  5630388000 |  5632237000 |  5630924000 |  5629430000 |  5629793000 |  5630839000 |  5632414000 |  5629741000 |  5631751000 |  5629605000 |  5630405000 |  5629291000 |  5630390000 |  5629671000 |  5626641000 |  5626696000 |  5630300000 |  5630938000 |  5629903000 |  5630130000 |  5630993000 |  5626662000 |  5629284000 |  5628233000 |  5630338000 |  5628287000 |  5630420000 |  5629522000 |  5630609000 |  5631542000 |  5632733000 |  5632262000 |  5630593000 |  5632117000 |  5631130000 |  5632742000 |  5628100000 |  5632360000 |  5629830000 |  5628786000 |  5629960000 |  5628890000 |  5630008000 |  5630398000 |  5630266000 |  5630267000 |  5628673000 |  5630014000 |  5628448000 |  5630677000 |  5628355000 |  5630852000 |  5630340000 |  5632494000 |  5629432000 |  5628325000 |  5629627000 |  5628080000 |  5628207000 |  5632222000 |  5629476000 |  5629938000 |  5628631000 |  5630907000 |  5630732000 |  5630026000 |  5628474000 |  5630506000 |  5629646000 |  5630167000 |  5630091000 |  5631161000 |  5629799000 |  5629889000 |   5631118000 |   5630042000 |   5629960000 |   5631131000 |   5630604000 |   5630965000 |   5628250000 |   5628442000 |   5629927000 |   5629725000 |   5629509000 |   5630750000 |   5631952000 |   5630110000 |   5629905000 |   5630878000 |   5631208000 |   5629718000 |   5629152000 |   5631388000 |   5631043000 |   5632382000 |   5630989000 |   5631742000 |   5630351000 |   5629370000 |   5629432000 |   5630169000 |   5627817000 |   5630192000 |   5628515000 |   5628597000 |   5627813000 |   5628599000 |   5628714000 |   5628668000 |   5625567000 |   5626861000 |   5629882000 |   5626336000 |   5629874000 |   5629266000 |   5625556000 |   5625601000 |   5628810000 |   5629722000 |   5631212000 |   5631145000 |   5629533000 |   5629982000 |   5629371000 |   5628282000 |   5629913000 |   5629213000 |   5629048000 |   5627643000 |   5630264000 |   5632081000 |   5631520000 |   5630912000 |   5629616000 |   5628472000 |   5627874000 |   5627703000 |   5629073000 |   5629461000 |   5628064000 |   5627881000 |   5628299000 |   5630942000 |   5630362000 |   5629332000 |   5628295000 |   5628132000 |   5629679000 |   5629876000 |   5626449000 |   5626434000 |   5628215000 |   5626415000 |   5627497000 |   5626434000 |   5627886000 |   5626851000 |   5628342000 |   5627595000 |   5627600000 |   5627308000 |   5630332000 |   5631124000 |   5630392000 |   5627281000 |   5629307000 |   5629856000 |   5630661000 |   5629543000 |   5628659000 |   5628685000 |   5628691000 |   5630980000 |   5631568000 |   5629078000 |   5631450000 |   5629928000 |   5630216000 |   5630163000 |   5631010000 |   5629874000 |   5629132000 |   5629052000 |   5627829000 |   5627980000 |   5629238000 |   5629726000 |   5628766000 |   5628795000 |   5626899000 |   5626899000 |   5628421000 |   5626447000 |   5629483000 |   5628937000 |   5628748000 |   5631282000 |   5627933000 |   5628517000 |   5628120000 |   5628002000 |   5627887000 |   5632356000 |   5629626000 |   5628057000 |   5628194000 |   5626793000 |   5628232000 |   5629790000 |   5625699000 |   5626098000 |   5625708000 |   5626869000 |   5628397000 |   5629793000 |   5627886000 |   5628195000 |   5628258000 |   5629190000 |   5630452000 |   5630370000 |   5630289000 |   5628891000 |   5629071000 |   5628880000 |   5628877000 |   5630431000 |   5630124000 |   5628879000 |
|         RETIRED_INSTRUCTIONS        |   PMC0  | 21495430000 | 21500230000 | 21498820000 | 21499970000 | 21498980000 | 21498900000 | 21499340000 | 21499980000 | 21485790000 | 21485930000 | 21486200000 | 21486150000 | 21486260000 | 21487320000 | 21486930000 | 21486140000 | 21487940000 | 21487940000 | 21487910000 | 21487990000 | 21487960000 | 21488000000 | 21487730000 | 21488070000 | 21489000000 | 21488980000 | 21488640000 | 21489770000 | 21489760000 | 21489060000 | 21489220000 | 21488980000 | 21481760000 | 21481790000 | 21482240000 | 21481340000 | 21481630000 | 21482310000 | 21481750000 | 21481410000 | 21485140000 | 21485930000 | 21485790000 | 21485050000 | 21485670000 | 21485260000 | 21484460000 | 21485500000 | 21490390000 | 21490380000 | 21490230000 | 21489910000 | 21490110000 | 21490220000 | 21490460000 | 21490340000 | 21481520000 | 21481550000 | 21481880000 | 21480990000 | 21481710000 | 21481260000 | 21481610000 | 21480880000 | 21493320000 | 21493710000 | 21493190000 | 21493940000 | 21493570000 | 21494370000 | 21494660000 | 21493650000 | 21492350000 | 21492060000 | 21492170000 | 21493040000 | 21491530000 | 21492020000 | 21492170000 | 21492110000 | 21490810000 | 21491310000 | 21490400000 | 21490850000 | 21490810000 | 21491180000 | 21491200000 | 21490540000 | 21492810000 | 21493460000 | 21492410000 | 21493330000 | 21492880000 | 21493260000 | 21493540000 | 21493050000 | 21495190000 | 21494220000 | 21495220000 | 21493870000 |  21493840000 |  21495000000 |  21493880000 |  21494550000 |  21486390000 |  21485010000 |  21484870000 |  21484530000 |  21486490000 |  21486400000 |  21485660000 |  21485340000 |  21494870000 |  21495310000 |  21494380000 |  21494520000 |  21494750000 |  21494540000 |  21494630000 |  21495610000 |  21485550000 |  21485860000 |  21485760000 |  21485460000 |  21485320000 |  21484670000 |  21485560000 |  21485690000 |  21479070000 |  21479430000 |  21479230000 |  21478830000 |  21478590000 |  21478600000 |  21478830000 |  21479680000 |  21492630000 |  21492560000 |  21491760000 |  21492330000 |  21492490000 |  21491680000 |  21492510000 |  21491770000 |  21494440000 |  21494720000 |  21494330000 |  21494760000 |  21494810000 |  21493660000 |  21495160000 |  21495160000 |  21486060000 |  21485780000 |  21486760000 |  21486470000 |  21486620000 |  21487310000 |  21486850000 |  21486990000 |  21480910000 |  21481230000 |  21480430000 |  21480640000 |  21481240000 |  21481160000 |  21481450000 |  21481090000 |  21486730000 |  21487270000 |  21487670000 |  21486850000 |  21486400000 |  21486420000 |  21486760000 |  21487470000 |  21476700000 |  21476190000 |  21476590000 |  21475330000 |  21476380000 |  21475240000 |  21476240000 |  21476890000 |  21491000000 |  21491220000 |  21492170000 |  21491830000 |  21491630000 |  21490510000 |  21491400000 |  21491380000 |  21486120000 |  21486200000 |  21486300000 |  21485460000 |  21485670000 |  21485980000 |  21485590000 |  21486180000 |  21487310000 |  21486660000 |  21487110000 |  21487600000 |  21487110000 |  21486860000 |  21487560000 |  21486340000 |  21482990000 |  21484270000 |  21484070000 |  21482880000 |  21483400000 |  21482720000 |  21482880000 |  21482050000 |  21489310000 |  21490380000 |  21490290000 |  21490840000 |  21489480000 |  21490890000 |  21489990000 |  21491210000 |  21493070000 |  21493610000 |  21493420000 |  21493050000 |  21492970000 |  21494020000 |  21492990000 |  21493550000 |  21488810000 |  21487920000 |  21487470000 |  21488320000 |  21487610000 |  21487130000 |  21487340000 |  21487890000 |  21479080000 |  21479410000 |  21478110000 |  21478500000 |  21477990000 |  21478740000 |  21479540000 |  21478880000 |  21484840000 |  21483830000 |  21483640000 |  21484030000 |  21483900000 |  21483590000 |  21484320000 |  21484170000 |
|         CPU_CLOCKS_UNHALTED         |   PMC1  |  8321988000 |  8344312000 |  8340055000 |  8340945000 |  8341595000 |  8343006000 |  8340155000 |  8343029000 |  8267338000 |  8266777000 |  8267497000 |  8267249000 |  8267494000 |  8268775000 |  8267579000 |  8267523000 |  8276724000 |  8276996000 |  8276545000 |  8278707000 |  8279412000 |  8276903000 |  8276738000 |  8279510000 |  8284509000 |  8283671000 |  8283510000 |  8286566000 |  8284279000 |  8283477000 |  8283421000 |  8285084000 |  8245313000 |  8242580000 |  8245307000 |  8241626000 |  8241730000 |  8243977000 |  8242631000 |  8242140000 |  8263087000 |  8263387000 |  8263232000 |  8263848000 |  8262916000 |  8262802000 |  8262379000 |  8262982000 |  8289874000 |  8289759000 |  8291490000 |  8290187000 |  8292616000 |  8290422000 |  8291179000 |  8290985000 |  8240207000 |  8241818000 |  8241335000 |  8241293000 |  8239429000 |  8240927000 |  8238386000 |  8241361000 |  8309978000 |  8310139000 |  8309663000 |  8309162000 |  8309614000 |  8309790000 |  8309176000 |  8309635000 |  8300637000 |  8300619000 |  8300709000 |  8303254000 |  8300120000 |  8301023000 |  8303615000 |  8303314000 |  8293411000 |  8293152000 |  8292068000 |  8292638000 |  8291965000 |  8295317000 |  8293374000 |  8292292000 |  8305495000 |  8306137000 |  8307136000 |  8305259000 |  8304585000 |  8307596000 |  8305828000 |  8304600000 |  8316209000 |  8315879000 |  8316051000 |  8315502000 |   8315199000 |   8315746000 |   8315042000 |   8315202000 |   8266253000 |   8264995000 |   8263793000 |   8263770000 |   8264486000 |   8265187000 |   8265344000 |   8264138000 |   8317397000 |   8316001000 |   8314500000 |   8316277000 |   8315970000 |   8314519000 |   8314091000 |   8316056000 |   8263413000 |   8265282000 |   8263770000 |   8265218000 |   8262689000 |   8262170000 |   8261997000 |   8262040000 |   8227804000 |   8228517000 |   8228427000 |   8228125000 |   8227719000 |   8228507000 |   8227543000 |   8228269000 |   8301095000 |   8302891000 |   8301855000 |   8301112000 |   8301596000 |   8301368000 |   8300850000 |   8300787000 |   8313275000 |   8314138000 |   8316053000 |   8316193000 |   8313441000 |   8314071000 |   8313011000 |   8316104000 |   8268769000 |   8269321000 |   8268312000 |   8267832000 |   8268914000 |   8271540000 |   8269522000 |   8270177000 |   8240570000 |   8239240000 |   8239040000 |   8238535000 |   8240100000 |   8238788000 |   8238816000 |   8238704000 |   8272153000 |   8273139000 |   8274431000 |   8272824000 |   8271593000 |   8272052000 |   8272914000 |   8271838000 |   8210852000 |   8210681000 |   8211460000 |   8210745000 |   8212407000 |   8210781000 |   8212351000 |   8211294000 |   8295311000 |   8295333000 |   8295879000 |   8295548000 |   8295023000 |   8294097000 |   8294500000 |   8294665000 |   8266518000 |   8267725000 |   8267864000 |   8267489000 |   8265577000 |   8265695000 |   8265861000 |   8266968000 |   8273325000 |   8272712000 |   8274745000 |   8272466000 |   8274024000 |   8274032000 |   8273508000 |   8273603000 |   8250363000 |   8252230000 |   8250463000 |   8250434000 |   8251701000 |   8250512000 |   8250005000 |   8250505000 |   8290841000 |   8290766000 |   8290963000 |   8290146000 |   8291621000 |   8293076000 |   8289866000 |   8293138000 |   8307358000 |   8307646000 |   8307435000 |   8307563000 |   8306805000 |   8310424000 |   8307164000 |   8307519000 |   8277479000 |   8276181000 |   8277719000 |   8275864000 |   8274148000 |   8274266000 |   8274387000 |   8275506000 |   8226416000 |   8225987000 |   8225899000 |   8226212000 |   8226265000 |   8227111000 |   8228122000 |   8226465000 |   8256274000 |   8256394000 |   8255567000 |   8256263000 |   8255877000 |   8255807000 |   8255812000 |   8255611000 |
|                MERGE                |   PMC3  |           0 |           0 |           0 |           0 |           0 |           0 |           0 |           0 |           0 |           0 |           0 |           0 |           0 |           0 |           0 |           0 |           0 |           0 |           0 |           0 |           0 |           0 |           0 |           0 |           0 |           0 |           0 |           0 |           0 |           0 |           0 |           0 |           0 |           0 |           0 |           0 |           0 |           0 |           0 |           0 |           0 |           0 |           0 |           0 |           0 |           0 |           0 |           0 |           0 |           0 |           0 |           0 |           0 |           0 |           0 |           0 |           0 |           0 |           0 |           0 |           0 |           0 |           0 |           0 |           0 |           0 |           0 |           0 |           0 |           0 |           0 |           0 |           0 |           0 |           0 |           0 |           0 |           0 |           0 |           0 |           0 |           0 |           0 |           0 |           0 |           0 |           0 |           0 |           0 |           0 |           0 |           0 |           0 |           0 |           0 |           0 |           0 |           0 |           0 |           0 |            0 |            0 |            0 |            0 |            0 |            0 |            0 |            0 |            0 |            0 |            0 |            0 |            0 |            0 |            0 |            0 |            0 |            0 |            0 |            0 |            0 |            0 |            0 |            0 |            0 |            0 |            0 |            0 |            0 |            0 |            0 |            0 |            0 |            0 |            0 |            0 |            0 |            0 |            0 |            0 |            0 |            0 |            0 |            0 |            0 |            0 |            0 |            0 |            0 |            0 |            0 |            0 |            0 |            0 |            0 |            0 |            0 |            0 |            0 |            0 |            0 |            0 |            0 |            0 |            0 |            0 |            0 |            0 |            0 |            0 |            0 |            0 |            0 |            0 |            0 |            0 |            0 |            0 |            0 |            0 |            0 |            0 |            0 |            0 |            0 |            0 |            0 |            0 |            0 |            0 |            0 |            0 |            0 |            0 |            0 |            0 |            0 |            0 |            0 |            0 |            0 |            0 |            0 |            0 |            0 |            0 |            0 |            0 |            0 |            0 |            0 |            0 |            0 |            0 |            0 |            0 |            0 |            0 |            0 |            0 |            0 |            0 |            0 |            0 |            0 |            0 |            0 |            0 |            0 |            0 |            0 |            0 |            0 |            0 |            0 |            0 |            0 |            0 |            0 |            0 |            0 |            0 |            0 |            0 |            0 |            0 |            0 |            0 |            0 |            0 |            0 |            0 |            0 |            0 |            0 |            0 |
| RETIRED_SSE_AVX_FLOPS_ALL_SP_SCALAR |   PMC2  | 17179870000 | 17179870000 | 17179870000 | 17179870000 | 17179870000 | 17179870000 | 17179870000 | 17179870000 | 17179870000 | 17179870000 | 17179870000 | 17179870000 | 17179870000 | 17179870000 | 17179870000 | 17179870000 | 17179870000 | 17179870000 | 17179870000 | 17179870000 | 17179870000 | 17179870000 | 17179870000 | 17179870000 | 17179870000 | 17179870000 | 17179870000 | 17179870000 | 17179870000 | 17179870000 | 17179870000 | 17179870000 | 17179870000 | 17179870000 | 17179870000 | 17179870000 | 17179870000 | 17179870000 | 17179870000 | 17179870000 | 17179870000 | 17179870000 | 17179870000 | 17179870000 | 17179870000 | 17179870000 | 17179870000 | 17179870000 | 17179870000 | 17179870000 | 17179870000 | 17179870000 | 17179870000 | 17179870000 | 17179870000 | 17179870000 | 17179870000 | 17179870000 | 17179870000 | 17179870000 | 17179870000 | 17179870000 | 17179870000 | 17179870000 | 17179870000 | 17179870000 | 17179870000 | 17179870000 | 17179870000 | 17179870000 | 17179870000 | 17179870000 | 17179870000 | 17179870000 | 17179870000 | 17179870000 | 17179870000 | 17179870000 | 17179870000 | 17179870000 | 17179870000 | 17179870000 | 17179870000 | 17179870000 | 17179870000 | 17179870000 | 17179870000 | 17179870000 | 17179870000 | 17179870000 | 17179870000 | 17179870000 | 17179870000 | 17179870000 | 17179870000 | 17179870000 | 17179870000 | 17179870000 | 17179870000 | 17179870000 |  17179870000 |  17179870000 |  17179870000 |  17179870000 |  17179870000 |  17179870000 |  17179870000 |  17179870000 |  17179870000 |  17179870000 |  17179870000 |  17179870000 |  17179870000 |  17179870000 |  17179870000 |  17179870000 |  17179870000 |  17179870000 |  17179870000 |  17179870000 |  17179870000 |  17179870000 |  17179870000 |  17179870000 |  17179870000 |  17179870000 |  17179870000 |  17179870000 |  17179870000 |  17179870000 |  17179870000 |  17179870000 |  17179870000 |  17179870000 |  17179870000 |  17179870000 |  17179870000 |  17179870000 |  17179870000 |  17179870000 |  17179870000 |  17179870000 |  17179870000 |  17179870000 |  17179870000 |  17179870000 |  17179870000 |  17179870000 |  17179870000 |  17179870000 |  17179870000 |  17179870000 |  17179870000 |  17179870000 |  17179870000 |  17179870000 |  17179870000 |  17179870000 |  17179870000 |  17179870000 |  17179870000 |  17179870000 |  17179870000 |  17179870000 |  17179870000 |  17179870000 |  17179870000 |  17179870000 |  17179870000 |  17179870000 |  17179870000 |  17179870000 |  17179870000 |  17179870000 |  17179870000 |  17179870000 |  17179870000 |  17179870000 |  17179870000 |  17179870000 |  17179870000 |  17179870000 |  17179870000 |  17179870000 |  17179870000 |  17179870000 |  17179870000 |  17179870000 |  17179870000 |  17179870000 |  17179870000 |  17179870000 |  17179870000 |  17179870000 |  17179870000 |  17179870000 |  17179870000 |  17179870000 |  17179870000 |  17179870000 |  17179870000 |  17179870000 |  17179870000 |  17179870000 |  17179870000 |  17179870000 |  17179870000 |  17179870000 |  17179870000 |  17179870000 |  17179870000 |  17179870000 |  17179870000 |  17179870000 |  17179870000 |  17179870000 |  17179870000 |  17179870000 |  17179870000 |  17179870000 |  17179870000 |  17179870000 |  17179870000 |  17179870000 |  17179870000 |  17179870000 |  17179870000 |  17179870000 |  17179870000 |  17179870000 |  17179870000 |  17179870000 |  17179870000 |  17179870000 |  17179870000 |  17179870000 |  17179870000 |  17179870000 |  17179870000 |  17179870000 |  17179870000 |  17179870000 |  17179870000 |  17179870000 |  17179870000 |  17179870000 |  17179870000 |  17179870000 |  17179870000 |  17179870000 |  17179870000 |  17179870000 |  17179870000 |  17179870000 |  17179870000 |  17179870000 |
|                MERGE                |   PMC5  |           0 |           0 |           0 |           0 |           0 |           0 |           0 |           0 |           0 |           0 |           0 |           0 |           0 |           0 |           0 |           0 |           0 |           0 |           0 |           0 |           0 |           0 |           0 |           0 |           0 |           0 |           0 |           0 |           0 |           0 |           0 |           0 |           0 |           0 |           0 |           0 |           0 |           0 |           0 |           0 |           0 |           0 |           0 |           0 |           0 |           0 |           0 |           0 |           0 |           0 |           0 |           0 |           0 |           0 |           0 |           0 |           0 |           0 |           0 |           0 |           0 |           0 |           0 |           0 |           0 |           0 |           0 |           0 |           0 |           0 |           0 |           0 |           0 |           0 |           0 |           0 |           0 |           0 |           0 |           0 |           0 |           0 |           0 |           0 |           0 |           0 |           0 |           0 |           0 |           0 |           0 |           0 |           0 |           0 |           0 |           0 |           0 |           0 |           0 |           0 |            0 |            0 |            0 |            0 |            0 |            0 |            0 |            0 |            0 |            0 |            0 |            0 |            0 |            0 |            0 |            0 |            0 |            0 |            0 |            0 |            0 |            0 |            0 |            0 |            0 |            0 |            0 |            0 |            0 |            0 |            0 |            0 |            0 |            0 |            0 |            0 |            0 |            0 |            0 |            0 |            0 |            0 |            0 |            0 |            0 |            0 |            0 |            0 |            0 |            0 |            0 |            0 |            0 |            0 |            0 |            0 |            0 |            0 |            0 |            0 |            0 |            0 |            0 |            0 |            0 |            0 |            0 |            0 |            0 |            0 |            0 |            0 |            0 |            0 |            0 |            0 |            0 |            0 |            0 |            0 |            0 |            0 |            0 |            0 |            0 |            0 |            0 |            0 |            0 |            0 |            0 |            0 |            0 |            0 |            0 |            0 |            0 |            0 |            0 |            0 |            0 |            0 |            0 |            0 |            0 |            0 |            0 |            0 |            0 |            0 |            0 |            0 |            0 |            0 |            0 |            0 |            0 |            0 |            0 |            0 |            0 |            0 |            0 |            0 |            0 |            0 |            0 |            0 |            0 |            0 |            0 |            0 |            0 |            0 |            0 |            0 |            0 |            0 |            0 |            0 |            0 |            0 |            0 |            0 |            0 |            0 |            0 |            0 |            0 |            0 |            0 |            0 |            0 |            0 |            0 |            0 |
| RETIRED_SSE_AVX_FLOPS_ALL_SP_PACKED |   PMC4  |           0 |           0 |           0 |           0 |           0 |           0 |           0 |           0 |           0 |           0 |           0 |           0 |           0 |           0 |           0 |           0 |           0 |           0 |           0 |           0 |           0 |           0 |           0 |           0 |           0 |           0 |           0 |           0 |           0 |           0 |           0 |           0 |           0 |           0 |           0 |           0 |           0 |           0 |           0 |           0 |           0 |           0 |           0 |           0 |           0 |           0 |           0 |           0 |           0 |           0 |           0 |           0 |           0 |           0 |           0 |           0 |           0 |           0 |           0 |           0 |           0 |           0 |           0 |           0 |           0 |           0 |           0 |           0 |           0 |           0 |           0 |           0 |           0 |           0 |           0 |           0 |           0 |           0 |           0 |           0 |           0 |           0 |           0 |           0 |           0 |           0 |           0 |           0 |           0 |           0 |           0 |           0 |           0 |           0 |           0 |           0 |           0 |           0 |           0 |           0 |            0 |            0 |            0 |            0 |            0 |            0 |            0 |            0 |            0 |            0 |            0 |            0 |            0 |            0 |            0 |            0 |            0 |            0 |            0 |            0 |            0 |            0 |            0 |            0 |            0 |            0 |            0 |            0 |            0 |            0 |            0 |            0 |            0 |            0 |            0 |            0 |            0 |            0 |            0 |            0 |            0 |            0 |            0 |            0 |            0 |            0 |            0 |            0 |            0 |            0 |            0 |            0 |            0 |            0 |            0 |            0 |            0 |            0 |            0 |            0 |            0 |            0 |            0 |            0 |            0 |            0 |            0 |            0 |            0 |            0 |            0 |            0 |            0 |            0 |            0 |            0 |            0 |            0 |            0 |            0 |            0 |            0 |            0 |            0 |            0 |            0 |            0 |            0 |            0 |            0 |            0 |            0 |            0 |            0 |            0 |            0 |            0 |            0 |            0 |            0 |            0 |            0 |            0 |            0 |            0 |            0 |            0 |            0 |            0 |            0 |            0 |            0 |            0 |            0 |            0 |            0 |            0 |            0 |            0 |            0 |            0 |            0 |            0 |            0 |            0 |            0 |            0 |            0 |            0 |            0 |            0 |            0 |            0 |            0 |            0 |            0 |            0 |            0 |            0 |            0 |            0 |            0 |            0 |            0 |            0 |            0 |            0 |            0 |            0 |            0 |            0 |            0 |            0 |            0 |            0 |            0 |
+-------------------------------------+---------+-------------+-------------+-------------+-------------+-------------+-------------+-------------+-------------+-------------+-------------+-------------+-------------+-------------+-------------+-------------+-------------+-------------+-------------+-------------+-------------+-------------+-------------+-------------+-------------+-------------+-------------+-------------+-------------+-------------+-------------+-------------+-------------+-------------+-------------+-------------+-------------+-------------+-------------+-------------+-------------+-------------+-------------+-------------+-------------+-------------+-------------+-------------+-------------+-------------+-------------+-------------+-------------+-------------+-------------+-------------+-------------+-------------+-------------+-------------+-------------+-------------+-------------+-------------+-------------+-------------+-------------+-------------+-------------+-------------+-------------+-------------+-------------+-------------+-------------+-------------+-------------+-------------+-------------+-------------+-------------+-------------+-------------+-------------+-------------+-------------+-------------+-------------+-------------+-------------+-------------+-------------+-------------+-------------+-------------+-------------+-------------+-------------+-------------+-------------+-------------+--------------+--------------+--------------+--------------+--------------+--------------+--------------+--------------+--------------+--------------+--------------+--------------+--------------+--------------+--------------+--------------+--------------+--------------+--------------+--------------+--------------+--------------+--------------+--------------+--------------+--------------+--------------+--------------+--------------+--------------+--------------+--------------+--------------+--------------+--------------+--------------+--------------+--------------+--------------+--------------+--------------+--------------+--------------+--------------+--------------+--------------+--------------+--------------+--------------+--------------+--------------+--------------+--------------+--------------+--------------+--------------+--------------+--------------+--------------+--------------+--------------+--------------+--------------+--------------+--------------+--------------+--------------+--------------+--------------+--------------+--------------+--------------+--------------+--------------+--------------+--------------+--------------+--------------+--------------+--------------+--------------+--------------+--------------+--------------+--------------+--------------+--------------+--------------+--------------+--------------+--------------+--------------+--------------+--------------+--------------+--------------+--------------+--------------+--------------+--------------+--------------+--------------+--------------+--------------+--------------+--------------+--------------+--------------+--------------+--------------+--------------+--------------+--------------+--------------+--------------+--------------+--------------+--------------+--------------+--------------+--------------+--------------+--------------+--------------+--------------+--------------+--------------+--------------+--------------+--------------+--------------+--------------+--------------+--------------+--------------+--------------+--------------+--------------+--------------+--------------+--------------+--------------+--------------+--------------+--------------+--------------+--------------+--------------+--------------+--------------+--------------+--------------+--------------+--------------+--------------+--------------+
+------------------------------------------+---------+---------------+-------------+-------------+--------------+
|                   Event                  | Counter |      Sum      |     Min     |     Max     |      Avg     |
+------------------------------------------+---------+---------------+-------------+-------------+--------------+
|           ACTUAL_CPU_CLOCK STAT          |  FIXC1  | 2134528925000 |  8276801000 |  8393214000 | 8.338004e+09 |
|            MAX_CPU_CLOCK STAT            |  FIXC2  | 1441137615000 |  5625556000 |  5632742000 | 5.629444e+09 |
|         RETIRED_INSTRUCTIONS STAT        |   PMC0  | 5500880160000 | 21475240000 | 21500230000 |  21487813125 |
|         CPU_CLOCKS_UNHALTED STAT         |   PMC1  | 2118847151000 |  8210681000 |  8344312000 | 8.276747e+09 |
|                MERGE STAT                |   PMC3  |             0 |           0 |           0 |            0 |
| RETIRED_SSE_AVX_FLOPS_ALL_SP_SCALAR STAT |   PMC2  | 4398046720000 | 17179870000 | 17179870000 |  17179870000 |
|                MERGE STAT                |   PMC5  |             0 |           0 |           0 |            0 |
| RETIRED_SSE_AVX_FLOPS_ALL_SP_PACKED STAT |   PMC4  |             0 |           0 |           0 |            0 |
+------------------------------------------+---------+---------------+-------------+-------------+--------------+
+----------------------+------------+------------+------------+------------+------------+------------+------------+------------+------------+------------+-------------+-------------+-------------+-------------+-------------+-------------+-------------+-------------+-------------+-------------+-------------+-------------+-------------+-------------+-------------+-------------+-------------+-------------+-------------+-------------+-------------+-------------+-------------+-------------+-------------+-------------+-------------+-------------+-------------+-------------+-------------+-------------+-------------+-------------+-------------+-------------+-------------+-------------+-------------+-------------+-------------+-------------+-------------+-------------+-------------+-------------+-------------+-------------+-------------+-------------+-------------+-------------+-------------+-------------+-------------+-------------+-------------+-------------+-------------+-------------+-------------+-------------+-------------+-------------+-------------+-------------+-------------+-------------+-------------+-------------+-------------+-------------+-------------+-------------+-------------+-------------+-------------+-------------+-------------+-------------+-------------+-------------+-------------+-------------+-------------+-------------+-------------+-------------+-------------+-------------+--------------+--------------+--------------+--------------+--------------+--------------+--------------+--------------+--------------+--------------+--------------+--------------+--------------+--------------+--------------+--------------+--------------+--------------+--------------+--------------+--------------+--------------+--------------+--------------+--------------+--------------+--------------+--------------+--------------+--------------+--------------+--------------+--------------+--------------+--------------+--------------+--------------+--------------+--------------+--------------+--------------+--------------+--------------+--------------+--------------+--------------+--------------+--------------+--------------+--------------+--------------+--------------+--------------+--------------+--------------+--------------+--------------+--------------+--------------+--------------+--------------+--------------+--------------+--------------+--------------+--------------+--------------+--------------+--------------+--------------+--------------+--------------+--------------+--------------+--------------+--------------+--------------+--------------+--------------+--------------+--------------+--------------+--------------+--------------+--------------+--------------+--------------+--------------+--------------+--------------+--------------+--------------+--------------+--------------+--------------+--------------+--------------+--------------+--------------+--------------+--------------+--------------+--------------+--------------+--------------+--------------+--------------+--------------+--------------+--------------+--------------+--------------+--------------+--------------+--------------+--------------+--------------+--------------+--------------+--------------+--------------+--------------+--------------+--------------+--------------+--------------+--------------+--------------+--------------+--------------+--------------+--------------+--------------+--------------+--------------+--------------+--------------+--------------+--------------+--------------+--------------+--------------+--------------+--------------+--------------+--------------+--------------+--------------+--------------+--------------+--------------+--------------+--------------+--------------+--------------+--------------+
|        Metric        | HWThread 0 | HWThread 1 | HWThread 2 | HWThread 3 | HWThread 4 | HWThread 5 | HWThread 6 | HWThread 7 | HWThread 8 | HWThread 9 | HWThread 10 | HWThread 11 | HWThread 12 | HWThread 13 | HWThread 14 | HWThread 15 | HWThread 16 | HWThread 17 | HWThread 18 | HWThread 19 | HWThread 20 | HWThread 21 | HWThread 22 | HWThread 23 | HWThread 24 | HWThread 25 | HWThread 26 | HWThread 27 | HWThread 28 | HWThread 29 | HWThread 30 | HWThread 31 | HWThread 32 | HWThread 33 | HWThread 34 | HWThread 35 | HWThread 36 | HWThread 37 | HWThread 38 | HWThread 39 | HWThread 40 | HWThread 41 | HWThread 42 | HWThread 43 | HWThread 44 | HWThread 45 | HWThread 46 | HWThread 47 | HWThread 48 | HWThread 49 | HWThread 50 | HWThread 51 | HWThread 52 | HWThread 53 | HWThread 54 | HWThread 55 | HWThread 56 | HWThread 57 | HWThread 58 | HWThread 59 | HWThread 60 | HWThread 61 | HWThread 62 | HWThread 63 | HWThread 64 | HWThread 65 | HWThread 66 | HWThread 67 | HWThread 68 | HWThread 69 | HWThread 70 | HWThread 71 | HWThread 72 | HWThread 73 | HWThread 74 | HWThread 75 | HWThread 76 | HWThread 77 | HWThread 78 | HWThread 79 | HWThread 80 | HWThread 81 | HWThread 82 | HWThread 83 | HWThread 84 | HWThread 85 | HWThread 86 | HWThread 87 | HWThread 88 | HWThread 89 | HWThread 90 | HWThread 91 | HWThread 92 | HWThread 93 | HWThread 94 | HWThread 95 | HWThread 96 | HWThread 97 | HWThread 98 | HWThread 99 | HWThread 100 | HWThread 101 | HWThread 102 | HWThread 103 | HWThread 104 | HWThread 105 | HWThread 106 | HWThread 107 | HWThread 108 | HWThread 109 | HWThread 110 | HWThread 111 | HWThread 112 | HWThread 113 | HWThread 114 | HWThread 115 | HWThread 116 | HWThread 117 | HWThread 118 | HWThread 119 | HWThread 120 | HWThread 121 | HWThread 122 | HWThread 123 | HWThread 124 | HWThread 125 | HWThread 126 | HWThread 127 | HWThread 128 | HWThread 129 | HWThread 130 | HWThread 131 | HWThread 132 | HWThread 133 | HWThread 134 | HWThread 135 | HWThread 136 | HWThread 137 | HWThread 138 | HWThread 139 | HWThread 140 | HWThread 141 | HWThread 142 | HWThread 143 | HWThread 144 | HWThread 145 | HWThread 146 | HWThread 147 | HWThread 148 | HWThread 149 | HWThread 150 | HWThread 151 | HWThread 152 | HWThread 153 | HWThread 154 | HWThread 155 | HWThread 156 | HWThread 157 | HWThread 158 | HWThread 159 | HWThread 160 | HWThread 161 | HWThread 162 | HWThread 163 | HWThread 164 | HWThread 165 | HWThread 166 | HWThread 167 | HWThread 168 | HWThread 169 | HWThread 170 | HWThread 171 | HWThread 172 | HWThread 173 | HWThread 174 | HWThread 175 | HWThread 176 | HWThread 177 | HWThread 178 | HWThread 179 | HWThread 180 | HWThread 181 | HWThread 182 | HWThread 183 | HWThread 184 | HWThread 185 | HWThread 186 | HWThread 187 | HWThread 188 | HWThread 189 | HWThread 190 | HWThread 191 | HWThread 192 | HWThread 193 | HWThread 194 | HWThread 195 | HWThread 196 | HWThread 197 | HWThread 198 | HWThread 199 | HWThread 200 | HWThread 201 | HWThread 202 | HWThread 203 | HWThread 204 | HWThread 205 | HWThread 206 | HWThread 207 | HWThread 208 | HWThread 209 | HWThread 210 | HWThread 211 | HWThread 212 | HWThread 213 | HWThread 214 | HWThread 215 | HWThread 216 | HWThread 217 | HWThread 218 | HWThread 219 | HWThread 220 | HWThread 221 | HWThread 222 | HWThread 223 | HWThread 224 | HWThread 225 | HWThread 226 | HWThread 227 | HWThread 228 | HWThread 229 | HWThread 230 | HWThread 231 | HWThread 232 | HWThread 233 | HWThread 234 | HWThread 235 | HWThread 236 | HWThread 237 | HWThread 238 | HWThread 239 | HWThread 240 | HWThread 241 | HWThread 242 | HWThread 243 | HWThread 244 | HWThread 245 | HWThread 246 | HWThread 247 | HWThread 248 | HWThread 249 | HWThread 250 | HWThread 251 | HWThread 252 | HWThread 253 | HWThread 254 | HWThread 255 |
+----------------------+------------+------------+------------+------------+------------+------------+------------+------------+------------+------------+-------------+-------------+-------------+-------------+-------------+-------------+-------------+-------------+-------------+-------------+-------------+-------------+-------------+-------------+-------------+-------------+-------------+-------------+-------------+-------------+-------------+-------------+-------------+-------------+-------------+-------------+-------------+-------------+-------------+-------------+-------------+-------------+-------------+-------------+-------------+-------------+-------------+-------------+-------------+-------------+-------------+-------------+-------------+-------------+-------------+-------------+-------------+-------------+-------------+-------------+-------------+-------------+-------------+-------------+-------------+-------------+-------------+-------------+-------------+-------------+-------------+-------------+-------------+-------------+-------------+-------------+-------------+-------------+-------------+-------------+-------------+-------------+-------------+-------------+-------------+-------------+-------------+-------------+-------------+-------------+-------------+-------------+-------------+-------------+-------------+-------------+-------------+-------------+-------------+-------------+--------------+--------------+--------------+--------------+--------------+--------------+--------------+--------------+--------------+--------------+--------------+--------------+--------------+--------------+--------------+--------------+--------------+--------------+--------------+--------------+--------------+--------------+--------------+--------------+--------------+--------------+--------------+--------------+--------------+--------------+--------------+--------------+--------------+--------------+--------------+--------------+--------------+--------------+--------------+--------------+--------------+--------------+--------------+--------------+--------------+--------------+--------------+--------------+--------------+--------------+--------------+--------------+--------------+--------------+--------------+--------------+--------------+--------------+--------------+--------------+--------------+--------------+--------------+--------------+--------------+--------------+--------------+--------------+--------------+--------------+--------------+--------------+--------------+--------------+--------------+--------------+--------------+--------------+--------------+--------------+--------------+--------------+--------------+--------------+--------------+--------------+--------------+--------------+--------------+--------------+--------------+--------------+--------------+--------------+--------------+--------------+--------------+--------------+--------------+--------------+--------------+--------------+--------------+--------------+--------------+--------------+--------------+--------------+--------------+--------------+--------------+--------------+--------------+--------------+--------------+--------------+--------------+--------------+--------------+--------------+--------------+--------------+--------------+--------------+--------------+--------------+--------------+--------------+--------------+--------------+--------------+--------------+--------------+--------------+--------------+--------------+--------------+--------------+--------------+--------------+--------------+--------------+--------------+--------------+--------------+--------------+--------------+--------------+--------------+--------------+--------------+--------------+--------------+--------------+--------------+--------------+
|  Runtime (RDTSC) [s] |     2.0842 |     2.0847 |     2.0839 |     2.0840 |     2.0839 |     2.0842 |     2.0840 |     2.0847 |     2.0838 |     2.0838 |      2.0840 |      2.0838 |      2.0840 |      2.0843 |      2.0841 |      2.0840 |      2.0838 |      2.0838 |      2.0838 |      2.0844 |      2.0847 |      2.0839 |      2.0838 |      2.0846 |      2.0841 |      2.0839 |      2.0839 |      2.0847 |      2.0841 |      2.0839 |      2.0839 |      2.0844 |      2.0847 |      2.0838 |      2.0847 |      2.0838 |      2.0838 |      2.0843 |      2.0843 |      2.0838 |      2.0840 |      2.0840 |      2.0840 |      2.0841 |      2.0840 |      2.0839 |      2.0843 |      2.0840 |      2.0839 |      2.0839 |      2.0843 |      2.0839 |      2.0846 |      2.0840 |      2.0842 |      2.0842 |      2.0847 |      2.0847 |      2.0847 |      2.0846 |      2.0842 |      2.0847 |      2.0839 |      2.0847 |      2.0840 |      2.0840 |      2.0840 |      2.0838 |      2.0840 |      2.0839 |      2.0840 |      2.0840 |      2.0840 |      2.0839 |      2.0839 |      2.0847 |      2.0839 |      2.0842 |      2.0846 |      2.0847 |      2.0841 |      2.0840 |      2.0839 |      2.0839 |      2.0838 |      2.0847 |      2.0842 |      2.0839 |      2.0840 |      2.0842 |      2.0847 |      2.0839 |      2.0840 |      2.0847 |      2.0842 |      2.0840 |      2.0843 |      2.0842 |      2.0844 |      2.0842 |       2.0841 |       2.0843 |       2.0842 |       2.0842 |       2.0846 |       2.0842 |       2.0838 |       2.0838 |       2.0840 |       2.0843 |       2.0844 |       2.0840 |       2.0846 |       2.0843 |       2.0838 |       2.0843 |       2.0843 |       2.0838 |       2.0838 |       2.0843 |       2.0841 |       2.0847 |       2.0844 |       2.0847 |       2.0840 |       2.0839 |       2.0839 |       2.0840 |       2.0838 |       2.0840 |       2.0840 |       2.0839 |       2.0838 |       2.0840 |       2.0838 |       2.0840 |       2.0838 |       2.0844 |       2.0841 |       2.0838 |       2.0841 |       2.0840 |       2.0838 |       2.0838 |       2.0839 |       2.0842 |       2.0847 |       2.0847 |       2.0840 |       2.0842 |       2.0842 |       2.0847 |       2.0841 |       2.0843 |       2.0840 |       2.0838 |       2.0844 |       2.0850 |       2.0843 |       2.0846 |       2.0844 |       2.0838 |       2.0839 |       2.0838 |       2.0841 |       2.0838 |       2.0839 |       2.0839 |       2.0839 |       2.0842 |       2.0846 |       2.0842 |       2.0838 |       2.0839 |       2.0843 |       2.0839 |       2.0839 |       2.0839 |       2.0841 |       2.0839 |       2.0843 |       2.0839 |       2.0843 |       2.0840 |       2.0843 |       2.0843 |       2.0844 |       2.0843 |       2.0843 |       2.0842 |       2.0842 |       2.0842 |       2.0840 |       2.0843 |       2.0843 |       2.0843 |       2.0839 |       2.0838 |       2.0838 |       2.0841 |       2.0842 |       2.0840 |       2.0845 |       2.0838 |       2.0843 |       2.0843 |       2.0843 |       2.0844 |       2.0839 |       2.0843 |       2.0839 |       2.0839 |       2.0842 |       2.0839 |       2.0839 |       2.0839 |       2.0840 |       2.0840 |       2.0842 |       2.0839 |       2.0844 |       2.0847 |       2.0839 |       2.0847 |       2.0838 |       2.0840 |       2.0838 |       2.0839 |       2.0838 |       2.0846 |       2.0838 |       2.0838 |       2.0847 |       2.0843 |       2.0847 |       2.0843 |       2.0839 |       2.0840 |       2.0839 |       2.0841 |       2.0840 |       2.0838 |       2.0838 |       2.0839 |       2.0840 |       2.0842 |       2.0847 |       2.0842 |       2.0840 |       2.0840 |       2.0838 |       2.0840 |       2.0840 |       2.0840 |       2.0840 |       2.0840 |
| Runtime unhalted [s] |     3.1117 |     3.1129 |     3.1122 |     3.1119 |     3.1116 |     3.1126 |     3.1111 |     3.1128 |     3.0881 |     3.0881 |      3.0874 |      3.0881 |      3.0881 |      3.0886 |      3.0881 |      3.0881 |      3.0914 |      3.0907 |      3.0904 |      3.0908 |      3.0916 |      3.0905 |      3.0904 |      3.0914 |      3.0947 |      3.0939 |      3.0939 |      3.0951 |      3.0947 |      3.0939 |      3.0939 |      3.0946 |      3.0783 |      3.0775 |      3.0783 |      3.0774 |      3.0774 |      3.0771 |      3.0781 |      3.0774 |      3.0852 |      3.0852 |      3.0866 |      3.0872 |      3.0866 |      3.0865 |      3.0871 |      3.0852 |      3.0961 |      3.0958 |      3.0968 |      3.0955 |      3.0965 |      3.0962 |      3.0971 |      3.0970 |      3.0781 |      3.0782 |      3.0774 |      3.0782 |      3.0780 |      3.0780 |      3.0762 |      3.0782 |      3.1026 |      3.1019 |      3.1025 |      3.1019 |      3.1025 |      3.1026 |      3.1026 |      3.1026 |      3.0990 |      3.0997 |      3.0992 |      3.0999 |      3.0989 |      3.1003 |      3.0997 |      3.1008 |      3.0963 |      3.0959 |      3.0962 |      3.0957 |      3.0958 |      3.0973 |      3.0964 |      3.0967 |      3.1007 |      3.1020 |      3.1016 |      3.1014 |      3.1006 |      3.1015 |      3.1015 |      3.1014 |      3.1029 |      3.1041 |      3.1026 |      3.1028 |       3.1041 |       3.1029 |       3.1028 |       3.1040 |       3.0857 |       3.0863 |       3.0846 |       3.0847 |       3.0858 |       3.0856 |       3.0854 |       3.0854 |       3.1048 |       3.1040 |       3.1039 |       3.1044 |       3.1046 |       3.1040 |       3.1039 |       3.1047 |       3.0854 |       3.0858 |       3.0854 |       3.0857 |       3.0848 |       3.0846 |       3.0846 |       3.0848 |       3.0763 |       3.0772 |       3.0764 |       3.0763 |       3.0763 |       3.0763 |       3.0764 |       3.0764 |       3.1030 |       3.1035 |       3.1041 |       3.1030 |       3.1040 |       3.1034 |       3.1030 |       3.1030 |       3.1071 |       3.1079 |       3.1082 |       3.1082 |       3.1083 |       3.1079 |       3.1083 |       3.1077 |       3.0917 |       3.0918 |       3.0910 |       3.0912 |       3.0927 |       3.0931 |       3.0931 |       3.0920 |       3.0810 |       3.0809 |       3.0803 |       3.0802 |       3.0808 |       3.0809 |       3.0804 |       3.0800 |       3.0932 |       3.0944 |       3.0938 |       3.0936 |       3.0932 |       3.0928 |       3.0939 |       3.0937 |       3.0699 |       3.0699 |       3.0705 |       3.0699 |       3.0702 |       3.0699 |       3.0705 |       3.0697 |       3.1013 |       3.1013 |       3.1013 |       3.1013 |       3.1017 |       3.1030 |       3.1028 |       3.1014 |       3.0899 |       3.0904 |       3.0914 |       3.0907 |       3.0900 |       3.0900 |       3.0900 |       3.0919 |       3.0947 |       3.0926 |       3.0937 |       3.0933 |       3.0934 |       3.0935 |       3.0944 |       3.0932 |       3.0845 |       3.0849 |       3.0845 |       3.0846 |       3.0851 |       3.0856 |       3.0845 |       3.0845 |       3.0991 |       3.0991 |       3.0999 |       3.0992 |       3.1002 |       3.1000 |       3.0994 |       3.1002 |       3.1055 |       3.1052 |       3.1056 |       3.1055 |       3.1053 |       3.1073 |       3.1063 |       3.1056 |       3.0932 |       3.0928 |       3.0932 |       3.0932 |       3.0924 |       3.0923 |       3.0924 |       3.0929 |       3.0753 |       3.0764 |       3.0754 |       3.0753 |       3.0755 |       3.0758 |       3.0761 |       3.0768 |       3.0877 |       3.0864 |       3.0864 |       3.0864 |       3.0864 |       3.0878 |       3.0876 |       3.0864 |
|      Clock [MHz]     |  4018.5806 |  4017.9817 |  4018.7661 |  4017.6980 |  4017.8267 |  4018.5527 |  4018.6535 |  4018.2572 |  3987.9650 |  3987.9645 |   3987.5472 |   3988.2421 |   3987.4602 |   3987.6240 |   3987.4138 |   3987.4072 |   3991.6299 |   3992.3362 |   3991.5813 |   3991.7954 |   3991.5947 |   3992.1861 |   3992.1176 |   3991.6397 |   3995.5356 |   3996.0105 |   3994.8226 |   3995.0804 |   3995.5279 |   3995.5681 |   3995.3195 |   3995.4096 |   3973.2972 |   3974.0596 |   3973.6768 |   3974.0584 |   3973.4741 |   3973.8758 |   3974.4597 |   3974.0793 |   3986.2510 |   3986.2269 |   3985.5171 |   3985.8134 |   3985.7219 |   3985.5162 |   3985.6648 |   3986.2447 |   3998.4895 |   3998.8481 |   3998.5814 |   3998.3724 |   3998.1300 |   3998.4867 |   3998.8027 |   3998.0411 |   3972.7275 |   3973.2263 |   3973.3266 |   3973.3013 |   3973.7665 |   3972.6943 |   3973.5837 |   3973.2362 |   4006.4193 |   4006.2805 |   4006.2252 |   4006.2438 |   4006.2265 |   4006.1228 |   4006.1569 |   4006.1504 |   4002.6073 |   4002.5452 |   4003.1040 |   4002.3636 |   4002.6796 |   4002.7621 |   4002.3627 |   4002.1964 |   3998.6354 |   3998.8594 |   3998.3292 |   3998.8649 |   3998.8819 |   3997.9902 |   3998.7052 |   3998.7889 |   4004.8071 |   4004.9850 |   4004.5564 |   4004.7492 |   4004.8484 |   4004.6060 |   4005.1560 |   4004.7107 |   4006.6607 |   4007.4292 |   4006.5419 |   4006.6407 |    4007.4359 |    4006.6726 |    4006.6031 |    4007.4103 |    3984.1052 |    3984.6657 |    3984.2912 |    3984.3474 |    3984.6839 |    3984.5788 |    3984.4864 |    3983.6092 |    4007.7482 |    4008.0547 |    4008.0364 |    4007.9936 |    4008.1322 |    4008.3515 |    4008.6089 |    4008.0677 |    3983.4407 |    3983.0074 |    3983.4641 |    3983.2681 |    3983.1335 |    3983.4985 |    3983.4920 |    3983.1842 |    3973.8937 |    3973.4329 |    3973.5106 |    3973.3181 |    3973.8923 |    3973.3239 |    3973.4458 |    3973.4534 |    4010.0774 |    4009.8074 |    4008.3138 |    4009.5135 |    4008.2912 |    4007.9415 |    4010.0867 |    4010.0532 |    4012.9778 |    4013.3607 |    4012.6627 |    4012.7253 |    4013.9787 |    4013.2247 |    4014.1551 |    4014.2103 |    3992.3474 |    3993.0068 |    3992.1007 |    3993.2459 |    3993.3643 |    3992.6432 |    3993.0434 |    3991.9921 |    3978.6935 |    3979.4260 |    3979.1116 |    3979.0643 |    3978.9015 |    3978.6455 |    3979.0577 |    3978.6634 |    3995.4354 |    3995.1364 |    3994.7788 |    3995.2382 |    3995.4382 |    3994.9608 |    3995.3650 |    3994.9182 |    3966.6165 |    3966.5959 |    3966.1939 |    3966.5987 |    3966.2908 |    3966.5959 |    3966.3779 |    3966.0925 |    4005.8502 |    4006.4471 |    4006.4191 |    4006.5326 |    4004.9333 |    4006.0138 |    4006.2851 |    4006.7727 |    3990.4303 |    3990.6719 |    3991.4733 |    3991.3545 |    3990.9955 |    3991.0073 |    3990.9872 |    3991.8466 |    3995.0102 |    3994.0974 |    3993.7777 |    3994.3492 |    3994.3638 |    3994.4766 |    3995.0460 |    3994.2669 |    3983.5688 |    3984.1963 |    3984.5337 |    3984.5025 |    3984.3171 |    3984.6078 |    3983.8311 |    3983.8212 |    4003.9756 |    4003.9756 |    4003.9367 |    4004.5344 |    4003.6574 |    4003.7555 |    4003.0607 |    4002.2750 |    4011.5526 |    4010.7905 |    4011.5645 |    4011.4699 |    4011.3343 |    4010.7715 |    4011.4190 |    4011.5461 |    3995.5128 |    3995.9575 |    3995.5002 |    3994.3068 |    3996.2831 |    3995.7668 |    3996.2834 |    3996.0497 |    3972.2540 |    3972.7063 |    3972.7474 |    3972.3808 |    3972.5548 |    3972.3756 |    3971.8391 |    3972.7632 |    3986.9074 |    3986.2225 |    3986.1396 |    3986.2389 |    3986.2401 |    3986.9127 |    3986.9194 |    3986.2291 |
|          CPI         |     0.3872 |     0.3881 |     0.3879 |     0.3880 |     0.3880 |     0.3881 |     0.3879 |     0.3880 |     0.3848 |     0.3848 |      0.3848 |      0.3848 |      0.3848 |      0.3848 |      0.3848 |      0.3848 |      0.3852 |      0.3852 |      0.3852 |      0.3853 |      0.3853 |      0.3852 |      0.3852 |      0.3853 |      0.3855 |      0.3855 |      0.3855 |      0.3856 |      0.3855 |      0.3855 |      0.3855 |      0.3856 |      0.3838 |      0.3837 |      0.3838 |      0.3837 |      0.3837 |      0.3838 |      0.3837 |      0.3837 |      0.3846 |      0.3846 |      0.3846 |      0.3846 |      0.3846 |      0.3846 |      0.3846 |      0.3846 |      0.3857 |      0.3857 |      0.3858 |      0.3858 |      0.3859 |      0.3858 |      0.3858 |      0.3858 |      0.3836 |      0.3837 |      0.3836 |      0.3837 |      0.3836 |      0.3836 |      0.3835 |      0.3837 |      0.3866 |      0.3866 |      0.3866 |      0.3866 |      0.3866 |      0.3866 |      0.3866 |      0.3866 |      0.3862 |      0.3862 |      0.3862 |      0.3863 |      0.3862 |      0.3862 |      0.3864 |      0.3863 |      0.3859 |      0.3859 |      0.3858 |      0.3859 |      0.3858 |      0.3860 |      0.3859 |      0.3859 |      0.3864 |      0.3864 |      0.3865 |      0.3864 |      0.3864 |      0.3865 |      0.3864 |      0.3864 |      0.3869 |      0.3869 |      0.3869 |      0.3869 |       0.3869 |       0.3869 |       0.3869 |       0.3869 |       0.3847 |       0.3847 |       0.3846 |       0.3846 |       0.3846 |       0.3847 |       0.3847 |       0.3846 |       0.3869 |       0.3869 |       0.3868 |       0.3869 |       0.3869 |       0.3868 |       0.3868 |       0.3869 |       0.3846 |       0.3847 |       0.3846 |       0.3847 |       0.3846 |       0.3846 |       0.3845 |       0.3845 |       0.3831 |       0.3831 |       0.3831 |       0.3831 |       0.3831 |       0.3831 |       0.3831 |       0.3831 |       0.3862 |       0.3863 |       0.3863 |       0.3862 |       0.3863 |       0.3863 |       0.3862 |       0.3862 |       0.3868 |       0.3868 |       0.3869 |       0.3869 |       0.3868 |       0.3868 |       0.3867 |       0.3869 |       0.3848 |       0.3849 |       0.3848 |       0.3848 |       0.3848 |       0.3850 |       0.3849 |       0.3849 |       0.3836 |       0.3836 |       0.3836 |       0.3835 |       0.3836 |       0.3835 |       0.3835 |       0.3835 |       0.3850 |       0.3850 |       0.3851 |       0.3850 |       0.3850 |       0.3850 |       0.3850 |       0.3850 |       0.3823 |       0.3823 |       0.3823 |       0.3823 |       0.3824 |       0.3823 |       0.3824 |       0.3823 |       0.3860 |       0.3860 |       0.3860 |       0.3860 |       0.3860 |       0.3859 |       0.3859 |       0.3860 |       0.3847 |       0.3848 |       0.3848 |       0.3848 |       0.3847 |       0.3847 |       0.3847 |       0.3848 |       0.3850 |       0.3850 |       0.3851 |       0.3850 |       0.3851 |       0.3851 |       0.3850 |       0.3851 |       0.3840 |       0.3841 |       0.3840 |       0.3840 |       0.3841 |       0.3841 |       0.3840 |       0.3841 |       0.3858 |       0.3858 |       0.3858 |       0.3858 |       0.3858 |       0.3859 |       0.3858 |       0.3859 |       0.3865 |       0.3865 |       0.3865 |       0.3865 |       0.3865 |       0.3866 |       0.3865 |       0.3865 |       0.3852 |       0.3852 |       0.3852 |       0.3851 |       0.3851 |       0.3851 |       0.3851 |       0.3851 |       0.3830 |       0.3830 |       0.3830 |       0.3830 |       0.3830 |       0.3830 |       0.3831 |       0.3830 |       0.3843 |       0.3843 |       0.3843 |       0.3843 |       0.3843 |       0.3843 |       0.3843 |       0.3843 |
|     SP [MFLOP/s]     |  8242.9797 |  8240.8248 |  8243.9291 |  8243.8816 |  8244.0992 |  8242.9521 |  8243.8776 |  8240.8683 |  8244.3088 |  8244.2970 |   8243.6838 |   8244.3009 |   8243.6877 |   8242.3786 |   8243.4860 |   8243.5572 |   8244.3563 |   8244.2930 |   8244.3444 |   8242.2402 |   8241.1253 |   8244.2455 |   8244.2970 |   8241.2162 |   8243.1735 |   8244.2218 |   8244.0992 |   8241.0699 |   8243.1735 |   8244.0715 |   8243.9963 |   8242.3035 |   8240.7892 |   8244.2970 |   8241.1173 |   8244.2930 |   8244.3405 |   8242.3470 |   8242.3786 |   8244.2970 |   8243.6759 |   8243.6838 |   8243.6798 |   8243.1538 |   8243.8737 |   8244.2891 |   8242.3707 |   8243.7036 |   8244.1110 |   8244.1704 |   8242.3391 |   8243.9567 |   8241.2122 |   8243.8539 |   8242.8057 |   8242.8215 |   8240.8485 |   8240.8999 |   8240.9671 |   8241.1529 |   8242.9165 |   8240.8248 |   8244.1229 |   8240.9118 |   8243.6205 |   8243.5968 |   8243.8381 |   8244.3524 |   8243.8381 |   8243.9172 |   8243.6759 |   8243.5968 |   8243.7036 |   8244.1308 |   8243.9211 |   8241.0225 |   8244.1348 |   8243.0905 |   8241.1529 |   8240.8051 |   8243.4623 |   8243.8816 |   8244.1269 |   8244.1269 |   8244.3009 |   8241.0146 |   8242.9283 |   8244.1110 |   8243.6838 |   8243.0035 |   8240.8248 |   8243.9211 |   8243.7669 |   8241.1134 |   8242.7306 |   8243.7669 |   8242.5803 |   8243.0588 |   8242.2877 |   8243.0114 |    8243.1538 |    8242.5843 |    8243.0628 |    8243.0193 |    8241.3150 |    8242.9600 |    8244.3563 |    8244.3524 |    8243.5493 |    8242.5526 |    8242.2639 |    8243.6007 |    8241.2992 |    8242.6515 |    8244.3524 |    8242.3549 |    8242.5249 |    8244.3009 |    8244.3009 |    8242.4893 |    8243.1538 |    8241.1213 |    8242.2363 |    8241.0541 |    8243.6245 |    8244.1269 |    8243.9409 |    8243.7748 |    8244.3642 |    8243.7392 |    8243.7352 |    8243.9093 |    8244.3642 |    8243.6403 |    8244.3682 |    8243.6403 |    8244.3721 |    8242.2402 |    8243.1933 |    8244.3761 |    8243.1933 |    8243.6165 |    8244.3721 |    8244.3326 |    8244.0082 |    8242.8967 |    8240.8683 |    8240.9908 |    8243.7234 |    8242.8967 |    8242.8967 |    8240.9711 |    8243.1735 |    8242.5526 |    8243.7866 |    8244.3207 |    8242.2284 |    8239.8367 |    8242.5012 |    8241.3348 |    8242.2639 |    8244.3088 |    8244.1704 |    8244.3444 |    8243.1419 |    8244.3128 |    8243.9409 |    8244.1704 |    8243.9567 |    8243.0232 |    8241.2636 |    8243.0826 |    8244.3721 |    8244.1150 |    8242.6594 |    8244.1189 |    8244.1189 |    8244.1902 |    8243.1894 |    8244.1506 |    8242.3470 |    8244.1704 |    8242.6080 |    8243.7273 |    8242.3193 |    8242.3312 |    8242.2956 |    8242.5131 |    8242.4458 |    8242.9600 |    8242.9600 |    8242.9758 |    8243.6126 |    8242.3747 |    8242.3826 |    8242.4063 |    8244.2811 |    8244.3128 |    8244.3128 |    8243.2012 |    8243.0826 |    8243.7985 |    8241.7025 |    8244.3761 |    8242.6001 |    8242.6752 |    8242.4023 |    8242.3074 |    8244.1783 |    8242.3391 |    8244.1783 |    8244.2455 |    8242.9323 |    8244.2614 |    8244.2416 |    8244.1783 |    8243.7115 |    8243.7115 |    8242.8492 |    8244.1387 |    8242.2758 |    8240.9395 |    8244.1783 |    8240.9355 |    8244.3721 |    8243.6601 |    8244.2970 |    8244.2772 |    8244.3128 |    8241.1885 |    8244.3168 |    8244.3128 |    8240.9711 |    8242.3312 |    8240.9750 |    8242.4063 |    8244.2653 |    8243.7313 |    8244.2653 |    8243.1854 |    8243.7234 |    8244.3247 |    8244.3603 |    8244.1743 |    8243.8578 |    8242.9797 |    8240.9474 |    8242.9956 |    8243.6680 |    8243.6561 |    8244.3801 |    8243.6521 |    8243.6521 |    8243.6521 |    8243.6482 |    8243.7154 |
+----------------------+------------+------------+------------+------------+------------+------------+------------+------------+------------+------------+-------------+-------------+-------------+-------------+-------------+-------------+-------------+-------------+-------------+-------------+-------------+-------------+-------------+-------------+-------------+-------------+-------------+-------------+-------------+-------------+-------------+-------------+-------------+-------------+-------------+-------------+-------------+-------------+-------------+-------------+-------------+-------------+-------------+-------------+-------------+-------------+-------------+-------------+-------------+-------------+-------------+-------------+-------------+-------------+-------------+-------------+-------------+-------------+-------------+-------------+-------------+-------------+-------------+-------------+-------------+-------------+-------------+-------------+-------------+-------------+-------------+-------------+-------------+-------------+-------------+-------------+-------------+-------------+-------------+-------------+-------------+-------------+-------------+-------------+-------------+-------------+-------------+-------------+-------------+-------------+-------------+-------------+-------------+-------------+-------------+-------------+-------------+-------------+-------------+-------------+--------------+--------------+--------------+--------------+--------------+--------------+--------------+--------------+--------------+--------------+--------------+--------------+--------------+--------------+--------------+--------------+--------------+--------------+--------------+--------------+--------------+--------------+--------------+--------------+--------------+--------------+--------------+--------------+--------------+--------------+--------------+--------------+--------------+--------------+--------------+--------------+--------------+--------------+--------------+--------------+--------------+--------------+--------------+--------------+--------------+--------------+--------------+--------------+--------------+--------------+--------------+--------------+--------------+--------------+--------------+--------------+--------------+--------------+--------------+--------------+--------------+--------------+--------------+--------------+--------------+--------------+--------------+--------------+--------------+--------------+--------------+--------------+--------------+--------------+--------------+--------------+--------------+--------------+--------------+--------------+--------------+--------------+--------------+--------------+--------------+--------------+--------------+--------------+--------------+--------------+--------------+--------------+--------------+--------------+--------------+--------------+--------------+--------------+--------------+--------------+--------------+--------------+--------------+--------------+--------------+--------------+--------------+--------------+--------------+--------------+--------------+--------------+--------------+--------------+--------------+--------------+--------------+--------------+--------------+--------------+--------------+--------------+--------------+--------------+--------------+--------------+--------------+--------------+--------------+--------------+--------------+--------------+--------------+--------------+--------------+--------------+--------------+--------------+--------------+--------------+--------------+--------------+--------------+--------------+--------------+--------------+--------------+--------------+--------------+--------------+--------------+--------------+--------------+--------------+--------------+--------------+
+---------------------------+--------------+-----------+-----------+-----------+
|           Metric          |      Sum     |    Min    |    Max    |    Avg    |
+---------------------------+--------------+-----------+-----------+-----------+
|  Runtime (RDTSC) [s] STAT |     533.5364 |    2.0838 |    2.0850 |    2.0841 |
| Runtime unhalted [s] STAT |     791.6558 |    3.0697 |    3.1129 |    3.0924 |
|      Clock [MHz] STAT     | 1.022356e+06 | 3966.0925 | 4018.7661 | 3993.5793 |
|          CPI STAT         |      98.6074 |    0.3823 |    0.3881 |    0.3852 |
|     SP [MFLOP/s] STAT     | 2.110254e+06 | 8239.8367 | 8244.3801 | 8243.1800 |
+---------------------------+--------------+-----------+-----------+-----------+
