--------------------------------------------------------------------------------
CPU name:	AMD EPYC 9755 128-Core Processor               
CPU type:	AMD K1A (Zen5) architecture
CPU clock:	2.70 GHz
--------------------------------------------------------------------------------
Region bench, Group 1: FLOPS_SP
+-------------------+------------+------------+------------+------------+------------+------------+------------+------------+------------+------------+-------------+-------------+-------------+-------------+-------------+-------------+-------------+-------------+-------------+-------------+-------------+-------------+-------------+-------------+-------------+-------------+-------------+-------------+-------------+-------------+-------------+-------------+-------------+-------------+-------------+-------------+-------------+-------------+-------------+-------------+-------------+-------------+-------------+-------------+-------------+-------------+-------------+-------------+-------------+-------------+-------------+-------------+-------------+-------------+-------------+-------------+-------------+-------------+-------------+-------------+-------------+-------------+-------------+-------------+-------------+-------------+-------------+-------------+-------------+-------------+-------------+-------------+-------------+-------------+-------------+-------------+-------------+-------------+-------------+-------------+-------------+-------------+-------------+-------------+-------------+-------------+-------------+-------------+-------------+-------------+-------------+-------------+-------------+-------------+-------------+-------------+-------------+-------------+-------------+-------------+--------------+--------------+--------------+--------------+--------------+--------------+--------------+--------------+--------------+--------------+--------------+--------------+--------------+--------------+--------------+--------------+--------------+--------------+--------------+--------------+--------------+--------------+--------------+--------------+--------------+--------------+--------------+--------------+--------------+--------------+--------------+--------------+--------------+--------------+--------------+--------------+--------------+--------------+--------------+--------------+--------------+--------------+--------------+--------------+--------------+--------------+--------------+--------------+--------------+--------------+--------------+--------------+--------------+--------------+--------------+--------------+--------------+--------------+--------------+--------------+--------------+--------------+--------------+--------------+--------------+--------------+--------------+--------------+--------------+--------------+--------------+--------------+--------------+--------------+--------------+--------------+--------------+--------------+--------------+--------------+--------------+--------------+--------------+--------------+--------------+--------------+--------------+--------------+--------------+--------------+--------------+--------------+--------------+--------------+--------------+--------------+--------------+--------------+--------------+--------------+--------------+--------------+--------------+--------------+--------------+--------------+--------------+--------------+--------------+--------------+--------------+--------------+--------------+--------------+--------------+--------------+--------------+--------------+--------------+--------------+--------------+--------------+--------------+--------------+--------------+--------------+--------------+--------------+--------------+--------------+--------------+--------------+--------------+--------------+--------------+--------------+--------------+--------------+--------------+--------------+--------------+--------------+--------------+--------------+--------------+--------------+--------------+--------------+--------------+--------------+--------------+--------------+--------------+--------------+--------------+--------------+
|    Region Info    | HWThread 0 | HWThread 1 | HWThread 2 | HWThread 3 | HWThread 4 | HWThread 5 | HWThread 6 | HWThread 7 | HWThread 8 | HWThread 9 | HWThread 10 | HWThread 11 | HWThread 12 | HWThread 13 | HWThread 14 | HWThread 15 | HWThread 16 | HWThread 17 | HWThread 18 | HWThread 19 | HWThread 20 | HWThread 21 | HWThread 22 | HWThread 23 | HWThread 24 | HWThread 25 | HWThread 26 | HWThread 27 | HWThread 28 | HWThread 29 | HWThread 30 | HWThread 31 | HWThread 32 | HWThread 33 | HWThread 34 | HWThread 35 | HWThread 36 | HWThread 37 | HWThread 38 | HWThread 39 | HWThread 40 | HWThread 41 | HWThread 42 | HWThread 43 | HWThread 44 | HWThread 45 | HWThread 46 | HWThread 47 | HWThread 48 | HWThread 49 | HWThread 50 | HWThread 51 | HWThread 52 | HWThread 53 | HWThread 54 | HWThread 55 | HWThread 56 | HWThread 57 | HWThread 58 | HWThread 59 | HWThread 60 | HWThread 61 | HWThread 62 | HWThread 63 | HWThread 64 | HWThread 65 | HWThread 66 | HWThread 67 | HWThread 68 | HWThread 69 | HWThread 70 | HWThread 71 | HWThread 72 | HWThread 73 | HWThread 74 | HWThread 75 | HWThread 76 | HWThread 77 | HWThread 78 | HWThread 79 | HWThread 80 | HWThread 81 | HWThread 82 | HWThread 83 | HWThread 84 | HWThread 85 | HWThread 86 | HWThread 87 | HWThread 88 | HWThread 89 | HWThread 90 | HWThread 91 | HWThread 92 | HWThread 93 | HWThread 94 | HWThread 95 | HWThread 96 | HWThread 97 | HWThread 98 | HWThread 99 | HWThread 100 | HWThread 101 | HWThread 102 | HWThread 103 | HWThread 104 | HWThread 105 | HWThread 106 | HWThread 107 | HWThread 108 | HWThread 109 | HWThread 110 | HWThread 111 | HWThread 112 | HWThread 113 | HWThread 114 | HWThread 115 | HWThread 116 | HWThread 117 | HWThread 118 | HWThread 119 | HWThread 120 | HWThread 121 | HWThread 122 | HWThread 123 | HWThread 124 | HWThread 125 | HWThread 126 | HWThread 127 | HWThread 128 | HWThread 129 | HWThread 130 | HWThread 131 | HWThread 132 | HWThread 133 | HWThread 134 | HWThread 135 | HWThread 136 | HWThread 137 | HWThread 138 | HWThread 139 | HWThread 140 | HWThread 141 | HWThread 142 | HWThread 143 | HWThread 144 | HWThread 145 | HWThread 146 | HWThread 147 | HWThread 148 | HWThread 149 | HWThread 150 | HWThread 151 | HWThread 152 | HWThread 153 | HWThread 154 | HWThread 155 | HWThread 156 | HWThread 157 | HWThread 158 | HWThread 159 | HWThread 160 | HWThread 161 | HWThread 162 | HWThread 163 | HWThread 164 | HWThread 165 | HWThread 166 | HWThread 167 | HWThread 168 | HWThread 169 | HWThread 170 | HWThread 171 | HWThread 172 | HWThread 173 | HWThread 174 | HWThread 175 | HWThread 176 | HWThread 177 | HWThread 178 | HWThread 179 | HWThread 180 | HWThread 181 | HWThread 182 | HWThread 183 | HWThread 184 | HWThread 185 | HWThread 186 | HWThread 187 | HWThread 188 | HWThread 189 | HWThread 190 | HWThread 191 | HWThread 192 | HWThread 193 | HWThread 194 | HWThread 195 | HWThread 196 | HWThread 197 | HWThread 198 | HWThread 199 | HWThread 200 | HWThread 201 | HWThread 202 | HWThread 203 | HWThread 204 | HWThread 205 | HWThread 206 | HWThread 207 | HWThread 208 | HWThread 209 | HWThread 210 | HWThread 211 | HWThread 212 | HWThread 213 | HWThread 214 | HWThread 215 | HWThread 216 | HWThread 217 | HWThread 218 | HWThread 219 | HWThread 220 | HWThread 221 | HWThread 222 | HWThread 223 | HWThread 224 | HWThread 225 | HWThread 226 | HWThread 227 | HWThread 228 | HWThread 229 | HWThread 230 | HWThread 231 | HWThread 232 | HWThread 233 | HWThread 234 | HWThread 235 | HWThread 236 | HWThread 237 | HWThread 238 | HWThread 239 | HWThread 240 | HWThread 241 | HWThread 242 | HWThread 243 | HWThread 244 | HWThread 245 | HWThread 246 | HWThread 247 | HWThread 248 | HWThread 249 | HWThread 250 | HWThread 251 | HWThread 252 | HWThread 253 | HWThread 254 | HWThread 255 |
+-------------------+------------+------------+------------+------------+------------+------------+------------+------------+------------+------------+-------------+-------------+-------------+-------------+-------------+-------------+-------------+-------------+-------------+-------------+-------------+-------------+-------------+-------------+-------------+-------------+-------------+-------------+-------------+-------------+-------------+-------------+-------------+-------------+-------------+-------------+-------------+-------------+-------------+-------------+-------------+-------------+-------------+-------------+-------------+-------------+-------------+-------------+-------------+-------------+-------------+-------------+-------------+-------------+-------------+-------------+-------------+-------------+-------------+-------------+-------------+-------------+-------------+-------------+-------------+-------------+-------------+-------------+-------------+-------------+-------------+-------------+-------------+-------------+-------------+-------------+-------------+-------------+-------------+-------------+-------------+-------------+-------------+-------------+-------------+-------------+-------------+-------------+-------------+-------------+-------------+-------------+-------------+-------------+-------------+-------------+-------------+-------------+-------------+-------------+--------------+--------------+--------------+--------------+--------------+--------------+--------------+--------------+--------------+--------------+--------------+--------------+--------------+--------------+--------------+--------------+--------------+--------------+--------------+--------------+--------------+--------------+--------------+--------------+--------------+--------------+--------------+--------------+--------------+--------------+--------------+--------------+--------------+--------------+--------------+--------------+--------------+--------------+--------------+--------------+--------------+--------------+--------------+--------------+--------------+--------------+--------------+--------------+--------------+--------------+--------------+--------------+--------------+--------------+--------------+--------------+--------------+--------------+--------------+--------------+--------------+--------------+--------------+--------------+--------------+--------------+--------------+--------------+--------------+--------------+--------------+--------------+--------------+--------------+--------------+--------------+--------------+--------------+--------------+--------------+--------------+--------------+--------------+--------------+--------------+--------------+--------------+--------------+--------------+--------------+--------------+--------------+--------------+--------------+--------------+--------------+--------------+--------------+--------------+--------------+--------------+--------------+--------------+--------------+--------------+--------------+--------------+--------------+--------------+--------------+--------------+--------------+--------------+--------------+--------------+--------------+--------------+--------------+--------------+--------------+--------------+--------------+--------------+--------------+--------------+--------------+--------------+--------------+--------------+--------------+--------------+--------------+--------------+--------------+--------------+--------------+--------------+--------------+--------------+--------------+--------------+--------------+--------------+--------------+--------------+--------------+--------------+--------------+--------------+--------------+--------------+--------------+--------------+--------------+--------------+--------------+
| RDTSC Runtime [s] |   2.082658 |   2.082755 |   2.082769 |   2.082749 |   2.082658 |   2.082399 |   2.082758 |   2.082782 |   2.082764 |   2.082403 |    2.082773 |    2.083256 |    2.082675 |    2.082725 |    2.082764 |    2.082333 |    2.082399 |    2.082413 |    2.082388 |    2.082681 |    2.082386 |    2.082702 |    2.082701 |    2.082659 |    2.082445 |    2.082415 |    2.082415 |    2.082642 |    2.082415 |    2.082662 |    2.082403 |    2.082332 |    2.082769 |    2.082460 |    2.082691 |    2.082354 |    2.082773 |    2.082691 |    2.082675 |    2.082763 |    2.082646 |    2.082838 |    2.082757 |    2.082400 |    2.082733 |    2.082658 |    2.082635 |    2.082331 |    2.082459 |    2.082412 |    2.082673 |    2.082400 |    2.082661 |    2.082370 |    2.082330 |    2.082460 |    2.082473 |    2.082401 |    2.082401 |    2.082413 |    2.082647 |    2.082752 |    2.082725 |    2.083087 |    2.082461 |    2.082327 |    2.082659 |    2.082634 |    2.082387 |    2.082659 |    2.082757 |    2.082674 |    2.082333 |    2.082819 |    2.082335 |    2.082649 |    2.082999 |    2.083218 |    2.083061 |    2.082764 |    2.082631 |    2.082723 |    2.083493 |    2.083644 |    2.082410 |    2.082636 |    2.086178 |    2.086135 |    2.082446 |    2.082416 |    2.082462 |    2.082636 |    2.082639 |    2.082329 |    2.082329 |    2.082635 |    2.082472 |    2.082737 |    2.083051 |    2.082402 |     2.082730 |     2.083052 |     2.082732 |     2.082386 |     2.083631 |     2.082366 |     2.082735 |     2.083624 |     2.082734 |     2.082330 |     2.082629 |     2.082323 |     2.082633 |     2.082459 |     2.082639 |     2.082672 |     2.082654 |     2.083052 |     2.082745 |     2.082779 |     2.083520 |     2.082654 |     2.082378 |     2.082712 |     2.082378 |     2.082485 |     2.082328 |     2.082333 |     2.082384 |     2.082385 |     2.082338 |     2.082836 |     2.082412 |     2.082816 |     2.082740 |     2.082736 |     2.082349 |     2.083272 |     2.082633 |     2.082457 |     2.082349 |     2.082633 |     2.082457 |     2.082467 |     2.082400 |     2.082401 |     2.082329 |     2.082635 |     2.082329 |     2.082326 |     2.082635 |     2.082645 |     2.082397 |     2.082326 |     2.082761 |     2.082326 |     2.082326 |     2.082761 |     2.082761 |     2.082349 |     2.082397 |     2.082614 |     2.082614 |     2.082614 |     2.082615 |     2.082614 |     2.082614 |     2.082328 |     2.082698 |     2.082456 |     2.082782 |     2.082324 |     2.082347 |     2.082696 |     2.082467 |     2.082782 |     2.082323 |     2.082815 |     2.082698 |     2.082326 |     2.082698 |     2.082801 |     2.082836 |     2.082325 |     2.082617 |     2.082455 |     2.082322 |     2.082734 |     2.082455 |     2.082467 |     2.082612 |     2.082614 |     2.082320 |     2.082326 |     2.082440 |     2.082780 |     2.082781 |     2.082717 |     2.082347 |     2.082321 |     2.082349 |     2.082703 |     2.082326 |     2.082326 |     2.082752 |     2.082346 |     2.082327 |     2.082333 |     2.082482 |     2.083590 |     2.082482 |     2.083589 |     2.082631 |     2.082441 |     2.082459 |     2.082483 |     2.082387 |     2.082478 |     2.082387 |     2.082610 |     2.082685 |     2.082687 |     2.082665 |     2.082388 |     2.083212 |     2.083030 |     2.083583 |     2.082631 |     2.086175 |     2.086175 |     2.086175 |     2.086175 |     2.082350 |     2.082632 |     2.082384 |     2.083246 |     2.082688 |     2.082400 |     2.082598 |     2.083274 |     2.082675 |     2.082327 |     2.082327 |     2.082324 |     2.082697 |     2.082327 |     2.082327 |     2.082852 |     2.082457 |     2.082658 |     2.085389 |     2.082616 |     2.084568 |     2.082349 |     2.086081 |     2.082410 |
|     call count    |          1 |          1 |          1 |          1 |          1 |          1 |          1 |          1 |          1 |          1 |           1 |           1 |           1 |           1 |           1 |           1 |           1 |           1 |           1 |           1 |           1 |           1 |           1 |           1 |           1 |           1 |           1 |           1 |           1 |           1 |           1 |           1 |           1 |           1 |           1 |           1 |           1 |           1 |           1 |           1 |           1 |           1 |           1 |           1 |           1 |           1 |           1 |           1 |           1 |           1 |           1 |           1 |           1 |           1 |           1 |           1 |           1 |           1 |           1 |           1 |           1 |           1 |           1 |           1 |           1 |           1 |           1 |           1 |           1 |           1 |           1 |           1 |           1 |           1 |           1 |           1 |           1 |           1 |           1 |           1 |           1 |           1 |           1 |           1 |           1 |           1 |           1 |           1 |           1 |           1 |           1 |           1 |           1 |           1 |           1 |           1 |           1 |           1 |           1 |           1 |            1 |            1 |            1 |            1 |            1 |            1 |            1 |            1 |            1 |            1 |            1 |            1 |            1 |            1 |            1 |            1 |            1 |            1 |            1 |            1 |            1 |            1 |            1 |            1 |            1 |            1 |            1 |            1 |            1 |            1 |            1 |            1 |            1 |            1 |            1 |            1 |            1 |            1 |            1 |            1 |            1 |            1 |            1 |            1 |            1 |            1 |            1 |            1 |            1 |            1 |            1 |            1 |            1 |            1 |            1 |            1 |            1 |            1 |            1 |            1 |            1 |            1 |            1 |            1 |            1 |            1 |            1 |            1 |            1 |            1 |            1 |            1 |            1 |            1 |            1 |            1 |            1 |            1 |            1 |            1 |            1 |            1 |            1 |            1 |            1 |            1 |            1 |            1 |            1 |            1 |            1 |            1 |            1 |            1 |            1 |            1 |            1 |            1 |            1 |            1 |            1 |            1 |            1 |            1 |            1 |            1 |            1 |            1 |            1 |            1 |            1 |            1 |            1 |            1 |            1 |            1 |            1 |            1 |            1 |            1 |            1 |            1 |            1 |            1 |            1 |            1 |            1 |            1 |            1 |            1 |            1 |            1 |            1 |            1 |            1 |            1 |            1 |            1 |            1 |            1 |            1 |            1 |            1 |            1 |            1 |            1 |            1 |            1 |            1 |            1 |            1 |            1 |            1 |            1 |            1 |            1 |
+-------------------+------------+------------+------------+------------+------------+------------+------------+------------+------------+------------+-------------+-------------+-------------+-------------+-------------+-------------+-------------+-------------+-------------+-------------+-------------+-------------+-------------+-------------+-------------+-------------+-------------+-------------+-------------+-------------+-------------+-------------+-------------+-------------+-------------+-------------+-------------+-------------+-------------+-------------+-------------+-------------+-------------+-------------+-------------+-------------+-------------+-------------+-------------+-------------+-------------+-------------+-------------+-------------+-------------+-------------+-------------+-------------+-------------+-------------+-------------+-------------+-------------+-------------+-------------+-------------+-------------+-------------+-------------+-------------+-------------+-------------+-------------+-------------+-------------+-------------+-------------+-------------+-------------+-------------+-------------+-------------+-------------+-------------+-------------+-------------+-------------+-------------+-------------+-------------+-------------+-------------+-------------+-------------+-------------+-------------+-------------+-------------+-------------+-------------+--------------+--------------+--------------+--------------+--------------+--------------+--------------+--------------+--------------+--------------+--------------+--------------+--------------+--------------+--------------+--------------+--------------+--------------+--------------+--------------+--------------+--------------+--------------+--------------+--------------+--------------+--------------+--------------+--------------+--------------+--------------+--------------+--------------+--------------+--------------+--------------+--------------+--------------+--------------+--------------+--------------+--------------+--------------+--------------+--------------+--------------+--------------+--------------+--------------+--------------+--------------+--------------+--------------+--------------+--------------+--------------+--------------+--------------+--------------+--------------+--------------+--------------+--------------+--------------+--------------+--------------+--------------+--------------+--------------+--------------+--------------+--------------+--------------+--------------+--------------+--------------+--------------+--------------+--------------+--------------+--------------+--------------+--------------+--------------+--------------+--------------+--------------+--------------+--------------+--------------+--------------+--------------+--------------+--------------+--------------+--------------+--------------+--------------+--------------+--------------+--------------+--------------+--------------+--------------+--------------+--------------+--------------+--------------+--------------+--------------+--------------+--------------+--------------+--------------+--------------+--------------+--------------+--------------+--------------+--------------+--------------+--------------+--------------+--------------+--------------+--------------+--------------+--------------+--------------+--------------+--------------+--------------+--------------+--------------+--------------+--------------+--------------+--------------+--------------+--------------+--------------+--------------+--------------+--------------+--------------+--------------+--------------+--------------+--------------+--------------+--------------+--------------+--------------+--------------+--------------+--------------+
+-------------------------------------+---------+-------------+-------------+-------------+-------------+-------------+-------------+-------------+-------------+-------------+-------------+-------------+-------------+-------------+-------------+-------------+-------------+-------------+-------------+-------------+-------------+-------------+-------------+-------------+-------------+-------------+-------------+-------------+-------------+-------------+-------------+-------------+-------------+-------------+-------------+-------------+-------------+-------------+-------------+-------------+-------------+-------------+-------------+-------------+-------------+-------------+-------------+-------------+-------------+-------------+-------------+-------------+-------------+-------------+-------------+-------------+-------------+-------------+-------------+-------------+-------------+-------------+-------------+-------------+-------------+-------------+-------------+-------------+-------------+-------------+-------------+-------------+-------------+-------------+-------------+-------------+-------------+-------------+-------------+-------------+-------------+-------------+-------------+-------------+-------------+-------------+-------------+-------------+-------------+-------------+-------------+-------------+-------------+-------------+-------------+-------------+-------------+-------------+-------------+-------------+-------------+--------------+--------------+--------------+--------------+--------------+--------------+--------------+--------------+--------------+--------------+--------------+--------------+--------------+--------------+--------------+--------------+--------------+--------------+--------------+--------------+--------------+--------------+--------------+--------------+--------------+--------------+--------------+--------------+--------------+--------------+--------------+--------------+--------------+--------------+--------------+--------------+--------------+--------------+--------------+--------------+--------------+--------------+--------------+--------------+--------------+--------------+--------------+--------------+--------------+--------------+--------------+--------------+--------------+--------------+--------------+--------------+--------------+--------------+--------------+--------------+--------------+--------------+--------------+--------------+--------------+--------------+--------------+--------------+--------------+--------------+--------------+--------------+--------------+--------------+--------------+--------------+--------------+--------------+--------------+--------------+--------------+--------------+--------------+--------------+--------------+--------------+--------------+--------------+--------------+--------------+--------------+--------------+--------------+--------------+--------------+--------------+--------------+--------------+--------------+--------------+--------------+--------------+--------------+--------------+--------------+--------------+--------------+--------------+--------------+--------------+--------------+--------------+--------------+--------------+--------------+--------------+--------------+--------------+--------------+--------------+--------------+--------------+--------------+--------------+--------------+--------------+--------------+--------------+--------------+--------------+--------------+--------------+--------------+--------------+--------------+--------------+--------------+--------------+--------------+--------------+--------------+--------------+--------------+--------------+--------------+--------------+--------------+--------------+--------------+--------------+--------------+--------------+--------------+--------------+--------------+--------------+
|                Event                | Counter |  HWThread 0 |  HWThread 1 |  HWThread 2 |  HWThread 3 |  HWThread 4 |  HWThread 5 |  HWThread 6 |  HWThread 7 |  HWThread 8 |  HWThread 9 | HWThread 10 | HWThread 11 | HWThread 12 | HWThread 13 | HWThread 14 | HWThread 15 | HWThread 16 | HWThread 17 | HWThread 18 | HWThread 19 | HWThread 20 | HWThread 21 | HWThread 22 | HWThread 23 | HWThread 24 | HWThread 25 | HWThread 26 | HWThread 27 | HWThread 28 | HWThread 29 | HWThread 30 | HWThread 31 | HWThread 32 | HWThread 33 | HWThread 34 | HWThread 35 | HWThread 36 | HWThread 37 | HWThread 38 | HWThread 39 | HWThread 40 | HWThread 41 | HWThread 42 | HWThread 43 | HWThread 44 | HWThread 45 | HWThread 46 | HWThread 47 | HWThread 48 | HWThread 49 | HWThread 50 | HWThread 51 | HWThread 52 | HWThread 53 | HWThread 54 | HWThread 55 | HWThread 56 | HWThread 57 | HWThread 58 | HWThread 59 | HWThread 60 | HWThread 61 | HWThread 62 | HWThread 63 | HWThread 64 | HWThread 65 | HWThread 66 | HWThread 67 | HWThread 68 | HWThread 69 | HWThread 70 | HWThread 71 | HWThread 72 | HWThread 73 | HWThread 74 | HWThread 75 | HWThread 76 | HWThread 77 | HWThread 78 | HWThread 79 | HWThread 80 | HWThread 81 | HWThread 82 | HWThread 83 | HWThread 84 | HWThread 85 | HWThread 86 | HWThread 87 | HWThread 88 | HWThread 89 | HWThread 90 | HWThread 91 | HWThread 92 | HWThread 93 | HWThread 94 | HWThread 95 | HWThread 96 | HWThread 97 | HWThread 98 | HWThread 99 | HWThread 100 | HWThread 101 | HWThread 102 | HWThread 103 | HWThread 104 | HWThread 105 | HWThread 106 | HWThread 107 | HWThread 108 | HWThread 109 | HWThread 110 | HWThread 111 | HWThread 112 | HWThread 113 | HWThread 114 | HWThread 115 | HWThread 116 | HWThread 117 | HWThread 118 | HWThread 119 | HWThread 120 | HWThread 121 | HWThread 122 | HWThread 123 | HWThread 124 | HWThread 125 | HWThread 126 | HWThread 127 | HWThread 128 | HWThread 129 | HWThread 130 | HWThread 131 | HWThread 132 | HWThread 133 | HWThread 134 | HWThread 135 | HWThread 136 | HWThread 137 | HWThread 138 | HWThread 139 | HWThread 140 | HWThread 141 | HWThread 142 | HWThread 143 | HWThread 144 | HWThread 145 | HWThread 146 | HWThread 147 | HWThread 148 | HWThread 149 | HWThread 150 | HWThread 151 | HWThread 152 | HWThread 153 | HWThread 154 | HWThread 155 | HWThread 156 | HWThread 157 | HWThread 158 | HWThread 159 | HWThread 160 | HWThread 161 | HWThread 162 | HWThread 163 | HWThread 164 | HWThread 165 | HWThread 166 | HWThread 167 | HWThread 168 | HWThread 169 | HWThread 170 | HWThread 171 | HWThread 172 | HWThread 173 | HWThread 174 | HWThread 175 | HWThread 176 | HWThread 177 | HWThread 178 | HWThread 179 | HWThread 180 | HWThread 181 | HWThread 182 | HWThread 183 | HWThread 184 | HWThread 185 | HWThread 186 | HWThread 187 | HWThread 188 | HWThread 189 | HWThread 190 | HWThread 191 | HWThread 192 | HWThread 193 | HWThread 194 | HWThread 195 | HWThread 196 | HWThread 197 | HWThread 198 | HWThread 199 | HWThread 200 | HWThread 201 | HWThread 202 | HWThread 203 | HWThread 204 | HWThread 205 | HWThread 206 | HWThread 207 | HWThread 208 | HWThread 209 | HWThread 210 | HWThread 211 | HWThread 212 | HWThread 213 | HWThread 214 | HWThread 215 | HWThread 216 | HWThread 217 | HWThread 218 | HWThread 219 | HWThread 220 | HWThread 221 | HWThread 222 | HWThread 223 | HWThread 224 | HWThread 225 | HWThread 226 | HWThread 227 | HWThread 228 | HWThread 229 | HWThread 230 | HWThread 231 | HWThread 232 | HWThread 233 | HWThread 234 | HWThread 235 | HWThread 236 | HWThread 237 | HWThread 238 | HWThread 239 | HWThread 240 | HWThread 241 | HWThread 242 | HWThread 243 | HWThread 244 | HWThread 245 | HWThread 246 | HWThread 247 | HWThread 248 | HWThread 249 | HWThread 250 | HWThread 251 | HWThread 252 | HWThread 253 | HWThread 254 | HWThread 255 |
+-------------------------------------+---------+-------------+-------------+-------------+-------------+-------------+-------------+-------------+-------------+-------------+-------------+-------------+-------------+-------------+-------------+-------------+-------------+-------------+-------------+-------------+-------------+-------------+-------------+-------------+-------------+-------------+-------------+-------------+-------------+-------------+-------------+-------------+-------------+-------------+-------------+-------------+-------------+-------------+-------------+-------------+-------------+-------------+-------------+-------------+-------------+-------------+-------------+-------------+-------------+-------------+-------------+-------------+-------------+-------------+-------------+-------------+-------------+-------------+-------------+-------------+-------------+-------------+-------------+-------------+-------------+-------------+-------------+-------------+-------------+-------------+-------------+-------------+-------------+-------------+-------------+-------------+-------------+-------------+-------------+-------------+-------------+-------------+-------------+-------------+-------------+-------------+-------------+-------------+-------------+-------------+-------------+-------------+-------------+-------------+-------------+-------------+-------------+-------------+-------------+-------------+-------------+--------------+--------------+--------------+--------------+--------------+--------------+--------------+--------------+--------------+--------------+--------------+--------------+--------------+--------------+--------------+--------------+--------------+--------------+--------------+--------------+--------------+--------------+--------------+--------------+--------------+--------------+--------------+--------------+--------------+--------------+--------------+--------------+--------------+--------------+--------------+--------------+--------------+--------------+--------------+--------------+--------------+--------------+--------------+--------------+--------------+--------------+--------------+--------------+--------------+--------------+--------------+--------------+--------------+--------------+--------------+--------------+--------------+--------------+--------------+--------------+--------------+--------------+--------------+--------------+--------------+--------------+--------------+--------------+--------------+--------------+--------------+--------------+--------------+--------------+--------------+--------------+--------------+--------------+--------------+--------------+--------------+--------------+--------------+--------------+--------------+--------------+--------------+--------------+--------------+--------------+--------------+--------------+--------------+--------------+--------------+--------------+--------------+--------------+--------------+--------------+--------------+--------------+--------------+--------------+--------------+--------------+--------------+--------------+--------------+--------------+--------------+--------------+--------------+--------------+--------------+--------------+--------------+--------------+--------------+--------------+--------------+--------------+--------------+--------------+--------------+--------------+--------------+--------------+--------------+--------------+--------------+--------------+--------------+--------------+--------------+--------------+--------------+--------------+--------------+--------------+--------------+--------------+--------------+--------------+--------------+--------------+--------------+--------------+--------------+--------------+--------------+--------------+--------------+--------------+--------------+--------------+
|           ACTUAL_CPU_CLOCK          |  FIXC1  |  8387354000 |  8385916000 |  8385935000 |  8385961000 |  8385637000 |  8382852000 |  8385534000 |  8385801000 |  8325305000 |  8322674000 |  8325614000 |  8325828000 |  8324780000 |  8325280000 |  8325338000 |  8322066000 |  8330489000 |  8327080000 |  8331917000 |  8333061000 |  8331668000 |  8332963000 |  8331230000 |  8332961000 |  8336918000 |  8336695000 |  8335288000 |  8337363000 |  8338883000 |  8339327000 |  8334689000 |  8338045000 |  8292901000 |  8289147000 |  8292542000 |  8290168000 |  8292373000 |  8290589000 |  8292532000 |  8293016000 |  8315200000 |  8317739000 |  8317263000 |  8314617000 |  8317111000 |  8317026000 |  8315161000 |  8314194000 |  8340201000 |  8340223000 |  8340542000 |  8339898000 |  8342437000 |  8339593000 |  8341093000 |  8340274000 |  8294048000 |  8293655000 |  8293880000 |  8293666000 |  8292526000 |  8296334000 |  8292178000 |  8297695000 |  8359033000 |  8359512000 |  8361107000 |  8359770000 |  8360478000 |  8361524000 |  8362028000 |  8359703000 |  8353796000 |  8355578000 |  8352124000 |  8353111000 |  8356006000 |  8355875000 |  8354341000 |  8355774000 |  8344475000 |  8344884000 |  8344927000 |  8345091000 |  8342655000 |  8345968000 |  8348143000 |  8346545000 |  8356006000 |  8355655000 |  8355997000 |  8357658000 |  8357443000 |  8356270000 |  8355613000 |  8357718000 |  8360220000 |  8363924000 |  8365165000 |  8361620000 |   8363949000 |   8362214000 |   8363936000 |   8362054000 |   8316954000 |   8314453000 |   8313934000 |   8317082000 |   8313880000 |   8314402000 |   8316369000 |   8312796000 |   8365819000 |   8363274000 |   8364933000 |   8365032000 |   8365088000 |   8366382000 |   8365488000 |   8365592000 |   8316290000 |   8314751000 |   8313677000 |   8316360000 |   8315346000 |   8315353000 |   8313132000 |   8314914000 |   8288271000 |   8290027000 |   8291302000 |   8290855000 |   8288463000 |   8291988000 |   8290702000 |   8290949000 |   8362649000 |   8365525000 |   8365281000 |   8362575000 |   8362660000 |   8365262000 |   8361828000 |   8361953000 |   8369566000 |   8369568000 |   8370463000 |   8371771000 |   8373224000 |   8370463000 |   8371688000 |   8371696000 |   8327760000 |   8328751000 |   8330287000 |   8329351000 |   8329496000 |   8330290000 |   8331347000 |   8328973000 |   8302369000 |   8306333000 |   8305182000 |   8306427000 |   8305316000 |   8305203000 |   8307972000 |   8303147000 |   8334592000 |   8332426000 |   8335016000 |   8333038000 |   8332132000 |   8334500000 |   8335730000 |   8334457000 |   8273541000 |   8274544000 |   8273186000 |   8273617000 |   8273155000 |   8278425000 |   8274609000 |   8273690000 |   8353985000 |   8351509000 |   8355679000 |   8354706000 |   8352133000 |   8352261000 |   8354935000 |   8355086000 |   8323988000 |   8324531000 |   8323714000 |   8326391000 |   8326461000 |   8325916000 |   8324591000 |   8324507000 |   8332850000 |   8334032000 |   8331934000 |   8332329000 |   8333529000 |   8332862000 |   8331778000 |   8332797000 |   8312609000 |   8313428000 |   8310882000 |   8313402000 |   8315322000 |   8310683000 |   8312749000 |   8310760000 |   8348478000 |   8350128000 |   8348062000 |   8350867000 |   8350137000 |   8350801000 |   8350906000 |   8348818000 |   8369564000 |   8369403000 |   8369815000 |   8368212000 |   8373663000 |   8373285000 |   8372967000 |   8372934000 |   8331234000 |   8334470000 |   8335566000 |   8334955000 |   8334717000 |   8331273000 |   8335560000 |   8334650000 |   8287230000 |   8285930000 |   8285908000 |   8286152000 |   8287295000 |   8285895000 |   8285905000 |   8287271000 |   8310831000 |   8314770000 |   8315428000 |   8314856000 |   8319560000 |   8312339000 |   8316580000 |   8312728000 |
|            MAX_CPU_CLOCK            |  FIXC2  |  5626504000 |  5625378000 |  5625413000 |  5625409000 |  5625354000 |  5624203000 |  5625300000 |  5625382000 |  5626444000 |  5625199000 |  5626647000 |  5627467000 |  5626442000 |  5626532000 |  5626467000 |  5623914000 |  5625267000 |  5622367000 |  5625277000 |  5626599000 |  5625113000 |  5626533000 |  5625353000 |  5626540000 |  5624116000 |  5624075000 |  5622552000 |  5623611000 |  5625420000 |  5625365000 |  5622009000 |  5624042000 |  5626399000 |  5624356000 |  5626296000 |  5624112000 |  5626850000 |  5625148000 |  5626282000 |  5626453000 |  5625286000 |  5626926000 |  5626520000 |  5625259000 |  5626459000 |  5626509000 |  5625269000 |  5624008000 |  5625360000 |  5625379000 |  5625221000 |  5625178000 |  5626481000 |  5624011000 |  5625122000 |  5625402000 |  5625441000 |  5625210000 |  5625351000 |  5625209000 |  5623732000 |  5626470000 |  5623202000 |  5628130000 |  5625237000 |  5624736000 |  5626269000 |  5625353000 |  5625272000 |  5626522000 |  5626710000 |  5625315000 |  5625147000 |  5626676000 |  5623943000 |  5625176000 |  5627759000 |  5627433000 |  5626630000 |  5626787000 |  5624802000 |  5625379000 |  5627019000 |  5627040000 |  5624247000 |  5626141000 |  5628612000 |  5627555000 |  5624243000 |  5624077000 |  5624233000 |  5625091000 |  5625072000 |  5623696000 |  5623625000 |  5625118000 |  5624296000 |  5626369000 |  5627814000 |  5625258000 |   5626375000 |   5626515000 |   5626375000 |   5625528000 |   5628201000 |   5625086000 |   5625251000 |   5628417000 |   5625241000 |   5625128000 |   5626136000 |   5623965000 |   5625980000 |   5625477000 |   5626276000 |   5626287000 |   5626349000 |   5627789000 |   5626434000 |   5626533000 |   5627366000 |   5625331000 |   5624027000 |   5626429000 |   5625156000 |   5625184000 |   5623808000 |   5624996000 |   5624080000 |   5625283000 |   5625192000 |   5625528000 |   5624189000 |   5626241000 |   5625299000 |   5625398000 |   5623764000 |   5626359000 |   5624970000 |   5623364000 |   5623767000 |   5625072000 |   5623373000 |   5624136000 |   5624737000 |   5624721000 |   5623679000 |   5625002000 |   5624933000 |   5623665000 |   5625776000 |   5625800000 |   5623904000 |   5623735000 |   5625247000 |   5623764000 |   5623851000 |   5625252000 |   5625412000 |   5623789000 |   5623900000 |   5624664000 |   5625384000 |   5624785000 |   5624632000 |   5625372000 |   5627019000 |   5624421000 |   5625842000 |   5624723000 |   5625915000 |   5624380000 |   5624626000 |   5625765000 |   5625520000 |   5623615000 |   5623571000 |   5623354000 |   5624128000 |   5623638000 |   5624124000 |   5626567000 |   5623453000 |   5623660000 |   5622623000 |   5622266000 |   5624904000 |   5625951000 |   5624686000 |   5624837000 |   5625390000 |   5624707000 |   5624810000 |   5624441000 |   5624741000 |   5625928000 |   5626049000 |   5625764000 |   5624106000 |   5623843000 |   5623905000 |   5625248000 |   5623727000 |   5623680000 |   5625234000 |   5623903000 |   5623637000 |   5623871000 |   5625418000 |   5626823000 |   5624256000 |   5626819000 |   5626071000 |   5624137000 |   5624705000 |   5624220000 |   5622548000 |   5623710000 |   5621987000 |   5623638000 |   5622971000 |   5623598000 |   5625732000 |   5624622000 |   5627276000 |   5627186000 |   5627747000 |   5625673000 |   5628940000 |   5628682000 |   5629388000 |   5629365000 |   5621761000 |   5622841000 |   5624928000 |   5624414000 |   5625031000 |   5621795000 |   5625455000 |   5624163000 |   5625734000 |   5624487000 |   5624454000 |   5624516000 |   5625809000 |   5624447000 |   5624417000 |   5625842000 |   5621305000 |   5625723000 |   5625150000 |   5622838000 |   5628596000 |   5624483000 |   5627976000 |   5624758000 |
|         RETIRED_INSTRUCTIONS        |   PMC0  | 21495570000 | 21496270000 | 21496600000 | 21497330000 | 21497090000 | 21497060000 | 21497320000 | 21497200000 | 21485310000 | 21484530000 | 21485640000 | 21486510000 | 21485830000 | 21485890000 | 21485010000 | 21485380000 | 21486650000 | 21486580000 | 21487710000 | 21487200000 | 21486000000 | 21486950000 | 21486270000 | 21486460000 | 21487850000 | 21488620000 | 21488020000 | 21488050000 | 21488550000 | 21488390000 | 21488570000 | 21488530000 | 21480350000 | 21480650000 | 21480680000 | 21479990000 | 21480580000 | 21480110000 | 21480090000 | 21481250000 | 21484120000 | 21484470000 | 21483840000 | 21483810000 | 21483860000 | 21483760000 | 21483560000 | 21483780000 | 21488420000 | 21488210000 | 21488830000 | 21488500000 | 21489090000 | 21489550000 | 21488760000 | 21488610000 | 21480060000 | 21480410000 | 21479730000 | 21480350000 | 21480320000 | 21480240000 | 21480600000 | 21480610000 | 21492350000 | 21491790000 | 21493230000 | 21492750000 | 21491970000 | 21492180000 | 21492410000 | 21493280000 | 21491970000 | 21491150000 | 21490400000 | 21491800000 | 21490890000 | 21491190000 | 21491080000 | 21490880000 | 21489680000 | 21489880000 | 21490530000 | 21490260000 | 21489420000 | 21490280000 | 21491710000 | 21492590000 | 21493380000 | 21493260000 | 21493210000 | 21493840000 | 21493650000 | 21493150000 | 21493120000 | 21491670000 | 21493260000 | 21493690000 | 21493640000 | 21492700000 |  21493650000 |  21493770000 |  21493810000 |  21492590000 |  21484930000 |  21484190000 |  21484070000 |  21485340000 |  21483280000 |  21484290000 |  21483620000 |  21484050000 |  21493420000 |  21493890000 |  21494180000 |  21493900000 |  21493550000 |  21494230000 |  21493420000 |  21493430000 |  21484890000 |  21485230000 |  21484420000 |  21484270000 |  21484260000 |  21484570000 |  21484280000 |  21484530000 |  21478420000 |  21478080000 |  21478130000 |  21478080000 |  21477630000 |  21478060000 |  21477970000 |  21477800000 |  21491040000 |  21491760000 |  21491420000 |  21491490000 |  21490940000 |  21490990000 |  21491270000 |  21491050000 |  21492970000 |  21492610000 |  21491990000 |  21492300000 |  21491730000 |  21492690000 |  21493270000 |  21493110000 |  21484610000 |  21485320000 |  21485520000 |  21484440000 |  21485250000 |  21485030000 |  21485260000 |  21484770000 |  21480810000 |  21480350000 |  21480010000 |  21480320000 |  21480700000 |  21480180000 |  21479890000 |  21480740000 |  21485800000 |  21486270000 |  21486740000 |  21485650000 |  21486400000 |  21485900000 |  21486290000 |  21485590000 |  21475420000 |  21475850000 |  21475890000 |  21475380000 |  21475240000 |  21475990000 |  21475300000 |  21475290000 |  21490000000 |  21488880000 |  21489220000 |  21489790000 |  21489020000 |  21489020000 |  21489800000 |  21489430000 |  21484610000 |  21484470000 |  21484850000 |  21484970000 |  21483790000 |  21484630000 |  21484290000 |  21484970000 |  21485720000 |  21485510000 |  21485680000 |  21485120000 |  21485510000 |  21485700000 |  21485990000 |  21484850000 |  21482680000 |  21482800000 |  21481700000 |  21482570000 |  21481020000 |  21482050000 |  21482070000 |  21481690000 |  21489100000 |  21488990000 |  21488300000 |  21488390000 |  21490020000 |  21488400000 |  21489520000 |  21488710000 |  21493180000 |  21492480000 |  21492840000 |  21491970000 |  21495290000 |  21495000000 |  21494230000 |  21495640000 |  21486170000 |  21486490000 |  21486660000 |  21486750000 |  21486050000 |  21485980000 |  21485290000 |  21486770000 |  21477520000 |  21477280000 |  21476760000 |  21478000000 |  21477330000 |  21477980000 |  21477970000 |  21478230000 |  21482410000 |  21482880000 |  21484380000 |  21481620000 |  21483920000 |  21482330000 |  21484680000 |  21482190000 |
|         CPU_CLOCKS_UNHALTED         |   PMC1  |  8324043000 |  8329591000 |  8328308000 |  8329299000 |  8328449000 |  8328189000 |  8328771000 |  8328812000 |  8264768000 |  8263103000 |  8264261000 |  8266219000 |  8263830000 |  8264190000 |  8263938000 |  8262448000 |  8271502000 |  8271199000 |  8270675000 |  8271707000 |  8270513000 |  8272301000 |  8272052000 |  8271935000 |  8280187000 |  8280274000 |  8279944000 |  8281007000 |  8280046000 |  8281028000 |  8279604000 |  8279257000 |  8234869000 |  8233779000 |  8234357000 |  8232788000 |  8234630000 |  8234386000 |  8233468000 |  8234531000 |  8255801000 |  8256539000 |  8256052000 |  8254782000 |  8256096000 |  8255650000 |  8254470000 |  8254457000 |  8281801000 |  8281926000 |  8282319000 |  8281663000 |  8282875000 |  8281582000 |  8281184000 |  8281580000 |  8233088000 |  8234089000 |  8233800000 |  8234209000 |  8234579000 |  8235151000 |  8234810000 |  8236521000 |  8302781000 |  8302212000 |  8303479000 |  8303345000 |  8302467000 |  8303587000 |  8303319000 |  8303100000 |  8294848000 |  8296333000 |  8294525000 |  8295936000 |  8296697000 |  8297793000 |  8296983000 |  8295761000 |  8288233000 |  8288709000 |  8291508000 |  8292301000 |  8287236000 |  8288185000 |  8302259000 |  8302242000 |  8307837000 |  8307889000 |  8307959000 |  8308382000 |  8307921000 |  8306543000 |  8307231000 |  8294203000 |  8307296000 |  8308178000 |  8309172000 |  8307039000 |   8307808000 |   8309398000 |   8307801000 |   8306339000 |   8261676000 |   8256804000 |   8257923000 |   8261531000 |   8257723000 |   8256470000 |   8257476000 |   8256669000 |   8308710000 |   8308574000 |   8309174000 |   8309233000 |   8308887000 |   8310430000 |   8308918000 |   8309374000 |   8262329000 |   8259091000 |   8257939000 |   8259126000 |   8257406000 |   8258250000 |   8257340000 |   8257447000 |   8221398000 |   8221641000 |   8221443000 |   8223058000 |   8221412000 |   8223103000 |   8222129000 |   8222532000 |   8295085000 |   8298621000 |   8296034000 |   8295489000 |   8294727000 |   8296127000 |   8295293000 |   8295331000 |   8304039000 |   8304095000 |   8303401000 |   8304676000 |   8303443000 |   8303684000 |   8304308000 |   8304824000 |   8261018000 |   8261122000 |   8262603000 |   8260790000 |   8260281000 |   8261853000 |   8262050000 |   8260715000 |   8235872000 |   8236460000 |   8236750000 |   8236829000 |   8235983000 |   8236471000 |   8235842000 |   8235029000 |   8266857000 |   8266104000 |   8266730000 |   8265652000 |   8265296000 |   8266590000 |   8266100000 |   8266835000 |   8206344000 |   8208301000 |   8207594000 |   8206107000 |   8207499000 |   8207705000 |   8207403000 |   8206048000 |   8285601000 |   8285190000 |   8284230000 |   8286028000 |   8284125000 |   8285006000 |   8285264000 |   8284961000 |   8258676000 |   8258622000 |   8258852000 |   8260586000 |   8259878000 |   8260111000 |   8257957000 |   8258824000 |   8263953000 |   8265256000 |   8264160000 |   8264297000 |   8265611000 |   8263826000 |   8263794000 |   8264004000 |   8244241000 |   8248342000 |   8243888000 |   8248267000 |   8244262000 |   8243968000 |   8243217000 |   8243967000 |   8282981000 |   8283647000 |   8282645000 |   8283815000 |   8283779000 |   8284268000 |   8283258000 |   8282482000 |   8303554000 |   8303077000 |   8304568000 |   8301608000 |   8315492000 |   8315836000 |   8314955000 |   8315558000 |   8267536000 |   8268576000 |   8267808000 |   8270387000 |   8268295000 |   8267760000 |   8267673000 |   8270853000 |   8220599000 |   8219902000 |   8219425000 |   8220015000 |   8220606000 |   8219862000 |   8219345000 |   8221509000 |   8246933000 |   8247803000 |   8258325000 |   8247449000 |   8254621000 |   8246533000 |   8260924000 |   8246549000 |
|                MERGE                |   PMC3  |           0 |           0 |           0 |           0 |           0 |           0 |           0 |           0 |           0 |           0 |           0 |           0 |           0 |           0 |           0 |           0 |           0 |           0 |           0 |           0 |           0 |           0 |           0 |           0 |           0 |           0 |           0 |           0 |           0 |           0 |           0 |           0 |           0 |           0 |           0 |           0 |           0 |           0 |           0 |           0 |           0 |           0 |           0 |           0 |           0 |           0 |           0 |           0 |           0 |           0 |           0 |           0 |           0 |           0 |           0 |           0 |           0 |           0 |           0 |           0 |           0 |           0 |           0 |           0 |           0 |           0 |           0 |           0 |           0 |           0 |           0 |           0 |           0 |           0 |           0 |           0 |           0 |           0 |           0 |           0 |           0 |           0 |           0 |           0 |           0 |           0 |           0 |           0 |           0 |           0 |           0 |           0 |           0 |           0 |           0 |           0 |           0 |           0 |           0 |           0 |            0 |            0 |            0 |            0 |            0 |            0 |            0 |            0 |            0 |            0 |            0 |            0 |            0 |            0 |            0 |            0 |            0 |            0 |            0 |            0 |            0 |            0 |            0 |            0 |            0 |            0 |            0 |            0 |            0 |            0 |            0 |            0 |            0 |            0 |            0 |            0 |            0 |            0 |            0 |            0 |            0 |            0 |            0 |            0 |            0 |            0 |            0 |            0 |            0 |            0 |            0 |            0 |            0 |            0 |            0 |            0 |            0 |            0 |            0 |            0 |            0 |            0 |            0 |            0 |            0 |            0 |            0 |            0 |            0 |            0 |            0 |            0 |            0 |            0 |            0 |            0 |            0 |            0 |            0 |            0 |            0 |            0 |            0 |            0 |            0 |            0 |            0 |            0 |            0 |            0 |            0 |            0 |            0 |            0 |            0 |            0 |            0 |            0 |            0 |            0 |            0 |            0 |            0 |            0 |            0 |            0 |            0 |            0 |            0 |            0 |            0 |            0 |            0 |            0 |            0 |            0 |            0 |            0 |            0 |            0 |            0 |            0 |            0 |            0 |            0 |            0 |            0 |            0 |            0 |            0 |            0 |            0 |            0 |            0 |            0 |            0 |            0 |            0 |            0 |            0 |            0 |            0 |            0 |            0 |            0 |            0 |            0 |            0 |            0 |            0 |            0 |            0 |            0 |            0 |            0 |            0 |
| RETIRED_SSE_AVX_FLOPS_ALL_SP_SCALAR |   PMC2  | 17179870000 | 17179870000 | 17179870000 | 17179870000 | 17179870000 | 17179870000 | 17179870000 | 17179870000 | 17179870000 | 17179870000 | 17179870000 | 17179870000 | 17179870000 | 17179870000 | 17179870000 | 17179870000 | 17179870000 | 17179870000 | 17179870000 | 17179870000 | 17179870000 | 17179870000 | 17179870000 | 17179870000 | 17179870000 | 17179870000 | 17179870000 | 17179870000 | 17179870000 | 17179870000 | 17179870000 | 17179870000 | 17179870000 | 17179870000 | 17179870000 | 17179870000 | 17179870000 | 17179870000 | 17179870000 | 17179870000 | 17179870000 | 17179870000 | 17179870000 | 17179870000 | 17179870000 | 17179870000 | 17179870000 | 17179870000 | 17179870000 | 17179870000 | 17179870000 | 17179870000 | 17179870000 | 17179870000 | 17179870000 | 17179870000 | 17179870000 | 17179870000 | 17179870000 | 17179870000 | 17179870000 | 17179870000 | 17179870000 | 17179870000 | 17179870000 | 17179870000 | 17179870000 | 17179870000 | 17179870000 | 17179870000 | 17179870000 | 17179870000 | 17179870000 | 17179870000 | 17179870000 | 17179870000 | 17179870000 | 17179870000 | 17179870000 | 17179870000 | 17179870000 | 17179870000 | 17179870000 | 17179870000 | 17179870000 | 17179870000 | 17179870000 | 17179870000 | 17179870000 | 17179870000 | 17179870000 | 17179870000 | 17179870000 | 17179870000 | 17179870000 | 17179870000 | 17179870000 | 17179870000 | 17179870000 | 17179870000 |  17179870000 |  17179870000 |  17179870000 |  17179870000 |  17179870000 |  17179870000 |  17179870000 |  17179870000 |  17179870000 |  17179870000 |  17179870000 |  17179870000 |  17179870000 |  17179870000 |  17179870000 |  17179870000 |  17179870000 |  17179870000 |  17179870000 |  17179870000 |  17179870000 |  17179870000 |  17179870000 |  17179870000 |  17179870000 |  17179870000 |  17179870000 |  17179870000 |  17179870000 |  17179870000 |  17179870000 |  17179870000 |  17179870000 |  17179870000 |  17179870000 |  17179870000 |  17179870000 |  17179870000 |  17179870000 |  17179870000 |  17179870000 |  17179870000 |  17179870000 |  17179870000 |  17179870000 |  17179870000 |  17179870000 |  17179870000 |  17179870000 |  17179870000 |  17179870000 |  17179870000 |  17179870000 |  17179870000 |  17179870000 |  17179870000 |  17179870000 |  17179870000 |  17179870000 |  17179870000 |  17179870000 |  17179870000 |  17179870000 |  17179870000 |  17179870000 |  17179870000 |  17179870000 |  17179870000 |  17179870000 |  17179870000 |  17179870000 |  17179870000 |  17179870000 |  17179870000 |  17179870000 |  17179870000 |  17179870000 |  17179870000 |  17179870000 |  17179870000 |  17179870000 |  17179870000 |  17179870000 |  17179870000 |  17179870000 |  17179870000 |  17179870000 |  17179870000 |  17179870000 |  17179870000 |  17179870000 |  17179870000 |  17179870000 |  17179870000 |  17179870000 |  17179870000 |  17179870000 |  17179870000 |  17179870000 |  17179870000 |  17179870000 |  17179870000 |  17179870000 |  17179870000 |  17179870000 |  17179870000 |  17179870000 |  17179870000 |  17179870000 |  17179870000 |  17179870000 |  17179870000 |  17179870000 |  17179870000 |  17179870000 |  17179870000 |  17179870000 |  17179870000 |  17179870000 |  17179870000 |  17179870000 |  17179870000 |  17179870000 |  17179870000 |  17179870000 |  17179870000 |  17179870000 |  17179870000 |  17179870000 |  17179870000 |  17179870000 |  17179870000 |  17179870000 |  17179870000 |  17179870000 |  17179870000 |  17179870000 |  17179870000 |  17179870000 |  17179870000 |  17179870000 |  17179870000 |  17179870000 |  17179870000 |  17179870000 |  17179870000 |  17179870000 |  17179870000 |  17179870000 |  17179870000 |  17179870000 |  17179870000 |  17179870000 |  17179870000 |  17179870000 |  17179870000 |
|                MERGE                |   PMC5  |           0 |           0 |           0 |           0 |           0 |           0 |           0 |           0 |           0 |           0 |           0 |           0 |           0 |           0 |           0 |           0 |           0 |           0 |           0 |           0 |           0 |           0 |           0 |           0 |           0 |           0 |           0 |           0 |           0 |           0 |           0 |           0 |           0 |           0 |           0 |           0 |           0 |           0 |           0 |           0 |           0 |           0 |           0 |           0 |           0 |           0 |           0 |           0 |           0 |           0 |           0 |           0 |           0 |           0 |           0 |           0 |           0 |           0 |           0 |           0 |           0 |           0 |           0 |           0 |           0 |           0 |           0 |           0 |           0 |           0 |           0 |           0 |           0 |           0 |           0 |           0 |           0 |           0 |           0 |           0 |           0 |           0 |           0 |           0 |           0 |           0 |           0 |           0 |           0 |           0 |           0 |           0 |           0 |           0 |           0 |           0 |           0 |           0 |           0 |           0 |            0 |            0 |            0 |            0 |            0 |            0 |            0 |            0 |            0 |            0 |            0 |            0 |            0 |            0 |            0 |            0 |            0 |            0 |            0 |            0 |            0 |            0 |            0 |            0 |            0 |            0 |            0 |            0 |            0 |            0 |            0 |            0 |            0 |            0 |            0 |            0 |            0 |            0 |            0 |            0 |            0 |            0 |            0 |            0 |            0 |            0 |            0 |            0 |            0 |            0 |            0 |            0 |            0 |            0 |            0 |            0 |            0 |            0 |            0 |            0 |            0 |            0 |            0 |            0 |            0 |            0 |            0 |            0 |            0 |            0 |            0 |            0 |            0 |            0 |            0 |            0 |            0 |            0 |            0 |            0 |            0 |            0 |            0 |            0 |            0 |            0 |            0 |            0 |            0 |            0 |            0 |            0 |            0 |            0 |            0 |            0 |            0 |            0 |            0 |            0 |            0 |            0 |            0 |            0 |            0 |            0 |            0 |            0 |            0 |            0 |            0 |            0 |            0 |            0 |            0 |            0 |            0 |            0 |            0 |            0 |            0 |            0 |            0 |            0 |            0 |            0 |            0 |            0 |            0 |            0 |            0 |            0 |            0 |            0 |            0 |            0 |            0 |            0 |            0 |            0 |            0 |            0 |            0 |            0 |            0 |            0 |            0 |            0 |            0 |            0 |            0 |            0 |            0 |            0 |            0 |            0 |
| RETIRED_SSE_AVX_FLOPS_ALL_SP_PACKED |   PMC4  |           0 |           0 |           0 |           0 |           0 |           0 |           0 |           0 |           0 |           0 |           0 |           0 |           0 |           0 |           0 |           0 |           0 |           0 |           0 |           0 |           0 |           0 |           0 |           0 |           0 |           0 |           0 |           0 |           0 |           0 |           0 |           0 |           0 |           0 |           0 |           0 |           0 |           0 |           0 |           0 |           0 |           0 |           0 |           0 |           0 |           0 |           0 |           0 |           0 |           0 |           0 |           0 |           0 |           0 |           0 |           0 |           0 |           0 |           0 |           0 |           0 |           0 |           0 |           0 |           0 |           0 |           0 |           0 |           0 |           0 |           0 |           0 |           0 |           0 |           0 |           0 |           0 |           0 |           0 |           0 |           0 |           0 |           0 |           0 |           0 |           0 |           0 |           0 |           0 |           0 |           0 |           0 |           0 |           0 |           0 |           0 |           0 |           0 |           0 |           0 |            0 |            0 |            0 |            0 |            0 |            0 |            0 |            0 |            0 |            0 |            0 |            0 |            0 |            0 |            0 |            0 |            0 |            0 |            0 |            0 |            0 |            0 |            0 |            0 |            0 |            0 |            0 |            0 |            0 |            0 |            0 |            0 |            0 |            0 |            0 |            0 |            0 |            0 |            0 |            0 |            0 |            0 |            0 |            0 |            0 |            0 |            0 |            0 |            0 |            0 |            0 |            0 |            0 |            0 |            0 |            0 |            0 |            0 |            0 |            0 |            0 |            0 |            0 |            0 |            0 |            0 |            0 |            0 |            0 |            0 |            0 |            0 |            0 |            0 |            0 |            0 |            0 |            0 |            0 |            0 |            0 |            0 |            0 |            0 |            0 |            0 |            0 |            0 |            0 |            0 |            0 |            0 |            0 |            0 |            0 |            0 |            0 |            0 |            0 |            0 |            0 |            0 |            0 |            0 |            0 |            0 |            0 |            0 |            0 |            0 |            0 |            0 |            0 |            0 |            0 |            0 |            0 |            0 |            0 |            0 |            0 |            0 |            0 |            0 |            0 |            0 |            0 |            0 |            0 |            0 |            0 |            0 |            0 |            0 |            0 |            0 |            0 |            0 |            0 |            0 |            0 |            0 |            0 |            0 |            0 |            0 |            0 |            0 |            0 |            0 |            0 |            0 |            0 |            0 |            0 |            0 |
+-------------------------------------+---------+-------------+-------------+-------------+-------------+-------------+-------------+-------------+-------------+-------------+-------------+-------------+-------------+-------------+-------------+-------------+-------------+-------------+-------------+-------------+-------------+-------------+-------------+-------------+-------------+-------------+-------------+-------------+-------------+-------------+-------------+-------------+-------------+-------------+-------------+-------------+-------------+-------------+-------------+-------------+-------------+-------------+-------------+-------------+-------------+-------------+-------------+-------------+-------------+-------------+-------------+-------------+-------------+-------------+-------------+-------------+-------------+-------------+-------------+-------------+-------------+-------------+-------------+-------------+-------------+-------------+-------------+-------------+-------------+-------------+-------------+-------------+-------------+-------------+-------------+-------------+-------------+-------------+-------------+-------------+-------------+-------------+-------------+-------------+-------------+-------------+-------------+-------------+-------------+-------------+-------------+-------------+-------------+-------------+-------------+-------------+-------------+-------------+-------------+-------------+-------------+--------------+--------------+--------------+--------------+--------------+--------------+--------------+--------------+--------------+--------------+--------------+--------------+--------------+--------------+--------------+--------------+--------------+--------------+--------------+--------------+--------------+--------------+--------------+--------------+--------------+--------------+--------------+--------------+--------------+--------------+--------------+--------------+--------------+--------------+--------------+--------------+--------------+--------------+--------------+--------------+--------------+--------------+--------------+--------------+--------------+--------------+--------------+--------------+--------------+--------------+--------------+--------------+--------------+--------------+--------------+--------------+--------------+--------------+--------------+--------------+--------------+--------------+--------------+--------------+--------------+--------------+--------------+--------------+--------------+--------------+--------------+--------------+--------------+--------------+--------------+--------------+--------------+--------------+--------------+--------------+--------------+--------------+--------------+--------------+--------------+--------------+--------------+--------------+--------------+--------------+--------------+--------------+--------------+--------------+--------------+--------------+--------------+--------------+--------------+--------------+--------------+--------------+--------------+--------------+--------------+--------------+--------------+--------------+--------------+--------------+--------------+--------------+--------------+--------------+--------------+--------------+--------------+--------------+--------------+--------------+--------------+--------------+--------------+--------------+--------------+--------------+--------------+--------------+--------------+--------------+--------------+--------------+--------------+--------------+--------------+--------------+--------------+--------------+--------------+--------------+--------------+--------------+--------------+--------------+--------------+--------------+--------------+--------------+--------------+--------------+--------------+--------------+--------------+--------------+--------------+--------------+
+------------------------------------------+---------+---------------+-------------+-------------+--------------+
|                   Event                  | Counter |      Sum      |     Min     |     Max     |      Avg     |
+------------------------------------------+---------+---------------+-------------+-------------+--------------+
|           ACTUAL_CPU_CLOCK STAT          |  FIXC1  | 2133154538000 |  8273155000 |  8387354000 | 8.332635e+09 |
|            MAX_CPU_CLOCK STAT            |  FIXC2  | 1440050643000 |  5621305000 |  5629388000 | 5.625198e+09 |
|         RETIRED_INSTRUCTIONS STAT        |   PMC0  | 5500593530000 | 21475240000 | 21497330000 | 2.148669e+10 |
|         CPU_CLOCKS_UNHALTED STAT         |   PMC1  | 2117285118000 |  8206048000 |  8329591000 | 8.270645e+09 |
|                MERGE STAT                |   PMC3  |             0 |           0 |           0 |            0 |
| RETIRED_SSE_AVX_FLOPS_ALL_SP_SCALAR STAT |   PMC2  | 4398046720000 | 17179870000 | 17179870000 |  17179870000 |
|                MERGE STAT                |   PMC5  |             0 |           0 |           0 |            0 |
| RETIRED_SSE_AVX_FLOPS_ALL_SP_PACKED STAT |   PMC4  |             0 |           0 |           0 |            0 |
+------------------------------------------+---------+---------------+-------------+-------------+--------------+
+----------------------+------------+------------+------------+------------+------------+------------+------------+------------+------------+------------+-------------+-------------+-------------+-------------+-------------+-------------+-------------+-------------+-------------+-------------+-------------+-------------+-------------+-------------+-------------+-------------+-------------+-------------+-------------+-------------+-------------+-------------+-------------+-------------+-------------+-------------+-------------+-------------+-------------+-------------+-------------+-------------+-------------+-------------+-------------+-------------+-------------+-------------+-------------+-------------+-------------+-------------+-------------+-------------+-------------+-------------+-------------+-------------+-------------+-------------+-------------+-------------+-------------+-------------+-------------+-------------+-------------+-------------+-------------+-------------+-------------+-------------+-------------+-------------+-------------+-------------+-------------+-------------+-------------+-------------+-------------+-------------+-------------+-------------+-------------+-------------+-------------+-------------+-------------+-------------+-------------+-------------+-------------+-------------+-------------+-------------+-------------+-------------+-------------+-------------+--------------+--------------+--------------+--------------+--------------+--------------+--------------+--------------+--------------+--------------+--------------+--------------+--------------+--------------+--------------+--------------+--------------+--------------+--------------+--------------+--------------+--------------+--------------+--------------+--------------+--------------+--------------+--------------+--------------+--------------+--------------+--------------+--------------+--------------+--------------+--------------+--------------+--------------+--------------+--------------+--------------+--------------+--------------+--------------+--------------+--------------+--------------+--------------+--------------+--------------+--------------+--------------+--------------+--------------+--------------+--------------+--------------+--------------+--------------+--------------+--------------+--------------+--------------+--------------+--------------+--------------+--------------+--------------+--------------+--------------+--------------+--------------+--------------+--------------+--------------+--------------+--------------+--------------+--------------+--------------+--------------+--------------+--------------+--------------+--------------+--------------+--------------+--------------+--------------+--------------+--------------+--------------+--------------+--------------+--------------+--------------+--------------+--------------+--------------+--------------+--------------+--------------+--------------+--------------+--------------+--------------+--------------+--------------+--------------+--------------+--------------+--------------+--------------+--------------+--------------+--------------+--------------+--------------+--------------+--------------+--------------+--------------+--------------+--------------+--------------+--------------+--------------+--------------+--------------+--------------+--------------+--------------+--------------+--------------+--------------+--------------+--------------+--------------+--------------+--------------+--------------+--------------+--------------+--------------+--------------+--------------+--------------+--------------+--------------+--------------+--------------+--------------+--------------+--------------+--------------+--------------+
|        Metric        | HWThread 0 | HWThread 1 | HWThread 2 | HWThread 3 | HWThread 4 | HWThread 5 | HWThread 6 | HWThread 7 | HWThread 8 | HWThread 9 | HWThread 10 | HWThread 11 | HWThread 12 | HWThread 13 | HWThread 14 | HWThread 15 | HWThread 16 | HWThread 17 | HWThread 18 | HWThread 19 | HWThread 20 | HWThread 21 | HWThread 22 | HWThread 23 | HWThread 24 | HWThread 25 | HWThread 26 | HWThread 27 | HWThread 28 | HWThread 29 | HWThread 30 | HWThread 31 | HWThread 32 | HWThread 33 | HWThread 34 | HWThread 35 | HWThread 36 | HWThread 37 | HWThread 38 | HWThread 39 | HWThread 40 | HWThread 41 | HWThread 42 | HWThread 43 | HWThread 44 | HWThread 45 | HWThread 46 | HWThread 47 | HWThread 48 | HWThread 49 | HWThread 50 | HWThread 51 | HWThread 52 | HWThread 53 | HWThread 54 | HWThread 55 | HWThread 56 | HWThread 57 | HWThread 58 | HWThread 59 | HWThread 60 | HWThread 61 | HWThread 62 | HWThread 63 | HWThread 64 | HWThread 65 | HWThread 66 | HWThread 67 | HWThread 68 | HWThread 69 | HWThread 70 | HWThread 71 | HWThread 72 | HWThread 73 | HWThread 74 | HWThread 75 | HWThread 76 | HWThread 77 | HWThread 78 | HWThread 79 | HWThread 80 | HWThread 81 | HWThread 82 | HWThread 83 | HWThread 84 | HWThread 85 | HWThread 86 | HWThread 87 | HWThread 88 | HWThread 89 | HWThread 90 | HWThread 91 | HWThread 92 | HWThread 93 | HWThread 94 | HWThread 95 | HWThread 96 | HWThread 97 | HWThread 98 | HWThread 99 | HWThread 100 | HWThread 101 | HWThread 102 | HWThread 103 | HWThread 104 | HWThread 105 | HWThread 106 | HWThread 107 | HWThread 108 | HWThread 109 | HWThread 110 | HWThread 111 | HWThread 112 | HWThread 113 | HWThread 114 | HWThread 115 | HWThread 116 | HWThread 117 | HWThread 118 | HWThread 119 | HWThread 120 | HWThread 121 | HWThread 122 | HWThread 123 | HWThread 124 | HWThread 125 | HWThread 126 | HWThread 127 | HWThread 128 | HWThread 129 | HWThread 130 | HWThread 131 | HWThread 132 | HWThread 133 | HWThread 134 | HWThread 135 | HWThread 136 | HWThread 137 | HWThread 138 | HWThread 139 | HWThread 140 | HWThread 141 | HWThread 142 | HWThread 143 | HWThread 144 | HWThread 145 | HWThread 146 | HWThread 147 | HWThread 148 | HWThread 149 | HWThread 150 | HWThread 151 | HWThread 152 | HWThread 153 | HWThread 154 | HWThread 155 | HWThread 156 | HWThread 157 | HWThread 158 | HWThread 159 | HWThread 160 | HWThread 161 | HWThread 162 | HWThread 163 | HWThread 164 | HWThread 165 | HWThread 166 | HWThread 167 | HWThread 168 | HWThread 169 | HWThread 170 | HWThread 171 | HWThread 172 | HWThread 173 | HWThread 174 | HWThread 175 | HWThread 176 | HWThread 177 | HWThread 178 | HWThread 179 | HWThread 180 | HWThread 181 | HWThread 182 | HWThread 183 | HWThread 184 | HWThread 185 | HWThread 186 | HWThread 187 | HWThread 188 | HWThread 189 | HWThread 190 | HWThread 191 | HWThread 192 | HWThread 193 | HWThread 194 | HWThread 195 | HWThread 196 | HWThread 197 | HWThread 198 | HWThread 199 | HWThread 200 | HWThread 201 | HWThread 202 | HWThread 203 | HWThread 204 | HWThread 205 | HWThread 206 | HWThread 207 | HWThread 208 | HWThread 209 | HWThread 210 | HWThread 211 | HWThread 212 | HWThread 213 | HWThread 214 | HWThread 215 | HWThread 216 | HWThread 217 | HWThread 218 | HWThread 219 | HWThread 220 | HWThread 221 | HWThread 222 | HWThread 223 | HWThread 224 | HWThread 225 | HWThread 226 | HWThread 227 | HWThread 228 | HWThread 229 | HWThread 230 | HWThread 231 | HWThread 232 | HWThread 233 | HWThread 234 | HWThread 235 | HWThread 236 | HWThread 237 | HWThread 238 | HWThread 239 | HWThread 240 | HWThread 241 | HWThread 242 | HWThread 243 | HWThread 244 | HWThread 245 | HWThread 246 | HWThread 247 | HWThread 248 | HWThread 249 | HWThread 250 | HWThread 251 | HWThread 252 | HWThread 253 | HWThread 254 | HWThread 255 |
+----------------------+------------+------------+------------+------------+------------+------------+------------+------------+------------+------------+-------------+-------------+-------------+-------------+-------------+-------------+-------------+-------------+-------------+-------------+-------------+-------------+-------------+-------------+-------------+-------------+-------------+-------------+-------------+-------------+-------------+-------------+-------------+-------------+-------------+-------------+-------------+-------------+-------------+-------------+-------------+-------------+-------------+-------------+-------------+-------------+-------------+-------------+-------------+-------------+-------------+-------------+-------------+-------------+-------------+-------------+-------------+-------------+-------------+-------------+-------------+-------------+-------------+-------------+-------------+-------------+-------------+-------------+-------------+-------------+-------------+-------------+-------------+-------------+-------------+-------------+-------------+-------------+-------------+-------------+-------------+-------------+-------------+-------------+-------------+-------------+-------------+-------------+-------------+-------------+-------------+-------------+-------------+-------------+-------------+-------------+-------------+-------------+-------------+-------------+--------------+--------------+--------------+--------------+--------------+--------------+--------------+--------------+--------------+--------------+--------------+--------------+--------------+--------------+--------------+--------------+--------------+--------------+--------------+--------------+--------------+--------------+--------------+--------------+--------------+--------------+--------------+--------------+--------------+--------------+--------------+--------------+--------------+--------------+--------------+--------------+--------------+--------------+--------------+--------------+--------------+--------------+--------------+--------------+--------------+--------------+--------------+--------------+--------------+--------------+--------------+--------------+--------------+--------------+--------------+--------------+--------------+--------------+--------------+--------------+--------------+--------------+--------------+--------------+--------------+--------------+--------------+--------------+--------------+--------------+--------------+--------------+--------------+--------------+--------------+--------------+--------------+--------------+--------------+--------------+--------------+--------------+--------------+--------------+--------------+--------------+--------------+--------------+--------------+--------------+--------------+--------------+--------------+--------------+--------------+--------------+--------------+--------------+--------------+--------------+--------------+--------------+--------------+--------------+--------------+--------------+--------------+--------------+--------------+--------------+--------------+--------------+--------------+--------------+--------------+--------------+--------------+--------------+--------------+--------------+--------------+--------------+--------------+--------------+--------------+--------------+--------------+--------------+--------------+--------------+--------------+--------------+--------------+--------------+--------------+--------------+--------------+--------------+--------------+--------------+--------------+--------------+--------------+--------------+--------------+--------------+--------------+--------------+--------------+--------------+--------------+--------------+--------------+--------------+--------------+--------------+
|  Runtime (RDTSC) [s] |     2.0827 |     2.0828 |     2.0828 |     2.0827 |     2.0827 |     2.0824 |     2.0828 |     2.0828 |     2.0828 |     2.0824 |      2.0828 |      2.0833 |      2.0827 |      2.0827 |      2.0828 |      2.0823 |      2.0824 |      2.0824 |      2.0824 |      2.0827 |      2.0824 |      2.0827 |      2.0827 |      2.0827 |      2.0824 |      2.0824 |      2.0824 |      2.0826 |      2.0824 |      2.0827 |      2.0824 |      2.0823 |      2.0828 |      2.0825 |      2.0827 |      2.0824 |      2.0828 |      2.0827 |      2.0827 |      2.0828 |      2.0826 |      2.0828 |      2.0828 |      2.0824 |      2.0827 |      2.0827 |      2.0826 |      2.0823 |      2.0825 |      2.0824 |      2.0827 |      2.0824 |      2.0827 |      2.0824 |      2.0823 |      2.0825 |      2.0825 |      2.0824 |      2.0824 |      2.0824 |      2.0826 |      2.0828 |      2.0827 |      2.0831 |      2.0825 |      2.0823 |      2.0827 |      2.0826 |      2.0824 |      2.0827 |      2.0828 |      2.0827 |      2.0823 |      2.0828 |      2.0823 |      2.0826 |      2.0830 |      2.0832 |      2.0831 |      2.0828 |      2.0826 |      2.0827 |      2.0835 |      2.0836 |      2.0824 |      2.0826 |      2.0862 |      2.0861 |      2.0824 |      2.0824 |      2.0825 |      2.0826 |      2.0826 |      2.0823 |      2.0823 |      2.0826 |      2.0825 |      2.0827 |      2.0831 |      2.0824 |       2.0827 |       2.0831 |       2.0827 |       2.0824 |       2.0836 |       2.0824 |       2.0827 |       2.0836 |       2.0827 |       2.0823 |       2.0826 |       2.0823 |       2.0826 |       2.0825 |       2.0826 |       2.0827 |       2.0827 |       2.0831 |       2.0827 |       2.0828 |       2.0835 |       2.0827 |       2.0824 |       2.0827 |       2.0824 |       2.0825 |       2.0823 |       2.0823 |       2.0824 |       2.0824 |       2.0823 |       2.0828 |       2.0824 |       2.0828 |       2.0827 |       2.0827 |       2.0823 |       2.0833 |       2.0826 |       2.0825 |       2.0823 |       2.0826 |       2.0825 |       2.0825 |       2.0824 |       2.0824 |       2.0823 |       2.0826 |       2.0823 |       2.0823 |       2.0826 |       2.0826 |       2.0824 |       2.0823 |       2.0828 |       2.0823 |       2.0823 |       2.0828 |       2.0828 |       2.0823 |       2.0824 |       2.0826 |       2.0826 |       2.0826 |       2.0826 |       2.0826 |       2.0826 |       2.0823 |       2.0827 |       2.0825 |       2.0828 |       2.0823 |       2.0823 |       2.0827 |       2.0825 |       2.0828 |       2.0823 |       2.0828 |       2.0827 |       2.0823 |       2.0827 |       2.0828 |       2.0828 |       2.0823 |       2.0826 |       2.0825 |       2.0823 |       2.0827 |       2.0825 |       2.0825 |       2.0826 |       2.0826 |       2.0823 |       2.0823 |       2.0824 |       2.0828 |       2.0828 |       2.0827 |       2.0823 |       2.0823 |       2.0823 |       2.0827 |       2.0823 |       2.0823 |       2.0828 |       2.0823 |       2.0823 |       2.0823 |       2.0825 |       2.0836 |       2.0825 |       2.0836 |       2.0826 |       2.0824 |       2.0825 |       2.0825 |       2.0824 |       2.0825 |       2.0824 |       2.0826 |       2.0827 |       2.0827 |       2.0827 |       2.0824 |       2.0832 |       2.0830 |       2.0836 |       2.0826 |       2.0862 |       2.0862 |       2.0862 |       2.0862 |       2.0823 |       2.0826 |       2.0824 |       2.0832 |       2.0827 |       2.0824 |       2.0826 |       2.0833 |       2.0827 |       2.0823 |       2.0823 |       2.0823 |       2.0827 |       2.0823 |       2.0823 |       2.0829 |       2.0825 |       2.0827 |       2.0854 |       2.0826 |       2.0846 |       2.0823 |       2.0861 |       2.0824 |
| Runtime unhalted [s] |     3.1120 |     3.1115 |     3.1115 |     3.1115 |     3.1114 |     3.1103 |     3.1113 |     3.1114 |     3.0890 |     3.0880 |      3.0891 |      3.0892 |      3.0888 |      3.0890 |      3.0890 |      3.0878 |      3.0909 |      3.0896 |      3.0914 |      3.0918 |      3.0913 |      3.0918 |      3.0912 |      3.0918 |      3.0933 |      3.0932 |      3.0927 |      3.0934 |      3.0940 |      3.0942 |      3.0924 |      3.0937 |      3.0769 |      3.0756 |      3.0768 |      3.0759 |      3.0767 |      3.0761 |      3.0768 |      3.0770 |      3.0852 |      3.0862 |      3.0860 |      3.0850 |      3.0859 |      3.0859 |      3.0852 |      3.0848 |      3.0945 |      3.0945 |      3.0946 |      3.0944 |      3.0953 |      3.0943 |      3.0948 |      3.0945 |      3.0774 |      3.0772 |      3.0773 |      3.0772 |      3.0768 |      3.0782 |      3.0767 |      3.0787 |      3.1015 |      3.1017 |      3.1023 |      3.1018 |      3.1020 |      3.1024 |      3.1026 |      3.1017 |      3.0995 |      3.1002 |      3.0989 |      3.0993 |      3.1004 |      3.1003 |      3.0997 |      3.1003 |      3.0961 |      3.0962 |      3.0962 |      3.0963 |      3.0954 |      3.0966 |      3.0974 |      3.0968 |      3.1004 |      3.1002 |      3.1004 |      3.1010 |      3.1009 |      3.1005 |      3.1002 |      3.1010 |      3.1019 |      3.1033 |      3.1038 |      3.1024 |       3.1033 |       3.1027 |       3.1033 |       3.1026 |       3.0859 |       3.0849 |       3.0847 |       3.0859 |       3.0847 |       3.0849 |       3.0857 |       3.0843 |       3.1040 |       3.1031 |       3.1037 |       3.1037 |       3.1037 |       3.1042 |       3.1039 |       3.1039 |       3.0856 |       3.0851 |       3.0847 |       3.0856 |       3.0853 |       3.0853 |       3.0845 |       3.0851 |       3.0752 |       3.0759 |       3.0764 |       3.0762 |       3.0753 |       3.0766 |       3.0761 |       3.0762 |       3.1028 |       3.1039 |       3.1038 |       3.1028 |       3.1028 |       3.1038 |       3.1025 |       3.1026 |       3.1054 |       3.1054 |       3.1057 |       3.1062 |       3.1067 |       3.1057 |       3.1062 |       3.1062 |       3.0899 |       3.0902 |       3.0908 |       3.0905 |       3.0905 |       3.0908 |       3.0912 |       3.0903 |       3.0805 |       3.0819 |       3.0815 |       3.0820 |       3.0816 |       3.0815 |       3.0825 |       3.0807 |       3.0924 |       3.0916 |       3.0926 |       3.0918 |       3.0915 |       3.0924 |       3.0928 |       3.0924 |       3.0698 |       3.0701 |       3.0696 |       3.0698 |       3.0696 |       3.0716 |       3.0702 |       3.0698 |       3.0996 |       3.0987 |       3.1002 |       3.0999 |       3.0989 |       3.0990 |       3.1000 |       3.1000 |       3.0885 |       3.0887 |       3.0884 |       3.0894 |       3.0894 |       3.0892 |       3.0887 |       3.0887 |       3.0918 |       3.0922 |       3.0914 |       3.0916 |       3.0920 |       3.0918 |       3.0914 |       3.0917 |       3.0843 |       3.0846 |       3.0836 |       3.0846 |       3.0853 |       3.0835 |       3.0843 |       3.0836 |       3.0976 |       3.0982 |       3.0974 |       3.0985 |       3.0982 |       3.0984 |       3.0985 |       3.0977 |       3.1054 |       3.1053 |       3.1055 |       3.1049 |       3.1069 |       3.1068 |       3.1067 |       3.1066 |       3.0912 |       3.0924 |       3.0928 |       3.0925 |       3.0925 |       3.0912 |       3.0928 |       3.0924 |       3.0748 |       3.0744 |       3.0743 |       3.0744 |       3.0749 |       3.0743 |       3.0743 |       3.0749 |       3.0836 |       3.0851 |       3.0853 |       3.0851 |       3.0868 |       3.0842 |       3.0857 |       3.0843 |
|      Clock [MHz]     |  4017.6598 |  4017.7750 |  4017.7591 |  4017.7745 |  4017.6585 |  4017.1461 |  4017.6477 |  4017.7171 |  3987.9800 |  3987.6021 |   3987.9841 |   3987.5055 |   3987.7299 |   3987.9056 |   3987.9795 |   3988.2218 |   3991.2982 |   3991.7227 |   3991.9753 |   3991.5853 |   3991.9723 |   3991.5852 |   3991.5922 |   3991.5793 |   3995.1959 |   3995.1182 |   3995.5259 |   3995.7679 |   3995.2112 |   3995.4630 |   3995.6246 |   3995.7885 |   3972.4896 |   3972.1337 |   3972.3904 |   3972.7953 |   3971.9183 |   3972.2653 |   3972.3955 |   3972.5066 |   3983.9595 |   3984.0144 |   3984.0739 |   3983.6992 |   3984.0443 |   3983.9682 |   3983.9528 |   3984.3827 |   3995.8853 |   3995.8824 |   3996.1474 |   3995.8694 |   3996.1603 |   3996.5524 |   3996.4818 |   3995.8905 |   3973.7157 |   3973.6905 |   3973.6987 |   3973.6965 |   3974.1938 |   3974.0840 |   3974.4016 |   3973.5636 |   4004.9955 |   4005.5818 |   4005.2544 |   4005.2660 |   4005.6629 |   4005.2741 |   4005.3816 |   4005.2610 |   4002.5504 |   4002.3163 |   4002.6060 |   4002.2015 |   4001.7511 |   4001.9202 |   4001.7565 |   4002.3312 |   3998.3296 |   3998.1155 |   3996.9708 |   3997.0345 |   3997.8520 |   3998.0933 |   3997.3795 |   3997.3650 |   4004.2528 |   4004.2028 |   4004.2556 |   4004.4406 |   4004.3512 |   4004.7688 |   4004.5045 |   4004.4502 |   4006.2344 |   4006.5326 |   4006.0982 |   4006.2200 |    4006.5403 |    4005.6096 |    4006.5341 |    4006.2357 |    3982.7360 |    3983.7432 |    3983.3777 |    3982.6444 |    3983.3589 |    3983.6890 |    3983.9176 |    3983.7432 |    4007.7175 |    4006.8565 |    4007.0822 |    4007.1218 |    4007.1045 |    4006.6989 |    4007.2355 |    4007.2148 |    3983.0089 |    3983.7125 |    3984.1214 |    3983.7058 |    3984.1215 |    3984.1050 |    3984.0154 |    3984.0278 |    3971.9088 |    3971.9007 |    3972.5759 |    3972.1245 |    3971.9239 |    3972.1638 |    3972.2128 |    3972.2613 |    4007.7775 |    4007.3067 |    4008.1793 |    4008.0271 |    4007.7806 |    4008.0975 |    4007.6626 |    4007.1788 |    4010.3986 |    4010.4109 |    4011.5829 |    4011.2661 |    4012.0115 |    4011.5929 |    4010.6745 |    4010.6612 |    3990.9577 |    3991.5525 |    3991.2156 |    3991.8195 |    3991.8272 |    3991.2135 |    3991.6064 |    3991.6206 |    3978.7922 |    3980.1512 |    3979.0903 |    3980.1106 |    3979.6865 |    3979.1089 |    3979.2705 |    3978.7965 |    3992.8559 |    3992.6123 |    3993.0072 |    3993.1491 |    3992.5403 |    3992.8664 |    3993.6296 |    3994.3724 |    3965.2088 |    3965.8425 |    3964.6460 |    3965.1980 |    3964.6339 |    3965.4369 |    3965.8038 |    3965.2174 |    4004.4377 |    4003.5051 |    4003.6255 |    4002.4143 |    4002.0816 |    4002.0355 |    4002.9232 |    4003.4816 |    3988.5074 |    3989.0293 |    3988.4251 |    3988.8660 |    3988.8138 |    3988.7547 |    3989.2957 |    3989.4420 |    3993.3963 |    3993.0092 |    3993.0837 |    3993.3063 |    3992.7781 |    3993.4034 |    3993.0728 |    3993.3950 |    3982.6246 |    3982.0224 |    3982.6198 |    3982.0128 |    3983.4620 |    3982.6088 |    3983.1965 |    3982.5869 |    4001.8514 |    4001.8152 |    4002.0513 |    4002.2206 |    4002.3455 |    4002.2175 |    4000.7496 |    4000.5387 |    4008.5881 |    4008.5751 |    4008.3728 |    4009.0826 |    4009.3658 |    4009.3685 |    4008.7135 |    4008.7140 |    3994.1445 |    3994.9284 |    3993.9713 |    3994.0436 |    3993.4914 |    3994.1390 |    3993.5943 |    3994.0756 |    3970.2423 |    3970.4996 |    3970.5124 |    3970.5855 |    3970.2206 |    3970.5111 |    3970.5371 |    3970.1858 |    3984.6861 |    3983.4440 |    3984.1650 |    3985.5291 |    3983.7043 |    3983.1573 |    3982.7161 |    3983.1489 |
|          CPI         |     0.3872 |     0.3875 |     0.3874 |     0.3875 |     0.3874 |     0.3874 |     0.3874 |     0.3874 |     0.3847 |     0.3846 |      0.3846 |      0.3847 |      0.3846 |      0.3846 |      0.3846 |      0.3846 |      0.3850 |      0.3849 |      0.3849 |      0.3850 |      0.3849 |      0.3850 |      0.3850 |      0.3850 |      0.3853 |      0.3853 |      0.3853 |      0.3854 |      0.3853 |      0.3854 |      0.3853 |      0.3853 |      0.3834 |      0.3833 |      0.3833 |      0.3833 |      0.3834 |      0.3833 |      0.3833 |      0.3833 |      0.3843 |      0.3843 |      0.3843 |      0.3842 |      0.3843 |      0.3843 |      0.3842 |      0.3842 |      0.3854 |      0.3854 |      0.3854 |      0.3854 |      0.3854 |      0.3854 |      0.3854 |      0.3854 |      0.3833 |      0.3833 |      0.3833 |      0.3833 |      0.3834 |      0.3834 |      0.3834 |      0.3834 |      0.3863 |      0.3863 |      0.3863 |      0.3863 |      0.3863 |      0.3864 |      0.3863 |      0.3863 |      0.3860 |      0.3860 |      0.3860 |      0.3860 |      0.3861 |      0.3861 |      0.3861 |      0.3860 |      0.3857 |      0.3857 |      0.3858 |      0.3859 |      0.3856 |      0.3857 |      0.3863 |      0.3863 |      0.3865 |      0.3865 |      0.3865 |      0.3865 |      0.3865 |      0.3865 |      0.3865 |      0.3859 |      0.3865 |      0.3865 |      0.3866 |      0.3865 |       0.3865 |       0.3866 |       0.3865 |       0.3865 |       0.3845 |       0.3843 |       0.3844 |       0.3845 |       0.3844 |       0.3843 |       0.3844 |       0.3843 |       0.3866 |       0.3866 |       0.3866 |       0.3866 |       0.3866 |       0.3866 |       0.3866 |       0.3866 |       0.3846 |       0.3844 |       0.3844 |       0.3844 |       0.3843 |       0.3844 |       0.3843 |       0.3843 |       0.3828 |       0.3828 |       0.3828 |       0.3829 |       0.3828 |       0.3829 |       0.3828 |       0.3828 |       0.3860 |       0.3861 |       0.3860 |       0.3860 |       0.3860 |       0.3860 |       0.3860 |       0.3860 |       0.3864 |       0.3864 |       0.3863 |       0.3864 |       0.3864 |       0.3863 |       0.3864 |       0.3864 |       0.3845 |       0.3845 |       0.3846 |       0.3845 |       0.3845 |       0.3845 |       0.3845 |       0.3845 |       0.3834 |       0.3834 |       0.3835 |       0.3835 |       0.3834 |       0.3834 |       0.3834 |       0.3834 |       0.3848 |       0.3847 |       0.3847 |       0.3847 |       0.3847 |       0.3847 |       0.3847 |       0.3848 |       0.3821 |       0.3822 |       0.3822 |       0.3821 |       0.3822 |       0.3822 |       0.3822 |       0.3821 |       0.3856 |       0.3856 |       0.3855 |       0.3856 |       0.3855 |       0.3855 |       0.3855 |       0.3855 |       0.3844 |       0.3844 |       0.3844 |       0.3845 |       0.3845 |       0.3845 |       0.3844 |       0.3844 |       0.3846 |       0.3847 |       0.3846 |       0.3847 |       0.3847 |       0.3846 |       0.3846 |       0.3846 |       0.3838 |       0.3840 |       0.3838 |       0.3840 |       0.3838 |       0.3838 |       0.3837 |       0.3838 |       0.3855 |       0.3855 |       0.3854 |       0.3855 |       0.3855 |       0.3855 |       0.3855 |       0.3854 |       0.3863 |       0.3863 |       0.3864 |       0.3863 |       0.3869 |       0.3869 |       0.3868 |       0.3868 |       0.3848 |       0.3848 |       0.3848 |       0.3849 |       0.3848 |       0.3848 |       0.3848 |       0.3849 |       0.3828 |       0.3827 |       0.3827 |       0.3827 |       0.3828 |       0.3827 |       0.3827 |       0.3828 |       0.3839 |       0.3839 |       0.3844 |       0.3839 |       0.3842 |       0.3839 |       0.3845 |       0.3839 |
|     SP [MFLOP/s]     |  8249.0116 |  8248.6274 |  8248.5720 |  8248.6512 |  8249.0116 |  8250.0376 |  8248.6155 |  8248.5205 |  8248.5918 |  8250.0217 |   8248.5561 |   8246.6437 |   8248.9443 |   8248.7462 |   8248.5918 |   8250.2991 |   8250.0376 |   8249.9821 |   8250.0812 |   8248.9205 |   8250.0891 |   8248.8373 |   8248.8413 |   8249.0076 |   8249.8553 |   8249.9742 |   8249.9742 |   8249.0750 |   8249.9742 |   8248.9958 |   8250.0217 |   8250.3030 |   8248.5720 |   8249.7959 |   8248.8809 |   8250.2159 |   8248.5561 |   8248.8809 |   8248.9443 |   8248.5957 |   8249.0591 |   8248.2987 |   8248.6195 |   8250.0336 |   8248.7145 |   8249.0116 |   8249.1027 |   8250.3070 |   8249.7999 |   8249.9861 |   8248.9522 |   8250.0336 |   8248.9997 |   8250.1525 |   8250.3109 |   8249.7959 |   8249.7444 |   8250.0297 |   8250.0297 |   8249.9821 |   8249.0552 |   8248.6393 |   8248.7462 |   8247.3128 |   8249.7920 |   8250.3228 |   8249.0076 |   8249.1067 |   8250.0851 |   8249.0076 |   8248.6195 |   8248.9482 |   8250.2991 |   8248.3740 |   8250.2911 |   8249.0472 |   8247.6612 |   8246.7941 |   8247.4157 |   8248.5918 |   8249.1185 |   8248.7542 |   8245.7056 |   8245.1081 |   8249.9940 |   8249.0987 |   8235.0931 |   8235.2628 |   8249.8514 |   8249.9702 |   8249.7880 |   8249.0987 |   8249.0869 |   8250.3149 |   8250.3149 |   8249.1027 |   8249.7484 |   8248.6987 |   8247.4553 |   8250.0257 |    8248.7264 |    8247.4513 |    8248.7185 |    8250.0891 |    8245.1595 |    8250.1683 |    8248.7066 |    8245.1872 |    8248.7106 |    8250.3109 |    8249.1265 |    8250.3387 |    8249.1106 |    8249.7999 |    8249.0869 |    8248.9561 |    8249.0274 |    8247.4513 |    8248.6670 |    8248.5324 |    8245.5988 |    8249.0274 |    8250.1208 |    8248.7977 |    8250.1208 |    8249.6969 |    8250.3189 |    8250.2991 |    8250.0970 |    8250.0930 |    8250.2793 |    8248.3066 |    8249.9861 |    8248.3858 |    8248.6868 |    8248.7027 |    8250.2357 |    8246.5804 |    8249.1106 |    8249.8078 |    8250.2357 |    8249.1106 |    8249.8078 |    8249.7682 |    8250.0336 |    8250.0297 |    8250.3149 |    8249.1027 |    8250.3149 |    8250.3268 |    8249.1027 |    8249.0631 |    8250.0455 |    8250.3268 |    8248.6037 |    8250.3268 |    8250.3268 |    8248.6037 |    8248.6037 |    8250.2357 |    8250.0455 |    8249.1859 |    8249.1859 |    8249.1859 |    8249.1819 |    8249.1859 |    8249.1859 |    8250.3189 |    8248.8532 |    8249.8118 |    8248.5205 |    8250.3347 |    8250.2436 |    8248.8611 |    8249.7682 |    8248.5205 |    8250.3387 |    8248.3898 |    8248.8532 |    8250.3268 |    8248.8532 |    8248.4452 |    8248.3066 |    8250.3308 |    8249.1740 |    8249.8157 |    8250.3426 |    8248.7106 |    8249.8157 |    8249.7682 |    8249.1938 |    8249.1859 |    8250.3506 |    8250.3268 |    8249.8751 |    8248.5284 |    8248.5244 |    8248.7779 |    8250.2436 |    8250.3466 |    8250.2357 |    8248.8334 |    8250.3268 |    8250.3268 |    8248.6393 |    8250.2476 |    8250.3228 |    8250.2991 |    8249.7088 |    8245.3218 |    8249.7088 |    8245.3257 |    8249.1185 |    8249.8712 |    8249.7999 |    8249.7048 |    8250.0851 |    8249.7246 |    8250.0851 |    8249.2017 |    8248.9047 |    8248.8967 |    8248.9839 |    8250.0812 |    8246.8179 |    8247.5384 |    8245.3495 |    8249.1185 |    8235.1049 |    8235.1049 |    8235.1049 |    8235.1049 |    8250.2317 |    8249.1146 |    8250.0970 |    8246.6833 |    8248.8928 |    8250.0336 |    8249.2493 |    8246.5725 |    8248.9443 |    8250.3228 |    8250.3228 |    8250.3347 |    8248.8571 |    8250.3228 |    8250.3228 |    8248.2433 |    8249.8078 |    8249.0116 |    8238.2088 |    8249.1780 |    8241.4534 |    8250.2357 |    8235.4760 |    8249.9940 |
+----------------------+------------+------------+------------+------------+------------+------------+------------+------------+------------+------------+-------------+-------------+-------------+-------------+-------------+-------------+-------------+-------------+-------------+-------------+-------------+-------------+-------------+-------------+-------------+-------------+-------------+-------------+-------------+-------------+-------------+-------------+-------------+-------------+-------------+-------------+-------------+-------------+-------------+-------------+-------------+-------------+-------------+-------------+-------------+-------------+-------------+-------------+-------------+-------------+-------------+-------------+-------------+-------------+-------------+-------------+-------------+-------------+-------------+-------------+-------------+-------------+-------------+-------------+-------------+-------------+-------------+-------------+-------------+-------------+-------------+-------------+-------------+-------------+-------------+-------------+-------------+-------------+-------------+-------------+-------------+-------------+-------------+-------------+-------------+-------------+-------------+-------------+-------------+-------------+-------------+-------------+-------------+-------------+-------------+-------------+-------------+-------------+-------------+-------------+--------------+--------------+--------------+--------------+--------------+--------------+--------------+--------------+--------------+--------------+--------------+--------------+--------------+--------------+--------------+--------------+--------------+--------------+--------------+--------------+--------------+--------------+--------------+--------------+--------------+--------------+--------------+--------------+--------------+--------------+--------------+--------------+--------------+--------------+--------------+--------------+--------------+--------------+--------------+--------------+--------------+--------------+--------------+--------------+--------------+--------------+--------------+--------------+--------------+--------------+--------------+--------------+--------------+--------------+--------------+--------------+--------------+--------------+--------------+--------------+--------------+--------------+--------------+--------------+--------------+--------------+--------------+--------------+--------------+--------------+--------------+--------------+--------------+--------------+--------------+--------------+--------------+--------------+--------------+--------------+--------------+--------------+--------------+--------------+--------------+--------------+--------------+--------------+--------------+--------------+--------------+--------------+--------------+--------------+--------------+--------------+--------------+--------------+--------------+--------------+--------------+--------------+--------------+--------------+--------------+--------------+--------------+--------------+--------------+--------------+--------------+--------------+--------------+--------------+--------------+--------------+--------------+--------------+--------------+--------------+--------------+--------------+--------------+--------------+--------------+--------------+--------------+--------------+--------------+--------------+--------------+--------------+--------------+--------------+--------------+--------------+--------------+--------------+--------------+--------------+--------------+--------------+--------------+--------------+--------------+--------------+--------------+--------------+--------------+--------------+--------------+--------------+--------------+--------------+--------------+--------------+
+---------------------------+--------------+-----------+-----------+-----------+
|           Metric          |      Sum     |    Min    |    Max    |    Avg    |
+---------------------------+--------------+-----------+-----------+-----------+
|  Runtime (RDTSC) [s] STAT |     533.1765 |    2.0823 |    2.0862 |    2.0827 |
| Runtime unhalted [s] STAT |     791.4724 |    3.0696 |    3.1120 |    3.0917 |
|      Clock [MHz] STAT     | 1.022048e+06 | 3964.6339 | 4017.7750 | 3992.3752 |
|          CPI STAT         |      98.5391 |    0.3821 |    0.3875 |    0.3849 |
|     SP [MFLOP/s] STAT     | 2.111682e+06 | 8235.0931 | 8250.3506 | 8248.7559 |
+---------------------------+--------------+-----------+-----------+-----------+
