--------------------------------------------------------------------------------
CPU name:	AMD EPYC 9755 128-Core Processor               
CPU type:	AMD K1A (Zen5) architecture
CPU clock:	2.70 GHz
--------------------------------------------------------------------------------
Region bench, Group 1: FLOPS_DP
+-------------------+------------+------------+------------+------------+------------+------------+------------+------------+------------+------------+-------------+-------------+-------------+-------------+-------------+-------------+-------------+-------------+-------------+-------------+-------------+-------------+-------------+-------------+-------------+-------------+-------------+-------------+-------------+-------------+-------------+-------------+-------------+-------------+-------------+-------------+-------------+-------------+-------------+-------------+-------------+-------------+-------------+-------------+-------------+-------------+-------------+-------------+-------------+-------------+-------------+-------------+-------------+-------------+-------------+-------------+-------------+-------------+-------------+-------------+-------------+-------------+-------------+-------------+-------------+-------------+-------------+-------------+-------------+-------------+-------------+-------------+-------------+-------------+-------------+-------------+-------------+-------------+-------------+-------------+-------------+-------------+-------------+-------------+-------------+-------------+-------------+-------------+-------------+-------------+-------------+-------------+-------------+-------------+-------------+-------------+-------------+-------------+-------------+-------------+--------------+--------------+--------------+--------------+--------------+--------------+--------------+--------------+--------------+--------------+--------------+--------------+--------------+--------------+--------------+--------------+--------------+--------------+--------------+--------------+--------------+--------------+--------------+--------------+--------------+--------------+--------------+--------------+--------------+--------------+--------------+--------------+--------------+--------------+--------------+--------------+--------------+--------------+--------------+--------------+--------------+--------------+--------------+--------------+--------------+--------------+--------------+--------------+--------------+--------------+--------------+--------------+--------------+--------------+--------------+--------------+--------------+--------------+--------------+--------------+--------------+--------------+--------------+--------------+--------------+--------------+--------------+--------------+--------------+--------------+--------------+--------------+--------------+--------------+--------------+--------------+--------------+--------------+--------------+--------------+--------------+--------------+--------------+--------------+--------------+--------------+--------------+--------------+--------------+--------------+--------------+--------------+--------------+--------------+--------------+--------------+--------------+--------------+--------------+--------------+--------------+--------------+--------------+--------------+--------------+--------------+--------------+--------------+--------------+--------------+--------------+--------------+--------------+--------------+--------------+--------------+--------------+--------------+--------------+--------------+--------------+--------------+--------------+--------------+--------------+--------------+--------------+--------------+--------------+--------------+--------------+--------------+--------------+--------------+--------------+--------------+--------------+--------------+--------------+--------------+--------------+--------------+--------------+--------------+--------------+--------------+--------------+--------------+--------------+--------------+--------------+--------------+--------------+--------------+--------------+--------------+
|    Region Info    | HWThread 0 | HWThread 1 | HWThread 2 | HWThread 3 | HWThread 4 | HWThread 5 | HWThread 6 | HWThread 7 | HWThread 8 | HWThread 9 | HWThread 10 | HWThread 11 | HWThread 12 | HWThread 13 | HWThread 14 | HWThread 15 | HWThread 16 | HWThread 17 | HWThread 18 | HWThread 19 | HWThread 20 | HWThread 21 | HWThread 22 | HWThread 23 | HWThread 24 | HWThread 25 | HWThread 26 | HWThread 27 | HWThread 28 | HWThread 29 | HWThread 30 | HWThread 31 | HWThread 32 | HWThread 33 | HWThread 34 | HWThread 35 | HWThread 36 | HWThread 37 | HWThread 38 | HWThread 39 | HWThread 40 | HWThread 41 | HWThread 42 | HWThread 43 | HWThread 44 | HWThread 45 | HWThread 46 | HWThread 47 | HWThread 48 | HWThread 49 | HWThread 50 | HWThread 51 | HWThread 52 | HWThread 53 | HWThread 54 | HWThread 55 | HWThread 56 | HWThread 57 | HWThread 58 | HWThread 59 | HWThread 60 | HWThread 61 | HWThread 62 | HWThread 63 | HWThread 64 | HWThread 65 | HWThread 66 | HWThread 67 | HWThread 68 | HWThread 69 | HWThread 70 | HWThread 71 | HWThread 72 | HWThread 73 | HWThread 74 | HWThread 75 | HWThread 76 | HWThread 77 | HWThread 78 | HWThread 79 | HWThread 80 | HWThread 81 | HWThread 82 | HWThread 83 | HWThread 84 | HWThread 85 | HWThread 86 | HWThread 87 | HWThread 88 | HWThread 89 | HWThread 90 | HWThread 91 | HWThread 92 | HWThread 93 | HWThread 94 | HWThread 95 | HWThread 96 | HWThread 97 | HWThread 98 | HWThread 99 | HWThread 100 | HWThread 101 | HWThread 102 | HWThread 103 | HWThread 104 | HWThread 105 | HWThread 106 | HWThread 107 | HWThread 108 | HWThread 109 | HWThread 110 | HWThread 111 | HWThread 112 | HWThread 113 | HWThread 114 | HWThread 115 | HWThread 116 | HWThread 117 | HWThread 118 | HWThread 119 | HWThread 120 | HWThread 121 | HWThread 122 | HWThread 123 | HWThread 124 | HWThread 125 | HWThread 126 | HWThread 127 | HWThread 128 | HWThread 129 | HWThread 130 | HWThread 131 | HWThread 132 | HWThread 133 | HWThread 134 | HWThread 135 | HWThread 136 | HWThread 137 | HWThread 138 | HWThread 139 | HWThread 140 | HWThread 141 | HWThread 142 | HWThread 143 | HWThread 144 | HWThread 145 | HWThread 146 | HWThread 147 | HWThread 148 | HWThread 149 | HWThread 150 | HWThread 151 | HWThread 152 | HWThread 153 | HWThread 154 | HWThread 155 | HWThread 156 | HWThread 157 | HWThread 158 | HWThread 159 | HWThread 160 | HWThread 161 | HWThread 162 | HWThread 163 | HWThread 164 | HWThread 165 | HWThread 166 | HWThread 167 | HWThread 168 | HWThread 169 | HWThread 170 | HWThread 171 | HWThread 172 | HWThread 173 | HWThread 174 | HWThread 175 | HWThread 176 | HWThread 177 | HWThread 178 | HWThread 179 | HWThread 180 | HWThread 181 | HWThread 182 | HWThread 183 | HWThread 184 | HWThread 185 | HWThread 186 | HWThread 187 | HWThread 188 | HWThread 189 | HWThread 190 | HWThread 191 | HWThread 192 | HWThread 193 | HWThread 194 | HWThread 195 | HWThread 196 | HWThread 197 | HWThread 198 | HWThread 199 | HWThread 200 | HWThread 201 | HWThread 202 | HWThread 203 | HWThread 204 | HWThread 205 | HWThread 206 | HWThread 207 | HWThread 208 | HWThread 209 | HWThread 210 | HWThread 211 | HWThread 212 | HWThread 213 | HWThread 214 | HWThread 215 | HWThread 216 | HWThread 217 | HWThread 218 | HWThread 219 | HWThread 220 | HWThread 221 | HWThread 222 | HWThread 223 | HWThread 224 | HWThread 225 | HWThread 226 | HWThread 227 | HWThread 228 | HWThread 229 | HWThread 230 | HWThread 231 | HWThread 232 | HWThread 233 | HWThread 234 | HWThread 235 | HWThread 236 | HWThread 237 | HWThread 238 | HWThread 239 | HWThread 240 | HWThread 241 | HWThread 242 | HWThread 243 | HWThread 244 | HWThread 245 | HWThread 246 | HWThread 247 | HWThread 248 | HWThread 249 | HWThread 250 | HWThread 251 | HWThread 252 | HWThread 253 | HWThread 254 | HWThread 255 |
+-------------------+------------+------------+------------+------------+------------+------------+------------+------------+------------+------------+-------------+-------------+-------------+-------------+-------------+-------------+-------------+-------------+-------------+-------------+-------------+-------------+-------------+-------------+-------------+-------------+-------------+-------------+-------------+-------------+-------------+-------------+-------------+-------------+-------------+-------------+-------------+-------------+-------------+-------------+-------------+-------------+-------------+-------------+-------------+-------------+-------------+-------------+-------------+-------------+-------------+-------------+-------------+-------------+-------------+-------------+-------------+-------------+-------------+-------------+-------------+-------------+-------------+-------------+-------------+-------------+-------------+-------------+-------------+-------------+-------------+-------------+-------------+-------------+-------------+-------------+-------------+-------------+-------------+-------------+-------------+-------------+-------------+-------------+-------------+-------------+-------------+-------------+-------------+-------------+-------------+-------------+-------------+-------------+-------------+-------------+-------------+-------------+-------------+-------------+--------------+--------------+--------------+--------------+--------------+--------------+--------------+--------------+--------------+--------------+--------------+--------------+--------------+--------------+--------------+--------------+--------------+--------------+--------------+--------------+--------------+--------------+--------------+--------------+--------------+--------------+--------------+--------------+--------------+--------------+--------------+--------------+--------------+--------------+--------------+--------------+--------------+--------------+--------------+--------------+--------------+--------------+--------------+--------------+--------------+--------------+--------------+--------------+--------------+--------------+--------------+--------------+--------------+--------------+--------------+--------------+--------------+--------------+--------------+--------------+--------------+--------------+--------------+--------------+--------------+--------------+--------------+--------------+--------------+--------------+--------------+--------------+--------------+--------------+--------------+--------------+--------------+--------------+--------------+--------------+--------------+--------------+--------------+--------------+--------------+--------------+--------------+--------------+--------------+--------------+--------------+--------------+--------------+--------------+--------------+--------------+--------------+--------------+--------------+--------------+--------------+--------------+--------------+--------------+--------------+--------------+--------------+--------------+--------------+--------------+--------------+--------------+--------------+--------------+--------------+--------------+--------------+--------------+--------------+--------------+--------------+--------------+--------------+--------------+--------------+--------------+--------------+--------------+--------------+--------------+--------------+--------------+--------------+--------------+--------------+--------------+--------------+--------------+--------------+--------------+--------------+--------------+--------------+--------------+--------------+--------------+--------------+--------------+--------------+--------------+--------------+--------------+--------------+--------------+--------------+--------------+
| RDTSC Runtime [s] |   1.689810 |   1.692045 |   1.692049 |   1.691943 |   1.691346 |   1.692292 |   1.691298 |   1.691335 |   1.689561 |   1.691263 |    1.689870 |    1.691334 |    1.690287 |    1.689370 |    1.689933 |    1.689528 |    1.692041 |    1.691985 |    1.690160 |    1.689927 |    1.691398 |    1.692481 |    1.689362 |    1.689533 |    1.691389 |    1.689933 |    1.689484 |    1.689880 |    1.691406 |    1.689745 |    1.689593 |    1.689480 |    1.691912 |    1.689459 |    1.689687 |    1.689865 |    1.689372 |    1.691495 |    1.689487 |    1.689848 |    1.689826 |    1.689691 |    1.689899 |    1.689374 |    1.689360 |    1.689509 |    1.689374 |    1.689908 |    1.689903 |    1.689449 |    1.689366 |    1.689534 |    1.689694 |    1.689834 |    1.689442 |    1.689903 |    1.691347 |    1.689721 |    1.689357 |    1.689809 |    1.689919 |    1.690287 |    1.689456 |    1.689949 |    1.689794 |    1.689901 |    1.689402 |    1.689406 |    1.689511 |    1.689405 |    1.689900 |    1.690146 |    1.689813 |    1.689355 |    1.689511 |    1.689813 |    1.689480 |    1.689814 |    1.689443 |    1.689352 |    1.689796 |    1.689404 |    1.689405 |    1.689797 |    1.689944 |    1.689790 |    1.689699 |    1.689442 |    1.690416 |    1.689512 |    1.689505 |    1.689940 |    1.689398 |    1.689558 |    1.689864 |    1.689859 |    1.689447 |    1.689369 |    1.689812 |    1.689706 |     1.689813 |     1.689780 |     1.689441 |     1.689688 |     1.689771 |     1.689797 |     1.689701 |     1.689511 |     1.689363 |     1.690127 |     1.689535 |     1.689681 |     1.689488 |     1.689445 |     1.691777 |     1.689944 |     1.689359 |     1.689535 |     1.689940 |     1.689722 |     1.689372 |     1.690236 |     1.689862 |     1.689795 |     1.689534 |     1.689861 |     1.689373 |     1.689462 |     1.689787 |     1.690444 |     1.691912 |     1.689851 |     1.689854 |     1.690443 |     1.689940 |     1.689516 |     1.689877 |     1.689932 |     1.689773 |     1.689507 |     1.689726 |     1.689938 |     1.689726 |     1.691553 |     1.689827 |     1.691934 |     1.689468 |     1.689785 |     1.689377 |     1.691868 |     1.690268 |     1.689466 |     1.689687 |     1.689784 |     1.689616 |     1.690490 |     1.689360 |     1.689489 |     1.689877 |     1.690253 |     1.689460 |     1.690989 |     1.689470 |     1.689888 |     1.691969 |     1.691763 |     1.689492 |     1.690280 |     1.689744 |     1.689362 |     1.689970 |     1.689362 |     1.689816 |     1.689817 |     1.689467 |     1.690132 |     1.689895 |     1.689363 |     1.689801 |     1.689941 |     1.689407 |     1.689364 |     1.689403 |     1.689361 |     1.689909 |     1.689815 |     1.689803 |     1.689449 |     1.689688 |     1.689795 |     1.689905 |     1.689817 |     1.689415 |     1.689801 |     1.689358 |     1.689358 |     1.689415 |     1.689700 |     1.689448 |     1.689411 |     1.689958 |     1.689973 |     1.689490 |     1.689813 |     1.689813 |     1.689813 |     1.690887 |     1.689489 |     1.689409 |     1.689973 |     1.689812 |     1.689409 |     1.689726 |     1.689362 |     1.689365 |     1.689712 |     1.689538 |     1.689866 |     1.689851 |     1.690252 |     1.691031 |     1.689447 |     1.691049 |     1.689867 |     1.689869 |     1.689362 |     1.689869 |     1.689568 |     1.689865 |     1.689509 |     1.689513 |     1.689869 |     1.689358 |     1.689465 |     1.689365 |     1.689612 |     1.689364 |     1.689466 |     1.689409 |     1.689359 |     1.689364 |     1.689785 |     1.690201 |     1.689448 |     1.689785 |     1.689694 |     1.689364 |     1.690149 |     1.692316 |     1.689411 |     1.689871 |     1.689567 |     1.689485 |     1.689364 |     1.689409 |     1.689915 |
|     call count    |          1 |          1 |          1 |          1 |          1 |          1 |          1 |          1 |          1 |          1 |           1 |           1 |           1 |           1 |           1 |           1 |           1 |           1 |           1 |           1 |           1 |           1 |           1 |           1 |           1 |           1 |           1 |           1 |           1 |           1 |           1 |           1 |           1 |           1 |           1 |           1 |           1 |           1 |           1 |           1 |           1 |           1 |           1 |           1 |           1 |           1 |           1 |           1 |           1 |           1 |           1 |           1 |           1 |           1 |           1 |           1 |           1 |           1 |           1 |           1 |           1 |           1 |           1 |           1 |           1 |           1 |           1 |           1 |           1 |           1 |           1 |           1 |           1 |           1 |           1 |           1 |           1 |           1 |           1 |           1 |           1 |           1 |           1 |           1 |           1 |           1 |           1 |           1 |           1 |           1 |           1 |           1 |           1 |           1 |           1 |           1 |           1 |           1 |           1 |           1 |            1 |            1 |            1 |            1 |            1 |            1 |            1 |            1 |            1 |            1 |            1 |            1 |            1 |            1 |            1 |            1 |            1 |            1 |            1 |            1 |            1 |            1 |            1 |            1 |            1 |            1 |            1 |            1 |            1 |            1 |            1 |            1 |            1 |            1 |            1 |            1 |            1 |            1 |            1 |            1 |            1 |            1 |            1 |            1 |            1 |            1 |            1 |            1 |            1 |            1 |            1 |            1 |            1 |            1 |            1 |            1 |            1 |            1 |            1 |            1 |            1 |            1 |            1 |            1 |            1 |            1 |            1 |            1 |            1 |            1 |            1 |            1 |            1 |            1 |            1 |            1 |            1 |            1 |            1 |            1 |            1 |            1 |            1 |            1 |            1 |            1 |            1 |            1 |            1 |            1 |            1 |            1 |            1 |            1 |            1 |            1 |            1 |            1 |            1 |            1 |            1 |            1 |            1 |            1 |            1 |            1 |            1 |            1 |            1 |            1 |            1 |            1 |            1 |            1 |            1 |            1 |            1 |            1 |            1 |            1 |            1 |            1 |            1 |            1 |            1 |            1 |            1 |            1 |            1 |            1 |            1 |            1 |            1 |            1 |            1 |            1 |            1 |            1 |            1 |            1 |            1 |            1 |            1 |            1 |            1 |            1 |            1 |            1 |            1 |            1 |            1 |            1 |            1 |            1 |            1 |            1 |
+-------------------+------------+------------+------------+------------+------------+------------+------------+------------+------------+------------+-------------+-------------+-------------+-------------+-------------+-------------+-------------+-------------+-------------+-------------+-------------+-------------+-------------+-------------+-------------+-------------+-------------+-------------+-------------+-------------+-------------+-------------+-------------+-------------+-------------+-------------+-------------+-------------+-------------+-------------+-------------+-------------+-------------+-------------+-------------+-------------+-------------+-------------+-------------+-------------+-------------+-------------+-------------+-------------+-------------+-------------+-------------+-------------+-------------+-------------+-------------+-------------+-------------+-------------+-------------+-------------+-------------+-------------+-------------+-------------+-------------+-------------+-------------+-------------+-------------+-------------+-------------+-------------+-------------+-------------+-------------+-------------+-------------+-------------+-------------+-------------+-------------+-------------+-------------+-------------+-------------+-------------+-------------+-------------+-------------+-------------+-------------+-------------+-------------+-------------+--------------+--------------+--------------+--------------+--------------+--------------+--------------+--------------+--------------+--------------+--------------+--------------+--------------+--------------+--------------+--------------+--------------+--------------+--------------+--------------+--------------+--------------+--------------+--------------+--------------+--------------+--------------+--------------+--------------+--------------+--------------+--------------+--------------+--------------+--------------+--------------+--------------+--------------+--------------+--------------+--------------+--------------+--------------+--------------+--------------+--------------+--------------+--------------+--------------+--------------+--------------+--------------+--------------+--------------+--------------+--------------+--------------+--------------+--------------+--------------+--------------+--------------+--------------+--------------+--------------+--------------+--------------+--------------+--------------+--------------+--------------+--------------+--------------+--------------+--------------+--------------+--------------+--------------+--------------+--------------+--------------+--------------+--------------+--------------+--------------+--------------+--------------+--------------+--------------+--------------+--------------+--------------+--------------+--------------+--------------+--------------+--------------+--------------+--------------+--------------+--------------+--------------+--------------+--------------+--------------+--------------+--------------+--------------+--------------+--------------+--------------+--------------+--------------+--------------+--------------+--------------+--------------+--------------+--------------+--------------+--------------+--------------+--------------+--------------+--------------+--------------+--------------+--------------+--------------+--------------+--------------+--------------+--------------+--------------+--------------+--------------+--------------+--------------+--------------+--------------+--------------+--------------+--------------+--------------+--------------+--------------+--------------+--------------+--------------+--------------+--------------+--------------+--------------+--------------+--------------+--------------+
+-------------------------------------+---------+--------------+--------------+--------------+--------------+--------------+--------------+--------------+--------------+--------------+--------------+--------------+--------------+--------------+--------------+--------------+--------------+--------------+--------------+--------------+--------------+--------------+--------------+--------------+--------------+--------------+--------------+--------------+--------------+--------------+--------------+--------------+--------------+--------------+--------------+--------------+--------------+--------------+--------------+--------------+--------------+--------------+--------------+--------------+--------------+--------------+--------------+--------------+--------------+--------------+--------------+--------------+--------------+--------------+--------------+--------------+--------------+--------------+--------------+--------------+--------------+--------------+--------------+--------------+--------------+--------------+--------------+--------------+--------------+--------------+--------------+--------------+--------------+--------------+--------------+--------------+--------------+--------------+--------------+--------------+--------------+--------------+--------------+--------------+--------------+--------------+--------------+--------------+--------------+--------------+--------------+--------------+--------------+--------------+--------------+--------------+--------------+--------------+--------------+--------------+--------------+--------------+--------------+--------------+--------------+--------------+--------------+--------------+--------------+--------------+--------------+--------------+--------------+--------------+--------------+--------------+--------------+--------------+--------------+--------------+--------------+--------------+--------------+--------------+--------------+--------------+--------------+--------------+--------------+--------------+--------------+--------------+--------------+--------------+--------------+--------------+--------------+--------------+--------------+--------------+--------------+--------------+--------------+--------------+--------------+--------------+--------------+--------------+--------------+--------------+--------------+--------------+--------------+--------------+--------------+--------------+--------------+--------------+--------------+--------------+--------------+--------------+--------------+--------------+--------------+--------------+--------------+--------------+--------------+--------------+--------------+--------------+--------------+--------------+--------------+--------------+--------------+--------------+--------------+--------------+--------------+--------------+--------------+--------------+--------------+--------------+--------------+--------------+--------------+--------------+--------------+--------------+--------------+--------------+--------------+--------------+--------------+--------------+--------------+--------------+--------------+--------------+--------------+--------------+--------------+--------------+--------------+--------------+--------------+--------------+--------------+--------------+--------------+--------------+--------------+--------------+--------------+--------------+--------------+--------------+--------------+--------------+--------------+--------------+--------------+--------------+--------------+--------------+--------------+--------------+--------------+--------------+--------------+--------------+--------------+--------------+--------------+--------------+--------------+--------------+--------------+--------------+--------------+--------------+--------------+--------------+--------------+--------------+--------------+--------------+--------------+--------------+--------------+--------------+--------------+--------------+--------------+
|                Event                | Counter |  HWThread 0  |  HWThread 1  |  HWThread 2  |  HWThread 3  |  HWThread 4  |  HWThread 5  |  HWThread 6  |  HWThread 7  |  HWThread 8  |  HWThread 9  |  HWThread 10 |  HWThread 11 |  HWThread 12 |  HWThread 13 |  HWThread 14 |  HWThread 15 |  HWThread 16 |  HWThread 17 |  HWThread 18 |  HWThread 19 |  HWThread 20 |  HWThread 21 |  HWThread 22 |  HWThread 23 |  HWThread 24 |  HWThread 25 |  HWThread 26 |  HWThread 27 |  HWThread 28 |  HWThread 29 |  HWThread 30 |  HWThread 31 |  HWThread 32 |  HWThread 33 |  HWThread 34 |  HWThread 35 |  HWThread 36 |  HWThread 37 |  HWThread 38 |  HWThread 39 |  HWThread 40 |  HWThread 41 |  HWThread 42 |  HWThread 43 |  HWThread 44 |  HWThread 45 |  HWThread 46 |  HWThread 47 |  HWThread 48 |  HWThread 49 |  HWThread 50 |  HWThread 51 |  HWThread 52 |  HWThread 53 |  HWThread 54 |  HWThread 55 |  HWThread 56 |  HWThread 57 |  HWThread 58 |  HWThread 59 |  HWThread 60 |  HWThread 61 |  HWThread 62 |  HWThread 63 |  HWThread 64 |  HWThread 65 |  HWThread 66 |  HWThread 67 |  HWThread 68 |  HWThread 69 |  HWThread 70 |  HWThread 71 |  HWThread 72 |  HWThread 73 |  HWThread 74 |  HWThread 75 |  HWThread 76 |  HWThread 77 |  HWThread 78 |  HWThread 79 |  HWThread 80 |  HWThread 81 |  HWThread 82 |  HWThread 83 |  HWThread 84 |  HWThread 85 |  HWThread 86 |  HWThread 87 |  HWThread 88 |  HWThread 89 |  HWThread 90 |  HWThread 91 |  HWThread 92 |  HWThread 93 |  HWThread 94 |  HWThread 95 |  HWThread 96 |  HWThread 97 |  HWThread 98 |  HWThread 99 | HWThread 100 | HWThread 101 | HWThread 102 | HWThread 103 | HWThread 104 | HWThread 105 | HWThread 106 | HWThread 107 | HWThread 108 | HWThread 109 | HWThread 110 | HWThread 111 | HWThread 112 | HWThread 113 | HWThread 114 | HWThread 115 | HWThread 116 | HWThread 117 | HWThread 118 | HWThread 119 | HWThread 120 | HWThread 121 | HWThread 122 | HWThread 123 | HWThread 124 | HWThread 125 | HWThread 126 | HWThread 127 | HWThread 128 | HWThread 129 | HWThread 130 | HWThread 131 | HWThread 132 | HWThread 133 | HWThread 134 | HWThread 135 | HWThread 136 | HWThread 137 | HWThread 138 | HWThread 139 | HWThread 140 | HWThread 141 | HWThread 142 | HWThread 143 | HWThread 144 | HWThread 145 | HWThread 146 | HWThread 147 | HWThread 148 | HWThread 149 | HWThread 150 | HWThread 151 | HWThread 152 | HWThread 153 | HWThread 154 | HWThread 155 | HWThread 156 | HWThread 157 | HWThread 158 | HWThread 159 | HWThread 160 | HWThread 161 | HWThread 162 | HWThread 163 | HWThread 164 | HWThread 165 | HWThread 166 | HWThread 167 | HWThread 168 | HWThread 169 | HWThread 170 | HWThread 171 | HWThread 172 | HWThread 173 | HWThread 174 | HWThread 175 | HWThread 176 | HWThread 177 | HWThread 178 | HWThread 179 | HWThread 180 | HWThread 181 | HWThread 182 | HWThread 183 | HWThread 184 | HWThread 185 | HWThread 186 | HWThread 187 | HWThread 188 | HWThread 189 | HWThread 190 | HWThread 191 | HWThread 192 | HWThread 193 | HWThread 194 | HWThread 195 | HWThread 196 | HWThread 197 | HWThread 198 | HWThread 199 | HWThread 200 | HWThread 201 | HWThread 202 | HWThread 203 | HWThread 204 | HWThread 205 | HWThread 206 | HWThread 207 | HWThread 208 | HWThread 209 | HWThread 210 | HWThread 211 | HWThread 212 | HWThread 213 | HWThread 214 | HWThread 215 | HWThread 216 | HWThread 217 | HWThread 218 | HWThread 219 | HWThread 220 | HWThread 221 | HWThread 222 | HWThread 223 | HWThread 224 | HWThread 225 | HWThread 226 | HWThread 227 | HWThread 228 | HWThread 229 | HWThread 230 | HWThread 231 | HWThread 232 | HWThread 233 | HWThread 234 | HWThread 235 | HWThread 236 | HWThread 237 | HWThread 238 | HWThread 239 | HWThread 240 | HWThread 241 | HWThread 242 | HWThread 243 | HWThread 244 | HWThread 245 | HWThread 246 | HWThread 247 | HWThread 248 | HWThread 249 | HWThread 250 | HWThread 251 | HWThread 252 | HWThread 253 | HWThread 254 | HWThread 255 |
+-------------------------------------+---------+--------------+--------------+--------------+--------------+--------------+--------------+--------------+--------------+--------------+--------------+--------------+--------------+--------------+--------------+--------------+--------------+--------------+--------------+--------------+--------------+--------------+--------------+--------------+--------------+--------------+--------------+--------------+--------------+--------------+--------------+--------------+--------------+--------------+--------------+--------------+--------------+--------------+--------------+--------------+--------------+--------------+--------------+--------------+--------------+--------------+--------------+--------------+--------------+--------------+--------------+--------------+--------------+--------------+--------------+--------------+--------------+--------------+--------------+--------------+--------------+--------------+--------------+--------------+--------------+--------------+--------------+--------------+--------------+--------------+--------------+--------------+--------------+--------------+--------------+--------------+--------------+--------------+--------------+--------------+--------------+--------------+--------------+--------------+--------------+--------------+--------------+--------------+--------------+--------------+--------------+--------------+--------------+--------------+--------------+--------------+--------------+--------------+--------------+--------------+--------------+--------------+--------------+--------------+--------------+--------------+--------------+--------------+--------------+--------------+--------------+--------------+--------------+--------------+--------------+--------------+--------------+--------------+--------------+--------------+--------------+--------------+--------------+--------------+--------------+--------------+--------------+--------------+--------------+--------------+--------------+--------------+--------------+--------------+--------------+--------------+--------------+--------------+--------------+--------------+--------------+--------------+--------------+--------------+--------------+--------------+--------------+--------------+--------------+--------------+--------------+--------------+--------------+--------------+--------------+--------------+--------------+--------------+--------------+--------------+--------------+--------------+--------------+--------------+--------------+--------------+--------------+--------------+--------------+--------------+--------------+--------------+--------------+--------------+--------------+--------------+--------------+--------------+--------------+--------------+--------------+--------------+--------------+--------------+--------------+--------------+--------------+--------------+--------------+--------------+--------------+--------------+--------------+--------------+--------------+--------------+--------------+--------------+--------------+--------------+--------------+--------------+--------------+--------------+--------------+--------------+--------------+--------------+--------------+--------------+--------------+--------------+--------------+--------------+--------------+--------------+--------------+--------------+--------------+--------------+--------------+--------------+--------------+--------------+--------------+--------------+--------------+--------------+--------------+--------------+--------------+--------------+--------------+--------------+--------------+--------------+--------------+--------------+--------------+--------------+--------------+--------------+--------------+--------------+--------------+--------------+--------------+--------------+--------------+--------------+--------------+--------------+--------------+--------------+--------------+--------------+--------------+
|           ACTUAL_CPU_CLOCK          |  FIXC1  |   4090954000 |   4092311000 |   4092491000 |   4092376000 |   4095646000 |   4095718000 |   4092204000 |   4093688000 |   4062104000 |   4063658000 |   4062470000 |   4063756000 |   4062913000 |   4060683000 |   4064474000 |   4060758000 |   4107319000 |   4107232000 |   4106785000 |   4106297000 |   4108499000 |   4107289000 |   4106514000 |   4105828000 |   4074030000 |   4071438000 |   4069839000 |   4070991000 |   4072672000 |   4071651000 |   4069769000 |   4069802000 |   4074180000 |   4068020000 |   4071869000 |   4072149000 |   4069388000 |   4071962000 |   4068933000 |   4073019000 |   4094698000 |   4093056000 |   4093706000 |   4092113000 |   4092062000 |   4091346000 |   4091285000 |   4095025000 |   4105193000 |   4103197000 |   4102028000 |   4102714000 |   4105728000 |   4103906000 |   4103915000 |   4104704000 |   4079084000 |   4080278000 |   4076261000 |   4079504000 |   4078459000 |   4078594000 |   4077565000 |   4078356000 |   4073617000 |   4074604000 |   4070488000 |   4071411000 |   4072546000 |   4072060000 |   4072930000 |   4072455000 |   4100613000 |   4099138000 |   4098650000 |   4100447000 |   4098729000 |   4100685000 |   4099187000 |   4100444000 |   4080650000 |   4079494000 |   4079560000 |   4080439000 |   4081877000 |   4080531000 |   4080946000 |   4078851000 |   4078306000 |   4074351000 |   4074314000 |   4075973000 |   4074811000 |   4074636000 |   4076461000 |   4076463000 |   4092562000 |   4092512000 |   4094492000 |   4094943000 |   4095638000 |   4095430000 |   4092340000 |   4093257000 |   4098145000 |   4098275000 |   4095715000 |   4096884000 |   4096851000 |   4098059000 |   4096922000 |   4097415000 |   4091616000 |   4091073000 |   4094311000 |   4093545000 |   4091943000 |   4092208000 |   4093543000 |   4093672000 |   4081291000 |   4083438000 |   4082880000 |   4082285000 |   4082070000 |   4083862000 |   4082526000 |   4081895000 |   4084919000 |   4085596000 |   4086262000 |   4084896000 |   4083449000 |   4084464000 |   4084684000 |   4082017000 |   4093892000 |   4093384000 |   4092512000 |   4091286000 |   4093555000 |   4093470000 |   4093588000 |   4094140000 |   4122036000 |   4122938000 |   4118573000 |   4120152000 |   4119972000 |   4123102000 |   4122436000 |   4119476000 |   4092036000 |   4090707000 |   4089472000 |   4092091000 |   4090291000 |   4089715000 |   4091699000 |   4091629000 |   4084654000 |   4087085000 |   4083942000 |   4084770000 |   4086500000 |   4087295000 |   4082873000 |   4085796000 |   4105265000 |   4103856000 |   4104032000 |   4104639000 |   4105996000 |   4105297000 |   4104029000 |   4105908000 |   4091852000 |   4088747000 |   4088022000 |   4091864000 |   4090443000 |   4088747000 |   4088856000 |   4090499000 |   4105173000 |   4103560000 |   4103018000 |   4103002000 |   4103126000 |   4103812000 |   4105147000 |   4104074000 |   4077280000 |   4077630000 |   4076414000 |   4077855000 |   4076591000 |   4077734000 |   4077281000 |   4077701000 |   4086986000 |   4084754000 |   4086357000 |   4087243000 |   4087499000 |   4088171000 |   4089265000 |   4085902000 |   4104182000 |   4105178000 |   4104504000 |   4106145000 |   4108391000 |   4105510000 |   4104776000 |   4106870000 |   4090978000 |   4091647000 |   4092567000 |   4092875000 |   4092827000 |   4090986000 |   4093617000 |   4091984000 |   4119239000 |   4117118000 |   4117727000 |   4117026000 |   4118769000 |   4116205000 |   4116926000 |   4118770000 |   4080785000 |   4080631000 |   4080550000 |   4079139000 |   4079827000 |   4079240000 |   4080114000 |   4080273000 |   4098349000 |   4100753000 |   4101698000 |   4099070000 |   4101145000 |   4099940000 |   4099026000 |   4101063000 |   4091773000 |   4088605000 |   4089850000 |   4088912000 |   4088172000 |   4090004000 |   4088406000 |   4090307000 |
|            MAX_CPU_CLOCK            |  FIXC2  |   4568039000 |   4571285000 |   4570959000 |   4570718000 |   4573836000 |   4574027000 |   4569787000 |   4572369000 |   4567961000 |   4568963000 |   4566027000 |   4569234000 |   4566444000 |   4563594000 |   4569640000 |   4565371000 |   4571609000 |   4570449000 |   4569339000 |   4567792000 |   4572282000 |   4570646000 |   4566998000 |   4568483000 |   4572081000 |   4565615000 |   4566368000 |   4565346000 |   4568896000 |   4565142000 |   4566296000 |   4566220000 |   4572406000 |   4563641000 |   4569250000 |   4568454000 |   4565061000 |   4570641000 |   4565547000 |   4569433000 |   4569149000 |   4568833000 |   4568282000 |   4566873000 |   4566811000 |   4566667000 |   4564075000 |   4569403000 |   4568483000 |   4566985000 |   4566344000 |   4566824000 |   4569215000 |   4567812000 |   4567781000 |   4568262000 |   4570878000 |   4568902000 |   4566732000 |   4568798000 |   4568197000 |   4568516000 |   4568464000 |   4567285000 |   4569149000 |   4569128000 |   4564523000 |   4566054000 |   4568476000 |   4567936000 |   4568007000 |   4567703000 |   4567920000 |   4565876000 |   4567031000 |   4568366000 |   4566319000 |   4567923000 |   4566484000 |   4567469000 |   4567868000 |   4566196000 |   4566075000 |   4567709000 |   4568527000 |   4567745000 |   4568913000 |   4566415000 |   4570770000 |   4564844000 |   4564664000 |   4565521000 |   4564243000 |   4566514000 |   4567943000 |   4567938000 |   4566022000 |   4566021000 |   4567745000 |   4569100000 |   4569260000 |   4569192000 |   4564683000 |   4567508000 |   4568816000 |   4568918000 |   4567303000 |   4567847000 |   4567705000 |   4569508000 |   4567916000 |   4568475000 |   4564283000 |   4563671000 |   4568188000 |   4565499000 |   4563569000 |   4566598000 |   4565503000 |   4564910000 |   4565944000 |   4569912000 |   4568078000 |   4567705000 |   4567649000 |   4569443000 |   4567588000 |   4567897000 |   4568295000 |   4570623000 |   4572225000 |   4569170000 |   4568110000 |   4569541000 |   4568578000 |   4566863000 |   4569457000 |   4568615000 |   4568180000 |   4568142000 |   4568997000 |   4569618000 |   4568990000 |   4572168000 |   4569133000 |   4571644000 |   4566549000 |   4567837000 |   4567540000 |   4572848000 |   4570704000 |   4567766000 |   4568483000 |   4567648000 |   4566637000 |   4568520000 |   4566077000 |   4566675000 |   4568230000 |   4568275000 |   4569352000 |   4571961000 |   4567731000 |   4568262000 |   4572349000 |   4572328000 |   4566779000 |   4569893000 |   4569146000 |   4566184000 |   4567430000 |   4566533000 |   4569406000 |   4568087000 |   4566837000 |   4569337000 |   4569090000 |   4565950000 |   4564712000 |   4569774000 |   4567175000 |   4565937000 |   4566602000 |   4567352000 |   4569433000 |   4568134000 |   4567903000 |   4567771000 |   4568864000 |   4568210000 |   4569416000 |   4569261000 |   4567526000 |   4567915000 |   4566093000 |   4567036000 |   4566337000 |   4568909000 |   4567534000 |   4567876000 |   4568659000 |   4565345000 |   4567891000 |   4568184000 |   4568416000 |   4569269000 |   4571881000 |   4568279000 |   4566435000 |   4567498000 |   4566775000 |   4567878000 |   4568786000 |   4567072000 |   4566056000 |   4567587000 |   4568306000 |   4568097000 |   4568496000 |   4570416000 |   4570757000 |   4567481000 |   4571124000 |   4568197000 |   4569123000 |   4568218000 |   4568057000 |   4568108000 |   4568504000 |   4566762000 |   4568003000 |   4568522000 |   4567239000 |   4568027000 |   4566342000 |   4566106000 |   4565901000 |   4566975000 |   4566485000 |   4566081000 |   4566797000 |   4569360000 |   4571015000 |   4567860000 |   4568938000 |   4568834000 |   4566239000 |   4569616000 |   4571228000 |   4566309000 |   4568138000 |   4568088000 |   4566693000 |   4567332000 |   4566217000 |   4568290000 |
|         RETIRED_INSTRUCTIONS        |   PMC0  |  10208490000 |  10210460000 |  10210310000 |  10210340000 |  10210060000 |  10210440000 |  10209950000 |  10210050000 |  10203920000 |  10204690000 |  10204000000 |  10204640000 |  10204140000 |  10203840000 |  10204010000 |  10203900000 |  10212780000 |  10212790000 |  10211990000 |  10211900000 |  10212470000 |  10212990000 |  10211640000 |  10211700000 |  10206310000 |  10205730000 |  10205530000 |  10205730000 |  10206280000 |  10205660000 |  10205540000 |  10205500000 |  10207040000 |  10206030000 |  10206110000 |  10205720000 |  10205960000 |  10206880000 |  10205950000 |  10206130000 |  10209410000 |  10209380000 |  10209380000 |  10209220000 |  10209190000 |  10209280000 |  10209100000 |  10209400000 |  10211470000 |  10211360000 |  10211280000 |  10211420000 |  10211400000 |  10211460000 |  10211320000 |  10211460000 |  10207390000 |  10206800000 |  10206650000 |  10206870000 |  10206540000 |  10206620000 |  10206370000 |  10206590000 |  10205890000 |  10205940000 |  10205760000 |  10205770000 |  10205790000 |  10205770000 |  10205930000 |  10206020000 |  10210830000 |  10210730000 |  10210750000 |  10210850000 |  10210720000 |  10210880000 |  10210680000 |  10210680000 |  10207260000 |  10207130000 |  10207100000 |  10207250000 |  10207250000 |  10207210000 |  10207200000 |  10207100000 |  10206800000 |  10206480000 |  10206480000 |  10206650000 |  10206110000 |  10206170000 |  10206240000 |  10206260000 |  10210030000 |  10210020000 |  10210130000 |  10210120000 |  10210100000 |  10210120000 |  10209930000 |  10210060000 |  10209980000 |  10210700000 |  10210610000 |  10210580000 |  10210460000 |  10210750000 |  10210560000 |  10210590000 |  10209770000 |  10209800000 |  10210680000 |  10209970000 |  10209660000 |  10209770000 |  10209860000 |  10209810000 |  10207680000 |  10208070000 |  10207830000 |  10207850000 |  10207410000 |  10207590000 |  10207280000 |  10207410000 |  10207100000 |  10207360000 |  10208030000 |  10207120000 |  10207030000 |  10207300000 |  10207050000 |  10206960000 |  10208650000 |  10208650000 |  10208620000 |  10208560000 |  10208560000 |  10208650000 |  10208550000 |  10209380000 |  10213720000 |  10214590000 |  10213600000 |  10213740000 |  10213540000 |  10214560000 |  10213870000 |  10213600000 |  10208510000 |  10208580000 |  10208460000 |  10208840000 |  10208050000 |  10208130000 |  10208270000 |  10208410000 |  10207120000 |  10207770000 |  10207120000 |  10207300000 |  10208110000 |  10208100000 |  10207160000 |  10207450000 |  10210980000 |  10210840000 |  10210980000 |  10210830000 |  10211010000 |  10210930000 |  10210800000 |  10211060000 |  10208420000 |  10208170000 |  10208340000 |  10208370000 |  10208200000 |  10208140000 |  10208120000 |  10208140000 |  10210590000 |  10210620000 |  10210570000 |  10210440000 |  10210180000 |  10210340000 |  10210300000 |  10210260000 |  10205980000 |  10206130000 |  10205930000 |  10205970000 |  10205920000 |  10206030000 |  10205910000 |  10205920000 |  10207650000 |  10207680000 |  10207480000 |  10207620000 |  10207570000 |  10207580000 |  10208030000 |  10207490000 |  10211110000 |  10211250000 |  10211260000 |  10211100000 |  10211150000 |  10211040000 |  10210990000 |  10211120000 |  10208480000 |  10208640000 |  10208590000 |  10208780000 |  10208790000 |  10208200000 |  10208780000 |  10208230000 |  10213220000 |  10213080000 |  10213200000 |  10213170000 |  10213210000 |  10213100000 |  10213080000 |  10213160000 |  10206520000 |  10206590000 |  10206530000 |  10206640000 |  10206510000 |  10206540000 |  10206500000 |  10206510000 |  10209900000 |  10210070000 |  10210160000 |  10209930000 |  10209990000 |  10210020000 |  10209840000 |  10210170000 |  10209240000 |  10208100000 |  10208230000 |  10208170000 |  10207790000 |  10207830000 |  10207770000 |  10207870000 |
|         CPU_CLOCKS_UNHALTED         |   PMC1  |   4056761000 |   4065608000 |   4065076000 |   4065208000 |   4063403000 |   4065798000 |   4063162000 |   4063615000 |   4029323000 |   4033336000 |   4029807000 |   4033359000 |   4030585000 |   4028832000 |   4029846000 |   4029223000 |   4078858000 |   4078872000 |   4074382000 |   4073858000 |   4077081000 |   4079999000 |   4072430000 |   4072838000 |   4042779000 |   4039419000 |   4038331000 |   4039358000 |   4042577000 |   4039058000 |   4038344000 |   4038160000 |   4046927000 |   4041147000 |   4041592000 |   4040904000 |   4040771000 |   4045632000 |   4040697000 |   4041847000 |   4060065000 |   4059854000 |   4059874000 |   4059046000 |   4058906000 |   4059335000 |   4058420000 |   4060092000 |   4071569000 |   4070938000 |   4070478000 |   4071173000 |   4071201000 |   4071535000 |   4070712000 |   4071529000 |   4048751000 |   4045473000 |   4044629000 |   4045760000 |   4045538000 |   4046356000 |   4044555000 |   4045762000 |   4040578000 |   4040830000 |   4039831000 |   4039799000 |   4039971000 |   4039837000 |   4040730000 |   4041292000 |   4068603000 |   4067944000 |   4068104000 |   4068649000 |   4067946000 |   4068879000 |   4067669000 |   4067726000 |   4048340000 |   4047501000 |   4047353000 |   4048228000 |   4048216000 |   4048014000 |   4047868000 |   4047304000 |   4045723000 |   4043846000 |   4043840000 |   4044757000 |   4043216000 |   4043620000 |   4044045000 |   4044148000 |   4063432000 |   4063364000 |   4064047000 |   4063890000 |   4063925000 |   4063944000 |   4062930000 |   4063616000 |   4063274000 |   4067213000 |   4066699000 |   4066463000 |   4065850000 |   4067495000 |   4066403000 |   4066642000 |   4062018000 |   4062101000 |   4067131000 |   4063103000 |   4061466000 |   4062016000 |   4062541000 |   4062250000 |   4050376000 |   4052504000 |   4051185000 |   4051257000 |   4050390000 |   4051369000 |   4049691000 |   4050373000 |   4047237000 |   4048764000 |   4052115000 |   4047335000 |   4046870000 |   4048424000 |   4046955000 |   4046453000 |   4055946000 |   4055954000 |   4055720000 |   4055348000 |   4055437000 |   4055961000 |   4055221000 |   4059679000 |   4084223000 |   4088750000 |   4083540000 |   4084266000 |   4083203000 |   4088928000 |   4085049000 |   4083544000 |   4055033000 |   4055437000 |   4054735000 |   4056933000 |   4053959000 |   4054416000 |   4055182000 |   4055984000 |   4047347000 |   4051070000 |   4047394000 |   4048400000 |   4052990000 |   4052520000 |   4047175000 |   4048873000 |   4068883000 |   4068090000 |   4068930000 |   4068048000 |   4068790000 |   4068663000 |   4067849000 |   4069449000 |   4054200000 |   4053147000 |   4054117000 |   4054241000 |   4052995000 |   4052979000 |   4052843000 |   4053060000 |   4066752000 |   4066898000 |   4066653000 |   4065846000 |   4065907000 |   4066808000 |   4066572000 |   4066404000 |   4041064000 |   4041894000 |   4040679000 |   4040875000 |   4040705000 |   4041340000 |   4040654000 |   4040718000 |   4050341000 |   4050541000 |   4049399000 |   4050088000 |   4049980000 |   4049962000 |   4052459000 |   4049424000 |   4069608000 |   4070406000 |   4070092000 |   4069518000 |   4069898000 |   4069203000 |   4068900000 |   4069680000 |   4054966000 |   4055766000 |   4055557000 |   4056579000 |   4058151000 |   4054768000 |   4058130000 |   4054991000 |   4081478000 |   4080657000 |   4081386000 |   4081103000 |   4081449000 |   4080781000 |   4080638000 |   4081223000 |   4044397000 |   4044683000 |   4044392000 |   4044862000 |   4044180000 |   4044461000 |   4044105000 |   4044289000 |   4062902000 |   4063886000 |   4064416000 |   4063075000 |   4063411000 |   4063569000 |   4062552000 |   4064463000 |   4059198000 |   4052728000 |   4053555000 |   4053092000 |   4052561000 |   4052705000 |   4052419000 |   4052995000 |
|                MERGE                |   PMC3  |            0 |            0 |            0 |            0 |            0 |            0 |            0 |            0 |            0 |            0 |            0 |            0 |            0 |            0 |            0 |            0 |            0 |            0 |            0 |            0 |            0 |            0 |            0 |            0 |            0 |            0 |            0 |            0 |            0 |            0 |            0 |            0 |            0 |            0 |            0 |            0 |            0 |            0 |            0 |            0 |            0 |            0 |            0 |            0 |            0 |            0 |            0 |            0 |            0 |            0 |            0 |            0 |            0 |            0 |            0 |            0 |            0 |            0 |            0 |            0 |            0 |            0 |            0 |            0 |            0 |            0 |            0 |            0 |            0 |            0 |            0 |            0 |            0 |            0 |            0 |            0 |            0 |            0 |            0 |            0 |            0 |            0 |            0 |            0 |            0 |            0 |            0 |            0 |            0 |            0 |            0 |            0 |            0 |            0 |            0 |            0 |            0 |            0 |            0 |            0 |            0 |            0 |            0 |            0 |            0 |            0 |            0 |            0 |            0 |            0 |            0 |            0 |            0 |            0 |            0 |            0 |            0 |            0 |            0 |            0 |            0 |            0 |            0 |            0 |            0 |            0 |            0 |            0 |            0 |            0 |            0 |            0 |            0 |            0 |            0 |            0 |            0 |            0 |            0 |            0 |            0 |            0 |            0 |            0 |            0 |            0 |            0 |            0 |            0 |            0 |            0 |            0 |            0 |            0 |            0 |            0 |            0 |            0 |            0 |            0 |            0 |            0 |            0 |            0 |            0 |            0 |            0 |            0 |            0 |            0 |            0 |            0 |            0 |            0 |            0 |            0 |            0 |            0 |            0 |            0 |            0 |            0 |            0 |            0 |            0 |            0 |            0 |            0 |            0 |            0 |            0 |            0 |            0 |            0 |            0 |            0 |            0 |            0 |            0 |            0 |            0 |            0 |            0 |            0 |            0 |            0 |            0 |            0 |            0 |            0 |            0 |            0 |            0 |            0 |            0 |            0 |            0 |            0 |            0 |            0 |            0 |            0 |            0 |            0 |            0 |            0 |            0 |            0 |            0 |            0 |            0 |            0 |            0 |            0 |            0 |            0 |            0 |            0 |            0 |            0 |            0 |            0 |            0 |            0 |            0 |            0 |            0 |            0 |            0 |            0 |            0 |            0 |            0 |            0 |            0 |            0 |
| RETIRED_SSE_AVX_FLOPS_ALL_DP_SCALAR |   PMC2  |           12 |           12 |           12 |           12 |           12 |           12 |           12 |           12 |           12 |           12 |           12 |           12 |           12 |           12 |           12 |           12 |           12 |           12 |           12 |           12 |           12 |           12 |           12 |           12 |           12 |           12 |           12 |           12 |           12 |           12 |           12 |           12 |           12 |           12 |           12 |           12 |           12 |           12 |           12 |           12 |           12 |           12 |           12 |           12 |           12 |           12 |           12 |           12 |           12 |           12 |           12 |           12 |           12 |           12 |           12 |           12 |           12 |           12 |           12 |           12 |           12 |           12 |           12 |           12 |           12 |           12 |           12 |           12 |           12 |           12 |           12 |           12 |           12 |           12 |           12 |           12 |           12 |           12 |           12 |           12 |           12 |           12 |           12 |           12 |           12 |           12 |           12 |           12 |           12 |           12 |           12 |           12 |           12 |           12 |           12 |           12 |           12 |           12 |           12 |           12 |           12 |           12 |           12 |           12 |           12 |           12 |           12 |           12 |           12 |           12 |           12 |           12 |           12 |           12 |           12 |           12 |           12 |           12 |           12 |           12 |           12 |           12 |           12 |           12 |           12 |           12 |           12 |           12 |           12 |           12 |           12 |           12 |           12 |           12 |           12 |           12 |           12 |           12 |           12 |           12 |           12 |           12 |           12 |           12 |           12 |           12 |           12 |           12 |           12 |           12 |           12 |           12 |           12 |           12 |           12 |           12 |           12 |           12 |           12 |           12 |           12 |           12 |           12 |           12 |           12 |           12 |           12 |           12 |           12 |           12 |           12 |           12 |           12 |           12 |           12 |           12 |           12 |           12 |           12 |           12 |           12 |           12 |           12 |           12 |           12 |           12 |           12 |           12 |           12 |           12 |           12 |           12 |           12 |           12 |           12 |           12 |           12 |           12 |           12 |           12 |           12 |           12 |           12 |           12 |           12 |           12 |           12 |           12 |           12 |           12 |           12 |           12 |           12 |           12 |           12 |           12 |           12 |           12 |           12 |           12 |           12 |           12 |           12 |           12 |           12 |           12 |           12 |           12 |           12 |           12 |           12 |           12 |           12 |           12 |           12 |           12 |           12 |           12 |           12 |           12 |           12 |           12 |           12 |           12 |           12 |           12 |           12 |           12 |           12 |           12 |           12 |           12 |           12 |           12 |           12 |           12 |
|                MERGE                |   PMC5  |            0 |            0 |            0 |            0 |            0 |            0 |            0 |            0 |            0 |            0 |            0 |            0 |            0 |            0 |            0 |            0 |            0 |            0 |            0 |            0 |            0 |            0 |            0 |            0 |            0 |            0 |            0 |            0 |            0 |            0 |            0 |            0 |            0 |            0 |            0 |            0 |            0 |            0 |            0 |            0 |            0 |            0 |            0 |            0 |            0 |            0 |            0 |            0 |            0 |            0 |            0 |            0 |            0 |            0 |            0 |            0 |            0 |            0 |            0 |            0 |            0 |            0 |            0 |            0 |            0 |            0 |            0 |            0 |            0 |            0 |            0 |            0 |            0 |            0 |            0 |            0 |            0 |            0 |            0 |            0 |            0 |            0 |            0 |            0 |            0 |            0 |            0 |            0 |            0 |            0 |            0 |            0 |            0 |            0 |            0 |            0 |            0 |            0 |            0 |            0 |            0 |            0 |            0 |            0 |            0 |            0 |            0 |            0 |            0 |            0 |            0 |            0 |            0 |            0 |            0 |            0 |            0 |            0 |            0 |            0 |            0 |            0 |            0 |            0 |            0 |            0 |            0 |            0 |            0 |            0 |            0 |            0 |            0 |            0 |            0 |            0 |            0 |            0 |            0 |            0 |            0 |            0 |            0 |            0 |            0 |            0 |            0 |            0 |            0 |            0 |            0 |            0 |            0 |            0 |            0 |            0 |            0 |            0 |            0 |            0 |            0 |            0 |            0 |            0 |            0 |            0 |            0 |            0 |            0 |            0 |            0 |            0 |            0 |            0 |            0 |            0 |            0 |            0 |            0 |            0 |            0 |            0 |            0 |            0 |            0 |            0 |            0 |            0 |            0 |            0 |            0 |            0 |            0 |            0 |            0 |            0 |            0 |            0 |            0 |            0 |            0 |            0 |            0 |            0 |            0 |            0 |            0 |            0 |            0 |            0 |            0 |            0 |            0 |            0 |            0 |            0 |            0 |            0 |            0 |            0 |            0 |            0 |            0 |            0 |            0 |            0 |            0 |            0 |            0 |            0 |            0 |            0 |            0 |            0 |            0 |            0 |            0 |            0 |            0 |            0 |            0 |            0 |            0 |            0 |            0 |            0 |            0 |            0 |            0 |            0 |            0 |            0 |            0 |            0 |            0 |            0 |
| RETIRED_SSE_AVX_FLOPS_ALL_DP_PACKED |   PMC4  | 128849000000 | 128849000000 | 128849000000 | 128849000000 | 128849000000 | 128849000000 | 128849000000 | 128849000000 | 128849000000 | 128849000000 | 128849000000 | 128849000000 | 128849000000 | 128849000000 | 128849000000 | 128849000000 | 128849000000 | 128849000000 | 128849000000 | 128849000000 | 128849000000 | 128849000000 | 128849000000 | 128849000000 | 128849000000 | 128849000000 | 128849000000 | 128849000000 | 128849000000 | 128849000000 | 128849000000 | 128849000000 | 128849000000 | 128849000000 | 128849000000 | 128849000000 | 128849000000 | 128849000000 | 128849000000 | 128849000000 | 128849000000 | 128849000000 | 128849000000 | 128849000000 | 128849000000 | 128849000000 | 128849000000 | 128849000000 | 128849000000 | 128849000000 | 128849000000 | 128849000000 | 128849000000 | 128849000000 | 128849000000 | 128849000000 | 128849000000 | 128849000000 | 128849000000 | 128849000000 | 128849000000 | 128849000000 | 128849000000 | 128849000000 | 128849000000 | 128849000000 | 128849000000 | 128849000000 | 128849000000 | 128849000000 | 128849000000 | 128849000000 | 128849000000 | 128849000000 | 128849000000 | 128849000000 | 128849000000 | 128849000000 | 128849000000 | 128849000000 | 128849000000 | 128849000000 | 128849000000 | 128849000000 | 128849000000 | 128849000000 | 128849000000 | 128849000000 | 128849000000 | 128849000000 | 128849000000 | 128849000000 | 128849000000 | 128849000000 | 128849000000 | 128849000000 | 128849000000 | 128849000000 | 128849000000 | 128849000000 | 128849000000 | 128849000000 | 128849000000 | 128849000000 | 128849000000 | 128849000000 | 128849000000 | 128849000000 | 128849000000 | 128849000000 | 128849000000 | 128849000000 | 128849000000 | 128849000000 | 128849000000 | 128849000000 | 128849000000 | 128849000000 | 128849000000 | 128849000000 | 128849000000 | 128849000000 | 128849000000 | 128849000000 | 128849000000 | 128849000000 | 128849000000 | 128849000000 | 128849000000 | 128849000000 | 128849000000 | 128849000000 | 128849000000 | 128849000000 | 128849000000 | 128849000000 | 128849000000 | 128849000000 | 128849000000 | 128849000000 | 128849000000 | 128849000000 | 128849000000 | 128849000000 | 128849000000 | 128849000000 | 128849000000 | 128849000000 | 128849000000 | 128849000000 | 128849000000 | 128849000000 | 128849000000 | 128849000000 | 128849000000 | 128849000000 | 128849000000 | 128849000000 | 128849000000 | 128849000000 | 128849000000 | 128849000000 | 128849000000 | 128849000000 | 128849000000 | 128849000000 | 128849000000 | 128849000000 | 128849000000 | 128849000000 | 128849000000 | 128849000000 | 128849000000 | 128849000000 | 128849000000 | 128849000000 | 128849000000 | 128849000000 | 128849000000 | 128849000000 | 128849000000 | 128849000000 | 128849000000 | 128849000000 | 128849000000 | 128849000000 | 128849000000 | 128849000000 | 128849000000 | 128849000000 | 128849000000 | 128849000000 | 128849000000 | 128849000000 | 128849000000 | 128849000000 | 128849000000 | 128849000000 | 128849000000 | 128849000000 | 128849000000 | 128849000000 | 128849000000 | 128849000000 | 128849000000 | 128849000000 | 128849000000 | 128849000000 | 128849000000 | 128849000000 | 128849000000 | 128849000000 | 128849000000 | 128849000000 | 128849000000 | 128849000000 | 128849000000 | 128849000000 | 128849000000 | 128849000000 | 128849000000 | 128849000000 | 128849000000 | 128849000000 | 128849000000 | 128849000000 | 128849000000 | 128849000000 | 128849000000 | 128849000000 | 128849000000 | 128849000000 | 128849000000 | 128849000000 | 128849000000 | 128849000000 | 128849000000 | 128849000000 | 128849000000 | 128849000000 | 128849000000 | 128849000000 | 128849000000 | 128849000000 | 128849000000 | 128849000000 | 128849000000 | 128849000000 | 128849000000 | 128849000000 | 128849000000 | 128849000000 | 128849000000 | 128849000000 | 128849000000 | 128849000000 |
+-------------------------------------+---------+--------------+--------------+--------------+--------------+--------------+--------------+--------------+--------------+--------------+--------------+--------------+--------------+--------------+--------------+--------------+--------------+--------------+--------------+--------------+--------------+--------------+--------------+--------------+--------------+--------------+--------------+--------------+--------------+--------------+--------------+--------------+--------------+--------------+--------------+--------------+--------------+--------------+--------------+--------------+--------------+--------------+--------------+--------------+--------------+--------------+--------------+--------------+--------------+--------------+--------------+--------------+--------------+--------------+--------------+--------------+--------------+--------------+--------------+--------------+--------------+--------------+--------------+--------------+--------------+--------------+--------------+--------------+--------------+--------------+--------------+--------------+--------------+--------------+--------------+--------------+--------------+--------------+--------------+--------------+--------------+--------------+--------------+--------------+--------------+--------------+--------------+--------------+--------------+--------------+--------------+--------------+--------------+--------------+--------------+--------------+--------------+--------------+--------------+--------------+--------------+--------------+--------------+--------------+--------------+--------------+--------------+--------------+--------------+--------------+--------------+--------------+--------------+--------------+--------------+--------------+--------------+--------------+--------------+--------------+--------------+--------------+--------------+--------------+--------------+--------------+--------------+--------------+--------------+--------------+--------------+--------------+--------------+--------------+--------------+--------------+--------------+--------------+--------------+--------------+--------------+--------------+--------------+--------------+--------------+--------------+--------------+--------------+--------------+--------------+--------------+--------------+--------------+--------------+--------------+--------------+--------------+--------------+--------------+--------------+--------------+--------------+--------------+--------------+--------------+--------------+--------------+--------------+--------------+--------------+--------------+--------------+--------------+--------------+--------------+--------------+--------------+--------------+--------------+--------------+--------------+--------------+--------------+--------------+--------------+--------------+--------------+--------------+--------------+--------------+--------------+--------------+--------------+--------------+--------------+--------------+--------------+--------------+--------------+--------------+--------------+--------------+--------------+--------------+--------------+--------------+--------------+--------------+--------------+--------------+--------------+--------------+--------------+--------------+--------------+--------------+--------------+--------------+--------------+--------------+--------------+--------------+--------------+--------------+--------------+--------------+--------------+--------------+--------------+--------------+--------------+--------------+--------------+--------------+--------------+--------------+--------------+--------------+--------------+--------------+--------------+--------------+--------------+--------------+--------------+--------------+--------------+--------------+--------------+--------------+--------------+--------------+--------------+--------------+--------------+--------------+--------------+
+------------------------------------------+---------+----------------+--------------+--------------+--------------+
|                   Event                  | Counter |       Sum      |      Min     |      Max     |      Avg     |
+------------------------------------------+---------+----------------+--------------+--------------+--------------+
|           ACTUAL_CPU_CLOCK STAT          |  FIXC1  |  1047189151000 |   4060683000 |   4123102000 | 4.090583e+09 |
|            MAX_CPU_CLOCK STAT            |  FIXC2  |  1169415380000 |   4563569000 |   4574027000 | 4.568029e+09 |
|         RETIRED_INSTRUCTIONS STAT        |   PMC0  |  2613445660000 |  10203840000 |  10214590000 | 1.020877e+10 |
|         CPU_CLOCKS_UNHALTED STAT         |   PMC1  |  1038522160000 |   4028832000 |   4088928000 | 4.056727e+09 |
|                MERGE STAT                |   PMC3  |              0 |            0 |            0 |            0 |
| RETIRED_SSE_AVX_FLOPS_ALL_DP_SCALAR STAT |   PMC2  |           3072 |           12 |           12 |           12 |
|                MERGE STAT                |   PMC5  |              0 |            0 |            0 |            0 |
| RETIRED_SSE_AVX_FLOPS_ALL_DP_PACKED STAT |   PMC4  | 32985344000000 | 128849000000 | 128849000000 | 128849000000 |
+------------------------------------------+---------+----------------+--------------+--------------+--------------+
+----------------------+------------+------------+------------+------------+------------+------------+------------+------------+------------+------------+-------------+-------------+-------------+-------------+-------------+-------------+-------------+-------------+-------------+-------------+-------------+-------------+-------------+-------------+-------------+-------------+-------------+-------------+-------------+-------------+-------------+-------------+-------------+-------------+-------------+-------------+-------------+-------------+-------------+-------------+-------------+-------------+-------------+-------------+-------------+-------------+-------------+-------------+-------------+-------------+-------------+-------------+-------------+-------------+-------------+-------------+-------------+-------------+-------------+-------------+-------------+-------------+-------------+-------------+-------------+-------------+-------------+-------------+-------------+-------------+-------------+-------------+-------------+-------------+-------------+-------------+-------------+-------------+-------------+-------------+-------------+-------------+-------------+-------------+-------------+-------------+-------------+-------------+-------------+-------------+-------------+-------------+-------------+-------------+-------------+-------------+-------------+-------------+-------------+-------------+--------------+--------------+--------------+--------------+--------------+--------------+--------------+--------------+--------------+--------------+--------------+--------------+--------------+--------------+--------------+--------------+--------------+--------------+--------------+--------------+--------------+--------------+--------------+--------------+--------------+--------------+--------------+--------------+--------------+--------------+--------------+--------------+--------------+--------------+--------------+--------------+--------------+--------------+--------------+--------------+--------------+--------------+--------------+--------------+--------------+--------------+--------------+--------------+--------------+--------------+--------------+--------------+--------------+--------------+--------------+--------------+--------------+--------------+--------------+--------------+--------------+--------------+--------------+--------------+--------------+--------------+--------------+--------------+--------------+--------------+--------------+--------------+--------------+--------------+--------------+--------------+--------------+--------------+--------------+--------------+--------------+--------------+--------------+--------------+--------------+--------------+--------------+--------------+--------------+--------------+--------------+--------------+--------------+--------------+--------------+--------------+--------------+--------------+--------------+--------------+--------------+--------------+--------------+--------------+--------------+--------------+--------------+--------------+--------------+--------------+--------------+--------------+--------------+--------------+--------------+--------------+--------------+--------------+--------------+--------------+--------------+--------------+--------------+--------------+--------------+--------------+--------------+--------------+--------------+--------------+--------------+--------------+--------------+--------------+--------------+--------------+--------------+--------------+--------------+--------------+--------------+--------------+--------------+--------------+--------------+--------------+--------------+--------------+--------------+--------------+--------------+--------------+--------------+--------------+--------------+--------------+
|        Metric        | HWThread 0 | HWThread 1 | HWThread 2 | HWThread 3 | HWThread 4 | HWThread 5 | HWThread 6 | HWThread 7 | HWThread 8 | HWThread 9 | HWThread 10 | HWThread 11 | HWThread 12 | HWThread 13 | HWThread 14 | HWThread 15 | HWThread 16 | HWThread 17 | HWThread 18 | HWThread 19 | HWThread 20 | HWThread 21 | HWThread 22 | HWThread 23 | HWThread 24 | HWThread 25 | HWThread 26 | HWThread 27 | HWThread 28 | HWThread 29 | HWThread 30 | HWThread 31 | HWThread 32 | HWThread 33 | HWThread 34 | HWThread 35 | HWThread 36 | HWThread 37 | HWThread 38 | HWThread 39 | HWThread 40 | HWThread 41 | HWThread 42 | HWThread 43 | HWThread 44 | HWThread 45 | HWThread 46 | HWThread 47 | HWThread 48 | HWThread 49 | HWThread 50 | HWThread 51 | HWThread 52 | HWThread 53 | HWThread 54 | HWThread 55 | HWThread 56 | HWThread 57 | HWThread 58 | HWThread 59 | HWThread 60 | HWThread 61 | HWThread 62 | HWThread 63 | HWThread 64 | HWThread 65 | HWThread 66 | HWThread 67 | HWThread 68 | HWThread 69 | HWThread 70 | HWThread 71 | HWThread 72 | HWThread 73 | HWThread 74 | HWThread 75 | HWThread 76 | HWThread 77 | HWThread 78 | HWThread 79 | HWThread 80 | HWThread 81 | HWThread 82 | HWThread 83 | HWThread 84 | HWThread 85 | HWThread 86 | HWThread 87 | HWThread 88 | HWThread 89 | HWThread 90 | HWThread 91 | HWThread 92 | HWThread 93 | HWThread 94 | HWThread 95 | HWThread 96 | HWThread 97 | HWThread 98 | HWThread 99 | HWThread 100 | HWThread 101 | HWThread 102 | HWThread 103 | HWThread 104 | HWThread 105 | HWThread 106 | HWThread 107 | HWThread 108 | HWThread 109 | HWThread 110 | HWThread 111 | HWThread 112 | HWThread 113 | HWThread 114 | HWThread 115 | HWThread 116 | HWThread 117 | HWThread 118 | HWThread 119 | HWThread 120 | HWThread 121 | HWThread 122 | HWThread 123 | HWThread 124 | HWThread 125 | HWThread 126 | HWThread 127 | HWThread 128 | HWThread 129 | HWThread 130 | HWThread 131 | HWThread 132 | HWThread 133 | HWThread 134 | HWThread 135 | HWThread 136 | HWThread 137 | HWThread 138 | HWThread 139 | HWThread 140 | HWThread 141 | HWThread 142 | HWThread 143 | HWThread 144 | HWThread 145 | HWThread 146 | HWThread 147 | HWThread 148 | HWThread 149 | HWThread 150 | HWThread 151 | HWThread 152 | HWThread 153 | HWThread 154 | HWThread 155 | HWThread 156 | HWThread 157 | HWThread 158 | HWThread 159 | HWThread 160 | HWThread 161 | HWThread 162 | HWThread 163 | HWThread 164 | HWThread 165 | HWThread 166 | HWThread 167 | HWThread 168 | HWThread 169 | HWThread 170 | HWThread 171 | HWThread 172 | HWThread 173 | HWThread 174 | HWThread 175 | HWThread 176 | HWThread 177 | HWThread 178 | HWThread 179 | HWThread 180 | HWThread 181 | HWThread 182 | HWThread 183 | HWThread 184 | HWThread 185 | HWThread 186 | HWThread 187 | HWThread 188 | HWThread 189 | HWThread 190 | HWThread 191 | HWThread 192 | HWThread 193 | HWThread 194 | HWThread 195 | HWThread 196 | HWThread 197 | HWThread 198 | HWThread 199 | HWThread 200 | HWThread 201 | HWThread 202 | HWThread 203 | HWThread 204 | HWThread 205 | HWThread 206 | HWThread 207 | HWThread 208 | HWThread 209 | HWThread 210 | HWThread 211 | HWThread 212 | HWThread 213 | HWThread 214 | HWThread 215 | HWThread 216 | HWThread 217 | HWThread 218 | HWThread 219 | HWThread 220 | HWThread 221 | HWThread 222 | HWThread 223 | HWThread 224 | HWThread 225 | HWThread 226 | HWThread 227 | HWThread 228 | HWThread 229 | HWThread 230 | HWThread 231 | HWThread 232 | HWThread 233 | HWThread 234 | HWThread 235 | HWThread 236 | HWThread 237 | HWThread 238 | HWThread 239 | HWThread 240 | HWThread 241 | HWThread 242 | HWThread 243 | HWThread 244 | HWThread 245 | HWThread 246 | HWThread 247 | HWThread 248 | HWThread 249 | HWThread 250 | HWThread 251 | HWThread 252 | HWThread 253 | HWThread 254 | HWThread 255 |
+----------------------+------------+------------+------------+------------+------------+------------+------------+------------+------------+------------+-------------+-------------+-------------+-------------+-------------+-------------+-------------+-------------+-------------+-------------+-------------+-------------+-------------+-------------+-------------+-------------+-------------+-------------+-------------+-------------+-------------+-------------+-------------+-------------+-------------+-------------+-------------+-------------+-------------+-------------+-------------+-------------+-------------+-------------+-------------+-------------+-------------+-------------+-------------+-------------+-------------+-------------+-------------+-------------+-------------+-------------+-------------+-------------+-------------+-------------+-------------+-------------+-------------+-------------+-------------+-------------+-------------+-------------+-------------+-------------+-------------+-------------+-------------+-------------+-------------+-------------+-------------+-------------+-------------+-------------+-------------+-------------+-------------+-------------+-------------+-------------+-------------+-------------+-------------+-------------+-------------+-------------+-------------+-------------+-------------+-------------+-------------+-------------+-------------+-------------+--------------+--------------+--------------+--------------+--------------+--------------+--------------+--------------+--------------+--------------+--------------+--------------+--------------+--------------+--------------+--------------+--------------+--------------+--------------+--------------+--------------+--------------+--------------+--------------+--------------+--------------+--------------+--------------+--------------+--------------+--------------+--------------+--------------+--------------+--------------+--------------+--------------+--------------+--------------+--------------+--------------+--------------+--------------+--------------+--------------+--------------+--------------+--------------+--------------+--------------+--------------+--------------+--------------+--------------+--------------+--------------+--------------+--------------+--------------+--------------+--------------+--------------+--------------+--------------+--------------+--------------+--------------+--------------+--------------+--------------+--------------+--------------+--------------+--------------+--------------+--------------+--------------+--------------+--------------+--------------+--------------+--------------+--------------+--------------+--------------+--------------+--------------+--------------+--------------+--------------+--------------+--------------+--------------+--------------+--------------+--------------+--------------+--------------+--------------+--------------+--------------+--------------+--------------+--------------+--------------+--------------+--------------+--------------+--------------+--------------+--------------+--------------+--------------+--------------+--------------+--------------+--------------+--------------+--------------+--------------+--------------+--------------+--------------+--------------+--------------+--------------+--------------+--------------+--------------+--------------+--------------+--------------+--------------+--------------+--------------+--------------+--------------+--------------+--------------+--------------+--------------+--------------+--------------+--------------+--------------+--------------+--------------+--------------+--------------+--------------+--------------+--------------+--------------+--------------+--------------+--------------+
|  Runtime (RDTSC) [s] |     1.6898 |     1.6920 |     1.6920 |     1.6919 |     1.6913 |     1.6923 |     1.6913 |     1.6913 |     1.6896 |     1.6913 |      1.6899 |      1.6913 |      1.6903 |      1.6894 |      1.6899 |      1.6895 |      1.6920 |      1.6920 |      1.6902 |      1.6899 |      1.6914 |      1.6925 |      1.6894 |      1.6895 |      1.6914 |      1.6899 |      1.6895 |      1.6899 |      1.6914 |      1.6897 |      1.6896 |      1.6895 |      1.6919 |      1.6895 |      1.6897 |      1.6899 |      1.6894 |      1.6915 |      1.6895 |      1.6898 |      1.6898 |      1.6897 |      1.6899 |      1.6894 |      1.6894 |      1.6895 |      1.6894 |      1.6899 |      1.6899 |      1.6894 |      1.6894 |      1.6895 |      1.6897 |      1.6898 |      1.6894 |      1.6899 |      1.6913 |      1.6897 |      1.6894 |      1.6898 |      1.6899 |      1.6903 |      1.6895 |      1.6899 |      1.6898 |      1.6899 |      1.6894 |      1.6894 |      1.6895 |      1.6894 |      1.6899 |      1.6901 |      1.6898 |      1.6894 |      1.6895 |      1.6898 |      1.6895 |      1.6898 |      1.6894 |      1.6894 |      1.6898 |      1.6894 |      1.6894 |      1.6898 |      1.6899 |      1.6898 |      1.6897 |      1.6894 |      1.6904 |      1.6895 |      1.6895 |      1.6899 |      1.6894 |      1.6896 |      1.6899 |      1.6899 |      1.6894 |      1.6894 |      1.6898 |      1.6897 |       1.6898 |       1.6898 |       1.6894 |       1.6897 |       1.6898 |       1.6898 |       1.6897 |       1.6895 |       1.6894 |       1.6901 |       1.6895 |       1.6897 |       1.6895 |       1.6894 |       1.6918 |       1.6899 |       1.6894 |       1.6895 |       1.6899 |       1.6897 |       1.6894 |       1.6902 |       1.6899 |       1.6898 |       1.6895 |       1.6899 |       1.6894 |       1.6895 |       1.6898 |       1.6904 |       1.6919 |       1.6899 |       1.6899 |       1.6904 |       1.6899 |       1.6895 |       1.6899 |       1.6899 |       1.6898 |       1.6895 |       1.6897 |       1.6899 |       1.6897 |       1.6916 |       1.6898 |       1.6919 |       1.6895 |       1.6898 |       1.6894 |       1.6919 |       1.6903 |       1.6895 |       1.6897 |       1.6898 |       1.6896 |       1.6905 |       1.6894 |       1.6895 |       1.6899 |       1.6903 |       1.6895 |       1.6910 |       1.6895 |       1.6899 |       1.6920 |       1.6918 |       1.6895 |       1.6903 |       1.6897 |       1.6894 |       1.6900 |       1.6894 |       1.6898 |       1.6898 |       1.6895 |       1.6901 |       1.6899 |       1.6894 |       1.6898 |       1.6899 |       1.6894 |       1.6894 |       1.6894 |       1.6894 |       1.6899 |       1.6898 |       1.6898 |       1.6894 |       1.6897 |       1.6898 |       1.6899 |       1.6898 |       1.6894 |       1.6898 |       1.6894 |       1.6894 |       1.6894 |       1.6897 |       1.6894 |       1.6894 |       1.6900 |       1.6900 |       1.6895 |       1.6898 |       1.6898 |       1.6898 |       1.6909 |       1.6895 |       1.6894 |       1.6900 |       1.6898 |       1.6894 |       1.6897 |       1.6894 |       1.6894 |       1.6897 |       1.6895 |       1.6899 |       1.6899 |       1.6903 |       1.6910 |       1.6894 |       1.6910 |       1.6899 |       1.6899 |       1.6894 |       1.6899 |       1.6896 |       1.6899 |       1.6895 |       1.6895 |       1.6899 |       1.6894 |       1.6895 |       1.6894 |       1.6896 |       1.6894 |       1.6895 |       1.6894 |       1.6894 |       1.6894 |       1.6898 |       1.6902 |       1.6894 |       1.6898 |       1.6897 |       1.6894 |       1.6901 |       1.6923 |       1.6894 |       1.6899 |       1.6896 |       1.6895 |       1.6894 |       1.6894 |       1.6899 |
| Runtime unhalted [s] |     1.5173 |     1.5178 |     1.5178 |     1.5178 |     1.5190 |     1.5190 |     1.5177 |     1.5183 |     1.5066 |     1.5071 |      1.5067 |      1.5072 |      1.5069 |      1.5060 |      1.5074 |      1.5061 |      1.5233 |      1.5233 |      1.5231 |      1.5229 |      1.5238 |      1.5233 |      1.5230 |      1.5228 |      1.5110 |      1.5100 |      1.5094 |      1.5099 |      1.5105 |      1.5101 |      1.5094 |      1.5094 |      1.5110 |      1.5087 |      1.5102 |      1.5103 |      1.5093 |      1.5102 |      1.5091 |      1.5106 |      1.5186 |      1.5180 |      1.5183 |      1.5177 |      1.5177 |      1.5174 |      1.5174 |      1.5188 |      1.5225 |      1.5218 |      1.5214 |      1.5216 |      1.5227 |      1.5221 |      1.5221 |      1.5224 |      1.5129 |      1.5133 |      1.5118 |      1.5130 |      1.5126 |      1.5127 |      1.5123 |      1.5126 |      1.5108 |      1.5112 |      1.5097 |      1.5100 |      1.5104 |      1.5102 |      1.5106 |      1.5104 |      1.5208 |      1.5203 |      1.5201 |      1.5208 |      1.5201 |      1.5209 |      1.5203 |      1.5208 |      1.5134 |      1.5130 |      1.5130 |      1.5134 |      1.5139 |      1.5134 |      1.5135 |      1.5128 |      1.5126 |      1.5111 |      1.5111 |      1.5117 |      1.5113 |      1.5112 |      1.5119 |      1.5119 |      1.5179 |      1.5178 |      1.5186 |      1.5187 |       1.5190 |       1.5189 |       1.5178 |       1.5181 |       1.5199 |       1.5200 |       1.5190 |       1.5195 |       1.5194 |       1.5199 |       1.5195 |       1.5197 |       1.5175 |       1.5173 |       1.5185 |       1.5182 |       1.5176 |       1.5177 |       1.5182 |       1.5183 |       1.5137 |       1.5145 |       1.5143 |       1.5140 |       1.5140 |       1.5146 |       1.5141 |       1.5139 |       1.5150 |       1.5153 |       1.5155 |       1.5150 |       1.5145 |       1.5148 |       1.5149 |       1.5139 |       1.5183 |       1.5182 |       1.5178 |       1.5174 |       1.5182 |       1.5182 |       1.5182 |       1.5184 |       1.5288 |       1.5291 |       1.5275 |       1.5281 |       1.5280 |       1.5292 |       1.5289 |       1.5278 |       1.5177 |       1.5172 |       1.5167 |       1.5177 |       1.5170 |       1.5168 |       1.5175 |       1.5175 |       1.5149 |       1.5158 |       1.5147 |       1.5150 |       1.5156 |       1.5159 |       1.5143 |       1.5153 |       1.5226 |       1.5220 |       1.5221 |       1.5223 |       1.5228 |       1.5226 |       1.5221 |       1.5228 |       1.5176 |       1.5164 |       1.5162 |       1.5176 |       1.5171 |       1.5164 |       1.5165 |       1.5171 |       1.5225 |       1.5219 |       1.5217 |       1.5217 |       1.5218 |       1.5220 |       1.5225 |       1.5221 |       1.5122 |       1.5123 |       1.5119 |       1.5124 |       1.5119 |       1.5124 |       1.5122 |       1.5123 |       1.5158 |       1.5150 |       1.5155 |       1.5159 |       1.5160 |       1.5162 |       1.5166 |       1.5154 |       1.5222 |       1.5225 |       1.5223 |       1.5229 |       1.5237 |       1.5227 |       1.5224 |       1.5232 |       1.5173 |       1.5175 |       1.5179 |       1.5180 |       1.5179 |       1.5173 |       1.5182 |       1.5176 |       1.5277 |       1.5270 |       1.5272 |       1.5269 |       1.5276 |       1.5266 |       1.5269 |       1.5276 |       1.5135 |       1.5134 |       1.5134 |       1.5129 |       1.5131 |       1.5129 |       1.5132 |       1.5133 |       1.5200 |       1.5209 |       1.5212 |       1.5203 |       1.5210 |       1.5206 |       1.5202 |       1.5210 |       1.5176 |       1.5164 |       1.5168 |       1.5165 |       1.5162 |       1.5169 |       1.5163 |       1.5170 |
|      Clock [MHz]     |  2414.6872 |  2413.7730 |  2414.0513 |  2414.1108 |  2414.3927 |  2414.3343 |  2414.5011 |  2414.0127 |  2397.6994 |  2398.0907 |   2398.9311 |   2398.0063 |   2398.9736 |   2399.1543 |   2398.2169 |   2398.2647 |   2422.4535 |   2423.0170 |   2423.3418 |   2423.8745 |   2422.7928 |   2422.9462 |   2424.4240 |   2423.2311 |   2402.5719 |   2404.4438 |   2403.1031 |   2404.3215 |   2403.4453 |   2404.8187 |   2403.0997 |   2403.1592 |   2402.4896 |   2403.4644 |   2402.7853 |   2403.3692 |   2403.5248 |   2402.1089 |   2403.0002 |   2403.3676 |   2416.3100 |   2415.5081 |   2416.1830 |   2415.9880 |   2415.9907 |   2415.6441 |   2416.9800 |   2416.3686 |   2422.8563 |   2422.4726 |   2422.1224 |   2422.2728 |   2422.7838 |   2422.4525 |   2422.4743 |   2422.6849 |   2406.1855 |   2407.9308 |   2406.7033 |   2407.5288 |   2407.2288 |   2407.1404 |   2406.5604 |   2407.6486 |   2403.8699 |   2404.4634 |   2404.4578 |   2404.1967 |   2403.5919 |   2403.5892 |   2404.0654 |   2403.9450 |   2420.4515 |   2420.6640 |   2419.7637 |   2420.1172 |   2420.1877 |   2420.4924 |   2420.3707 |   2420.5907 |   2408.6954 |   2408.8948 |   2408.9976 |   2408.6547 |   2409.0721 |   2408.6901 |   2408.3192 |   2408.3996 |   2405.7834 |   2406.5705 |   2406.6435 |   2407.1716 |   2407.1591 |   2405.8587 |   2406.1833 |   2406.1871 |   2416.7034 |   2416.6744 |   2416.9311 |   2416.4805 |    2416.8059 |    2416.7192 |    2417.2812 |    2416.3274 |    2418.5203 |    2418.5430 |    2417.8870 |    2418.2890 |    2418.3447 |    2418.1033 |    2418.2749 |    2418.2700 |    2417.0653 |    2417.0687 |    2416.5899 |    2417.5608 |    2417.6367 |    2416.1896 |    2417.5575 |    2417.9477 |    2410.0889 |    2409.2630 |    2409.9010 |    2409.7465 |    2409.6491 |    2409.7605 |    2409.9505 |    2409.4150 |    2410.9899 |    2410.1613 |    2409.7096 |    2410.5147 |    2410.2199 |    2410.0640 |    2410.7019 |    2410.0326 |    2415.6715 |    2415.8169 |    2415.5323 |    2414.8287 |    2415.7158 |    2415.3374 |    2415.7390 |    2414.3854 |    2432.4508 |    2431.6468 |    2431.7825 |    2432.0289 |    2432.0808 |    2431.1032 |    2431.8507 |    2431.6677 |    2415.0911 |    2414.7481 |    2414.5535 |    2415.1040 |    2415.3333 |    2414.6769 |    2415.0260 |    2414.9609 |    2410.2758 |    2410.3341 |    2410.7109 |    2410.9194 |    2409.7846 |    2410.2644 |    2410.5823 |    2410.6643 |    2422.5472 |    2423.2867 |    2422.7295 |    2423.5638 |    2422.8407 |    2423.1277 |    2423.0423 |    2422.8254 |    2414.6617 |    2414.4887 |    2414.7153 |    2414.3074 |    2414.8423 |    2414.4956 |    2414.2083 |    2414.7818 |    2422.3408 |    2422.0775 |    2421.8801 |    2421.9406 |    2421.4344 |    2422.1860 |    2422.3344 |    2421.7834 |    2406.8864 |    2406.8880 |    2407.1304 |    2407.4841 |    2407.1063 |    2406.4258 |    2406.8828 |    2406.9505 |    2412.0177 |    2412.4504 |    2412.0520 |    2412.4202 |    2412.4488 |    2412.3950 |    2411.6619 |    2411.5786 |    2423.3460 |    2423.3699 |    2423.3557 |    2423.7391 |    2424.5829 |    2423.7920 |    2423.8979 |    2424.3215 |    2414.5602 |    2415.0656 |    2415.3976 |    2414.5646 |    2414.3562 |    2415.0011 |    2414.6283 |    2415.2116 |    2430.8056 |    2430.0353 |    2430.4804 |    2430.0395 |    2430.8576 |    2430.2710 |    2430.0363 |    2430.8486 |    2409.1069 |    2408.6004 |    2409.4413 |    2408.7327 |    2409.2471 |    2408.3340 |    2409.1084 |    2409.4155 |    2419.7100 |    2419.7713 |    2419.4526 |    2419.5725 |    2420.2261 |    2419.5701 |    2420.4055 |    2419.8187 |    2413.4857 |    2414.2150 |    2413.9833 |    2413.4560 |    2413.7564 |    2414.5002 |    2414.1462 |    2414.1727 |
|          CPI         |     0.3974 |     0.3982 |     0.3981 |     0.3981 |     0.3980 |     0.3982 |     0.3980 |     0.3980 |     0.3949 |     0.3952 |      0.3949 |      0.3952 |      0.3950 |      0.3948 |      0.3949 |      0.3949 |      0.3994 |      0.3994 |      0.3990 |      0.3989 |      0.3992 |      0.3995 |      0.3988 |      0.3988 |      0.3961 |      0.3958 |      0.3957 |      0.3958 |      0.3961 |      0.3958 |      0.3957 |      0.3957 |      0.3965 |      0.3960 |      0.3960 |      0.3959 |      0.3959 |      0.3964 |      0.3959 |      0.3960 |      0.3977 |      0.3977 |      0.3977 |      0.3976 |      0.3976 |      0.3976 |      0.3975 |      0.3977 |      0.3987 |      0.3987 |      0.3986 |      0.3987 |      0.3987 |      0.3987 |      0.3986 |      0.3987 |      0.3966 |      0.3964 |      0.3963 |      0.3964 |      0.3964 |      0.3964 |      0.3963 |      0.3964 |      0.3959 |      0.3959 |      0.3958 |      0.3958 |      0.3959 |      0.3958 |      0.3959 |      0.3960 |      0.3985 |      0.3984 |      0.3984 |      0.3985 |      0.3984 |      0.3985 |      0.3984 |      0.3984 |      0.3966 |      0.3965 |      0.3965 |      0.3966 |      0.3966 |      0.3966 |      0.3966 |      0.3965 |      0.3964 |      0.3962 |      0.3962 |      0.3963 |      0.3962 |      0.3962 |      0.3962 |      0.3962 |      0.3980 |      0.3980 |      0.3980 |      0.3980 |       0.3980 |       0.3980 |       0.3979 |       0.3980 |       0.3980 |       0.3983 |       0.3983 |       0.3983 |       0.3982 |       0.3984 |       0.3983 |       0.3983 |       0.3979 |       0.3979 |       0.3983 |       0.3980 |       0.3978 |       0.3979 |       0.3979 |       0.3979 |       0.3968 |       0.3970 |       0.3969 |       0.3969 |       0.3968 |       0.3969 |       0.3967 |       0.3968 |       0.3965 |       0.3967 |       0.3970 |       0.3965 |       0.3965 |       0.3966 |       0.3965 |       0.3964 |       0.3973 |       0.3973 |       0.3973 |       0.3972 |       0.3973 |       0.3973 |       0.3972 |       0.3976 |       0.3999 |       0.4003 |       0.3998 |       0.3999 |       0.3998 |       0.4003 |       0.4000 |       0.3998 |       0.3972 |       0.3973 |       0.3972 |       0.3974 |       0.3971 |       0.3972 |       0.3972 |       0.3973 |       0.3965 |       0.3969 |       0.3965 |       0.3966 |       0.3970 |       0.3970 |       0.3965 |       0.3967 |       0.3985 |       0.3984 |       0.3985 |       0.3984 |       0.3985 |       0.3985 |       0.3984 |       0.3985 |       0.3971 |       0.3970 |       0.3971 |       0.3971 |       0.3970 |       0.3970 |       0.3970 |       0.3970 |       0.3983 |       0.3983 |       0.3983 |       0.3982 |       0.3982 |       0.3983 |       0.3983 |       0.3983 |       0.3960 |       0.3960 |       0.3959 |       0.3959 |       0.3959 |       0.3960 |       0.3959 |       0.3959 |       0.3968 |       0.3968 |       0.3967 |       0.3968 |       0.3968 |       0.3968 |       0.3970 |       0.3967 |       0.3985 |       0.3986 |       0.3986 |       0.3985 |       0.3986 |       0.3985 |       0.3985 |       0.3986 |       0.3972 |       0.3973 |       0.3973 |       0.3974 |       0.3975 |       0.3972 |       0.3975 |       0.3972 |       0.3996 |       0.3996 |       0.3996 |       0.3996 |       0.3996 |       0.3996 |       0.3996 |       0.3996 |       0.3963 |       0.3963 |       0.3963 |       0.3963 |       0.3962 |       0.3963 |       0.3962 |       0.3962 |       0.3979 |       0.3980 |       0.3981 |       0.3980 |       0.3980 |       0.3980 |       0.3979 |       0.3981 |       0.3976 |       0.3970 |       0.3971 |       0.3970 |       0.3970 |       0.3970 |       0.3970 |       0.3970 |
|     DP [MFLOP/s]     | 76250.5844 | 76149.8660 | 76149.6860 | 76154.4567 | 76181.3372 | 76138.7515 | 76183.4993 | 76181.8327 | 76261.8219 | 76185.0759 |  76247.8771 |  76181.8777 |  76229.0664 |  76270.4440 |  76245.0346 |  76263.3114 |  76150.0460 |  76152.5664 |  76234.7943 |  76245.3053 |  76178.9951 |  76130.2490 |  76270.8052 |  76263.0857 |  76179.4005 |  76245.0346 |  76265.2976 |  76247.4259 |  76178.6348 |  76253.5175 |  76260.3775 |  76265.4781 |  76155.8521 |  76266.4261 |  76256.1350 |  76248.1027 |  76270.3537 |  76174.6266 |  76265.1622 |  76248.8697 |  76249.8624 |  76255.9545 |  76246.5686 |  76270.2634 |  76270.8955 |  76264.1691 |  76270.2634 |  76246.1625 |  76246.3881 |  76266.8776 |  76270.6246 |  76263.0406 |  76255.8191 |  76249.5014 |  76267.1936 |  76246.3881 |  76181.2922 |  76254.6006 |  76271.0309 |  76250.6295 |  76245.6662 |  76229.0664 |  76266.5616 |  76244.3127 |  76251.3064 |  76246.4784 |  76268.9993 |  76268.8188 |  76264.0788 |  76268.8639 |  76246.5235 |  76235.4258 |  76250.4490 |  76271.1212 |  76264.0788 |  76250.4490 |  76265.4781 |  76250.4039 |  76267.1484 |  76271.2567 |  76251.2161 |  76268.9090 |  76268.8639 |  76251.1710 |  76244.5383 |  76251.4869 |  76255.5935 |  76267.1936 |  76223.2492 |  76264.0336 |  76264.3496 |  76244.7188 |  76269.1799 |  76261.9573 |  76248.1478 |  76248.3734 |  76266.9678 |  76270.4892 |  76250.4941 |  76255.2776 |   76250.4490 |   76251.9381 |   76267.2387 |   76256.0899 |   76252.3443 |   76251.1710 |   76255.5032 |   76264.0788 |   76270.7601 |   76236.2828 |   76262.9954 |   76256.4058 |   76265.1170 |   76267.0581 |   76161.9292 |   76244.5383 |   76270.9406 |   76262.9954 |   76244.7188 |   76254.5555 |   76270.3537 |   76231.3665 |   76248.2380 |   76251.2613 |   76263.0406 |   76248.2831 |   76270.3086 |   76266.2907 |   76251.6223 |   76221.9867 |   76155.8521 |   76248.7344 |   76248.5990 |   76222.0317 |   76244.7188 |   76263.8531 |   76247.5612 |   76245.0797 |   76252.2540 |   76264.2593 |   76254.3750 |   76244.8090 |   76254.3750 |   76172.0147 |   76249.8173 |   76154.8618 |   76266.0198 |   76251.7125 |   76270.1280 |   76157.8327 |   76229.9233 |   76266.1101 |   76256.1350 |   76251.7576 |   76259.3394 |   76219.9126 |   76270.8955 |   76265.0719 |   76247.5612 |   76230.5998 |   76266.3810 |   76197.4206 |   76265.9296 |   76247.0649 |   76153.2865 |   76162.5594 |   76264.9364 |   76229.3821 |   76253.5627 |   76270.8052 |   76243.3653 |   76270.8052 |   76250.3137 |   76250.2685 |   76266.0650 |   76236.0573 |   76246.7491 |   76270.7601 |   76250.9905 |   76244.6736 |   76268.7736 |   76270.7149 |   76268.9542 |   76270.8503 |   76246.1174 |   76250.3588 |   76250.9003 |   76266.8776 |   76256.0899 |   76251.2613 |   76246.2979 |   76250.2685 |   76268.4124 |   76250.9905 |   76270.9858 |   76270.9858 |   76268.4124 |   76255.5483 |   76266.9227 |   76268.5930 |   76243.9067 |   76243.2299 |   76265.0267 |   76250.4490 |   76250.4490 |   76250.4490 |   76202.0171 |   76265.0719 |   76268.6833 |   76243.2299 |   76250.4941 |   76268.6833 |   76254.3750 |   76270.8052 |   76270.6698 |   76255.0068 |   76262.8600 |   76248.0575 |   76248.7344 |   76230.6449 |   76195.5281 |   76266.9678 |   76194.7170 |   76248.0124 |   76247.9222 |   76270.8052 |   76247.9222 |   76261.5059 |   76248.1027 |   76264.1691 |   76263.9885 |   76247.9222 |   76270.9858 |   76266.1553 |   76270.6698 |   76259.5199 |   76270.7149 |   76266.1101 |   76268.6833 |   76270.9406 |   76270.7149 |   76251.7125 |   76232.9451 |   76266.9227 |   76251.7125 |   76255.8191 |   76270.7149 |   76235.2905 |   76137.6717 |   76268.5930 |   76247.8319 |   76261.5510 |   76265.2524 |   76270.7149 |   76268.6833 |   76245.8467 |
+----------------------+------------+------------+------------+------------+------------+------------+------------+------------+------------+------------+-------------+-------------+-------------+-------------+-------------+-------------+-------------+-------------+-------------+-------------+-------------+-------------+-------------+-------------+-------------+-------------+-------------+-------------+-------------+-------------+-------------+-------------+-------------+-------------+-------------+-------------+-------------+-------------+-------------+-------------+-------------+-------------+-------------+-------------+-------------+-------------+-------------+-------------+-------------+-------------+-------------+-------------+-------------+-------------+-------------+-------------+-------------+-------------+-------------+-------------+-------------+-------------+-------------+-------------+-------------+-------------+-------------+-------------+-------------+-------------+-------------+-------------+-------------+-------------+-------------+-------------+-------------+-------------+-------------+-------------+-------------+-------------+-------------+-------------+-------------+-------------+-------------+-------------+-------------+-------------+-------------+-------------+-------------+-------------+-------------+-------------+-------------+-------------+-------------+-------------+--------------+--------------+--------------+--------------+--------------+--------------+--------------+--------------+--------------+--------------+--------------+--------------+--------------+--------------+--------------+--------------+--------------+--------------+--------------+--------------+--------------+--------------+--------------+--------------+--------------+--------------+--------------+--------------+--------------+--------------+--------------+--------------+--------------+--------------+--------------+--------------+--------------+--------------+--------------+--------------+--------------+--------------+--------------+--------------+--------------+--------------+--------------+--------------+--------------+--------------+--------------+--------------+--------------+--------------+--------------+--------------+--------------+--------------+--------------+--------------+--------------+--------------+--------------+--------------+--------------+--------------+--------------+--------------+--------------+--------------+--------------+--------------+--------------+--------------+--------------+--------------+--------------+--------------+--------------+--------------+--------------+--------------+--------------+--------------+--------------+--------------+--------------+--------------+--------------+--------------+--------------+--------------+--------------+--------------+--------------+--------------+--------------+--------------+--------------+--------------+--------------+--------------+--------------+--------------+--------------+--------------+--------------+--------------+--------------+--------------+--------------+--------------+--------------+--------------+--------------+--------------+--------------+--------------+--------------+--------------+--------------+--------------+--------------+--------------+--------------+--------------+--------------+--------------+--------------+--------------+--------------+--------------+--------------+--------------+--------------+--------------+--------------+--------------+--------------+--------------+--------------+--------------+--------------+--------------+--------------+--------------+--------------+--------------+--------------+--------------+--------------+--------------+--------------+--------------+--------------+--------------+
+---------------------------+--------------+------------+------------+------------+
|           Metric          |      Sum     |     Min    |     Max    |     Avg    |
+---------------------------+--------------+------------+------------+------------+
|  Runtime (RDTSC) [s] STAT |     432.6181 |     1.6894 |     1.6925 |     1.6899 |
| Runtime unhalted [s] STAT |     388.3824 |     1.5060 |     1.5292 |     1.5171 |
|      Clock [MHz] STAT     |  618105.0923 |  2397.6994 |  2432.4508 |  2414.4730 |
|          CPI STAT         |     101.7284 |     0.3948 |     0.4003 |     0.3974 |
|     DP [MFLOP/s] STAT     | 1.951897e+07 | 76130.2490 | 76271.2567 | 76245.9891 |
+---------------------------+--------------+------------+------------+------------+
