--------------------------------------------------------------------------------
CPU name:	AMD EPYC 9755 128-Core Processor               
CPU type:	AMD K1A (Zen5) architecture
CPU clock:	2.70 GHz
--------------------------------------------------------------------------------
Region bench, Group 1: FLOPS_DP
+-------------------+------------+------------+------------+------------+------------+------------+------------+------------+------------+------------+-------------+-------------+-------------+-------------+-------------+-------------+-------------+-------------+-------------+-------------+-------------+-------------+-------------+-------------+-------------+-------------+-------------+-------------+-------------+-------------+-------------+-------------+-------------+-------------+-------------+-------------+-------------+-------------+-------------+-------------+-------------+-------------+-------------+-------------+-------------+-------------+-------------+-------------+-------------+-------------+-------------+-------------+-------------+-------------+-------------+-------------+-------------+-------------+-------------+-------------+-------------+-------------+-------------+-------------+-------------+-------------+-------------+-------------+-------------+-------------+-------------+-------------+-------------+-------------+-------------+-------------+-------------+-------------+-------------+-------------+-------------+-------------+-------------+-------------+-------------+-------------+-------------+-------------+-------------+-------------+-------------+-------------+-------------+-------------+-------------+-------------+-------------+-------------+-------------+-------------+--------------+--------------+--------------+--------------+--------------+--------------+--------------+--------------+--------------+--------------+--------------+--------------+--------------+--------------+--------------+--------------+--------------+--------------+--------------+--------------+--------------+--------------+--------------+--------------+--------------+--------------+--------------+--------------+--------------+--------------+--------------+--------------+--------------+--------------+--------------+--------------+--------------+--------------+--------------+--------------+--------------+--------------+--------------+--------------+--------------+--------------+--------------+--------------+--------------+--------------+--------------+--------------+--------------+--------------+--------------+--------------+--------------+--------------+--------------+--------------+--------------+--------------+--------------+--------------+--------------+--------------+--------------+--------------+--------------+--------------+--------------+--------------+--------------+--------------+--------------+--------------+--------------+--------------+--------------+--------------+--------------+--------------+--------------+--------------+--------------+--------------+--------------+--------------+--------------+--------------+--------------+--------------+--------------+--------------+--------------+--------------+--------------+--------------+--------------+--------------+--------------+--------------+--------------+--------------+--------------+--------------+--------------+--------------+--------------+--------------+--------------+--------------+--------------+--------------+--------------+--------------+--------------+--------------+--------------+--------------+--------------+--------------+--------------+--------------+--------------+--------------+--------------+--------------+--------------+--------------+--------------+--------------+--------------+--------------+--------------+--------------+--------------+--------------+--------------+--------------+--------------+--------------+--------------+--------------+--------------+--------------+--------------+--------------+--------------+--------------+--------------+--------------+--------------+--------------+--------------+--------------+
|    Region Info    | HWThread 0 | HWThread 1 | HWThread 2 | HWThread 3 | HWThread 4 | HWThread 5 | HWThread 6 | HWThread 7 | HWThread 8 | HWThread 9 | HWThread 10 | HWThread 11 | HWThread 12 | HWThread 13 | HWThread 14 | HWThread 15 | HWThread 16 | HWThread 17 | HWThread 18 | HWThread 19 | HWThread 20 | HWThread 21 | HWThread 22 | HWThread 23 | HWThread 24 | HWThread 25 | HWThread 26 | HWThread 27 | HWThread 28 | HWThread 29 | HWThread 30 | HWThread 31 | HWThread 32 | HWThread 33 | HWThread 34 | HWThread 35 | HWThread 36 | HWThread 37 | HWThread 38 | HWThread 39 | HWThread 40 | HWThread 41 | HWThread 42 | HWThread 43 | HWThread 44 | HWThread 45 | HWThread 46 | HWThread 47 | HWThread 48 | HWThread 49 | HWThread 50 | HWThread 51 | HWThread 52 | HWThread 53 | HWThread 54 | HWThread 55 | HWThread 56 | HWThread 57 | HWThread 58 | HWThread 59 | HWThread 60 | HWThread 61 | HWThread 62 | HWThread 63 | HWThread 64 | HWThread 65 | HWThread 66 | HWThread 67 | HWThread 68 | HWThread 69 | HWThread 70 | HWThread 71 | HWThread 72 | HWThread 73 | HWThread 74 | HWThread 75 | HWThread 76 | HWThread 77 | HWThread 78 | HWThread 79 | HWThread 80 | HWThread 81 | HWThread 82 | HWThread 83 | HWThread 84 | HWThread 85 | HWThread 86 | HWThread 87 | HWThread 88 | HWThread 89 | HWThread 90 | HWThread 91 | HWThread 92 | HWThread 93 | HWThread 94 | HWThread 95 | HWThread 96 | HWThread 97 | HWThread 98 | HWThread 99 | HWThread 100 | HWThread 101 | HWThread 102 | HWThread 103 | HWThread 104 | HWThread 105 | HWThread 106 | HWThread 107 | HWThread 108 | HWThread 109 | HWThread 110 | HWThread 111 | HWThread 112 | HWThread 113 | HWThread 114 | HWThread 115 | HWThread 116 | HWThread 117 | HWThread 118 | HWThread 119 | HWThread 120 | HWThread 121 | HWThread 122 | HWThread 123 | HWThread 124 | HWThread 125 | HWThread 126 | HWThread 127 | HWThread 128 | HWThread 129 | HWThread 130 | HWThread 131 | HWThread 132 | HWThread 133 | HWThread 134 | HWThread 135 | HWThread 136 | HWThread 137 | HWThread 138 | HWThread 139 | HWThread 140 | HWThread 141 | HWThread 142 | HWThread 143 | HWThread 144 | HWThread 145 | HWThread 146 | HWThread 147 | HWThread 148 | HWThread 149 | HWThread 150 | HWThread 151 | HWThread 152 | HWThread 153 | HWThread 154 | HWThread 155 | HWThread 156 | HWThread 157 | HWThread 158 | HWThread 159 | HWThread 160 | HWThread 161 | HWThread 162 | HWThread 163 | HWThread 164 | HWThread 165 | HWThread 166 | HWThread 167 | HWThread 168 | HWThread 169 | HWThread 170 | HWThread 171 | HWThread 172 | HWThread 173 | HWThread 174 | HWThread 175 | HWThread 176 | HWThread 177 | HWThread 178 | HWThread 179 | HWThread 180 | HWThread 181 | HWThread 182 | HWThread 183 | HWThread 184 | HWThread 185 | HWThread 186 | HWThread 187 | HWThread 188 | HWThread 189 | HWThread 190 | HWThread 191 | HWThread 192 | HWThread 193 | HWThread 194 | HWThread 195 | HWThread 196 | HWThread 197 | HWThread 198 | HWThread 199 | HWThread 200 | HWThread 201 | HWThread 202 | HWThread 203 | HWThread 204 | HWThread 205 | HWThread 206 | HWThread 207 | HWThread 208 | HWThread 209 | HWThread 210 | HWThread 211 | HWThread 212 | HWThread 213 | HWThread 214 | HWThread 215 | HWThread 216 | HWThread 217 | HWThread 218 | HWThread 219 | HWThread 220 | HWThread 221 | HWThread 222 | HWThread 223 | HWThread 224 | HWThread 225 | HWThread 226 | HWThread 227 | HWThread 228 | HWThread 229 | HWThread 230 | HWThread 231 | HWThread 232 | HWThread 233 | HWThread 234 | HWThread 235 | HWThread 236 | HWThread 237 | HWThread 238 | HWThread 239 | HWThread 240 | HWThread 241 | HWThread 242 | HWThread 243 | HWThread 244 | HWThread 245 | HWThread 246 | HWThread 247 | HWThread 248 | HWThread 249 | HWThread 250 | HWThread 251 | HWThread 252 | HWThread 253 | HWThread 254 | HWThread 255 |
+-------------------+------------+------------+------------+------------+------------+------------+------------+------------+------------+------------+-------------+-------------+-------------+-------------+-------------+-------------+-------------+-------------+-------------+-------------+-------------+-------------+-------------+-------------+-------------+-------------+-------------+-------------+-------------+-------------+-------------+-------------+-------------+-------------+-------------+-------------+-------------+-------------+-------------+-------------+-------------+-------------+-------------+-------------+-------------+-------------+-------------+-------------+-------------+-------------+-------------+-------------+-------------+-------------+-------------+-------------+-------------+-------------+-------------+-------------+-------------+-------------+-------------+-------------+-------------+-------------+-------------+-------------+-------------+-------------+-------------+-------------+-------------+-------------+-------------+-------------+-------------+-------------+-------------+-------------+-------------+-------------+-------------+-------------+-------------+-------------+-------------+-------------+-------------+-------------+-------------+-------------+-------------+-------------+-------------+-------------+-------------+-------------+-------------+-------------+--------------+--------------+--------------+--------------+--------------+--------------+--------------+--------------+--------------+--------------+--------------+--------------+--------------+--------------+--------------+--------------+--------------+--------------+--------------+--------------+--------------+--------------+--------------+--------------+--------------+--------------+--------------+--------------+--------------+--------------+--------------+--------------+--------------+--------------+--------------+--------------+--------------+--------------+--------------+--------------+--------------+--------------+--------------+--------------+--------------+--------------+--------------+--------------+--------------+--------------+--------------+--------------+--------------+--------------+--------------+--------------+--------------+--------------+--------------+--------------+--------------+--------------+--------------+--------------+--------------+--------------+--------------+--------------+--------------+--------------+--------------+--------------+--------------+--------------+--------------+--------------+--------------+--------------+--------------+--------------+--------------+--------------+--------------+--------------+--------------+--------------+--------------+--------------+--------------+--------------+--------------+--------------+--------------+--------------+--------------+--------------+--------------+--------------+--------------+--------------+--------------+--------------+--------------+--------------+--------------+--------------+--------------+--------------+--------------+--------------+--------------+--------------+--------------+--------------+--------------+--------------+--------------+--------------+--------------+--------------+--------------+--------------+--------------+--------------+--------------+--------------+--------------+--------------+--------------+--------------+--------------+--------------+--------------+--------------+--------------+--------------+--------------+--------------+--------------+--------------+--------------+--------------+--------------+--------------+--------------+--------------+--------------+--------------+--------------+--------------+--------------+--------------+--------------+--------------+--------------+--------------+
| RDTSC Runtime [s] |   1.690347 |   1.689999 |   1.689546 |   1.689882 |   1.689430 |   1.689963 |   1.689545 |   1.689526 |   1.689499 |   1.689452 |    1.689500 |    1.689763 |    1.689936 |    1.689451 |    1.689430 |    1.689541 |    1.689499 |    1.689573 |    1.689812 |    1.689603 |    1.689518 |    1.689981 |    1.689430 |    1.689450 |    1.689812 |    1.689429 |    1.689879 |    1.689544 |    1.689854 |    1.689880 |    1.689869 |    1.689879 |    1.689813 |    1.690539 |    1.689531 |    1.690382 |    1.689447 |    1.689859 |    1.689812 |    1.689813 |    1.689430 |    1.690002 |    1.689542 |    1.689680 |    1.689808 |    1.689430 |    1.689430 |    1.689650 |    1.689522 |    1.689622 |    1.689514 |    1.689522 |    1.689580 |    1.689810 |    1.689680 |    1.689622 |    1.689936 |    1.689546 |    1.689601 |    1.689579 |    1.689579 |    1.689429 |    1.689809 |    1.689578 |    1.689452 |    1.689545 |    1.689539 |    1.689450 |    1.689546 |    1.689811 |    1.689570 |    1.689451 |    1.689492 |    1.689647 |    1.689847 |    1.689544 |    1.689448 |    1.689549 |    1.689575 |    1.689491 |    1.689655 |    1.689657 |    1.689980 |    1.689995 |    1.689579 |    1.689810 |    1.689446 |    1.689810 |    1.689954 |    1.689566 |    1.689566 |    1.689954 |    1.689490 |    1.689453 |    1.689953 |    1.689581 |    1.694173 |    1.694188 |    1.694263 |    1.692126 |     1.692663 |     1.689942 |     1.689766 |     1.694252 |     1.692852 |     1.689448 |     1.689894 |     1.689844 |     1.689575 |     1.689453 |     1.689501 |     1.689600 |     1.689992 |     1.689606 |     1.689491 |     1.690038 |     1.690038 |     1.689603 |     1.689433 |     1.689491 |     1.689451 |     1.689846 |     1.689883 |     1.689513 |     1.689884 |     1.689493 |     1.689538 |     1.689431 |     1.689813 |     1.689554 |     1.690010 |     1.689452 |     1.689498 |     1.689453 |     1.689660 |     1.689859 |     1.689539 |     1.689496 |     1.689496 |     1.689497 |     1.689497 |     1.689581 |     1.689565 |     1.689499 |     1.690216 |     1.690402 |     1.689886 |     1.690406 |     1.690240 |     1.690451 |     1.690518 |     1.690818 |     1.689945 |     1.689812 |     1.690433 |     1.689605 |     1.689452 |     1.689984 |     1.690362 |     1.689549 |     1.689875 |     1.689846 |     1.689928 |     1.689814 |     1.689650 |     1.689455 |     1.689544 |     1.689844 |     1.689800 |     1.690012 |     1.689849 |     1.689813 |     1.689457 |     1.689979 |     1.690012 |     1.690013 |     1.689532 |     1.689848 |     1.689924 |     1.689434 |     1.689898 |     1.689975 |     1.689859 |     1.689453 |     1.689932 |     1.689436 |     1.689436 |     1.689460 |     1.689932 |     1.689440 |     1.689944 |     1.689943 |     1.689913 |     1.689916 |     1.690022 |     1.689916 |     1.689814 |     1.689818 |     1.689972 |     1.689899 |     1.689435 |     1.689957 |     1.689522 |     1.689922 |     1.689522 |     1.689812 |     1.690002 |     1.689435 |     1.689818 |     1.689818 |     1.689818 |     1.689817 |     1.689948 |     1.689893 |     1.689933 |     1.689946 |     1.690031 |     1.689813 |     1.689930 |     1.689539 |     1.689909 |     1.689786 |     1.689545 |     1.690031 |     1.689889 |     1.690324 |     1.689899 |     1.689945 |     1.689878 |     1.689815 |     1.689542 |     1.689878 |     1.689545 |     1.689454 |     1.689500 |     1.689577 |     1.689538 |     1.689958 |     1.689438 |     1.690265 |     1.690559 |     1.690005 |     1.689994 |     1.690010 |     1.689549 |     1.689652 |     1.689454 |     1.690008 |     1.689862 |     1.689850 |     1.690510 |     1.689574 |     1.689946 |     1.689455 |     1.689946 |     1.689453 |
|     call count    |          1 |          1 |          1 |          1 |          1 |          1 |          1 |          1 |          1 |          1 |           1 |           1 |           1 |           1 |           1 |           1 |           1 |           1 |           1 |           1 |           1 |           1 |           1 |           1 |           1 |           1 |           1 |           1 |           1 |           1 |           1 |           1 |           1 |           1 |           1 |           1 |           1 |           1 |           1 |           1 |           1 |           1 |           1 |           1 |           1 |           1 |           1 |           1 |           1 |           1 |           1 |           1 |           1 |           1 |           1 |           1 |           1 |           1 |           1 |           1 |           1 |           1 |           1 |           1 |           1 |           1 |           1 |           1 |           1 |           1 |           1 |           1 |           1 |           1 |           1 |           1 |           1 |           1 |           1 |           1 |           1 |           1 |           1 |           1 |           1 |           1 |           1 |           1 |           1 |           1 |           1 |           1 |           1 |           1 |           1 |           1 |           1 |           1 |           1 |           1 |            1 |            1 |            1 |            1 |            1 |            1 |            1 |            1 |            1 |            1 |            1 |            1 |            1 |            1 |            1 |            1 |            1 |            1 |            1 |            1 |            1 |            1 |            1 |            1 |            1 |            1 |            1 |            1 |            1 |            1 |            1 |            1 |            1 |            1 |            1 |            1 |            1 |            1 |            1 |            1 |            1 |            1 |            1 |            1 |            1 |            1 |            1 |            1 |            1 |            1 |            1 |            1 |            1 |            1 |            1 |            1 |            1 |            1 |            1 |            1 |            1 |            1 |            1 |            1 |            1 |            1 |            1 |            1 |            1 |            1 |            1 |            1 |            1 |            1 |            1 |            1 |            1 |            1 |            1 |            1 |            1 |            1 |            1 |            1 |            1 |            1 |            1 |            1 |            1 |            1 |            1 |            1 |            1 |            1 |            1 |            1 |            1 |            1 |            1 |            1 |            1 |            1 |            1 |            1 |            1 |            1 |            1 |            1 |            1 |            1 |            1 |            1 |            1 |            1 |            1 |            1 |            1 |            1 |            1 |            1 |            1 |            1 |            1 |            1 |            1 |            1 |            1 |            1 |            1 |            1 |            1 |            1 |            1 |            1 |            1 |            1 |            1 |            1 |            1 |            1 |            1 |            1 |            1 |            1 |            1 |            1 |            1 |            1 |            1 |            1 |            1 |            1 |            1 |            1 |            1 |            1 |
+-------------------+------------+------------+------------+------------+------------+------------+------------+------------+------------+------------+-------------+-------------+-------------+-------------+-------------+-------------+-------------+-------------+-------------+-------------+-------------+-------------+-------------+-------------+-------------+-------------+-------------+-------------+-------------+-------------+-------------+-------------+-------------+-------------+-------------+-------------+-------------+-------------+-------------+-------------+-------------+-------------+-------------+-------------+-------------+-------------+-------------+-------------+-------------+-------------+-------------+-------------+-------------+-------------+-------------+-------------+-------------+-------------+-------------+-------------+-------------+-------------+-------------+-------------+-------------+-------------+-------------+-------------+-------------+-------------+-------------+-------------+-------------+-------------+-------------+-------------+-------------+-------------+-------------+-------------+-------------+-------------+-------------+-------------+-------------+-------------+-------------+-------------+-------------+-------------+-------------+-------------+-------------+-------------+-------------+-------------+-------------+-------------+-------------+-------------+--------------+--------------+--------------+--------------+--------------+--------------+--------------+--------------+--------------+--------------+--------------+--------------+--------------+--------------+--------------+--------------+--------------+--------------+--------------+--------------+--------------+--------------+--------------+--------------+--------------+--------------+--------------+--------------+--------------+--------------+--------------+--------------+--------------+--------------+--------------+--------------+--------------+--------------+--------------+--------------+--------------+--------------+--------------+--------------+--------------+--------------+--------------+--------------+--------------+--------------+--------------+--------------+--------------+--------------+--------------+--------------+--------------+--------------+--------------+--------------+--------------+--------------+--------------+--------------+--------------+--------------+--------------+--------------+--------------+--------------+--------------+--------------+--------------+--------------+--------------+--------------+--------------+--------------+--------------+--------------+--------------+--------------+--------------+--------------+--------------+--------------+--------------+--------------+--------------+--------------+--------------+--------------+--------------+--------------+--------------+--------------+--------------+--------------+--------------+--------------+--------------+--------------+--------------+--------------+--------------+--------------+--------------+--------------+--------------+--------------+--------------+--------------+--------------+--------------+--------------+--------------+--------------+--------------+--------------+--------------+--------------+--------------+--------------+--------------+--------------+--------------+--------------+--------------+--------------+--------------+--------------+--------------+--------------+--------------+--------------+--------------+--------------+--------------+--------------+--------------+--------------+--------------+--------------+--------------+--------------+--------------+--------------+--------------+--------------+--------------+--------------+--------------+--------------+--------------+--------------+--------------+
+-------------------------------------+---------+--------------+--------------+--------------+--------------+--------------+--------------+--------------+--------------+--------------+--------------+--------------+--------------+--------------+--------------+--------------+--------------+--------------+--------------+--------------+--------------+--------------+--------------+--------------+--------------+--------------+--------------+--------------+--------------+--------------+--------------+--------------+--------------+--------------+--------------+--------------+--------------+--------------+--------------+--------------+--------------+--------------+--------------+--------------+--------------+--------------+--------------+--------------+--------------+--------------+--------------+--------------+--------------+--------------+--------------+--------------+--------------+--------------+--------------+--------------+--------------+--------------+--------------+--------------+--------------+--------------+--------------+--------------+--------------+--------------+--------------+--------------+--------------+--------------+--------------+--------------+--------------+--------------+--------------+--------------+--------------+--------------+--------------+--------------+--------------+--------------+--------------+--------------+--------------+--------------+--------------+--------------+--------------+--------------+--------------+--------------+--------------+--------------+--------------+--------------+--------------+--------------+--------------+--------------+--------------+--------------+--------------+--------------+--------------+--------------+--------------+--------------+--------------+--------------+--------------+--------------+--------------+--------------+--------------+--------------+--------------+--------------+--------------+--------------+--------------+--------------+--------------+--------------+--------------+--------------+--------------+--------------+--------------+--------------+--------------+--------------+--------------+--------------+--------------+--------------+--------------+--------------+--------------+--------------+--------------+--------------+--------------+--------------+--------------+--------------+--------------+--------------+--------------+--------------+--------------+--------------+--------------+--------------+--------------+--------------+--------------+--------------+--------------+--------------+--------------+--------------+--------------+--------------+--------------+--------------+--------------+--------------+--------------+--------------+--------------+--------------+--------------+--------------+--------------+--------------+--------------+--------------+--------------+--------------+--------------+--------------+--------------+--------------+--------------+--------------+--------------+--------------+--------------+--------------+--------------+--------------+--------------+--------------+--------------+--------------+--------------+--------------+--------------+--------------+--------------+--------------+--------------+--------------+--------------+--------------+--------------+--------------+--------------+--------------+--------------+--------------+--------------+--------------+--------------+--------------+--------------+--------------+--------------+--------------+--------------+--------------+--------------+--------------+--------------+--------------+--------------+--------------+--------------+--------------+--------------+--------------+--------------+--------------+--------------+--------------+--------------+--------------+--------------+--------------+--------------+--------------+--------------+--------------+--------------+--------------+--------------+--------------+--------------+--------------+--------------+--------------+--------------+
|                Event                | Counter |  HWThread 0  |  HWThread 1  |  HWThread 2  |  HWThread 3  |  HWThread 4  |  HWThread 5  |  HWThread 6  |  HWThread 7  |  HWThread 8  |  HWThread 9  |  HWThread 10 |  HWThread 11 |  HWThread 12 |  HWThread 13 |  HWThread 14 |  HWThread 15 |  HWThread 16 |  HWThread 17 |  HWThread 18 |  HWThread 19 |  HWThread 20 |  HWThread 21 |  HWThread 22 |  HWThread 23 |  HWThread 24 |  HWThread 25 |  HWThread 26 |  HWThread 27 |  HWThread 28 |  HWThread 29 |  HWThread 30 |  HWThread 31 |  HWThread 32 |  HWThread 33 |  HWThread 34 |  HWThread 35 |  HWThread 36 |  HWThread 37 |  HWThread 38 |  HWThread 39 |  HWThread 40 |  HWThread 41 |  HWThread 42 |  HWThread 43 |  HWThread 44 |  HWThread 45 |  HWThread 46 |  HWThread 47 |  HWThread 48 |  HWThread 49 |  HWThread 50 |  HWThread 51 |  HWThread 52 |  HWThread 53 |  HWThread 54 |  HWThread 55 |  HWThread 56 |  HWThread 57 |  HWThread 58 |  HWThread 59 |  HWThread 60 |  HWThread 61 |  HWThread 62 |  HWThread 63 |  HWThread 64 |  HWThread 65 |  HWThread 66 |  HWThread 67 |  HWThread 68 |  HWThread 69 |  HWThread 70 |  HWThread 71 |  HWThread 72 |  HWThread 73 |  HWThread 74 |  HWThread 75 |  HWThread 76 |  HWThread 77 |  HWThread 78 |  HWThread 79 |  HWThread 80 |  HWThread 81 |  HWThread 82 |  HWThread 83 |  HWThread 84 |  HWThread 85 |  HWThread 86 |  HWThread 87 |  HWThread 88 |  HWThread 89 |  HWThread 90 |  HWThread 91 |  HWThread 92 |  HWThread 93 |  HWThread 94 |  HWThread 95 |  HWThread 96 |  HWThread 97 |  HWThread 98 |  HWThread 99 | HWThread 100 | HWThread 101 | HWThread 102 | HWThread 103 | HWThread 104 | HWThread 105 | HWThread 106 | HWThread 107 | HWThread 108 | HWThread 109 | HWThread 110 | HWThread 111 | HWThread 112 | HWThread 113 | HWThread 114 | HWThread 115 | HWThread 116 | HWThread 117 | HWThread 118 | HWThread 119 | HWThread 120 | HWThread 121 | HWThread 122 | HWThread 123 | HWThread 124 | HWThread 125 | HWThread 126 | HWThread 127 | HWThread 128 | HWThread 129 | HWThread 130 | HWThread 131 | HWThread 132 | HWThread 133 | HWThread 134 | HWThread 135 | HWThread 136 | HWThread 137 | HWThread 138 | HWThread 139 | HWThread 140 | HWThread 141 | HWThread 142 | HWThread 143 | HWThread 144 | HWThread 145 | HWThread 146 | HWThread 147 | HWThread 148 | HWThread 149 | HWThread 150 | HWThread 151 | HWThread 152 | HWThread 153 | HWThread 154 | HWThread 155 | HWThread 156 | HWThread 157 | HWThread 158 | HWThread 159 | HWThread 160 | HWThread 161 | HWThread 162 | HWThread 163 | HWThread 164 | HWThread 165 | HWThread 166 | HWThread 167 | HWThread 168 | HWThread 169 | HWThread 170 | HWThread 171 | HWThread 172 | HWThread 173 | HWThread 174 | HWThread 175 | HWThread 176 | HWThread 177 | HWThread 178 | HWThread 179 | HWThread 180 | HWThread 181 | HWThread 182 | HWThread 183 | HWThread 184 | HWThread 185 | HWThread 186 | HWThread 187 | HWThread 188 | HWThread 189 | HWThread 190 | HWThread 191 | HWThread 192 | HWThread 193 | HWThread 194 | HWThread 195 | HWThread 196 | HWThread 197 | HWThread 198 | HWThread 199 | HWThread 200 | HWThread 201 | HWThread 202 | HWThread 203 | HWThread 204 | HWThread 205 | HWThread 206 | HWThread 207 | HWThread 208 | HWThread 209 | HWThread 210 | HWThread 211 | HWThread 212 | HWThread 213 | HWThread 214 | HWThread 215 | HWThread 216 | HWThread 217 | HWThread 218 | HWThread 219 | HWThread 220 | HWThread 221 | HWThread 222 | HWThread 223 | HWThread 224 | HWThread 225 | HWThread 226 | HWThread 227 | HWThread 228 | HWThread 229 | HWThread 230 | HWThread 231 | HWThread 232 | HWThread 233 | HWThread 234 | HWThread 235 | HWThread 236 | HWThread 237 | HWThread 238 | HWThread 239 | HWThread 240 | HWThread 241 | HWThread 242 | HWThread 243 | HWThread 244 | HWThread 245 | HWThread 246 | HWThread 247 | HWThread 248 | HWThread 249 | HWThread 250 | HWThread 251 | HWThread 252 | HWThread 253 | HWThread 254 | HWThread 255 |
+-------------------------------------+---------+--------------+--------------+--------------+--------------+--------------+--------------+--------------+--------------+--------------+--------------+--------------+--------------+--------------+--------------+--------------+--------------+--------------+--------------+--------------+--------------+--------------+--------------+--------------+--------------+--------------+--------------+--------------+--------------+--------------+--------------+--------------+--------------+--------------+--------------+--------------+--------------+--------------+--------------+--------------+--------------+--------------+--------------+--------------+--------------+--------------+--------------+--------------+--------------+--------------+--------------+--------------+--------------+--------------+--------------+--------------+--------------+--------------+--------------+--------------+--------------+--------------+--------------+--------------+--------------+--------------+--------------+--------------+--------------+--------------+--------------+--------------+--------------+--------------+--------------+--------------+--------------+--------------+--------------+--------------+--------------+--------------+--------------+--------------+--------------+--------------+--------------+--------------+--------------+--------------+--------------+--------------+--------------+--------------+--------------+--------------+--------------+--------------+--------------+--------------+--------------+--------------+--------------+--------------+--------------+--------------+--------------+--------------+--------------+--------------+--------------+--------------+--------------+--------------+--------------+--------------+--------------+--------------+--------------+--------------+--------------+--------------+--------------+--------------+--------------+--------------+--------------+--------------+--------------+--------------+--------------+--------------+--------------+--------------+--------------+--------------+--------------+--------------+--------------+--------------+--------------+--------------+--------------+--------------+--------------+--------------+--------------+--------------+--------------+--------------+--------------+--------------+--------------+--------------+--------------+--------------+--------------+--------------+--------------+--------------+--------------+--------------+--------------+--------------+--------------+--------------+--------------+--------------+--------------+--------------+--------------+--------------+--------------+--------------+--------------+--------------+--------------+--------------+--------------+--------------+--------------+--------------+--------------+--------------+--------------+--------------+--------------+--------------+--------------+--------------+--------------+--------------+--------------+--------------+--------------+--------------+--------------+--------------+--------------+--------------+--------------+--------------+--------------+--------------+--------------+--------------+--------------+--------------+--------------+--------------+--------------+--------------+--------------+--------------+--------------+--------------+--------------+--------------+--------------+--------------+--------------+--------------+--------------+--------------+--------------+--------------+--------------+--------------+--------------+--------------+--------------+--------------+--------------+--------------+--------------+--------------+--------------+--------------+--------------+--------------+--------------+--------------+--------------+--------------+--------------+--------------+--------------+--------------+--------------+--------------+--------------+--------------+--------------+--------------+--------------+--------------+--------------+
|           ACTUAL_CPU_CLOCK          |  FIXC1  |   4089674000 |   4089485000 |   4088660000 |   4090282000 |   4090868000 |   4088943000 |   4089404000 |   4090436000 |   4062925000 |   4063057000 |   4062396000 |   4063721000 |   4063774000 |   4063453000 |   4064892000 |   4062466000 |   4105041000 |   4105211000 |   4107210000 |   4105390000 |   4105015000 |   4105853000 |   4106892000 |   4105697000 |   4073068000 |   4071300000 |   4072636000 |   4070693000 |   4072993000 |   4072673000 |   4072605000 |   4074189000 |   4071579000 |   4070588000 |   4069309000 |   4070585000 |   4068682000 |   4071603000 |   4070653000 |   4070565000 |   4094024000 |   4095407000 |   4094336000 |   4094055000 |   4095817000 |   4094062000 |   4094085000 |   4094328000 |   4099272000 |   4098698000 |   4099259000 |   4098428000 |   4098205000 |   4099451000 |   4098393000 |   4098700000 |   4076603000 |   4075594000 |   4076095000 |   4076092000 |   4076975000 |   4076255000 |   4077585000 |   4076054000 |   4072394000 |   4073600000 |   4072681000 |   4073699000 |   4072538000 |   4073497000 |   4072299000 |   4072759000 |   4099843000 |   4098191000 |   4100078000 |   4099239000 |   4099908000 |   4098960000 |   4098322000 |   4098261000 |   4081270000 |   4081272000 |   4082045000 |   4081707000 |   4080954000 |   4082641000 |   4082375000 |   4083516000 |   4076398000 |   4075678000 |   4075651000 |   4076345000 |   4077522000 |   4075451000 |   4076749000 |   4075800000 |   4094676000 |   4094702000 |   4095683000 |   4096347000 |   4095226000 |   4094766000 |   4094976000 |   4095605000 |   4101019000 |   4098904000 |   4099852000 |   4100410000 |   4097827000 |   4098608000 |   4098300000 |   4098642000 |   4095114000 |   4093550000 |   4094956000 |   4095166000 |   4095005000 |   4094303000 |   4094926000 |   4094006000 |   4079738000 |   4080975000 |   4081250000 |   4079100000 |   4081021000 |   4079936000 |   4079163000 |   4079588000 |   4084316000 |   4081921000 |   4083793000 |   4083337000 |   4081713000 |   4083063000 |   4083371000 |   4082953000 |   4089912000 |   4089505000 |   4090326000 |   4090408000 |   4090489000 |   4090058000 |   4089781000 |   4089750000 |   4124489000 |   4124192000 |   4123423000 |   4124823000 |   4124152000 |   4124361000 |   4124561000 |   4124583000 |   4089421000 |   4089252000 |   4091084000 |   4088806000 |   4089079000 |   4089716000 |   4089918000 |   4088459000 |   4086591000 |   4086835000 |   4086474000 |   4085703000 |   4084865000 |   4085491000 |   4084373000 |   4086411000 |   4106572000 |   4106527000 |   4106501000 |   4106426000 |   4104791000 |   4104944000 |   4106520000 |   4106507000 |   4086765000 |   4088738000 |   4087700000 |   4086619000 |   4088877000 |   4085463000 |   4088035000 |   4087331000 |   4104072000 |   4100932000 |   4101056000 |   4102654000 |   4103978000 |   4102536000 |   4104165000 |   4104218000 |   4081030000 |   4081047000 |   4081230000 |   4081339000 |   4080972000 |   4080905000 |   4079783000 |   4081370000 |   4092052000 |   4091809000 |   4091645000 |   4093257000 |   4091815000 |   4092252000 |   4093538000 |   4091729000 |   4104559000 |   4105520000 |   4105040000 |   4105087000 |   4104330000 |   4104057000 |   4104139000 |   4104292000 |   4093002000 |   4092754000 |   4091147000 |   4089484000 |   4091427000 |   4092411000 |   4090558000 |   4092442000 |   4119035000 |   4119083000 |   4117711000 |   4117898000 |   4119030000 |   4119371000 |   4117066000 |   4119221000 |   4084061000 |   4084314000 |   4084379000 |   4084366000 |   4084614000 |   4084864000 |   4084433000 |   4086468000 |   4102518000 |   4100891000 |   4100723000 |   4100854000 |   4099858000 |   4100353000 |   4100782000 |   4100979000 |   4094972000 |   4095366000 |   4095528000 |   4093242000 |   4093881000 |   4094452000 |   4093902000 |   4094104000 |
|            MAX_CPU_CLOCK            |  FIXC2  |   4566511000 |   4564874000 |   4564899000 |   4565766000 |   4567210000 |   4564076000 |   4564626000 |   4567809000 |   4566426000 |   4564040000 |   4564338000 |   4566004000 |   4566454000 |   4564729000 |   4567189000 |   4564409000 |   4566748000 |   4566922000 |   4568089000 |   4567030000 |   4566742000 |   4566342000 |   4567082000 |   4566451000 |   4568419000 |   4567023000 |   4568191000 |   4566828000 |   4568405000 |   4568185000 |   4567797000 |   4569480000 |   4569217000 |   4568404000 |   4567197000 |   4568421000 |   4566260000 |   4569767000 |   4568429000 |   4568439000 |   4564419000 |   4566646000 |   4566243000 |   4564539000 |   4568269000 |   4564486000 |   4564601000 |   4566227000 |   4567470000 |   4567135000 |   4566862000 |   4566936000 |   4566518000 |   4567952000 |   4566911000 |   4567133000 |   4566628000 |   4565102000 |   4566998000 |   4566964000 |   4568548000 |   4565186000 |   4568227000 |   4566951000 |   4566430000 |   4567670000 |   4566549000 |   4567064000 |   4566478000 |   4568255000 |   4567079000 |   4566589000 |   4567664000 |   4565174000 |   4568202000 |   4567956000 |   4567722000 |   4566466000 |   4566837000 |   4566782000 |   4566907000 |   4567167000 |   4566751000 |   4566706000 |   4567004000 |   4568338000 |   4567191000 |   4568783000 |   4566685000 |   4566811000 |   4566730000 |   4566550000 |   4567338000 |   4566479000 |   4566674000 |   4567020000 |   4568749000 |   4568755000 |   4571280000 |   4571585000 |   4570779000 |   4567708000 |   4567888000 |   4571265000 |   4571329000 |   4567827000 |   4569197000 |   4569262000 |   4566460000 |   4568004000 |   4568215000 |   4567992000 |   4567993000 |   4567051000 |   4567707000 |   4567971000 |   4567805000 |   4567943000 |   4567655000 |   4567731000 |   4564707000 |   4566453000 |   4566722000 |   4564965000 |   4566654000 |   4564787000 |   4564985000 |   4565297000 |   4568756000 |   4566979000 |   4568632000 |   4567831000 |   4566804000 |   4567449000 |   4568050000 |   4566186000 |   4567712000 |   4567982000 |   4566995000 |   4567267000 |   4567331000 |   4567888000 |   4568232000 |   4567388000 |   4571781000 |   4571330000 |   4568399000 |   4571525000 |   4571135000 |   4571510000 |   4570650000 |   4571172000 |   4567496000 |   4566167000 |   4569832000 |   4567911000 |   4567784000 |   4568017000 |   4568729000 |   4567290000 |   4569586000 |   4569390000 |   4569436000 |   4569155000 |   4568309000 |   4567586000 |   4566601000 |   4569379000 |   4569395000 |   4569481000 |   4569639000 |   4569102000 |   4567187000 |   4568138000 |   4569376000 |   4569561000 |   4568133000 |   4569614000 |   4568550000 |   4567306000 |   4569671000 |   4566849000 |   4569453000 |   4567735000 |   4568920000 |   4566225000 |   4566362000 |   4567944000 |   4569719000 |   4567754000 |   4569072000 |   4569323000 |   4569349000 |   4569364000 |   4569692000 |   4568888000 |   4569376000 |   4569346000 |   4567676000 |   4569780000 |   4567468000 |   4567711000 |   4567537000 |   4569606000 |   4567827000 |   4569126000 |   4568416000 |   4567691000 |   4569109000 |   4569588000 |   4568957000 |   4569111000 |   4567947000 |   4568357000 |   4568353000 |   4568507000 |   4568619000 |   4569239000 |   4568186000 |   4566846000 |   4568332000 |   4567967000 |   4567568000 |   4567896000 |   4569162000 |   4570001000 |   4567471000 |   4567744000 |   4568958000 |   4568946000 |   4567857000 |   4569428000 |   4567413000 |   4567415000 |   4567054000 |   4567985000 |   4567818000 |   4567954000 |   4567536000 |   4571468000 |   4570613000 |   4567456000 |   4567946000 |   4568105000 |   4567984000 |   4567606000 |   4567423000 |   4567639000 |   4569280000 |   4569034000 |   4569096000 |   4567945000 |   4567661000 |   4567703000 |   4567689000 |   4567262000 |
|         RETIRED_INSTRUCTIONS        |   PMC0  |  10208230000 |  10209030000 |  10208760000 |  10209040000 |  10208720000 |  10208990000 |  10208680000 |  10208830000 |  10203920000 |  10203930000 |  10203890000 |  10204100000 |  10203990000 |  10203890000 |  10203840000 |  10203910000 |  10211400000 |  10211450000 |  10211590000 |  10211440000 |  10211340000 |  10211550000 |  10211420000 |  10211320000 |  10205470000 |  10205360000 |  10205500000 |  10205410000 |  10205490000 |  10205460000 |  10205450000 |  10205470000 |  10205550000 |  10205790000 |  10205420000 |  10205360000 |  10205470000 |  10205650000 |  10205450000 |  10205500000 |  10209320000 |  10209530000 |  10209350000 |  10209390000 |  10209400000 |  10209300000 |  10209160000 |  10209330000 |  10210060000 |  10210100000 |  10210020000 |  10210060000 |  10210080000 |  10210200000 |  10210080000 |  10210070000 |  10206300000 |  10206230000 |  10206210000 |  10206300000 |  10205970000 |  10205920000 |  10206070000 |  10205850000 |  10205580000 |  10205630000 |  10205600000 |  10205600000 |  10205560000 |  10205690000 |  10205600000 |  10205490000 |  10210270000 |  10210370000 |  10210390000 |  10210320000 |  10210180000 |  10210280000 |  10210250000 |  10210250000 |  10207230000 |  10207200000 |  10207250000 |  10207390000 |  10207100000 |  10207190000 |  10207060000 |  10207200000 |  10206480000 |  10206400000 |  10206350000 |  10206560000 |  10206060000 |  10206060000 |  10206250000 |  10206140000 |  10211450000 |  10211460000 |  10211460000 |  10210580000 |  10210760000 |  10209620000 |  10209530000 |  10211480000 |  10212040000 |  10210530000 |  10209960000 |  10210680000 |  10210490000 |  10210510000 |  10210490000 |  10210560000 |  10209890000 |  10209770000 |  10209700000 |  10209900000 |  10209830000 |  10209730000 |  10209630000 |  10209660000 |  10206990000 |  10207160000 |  10207070000 |  10207010000 |  10206890000 |  10206750000 |  10206750000 |  10206700000 |  10206890000 |  10206790000 |  10206890000 |  10206730000 |  10206710000 |  10206740000 |  10206770000 |  10206860000 |  10208020000 |  10207980000 |  10207930000 |  10207960000 |  10207870000 |  10208020000 |  10207930000 |  10207980000 |  10214010000 |  10214080000 |  10213880000 |  10214160000 |  10213970000 |  10214120000 |  10214070000 |  10214270000 |  10207880000 |  10207870000 |  10208060000 |  10207760000 |  10207360000 |  10207600000 |  10207700000 |  10207380000 |  10207230000 |  10207220000 |  10207220000 |  10207180000 |  10207100000 |  10207100000 |  10207100000 |  10207190000 |  10210640000 |  10210750000 |  10210210000 |  10210670000 |  10210480000 |  10210670000 |  10210620000 |  10210700000 |  10207370000 |  10207480000 |  10207450000 |  10207400000 |  10207490000 |  10207520000 |  10207440000 |  10207370000 |  10210320000 |  10210140000 |  10210120000 |  10210160000 |  10209930000 |  10209870000 |  10210030000 |  10209990000 |  10206310000 |  10206300000 |  10206340000 |  10206300000 |  10206210000 |  10206230000 |  10206270000 |  10206260000 |  10208230000 |  10208480000 |  10208250000 |  10208390000 |  10208220000 |  10208360000 |  10208350000 |  10208200000 |  10210510000 |  10210540000 |  10210490000 |  10210520000 |  10210530000 |  10210550000 |  10210500000 |  10210500000 |  10208310000 |  10208260000 |  10208260000 |  10208150000 |  10207950000 |  10207920000 |  10207780000 |  10207980000 |  10212990000 |  10213140000 |  10212950000 |  10212980000 |  10212910000 |  10212970000 |  10212860000 |  10212950000 |  10207030000 |  10207040000 |  10206950000 |  10207090000 |  10207030000 |  10207150000 |  10206950000 |  10207260000 |  10210240000 |  10209950000 |  10209980000 |  10209990000 |  10209880000 |  10209730000 |  10209770000 |  10209980000 |  10208780000 |  10208800000 |  10209070000 |  10208700000 |  10208480000 |  10208310000 |  10208460000 |  10208300000 |
|         CPU_CLOCKS_UNHALTED         |   PMC1  |   4055111000 |   4058100000 |   4056673000 |   4057577000 |   4056406000 |   4057882000 |   4056586000 |   4056718000 |   4029641000 |   4029590000 |   4029435000 |   4029968000 |   4030035000 |   4029452000 |   4029167000 |   4029587000 |   4071402000 |   4071629000 |   4071832000 |   4071560000 |   4071040000 |   4072181000 |   4070913000 |   4070954000 |   4037788000 |   4037079000 |   4037904000 |   4037315000 |   4037805000 |   4037684000 |   4037595000 |   4037803000 |   4038830000 |   4040135000 |   4038080000 |   4038829000 |   4037687000 |   4038696000 |   4038243000 |   4038538000 |   4059889000 |   4061003000 |   4060035000 |   4060152000 |   4060362000 |   4059788000 |   4058969000 |   4059885000 |   4064023000 |   4064126000 |   4064082000 |   4063938000 |   4064072000 |   4064725000 |   4064090000 |   4064035000 |   4042919000 |   4042456000 |   4042405000 |   4042652000 |   4042297000 |   4042007000 |   4042921000 |   4042064000 |   4038918000 |   4039201000 |   4039036000 |   4038998000 |   4038892000 |   4039594000 |   4038997000 |   4038435000 |   4065095000 |   4065640000 |   4065805000 |   4065348000 |   4064671000 |   4065165000 |   4065022000 |   4065002000 |   4047722000 |   4047912000 |   4048224000 |   4048432000 |   4047401000 |   4047912000 |   4047142000 |   4047975000 |   4043841000 |   4043385000 |   4043110000 |   4044270000 |   4042772000 |   4042758000 |   4043911000 |   4043211000 |   4071096000 |   4071194000 |   4071211000 |   4066326000 |   4067314000 |   4060941000 |   4060330000 |   4071293000 |   4074470000 |   4066626000 |   4063537000 |   4067390000 |   4066381000 |   4066507000 |   4066366000 |   4066797000 |   4063029000 |   4062281000 |   4061975000 |   4063042000 |   4062783000 |   4062123000 |   4061571000 |   4061786000 |   4046612000 |   4047601000 |   4047129000 |   4046754000 |   4047418000 |   4046583000 |   4046580000 |   4046268000 |   4046015000 |   4045429000 |   4046083000 |   4045144000 |   4045001000 |   4045213000 |   4045337000 |   4045924000 |   4052234000 |   4052089000 |   4051870000 |   4051952000 |   4051528000 |   4052097000 |   4051824000 |   4051814000 |   4085728000 |   4086148000 |   4084948000 |   4086294000 |   4085577000 |   4086109000 |   4086134000 |   4087015000 |   4051535000 |   4051171000 |   4052582000 |   4050830000 |   4050177000 |   4051427000 |   4051955000 |   4050221000 |   4047876000 |   4047741000 |   4047844000 |   4047502000 |   4047138000 |   4046830000 |   4046800000 |   4047639000 |   4066664000 |   4067577000 |   4065073000 |   4067065000 |   4066080000 |   4067179000 |   4066967000 |   4067366000 |   4048658000 |   4049439000 |   4049399000 |   4048827000 |   4049395000 |   4049540000 |   4049066000 |   4048493000 |   4065207000 |   4064238000 |   4064103000 |   4064316000 |   4064549000 |   4064152000 |   4065044000 |   4064835000 |   4042788000 |   4042706000 |   4042915000 |   4042693000 |   4042258000 |   4042336000 |   4042498000 |   4042519000 |   4053494000 |   4054841000 |   4053611000 |   4054340000 |   4053429000 |   4054242000 |   4054127000 |   4053310000 |   4066448000 |   4066516000 |   4066221000 |   4066613000 |   4066493000 |   4066471000 |   4066314000 |   4066259000 |   4053982000 |   4053621000 |   4053655000 |   4052977000 |   4053451000 |   4053223000 |   4052414000 |   4053634000 |   4080078000 |   4080982000 |   4079847000 |   4080171000 |   4079660000 |   4079693000 |   4079020000 |   4079950000 |   4046762000 |   4046795000 |   4046361000 |   4047033000 |   4046778000 |   4047521000 |   4046349000 |   4048119000 |   4064805000 |   4063302000 |   4063357000 |   4063449000 |   4062430000 |   4061899000 |   4062094000 |   4063102000 |   4056570000 |   4056620000 |   4057961000 |   4056015000 |   4056441000 |   4055550000 |   4056312000 |   4055364000 |
|                MERGE                |   PMC3  |            0 |            0 |            0 |            0 |            0 |            0 |            0 |            0 |            0 |            0 |            0 |            0 |            0 |            0 |            0 |            0 |            0 |            0 |            0 |            0 |            0 |            0 |            0 |            0 |            0 |            0 |            0 |            0 |            0 |            0 |            0 |            0 |            0 |            0 |            0 |            0 |            0 |            0 |            0 |            0 |            0 |            0 |            0 |            0 |            0 |            0 |            0 |            0 |            0 |            0 |            0 |            0 |            0 |            0 |            0 |            0 |            0 |            0 |            0 |            0 |            0 |            0 |            0 |            0 |            0 |            0 |            0 |            0 |            0 |            0 |            0 |            0 |            0 |            0 |            0 |            0 |            0 |            0 |            0 |            0 |            0 |            0 |            0 |            0 |            0 |            0 |            0 |            0 |            0 |            0 |            0 |            0 |            0 |            0 |            0 |            0 |            0 |            0 |            0 |            0 |            0 |            0 |            0 |            0 |            0 |            0 |            0 |            0 |            0 |            0 |            0 |            0 |            0 |            0 |            0 |            0 |            0 |            0 |            0 |            0 |            0 |            0 |            0 |            0 |            0 |            0 |            0 |            0 |            0 |            0 |            0 |            0 |            0 |            0 |            0 |            0 |            0 |            0 |            0 |            0 |            0 |            0 |            0 |            0 |            0 |            0 |            0 |            0 |            0 |            0 |            0 |            0 |            0 |            0 |            0 |            0 |            0 |            0 |            0 |            0 |            0 |            0 |            0 |            0 |            0 |            0 |            0 |            0 |            0 |            0 |            0 |            0 |            0 |            0 |            0 |            0 |            0 |            0 |            0 |            0 |            0 |            0 |            0 |            0 |            0 |            0 |            0 |            0 |            0 |            0 |            0 |            0 |            0 |            0 |            0 |            0 |            0 |            0 |            0 |            0 |            0 |            0 |            0 |            0 |            0 |            0 |            0 |            0 |            0 |            0 |            0 |            0 |            0 |            0 |            0 |            0 |            0 |            0 |            0 |            0 |            0 |            0 |            0 |            0 |            0 |            0 |            0 |            0 |            0 |            0 |            0 |            0 |            0 |            0 |            0 |            0 |            0 |            0 |            0 |            0 |            0 |            0 |            0 |            0 |            0 |            0 |            0 |            0 |            0 |            0 |            0 |            0 |            0 |            0 |            0 |            0 |
| RETIRED_SSE_AVX_FLOPS_ALL_DP_SCALAR |   PMC2  |           12 |           12 |           12 |           12 |           12 |           12 |           12 |           12 |           12 |           12 |           12 |           12 |           12 |           12 |           12 |           12 |           12 |           12 |           12 |           12 |           12 |           12 |           12 |           12 |           12 |           12 |           12 |           12 |           12 |           12 |           12 |           12 |           12 |           12 |           12 |           12 |           12 |           12 |           12 |           12 |           12 |           12 |           12 |           12 |           12 |           12 |           12 |           12 |           12 |           12 |           12 |           12 |           12 |           12 |           12 |           12 |           12 |           12 |           12 |           12 |           12 |           12 |           12 |           12 |           12 |           12 |           12 |           12 |           12 |           12 |           12 |           12 |           12 |           12 |           12 |           12 |           12 |           12 |           12 |           12 |           12 |           12 |           12 |           12 |           12 |           12 |           12 |           12 |           12 |           12 |           12 |           12 |           12 |           12 |           12 |           12 |           12 |           12 |           12 |           12 |           12 |           12 |           12 |           12 |           12 |           12 |           12 |           12 |           12 |           12 |           12 |           12 |           12 |           12 |           12 |           12 |           12 |           12 |           12 |           12 |           12 |           12 |           12 |           12 |           12 |           12 |           12 |           12 |           12 |           12 |           12 |           12 |           12 |           12 |           12 |           12 |           12 |           12 |           12 |           12 |           12 |           12 |           12 |           12 |           12 |           12 |           12 |           12 |           12 |           12 |           12 |           12 |           12 |           12 |           12 |           12 |           12 |           12 |           12 |           12 |           12 |           12 |           12 |           12 |           12 |           12 |           12 |           12 |           12 |           12 |           12 |           12 |           12 |           12 |           12 |           12 |           12 |           12 |           12 |           12 |           12 |           12 |           12 |           12 |           12 |           12 |           12 |           12 |           12 |           12 |           12 |           12 |           12 |           12 |           12 |           12 |           12 |           12 |           12 |           12 |           12 |           12 |           12 |           12 |           12 |           12 |           12 |           12 |           12 |           12 |           12 |           12 |           12 |           12 |           12 |           12 |           12 |           12 |           12 |           12 |           12 |           12 |           12 |           12 |           12 |           12 |           12 |           12 |           12 |           12 |           12 |           12 |           12 |           12 |           12 |           12 |           12 |           12 |           12 |           12 |           12 |           12 |           12 |           12 |           12 |           12 |           12 |           12 |           12 |           12 |           12 |           12 |           12 |           12 |           12 |           12 |
|                MERGE                |   PMC5  |            0 |            0 |            0 |            0 |            0 |            0 |            0 |            0 |            0 |            0 |            0 |            0 |            0 |            0 |            0 |            0 |            0 |            0 |            0 |            0 |            0 |            0 |            0 |            0 |            0 |            0 |            0 |            0 |            0 |            0 |            0 |            0 |            0 |            0 |            0 |            0 |            0 |            0 |            0 |            0 |            0 |            0 |            0 |            0 |            0 |            0 |            0 |            0 |            0 |            0 |            0 |            0 |            0 |            0 |            0 |            0 |            0 |            0 |            0 |            0 |            0 |            0 |            0 |            0 |            0 |            0 |            0 |            0 |            0 |            0 |            0 |            0 |            0 |            0 |            0 |            0 |            0 |            0 |            0 |            0 |            0 |            0 |            0 |            0 |            0 |            0 |            0 |            0 |            0 |            0 |            0 |            0 |            0 |            0 |            0 |            0 |            0 |            0 |            0 |            0 |            0 |            0 |            0 |            0 |            0 |            0 |            0 |            0 |            0 |            0 |            0 |            0 |            0 |            0 |            0 |            0 |            0 |            0 |            0 |            0 |            0 |            0 |            0 |            0 |            0 |            0 |            0 |            0 |            0 |            0 |            0 |            0 |            0 |            0 |            0 |            0 |            0 |            0 |            0 |            0 |            0 |            0 |            0 |            0 |            0 |            0 |            0 |            0 |            0 |            0 |            0 |            0 |            0 |            0 |            0 |            0 |            0 |            0 |            0 |            0 |            0 |            0 |            0 |            0 |            0 |            0 |            0 |            0 |            0 |            0 |            0 |            0 |            0 |            0 |            0 |            0 |            0 |            0 |            0 |            0 |            0 |            0 |            0 |            0 |            0 |            0 |            0 |            0 |            0 |            0 |            0 |            0 |            0 |            0 |            0 |            0 |            0 |            0 |            0 |            0 |            0 |            0 |            0 |            0 |            0 |            0 |            0 |            0 |            0 |            0 |            0 |            0 |            0 |            0 |            0 |            0 |            0 |            0 |            0 |            0 |            0 |            0 |            0 |            0 |            0 |            0 |            0 |            0 |            0 |            0 |            0 |            0 |            0 |            0 |            0 |            0 |            0 |            0 |            0 |            0 |            0 |            0 |            0 |            0 |            0 |            0 |            0 |            0 |            0 |            0 |            0 |            0 |            0 |            0 |            0 |            0 |
| RETIRED_SSE_AVX_FLOPS_ALL_DP_PACKED |   PMC4  | 128849000000 | 128849000000 | 128849000000 | 128849000000 | 128849000000 | 128849000000 | 128849000000 | 128849000000 | 128849000000 | 128849000000 | 128849000000 | 128849000000 | 128849000000 | 128849000000 | 128849000000 | 128849000000 | 128849000000 | 128849000000 | 128849000000 | 128849000000 | 128849000000 | 128849000000 | 128849000000 | 128849000000 | 128849000000 | 128849000000 | 128849000000 | 128849000000 | 128849000000 | 128849000000 | 128849000000 | 128849000000 | 128849000000 | 128849000000 | 128849000000 | 128849000000 | 128849000000 | 128849000000 | 128849000000 | 128849000000 | 128849000000 | 128849000000 | 128849000000 | 128849000000 | 128849000000 | 128849000000 | 128849000000 | 128849000000 | 128849000000 | 128849000000 | 128849000000 | 128849000000 | 128849000000 | 128849000000 | 128849000000 | 128849000000 | 128849000000 | 128849000000 | 128849000000 | 128849000000 | 128849000000 | 128849000000 | 128849000000 | 128849000000 | 128849000000 | 128849000000 | 128849000000 | 128849000000 | 128849000000 | 128849000000 | 128849000000 | 128849000000 | 128849000000 | 128849000000 | 128849000000 | 128849000000 | 128849000000 | 128849000000 | 128849000000 | 128849000000 | 128849000000 | 128849000000 | 128849000000 | 128849000000 | 128849000000 | 128849000000 | 128849000000 | 128849000000 | 128849000000 | 128849000000 | 128849000000 | 128849000000 | 128849000000 | 128849000000 | 128849000000 | 128849000000 | 128849000000 | 128849000000 | 128849000000 | 128849000000 | 128849000000 | 128849000000 | 128849000000 | 128849000000 | 128849000000 | 128849000000 | 128849000000 | 128849000000 | 128849000000 | 128849000000 | 128849000000 | 128849000000 | 128849000000 | 128849000000 | 128849000000 | 128849000000 | 128849000000 | 128849000000 | 128849000000 | 128849000000 | 128849000000 | 128849000000 | 128849000000 | 128849000000 | 128849000000 | 128849000000 | 128849000000 | 128849000000 | 128849000000 | 128849000000 | 128849000000 | 128849000000 | 128849000000 | 128849000000 | 128849000000 | 128849000000 | 128849000000 | 128849000000 | 128849000000 | 128849000000 | 128849000000 | 128849000000 | 128849000000 | 128849000000 | 128849000000 | 128849000000 | 128849000000 | 128849000000 | 128849000000 | 128849000000 | 128849000000 | 128849000000 | 128849000000 | 128849000000 | 128849000000 | 128849000000 | 128849000000 | 128849000000 | 128849000000 | 128849000000 | 128849000000 | 128849000000 | 128849000000 | 128849000000 | 128849000000 | 128849000000 | 128849000000 | 128849000000 | 128849000000 | 128849000000 | 128849000000 | 128849000000 | 128849000000 | 128849000000 | 128849000000 | 128849000000 | 128849000000 | 128849000000 | 128849000000 | 128849000000 | 128849000000 | 128849000000 | 128849000000 | 128849000000 | 128849000000 | 128849000000 | 128849000000 | 128849000000 | 128849000000 | 128849000000 | 128849000000 | 128849000000 | 128849000000 | 128849000000 | 128849000000 | 128849000000 | 128849000000 | 128849000000 | 128849000000 | 128849000000 | 128849000000 | 128849000000 | 128849000000 | 128849000000 | 128849000000 | 128849000000 | 128849000000 | 128849000000 | 128849000000 | 128849000000 | 128849000000 | 128849000000 | 128849000000 | 128849000000 | 128849000000 | 128849000000 | 128849000000 | 128849000000 | 128849000000 | 128849000000 | 128849000000 | 128849000000 | 128849000000 | 128849000000 | 128849000000 | 128849000000 | 128849000000 | 128849000000 | 128849000000 | 128849000000 | 128849000000 | 128849000000 | 128849000000 | 128849000000 | 128849000000 | 128849000000 | 128849000000 | 128849000000 | 128849000000 | 128849000000 | 128849000000 | 128849000000 | 128849000000 | 128849000000 | 128849000000 | 128849000000 | 128849000000 | 128849000000 | 128849000000 | 128849000000 | 128849000000 | 128849000000 | 128849000000 | 128849000000 | 128849000000 | 128849000000 |
+-------------------------------------+---------+--------------+--------------+--------------+--------------+--------------+--------------+--------------+--------------+--------------+--------------+--------------+--------------+--------------+--------------+--------------+--------------+--------------+--------------+--------------+--------------+--------------+--------------+--------------+--------------+--------------+--------------+--------------+--------------+--------------+--------------+--------------+--------------+--------------+--------------+--------------+--------------+--------------+--------------+--------------+--------------+--------------+--------------+--------------+--------------+--------------+--------------+--------------+--------------+--------------+--------------+--------------+--------------+--------------+--------------+--------------+--------------+--------------+--------------+--------------+--------------+--------------+--------------+--------------+--------------+--------------+--------------+--------------+--------------+--------------+--------------+--------------+--------------+--------------+--------------+--------------+--------------+--------------+--------------+--------------+--------------+--------------+--------------+--------------+--------------+--------------+--------------+--------------+--------------+--------------+--------------+--------------+--------------+--------------+--------------+--------------+--------------+--------------+--------------+--------------+--------------+--------------+--------------+--------------+--------------+--------------+--------------+--------------+--------------+--------------+--------------+--------------+--------------+--------------+--------------+--------------+--------------+--------------+--------------+--------------+--------------+--------------+--------------+--------------+--------------+--------------+--------------+--------------+--------------+--------------+--------------+--------------+--------------+--------------+--------------+--------------+--------------+--------------+--------------+--------------+--------------+--------------+--------------+--------------+--------------+--------------+--------------+--------------+--------------+--------------+--------------+--------------+--------------+--------------+--------------+--------------+--------------+--------------+--------------+--------------+--------------+--------------+--------------+--------------+--------------+--------------+--------------+--------------+--------------+--------------+--------------+--------------+--------------+--------------+--------------+--------------+--------------+--------------+--------------+--------------+--------------+--------------+--------------+--------------+--------------+--------------+--------------+--------------+--------------+--------------+--------------+--------------+--------------+--------------+--------------+--------------+--------------+--------------+--------------+--------------+--------------+--------------+--------------+--------------+--------------+--------------+--------------+--------------+--------------+--------------+--------------+--------------+--------------+--------------+--------------+--------------+--------------+--------------+--------------+--------------+--------------+--------------+--------------+--------------+--------------+--------------+--------------+--------------+--------------+--------------+--------------+--------------+--------------+--------------+--------------+--------------+--------------+--------------+--------------+--------------+--------------+--------------+--------------+--------------+--------------+--------------+--------------+--------------+--------------+--------------+--------------+--------------+--------------+--------------+--------------+--------------+--------------+
+------------------------------------------+---------+----------------+--------------+--------------+--------------+
|                   Event                  | Counter |       Sum      |      Min     |      Max     |      Avg     |
+------------------------------------------+---------+----------------+--------------+--------------+--------------+
|           ACTUAL_CPU_CLOCK STAT          |  FIXC1  |  1047265248000 |   4062396000 |   4124823000 |   4090879875 |
|            MAX_CPU_CLOCK STAT            |  FIXC2  |  1169355199000 |   4564040000 |   4571781000 | 4.567794e+09 |
|         RETIRED_INSTRUCTIONS STAT        |   PMC0  |  2613373890000 |  10203840000 |  10214270000 | 1.020849e+10 |
|         CPU_CLOCKS_UNHALTED STAT         |   PMC1  |  1038122252000 |   4029167000 |   4087015000 | 4.055165e+09 |
|                MERGE STAT                |   PMC3  |              0 |            0 |            0 |            0 |
| RETIRED_SSE_AVX_FLOPS_ALL_DP_SCALAR STAT |   PMC2  |           3072 |           12 |           12 |           12 |
|                MERGE STAT                |   PMC5  |              0 |            0 |            0 |            0 |
| RETIRED_SSE_AVX_FLOPS_ALL_DP_PACKED STAT |   PMC4  | 32985344000000 | 128849000000 | 128849000000 | 128849000000 |
+------------------------------------------+---------+----------------+--------------+--------------+--------------+
+----------------------+------------+------------+------------+------------+------------+------------+------------+------------+------------+------------+-------------+-------------+-------------+-------------+-------------+-------------+-------------+-------------+-------------+-------------+-------------+-------------+-------------+-------------+-------------+-------------+-------------+-------------+-------------+-------------+-------------+-------------+-------------+-------------+-------------+-------------+-------------+-------------+-------------+-------------+-------------+-------------+-------------+-------------+-------------+-------------+-------------+-------------+-------------+-------------+-------------+-------------+-------------+-------------+-------------+-------------+-------------+-------------+-------------+-------------+-------------+-------------+-------------+-------------+-------------+-------------+-------------+-------------+-------------+-------------+-------------+-------------+-------------+-------------+-------------+-------------+-------------+-------------+-------------+-------------+-------------+-------------+-------------+-------------+-------------+-------------+-------------+-------------+-------------+-------------+-------------+-------------+-------------+-------------+-------------+-------------+-------------+-------------+-------------+-------------+--------------+--------------+--------------+--------------+--------------+--------------+--------------+--------------+--------------+--------------+--------------+--------------+--------------+--------------+--------------+--------------+--------------+--------------+--------------+--------------+--------------+--------------+--------------+--------------+--------------+--------------+--------------+--------------+--------------+--------------+--------------+--------------+--------------+--------------+--------------+--------------+--------------+--------------+--------------+--------------+--------------+--------------+--------------+--------------+--------------+--------------+--------------+--------------+--------------+--------------+--------------+--------------+--------------+--------------+--------------+--------------+--------------+--------------+--------------+--------------+--------------+--------------+--------------+--------------+--------------+--------------+--------------+--------------+--------------+--------------+--------------+--------------+--------------+--------------+--------------+--------------+--------------+--------------+--------------+--------------+--------------+--------------+--------------+--------------+--------------+--------------+--------------+--------------+--------------+--------------+--------------+--------------+--------------+--------------+--------------+--------------+--------------+--------------+--------------+--------------+--------------+--------------+--------------+--------------+--------------+--------------+--------------+--------------+--------------+--------------+--------------+--------------+--------------+--------------+--------------+--------------+--------------+--------------+--------------+--------------+--------------+--------------+--------------+--------------+--------------+--------------+--------------+--------------+--------------+--------------+--------------+--------------+--------------+--------------+--------------+--------------+--------------+--------------+--------------+--------------+--------------+--------------+--------------+--------------+--------------+--------------+--------------+--------------+--------------+--------------+--------------+--------------+--------------+--------------+--------------+--------------+
|        Metric        | HWThread 0 | HWThread 1 | HWThread 2 | HWThread 3 | HWThread 4 | HWThread 5 | HWThread 6 | HWThread 7 | HWThread 8 | HWThread 9 | HWThread 10 | HWThread 11 | HWThread 12 | HWThread 13 | HWThread 14 | HWThread 15 | HWThread 16 | HWThread 17 | HWThread 18 | HWThread 19 | HWThread 20 | HWThread 21 | HWThread 22 | HWThread 23 | HWThread 24 | HWThread 25 | HWThread 26 | HWThread 27 | HWThread 28 | HWThread 29 | HWThread 30 | HWThread 31 | HWThread 32 | HWThread 33 | HWThread 34 | HWThread 35 | HWThread 36 | HWThread 37 | HWThread 38 | HWThread 39 | HWThread 40 | HWThread 41 | HWThread 42 | HWThread 43 | HWThread 44 | HWThread 45 | HWThread 46 | HWThread 47 | HWThread 48 | HWThread 49 | HWThread 50 | HWThread 51 | HWThread 52 | HWThread 53 | HWThread 54 | HWThread 55 | HWThread 56 | HWThread 57 | HWThread 58 | HWThread 59 | HWThread 60 | HWThread 61 | HWThread 62 | HWThread 63 | HWThread 64 | HWThread 65 | HWThread 66 | HWThread 67 | HWThread 68 | HWThread 69 | HWThread 70 | HWThread 71 | HWThread 72 | HWThread 73 | HWThread 74 | HWThread 75 | HWThread 76 | HWThread 77 | HWThread 78 | HWThread 79 | HWThread 80 | HWThread 81 | HWThread 82 | HWThread 83 | HWThread 84 | HWThread 85 | HWThread 86 | HWThread 87 | HWThread 88 | HWThread 89 | HWThread 90 | HWThread 91 | HWThread 92 | HWThread 93 | HWThread 94 | HWThread 95 | HWThread 96 | HWThread 97 | HWThread 98 | HWThread 99 | HWThread 100 | HWThread 101 | HWThread 102 | HWThread 103 | HWThread 104 | HWThread 105 | HWThread 106 | HWThread 107 | HWThread 108 | HWThread 109 | HWThread 110 | HWThread 111 | HWThread 112 | HWThread 113 | HWThread 114 | HWThread 115 | HWThread 116 | HWThread 117 | HWThread 118 | HWThread 119 | HWThread 120 | HWThread 121 | HWThread 122 | HWThread 123 | HWThread 124 | HWThread 125 | HWThread 126 | HWThread 127 | HWThread 128 | HWThread 129 | HWThread 130 | HWThread 131 | HWThread 132 | HWThread 133 | HWThread 134 | HWThread 135 | HWThread 136 | HWThread 137 | HWThread 138 | HWThread 139 | HWThread 140 | HWThread 141 | HWThread 142 | HWThread 143 | HWThread 144 | HWThread 145 | HWThread 146 | HWThread 147 | HWThread 148 | HWThread 149 | HWThread 150 | HWThread 151 | HWThread 152 | HWThread 153 | HWThread 154 | HWThread 155 | HWThread 156 | HWThread 157 | HWThread 158 | HWThread 159 | HWThread 160 | HWThread 161 | HWThread 162 | HWThread 163 | HWThread 164 | HWThread 165 | HWThread 166 | HWThread 167 | HWThread 168 | HWThread 169 | HWThread 170 | HWThread 171 | HWThread 172 | HWThread 173 | HWThread 174 | HWThread 175 | HWThread 176 | HWThread 177 | HWThread 178 | HWThread 179 | HWThread 180 | HWThread 181 | HWThread 182 | HWThread 183 | HWThread 184 | HWThread 185 | HWThread 186 | HWThread 187 | HWThread 188 | HWThread 189 | HWThread 190 | HWThread 191 | HWThread 192 | HWThread 193 | HWThread 194 | HWThread 195 | HWThread 196 | HWThread 197 | HWThread 198 | HWThread 199 | HWThread 200 | HWThread 201 | HWThread 202 | HWThread 203 | HWThread 204 | HWThread 205 | HWThread 206 | HWThread 207 | HWThread 208 | HWThread 209 | HWThread 210 | HWThread 211 | HWThread 212 | HWThread 213 | HWThread 214 | HWThread 215 | HWThread 216 | HWThread 217 | HWThread 218 | HWThread 219 | HWThread 220 | HWThread 221 | HWThread 222 | HWThread 223 | HWThread 224 | HWThread 225 | HWThread 226 | HWThread 227 | HWThread 228 | HWThread 229 | HWThread 230 | HWThread 231 | HWThread 232 | HWThread 233 | HWThread 234 | HWThread 235 | HWThread 236 | HWThread 237 | HWThread 238 | HWThread 239 | HWThread 240 | HWThread 241 | HWThread 242 | HWThread 243 | HWThread 244 | HWThread 245 | HWThread 246 | HWThread 247 | HWThread 248 | HWThread 249 | HWThread 250 | HWThread 251 | HWThread 252 | HWThread 253 | HWThread 254 | HWThread 255 |
+----------------------+------------+------------+------------+------------+------------+------------+------------+------------+------------+------------+-------------+-------------+-------------+-------------+-------------+-------------+-------------+-------------+-------------+-------------+-------------+-------------+-------------+-------------+-------------+-------------+-------------+-------------+-------------+-------------+-------------+-------------+-------------+-------------+-------------+-------------+-------------+-------------+-------------+-------------+-------------+-------------+-------------+-------------+-------------+-------------+-------------+-------------+-------------+-------------+-------------+-------------+-------------+-------------+-------------+-------------+-------------+-------------+-------------+-------------+-------------+-------------+-------------+-------------+-------------+-------------+-------------+-------------+-------------+-------------+-------------+-------------+-------------+-------------+-------------+-------------+-------------+-------------+-------------+-------------+-------------+-------------+-------------+-------------+-------------+-------------+-------------+-------------+-------------+-------------+-------------+-------------+-------------+-------------+-------------+-------------+-------------+-------------+-------------+-------------+--------------+--------------+--------------+--------------+--------------+--------------+--------------+--------------+--------------+--------------+--------------+--------------+--------------+--------------+--------------+--------------+--------------+--------------+--------------+--------------+--------------+--------------+--------------+--------------+--------------+--------------+--------------+--------------+--------------+--------------+--------------+--------------+--------------+--------------+--------------+--------------+--------------+--------------+--------------+--------------+--------------+--------------+--------------+--------------+--------------+--------------+--------------+--------------+--------------+--------------+--------------+--------------+--------------+--------------+--------------+--------------+--------------+--------------+--------------+--------------+--------------+--------------+--------------+--------------+--------------+--------------+--------------+--------------+--------------+--------------+--------------+--------------+--------------+--------------+--------------+--------------+--------------+--------------+--------------+--------------+--------------+--------------+--------------+--------------+--------------+--------------+--------------+--------------+--------------+--------------+--------------+--------------+--------------+--------------+--------------+--------------+--------------+--------------+--------------+--------------+--------------+--------------+--------------+--------------+--------------+--------------+--------------+--------------+--------------+--------------+--------------+--------------+--------------+--------------+--------------+--------------+--------------+--------------+--------------+--------------+--------------+--------------+--------------+--------------+--------------+--------------+--------------+--------------+--------------+--------------+--------------+--------------+--------------+--------------+--------------+--------------+--------------+--------------+--------------+--------------+--------------+--------------+--------------+--------------+--------------+--------------+--------------+--------------+--------------+--------------+--------------+--------------+--------------+--------------+--------------+--------------+
|  Runtime (RDTSC) [s] |     1.6903 |     1.6900 |     1.6895 |     1.6899 |     1.6894 |     1.6900 |     1.6895 |     1.6895 |     1.6895 |     1.6895 |      1.6895 |      1.6898 |      1.6899 |      1.6895 |      1.6894 |      1.6895 |      1.6895 |      1.6896 |      1.6898 |      1.6896 |      1.6895 |      1.6900 |      1.6894 |      1.6894 |      1.6898 |      1.6894 |      1.6899 |      1.6895 |      1.6899 |      1.6899 |      1.6899 |      1.6899 |      1.6898 |      1.6905 |      1.6895 |      1.6904 |      1.6894 |      1.6899 |      1.6898 |      1.6898 |      1.6894 |      1.6900 |      1.6895 |      1.6897 |      1.6898 |      1.6894 |      1.6894 |      1.6897 |      1.6895 |      1.6896 |      1.6895 |      1.6895 |      1.6896 |      1.6898 |      1.6897 |      1.6896 |      1.6899 |      1.6895 |      1.6896 |      1.6896 |      1.6896 |      1.6894 |      1.6898 |      1.6896 |      1.6895 |      1.6895 |      1.6895 |      1.6894 |      1.6895 |      1.6898 |      1.6896 |      1.6895 |      1.6895 |      1.6896 |      1.6898 |      1.6895 |      1.6894 |      1.6895 |      1.6896 |      1.6895 |      1.6897 |      1.6897 |      1.6900 |      1.6900 |      1.6896 |      1.6898 |      1.6894 |      1.6898 |      1.6900 |      1.6896 |      1.6896 |      1.6900 |      1.6895 |      1.6895 |      1.6900 |      1.6896 |      1.6942 |      1.6942 |      1.6943 |      1.6921 |       1.6927 |       1.6899 |       1.6898 |       1.6943 |       1.6929 |       1.6894 |       1.6899 |       1.6898 |       1.6896 |       1.6895 |       1.6895 |       1.6896 |       1.6900 |       1.6896 |       1.6895 |       1.6900 |       1.6900 |       1.6896 |       1.6894 |       1.6895 |       1.6895 |       1.6898 |       1.6899 |       1.6895 |       1.6899 |       1.6895 |       1.6895 |       1.6894 |       1.6898 |       1.6896 |       1.6900 |       1.6895 |       1.6895 |       1.6895 |       1.6897 |       1.6899 |       1.6895 |       1.6895 |       1.6895 |       1.6895 |       1.6895 |       1.6896 |       1.6896 |       1.6895 |       1.6902 |       1.6904 |       1.6899 |       1.6904 |       1.6902 |       1.6905 |       1.6905 |       1.6908 |       1.6899 |       1.6898 |       1.6904 |       1.6896 |       1.6895 |       1.6900 |       1.6904 |       1.6895 |       1.6899 |       1.6898 |       1.6899 |       1.6898 |       1.6897 |       1.6895 |       1.6895 |       1.6898 |       1.6898 |       1.6900 |       1.6898 |       1.6898 |       1.6895 |       1.6900 |       1.6900 |       1.6900 |       1.6895 |       1.6898 |       1.6899 |       1.6894 |       1.6899 |       1.6900 |       1.6899 |       1.6895 |       1.6899 |       1.6894 |       1.6894 |       1.6895 |       1.6899 |       1.6894 |       1.6899 |       1.6899 |       1.6899 |       1.6899 |       1.6900 |       1.6899 |       1.6898 |       1.6898 |       1.6900 |       1.6899 |       1.6894 |       1.6900 |       1.6895 |       1.6899 |       1.6895 |       1.6898 |       1.6900 |       1.6894 |       1.6898 |       1.6898 |       1.6898 |       1.6898 |       1.6899 |       1.6899 |       1.6899 |       1.6899 |       1.6900 |       1.6898 |       1.6899 |       1.6895 |       1.6899 |       1.6898 |       1.6895 |       1.6900 |       1.6899 |       1.6903 |       1.6899 |       1.6899 |       1.6899 |       1.6898 |       1.6895 |       1.6899 |       1.6895 |       1.6895 |       1.6895 |       1.6896 |       1.6895 |       1.6900 |       1.6894 |       1.6903 |       1.6906 |       1.6900 |       1.6900 |       1.6900 |       1.6895 |       1.6897 |       1.6895 |       1.6900 |       1.6899 |       1.6899 |       1.6905 |       1.6896 |       1.6899 |       1.6895 |       1.6899 |       1.6895 |
| Runtime unhalted [s] |     1.5174 |     1.5173 |     1.5170 |     1.5176 |     1.5178 |     1.5171 |     1.5173 |     1.5177 |     1.5075 |     1.5075 |      1.5073 |      1.5078 |      1.5078 |      1.5077 |      1.5082 |      1.5073 |      1.5231 |      1.5231 |      1.5239 |      1.5232 |      1.5231 |      1.5234 |      1.5238 |      1.5233 |      1.5112 |      1.5106 |      1.5111 |      1.5103 |      1.5112 |      1.5111 |      1.5111 |      1.5116 |      1.5107 |      1.5103 |      1.5098 |      1.5103 |      1.5096 |      1.5107 |      1.5103 |      1.5103 |      1.5190 |      1.5195 |      1.5191 |      1.5190 |      1.5197 |      1.5190 |      1.5190 |      1.5191 |      1.5209 |      1.5207 |      1.5209 |      1.5206 |      1.5205 |      1.5210 |      1.5206 |      1.5207 |      1.5125 |      1.5122 |      1.5123 |      1.5123 |      1.5127 |      1.5124 |      1.5129 |      1.5123 |      1.5110 |      1.5114 |      1.5111 |      1.5115 |      1.5110 |      1.5114 |      1.5109 |      1.5111 |      1.5212 |      1.5205 |      1.5212 |      1.5209 |      1.5212 |      1.5208 |      1.5206 |      1.5206 |      1.5143 |      1.5143 |      1.5146 |      1.5144 |      1.5141 |      1.5148 |      1.5147 |      1.5151 |      1.5125 |      1.5122 |      1.5122 |      1.5124 |      1.5129 |      1.5121 |      1.5126 |      1.5122 |      1.5192 |      1.5192 |      1.5196 |      1.5199 |       1.5194 |       1.5193 |       1.5194 |       1.5196 |       1.5216 |       1.5208 |       1.5212 |       1.5214 |       1.5204 |       1.5207 |       1.5206 |       1.5207 |       1.5194 |       1.5188 |       1.5193 |       1.5194 |       1.5194 |       1.5191 |       1.5193 |       1.5190 |       1.5137 |       1.5142 |       1.5143 |       1.5135 |       1.5142 |       1.5138 |       1.5135 |       1.5136 |       1.5154 |       1.5145 |       1.5152 |       1.5150 |       1.5144 |       1.5149 |       1.5150 |       1.5149 |       1.5175 |       1.5173 |       1.5176 |       1.5177 |       1.5177 |       1.5175 |       1.5174 |       1.5174 |       1.5303 |       1.5302 |       1.5299 |       1.5304 |       1.5302 |       1.5303 |       1.5303 |       1.5303 |       1.5173 |       1.5172 |       1.5179 |       1.5171 |       1.5172 |       1.5174 |       1.5175 |       1.5169 |       1.5162 |       1.5163 |       1.5162 |       1.5159 |       1.5156 |       1.5158 |       1.5154 |       1.5162 |       1.5237 |       1.5236 |       1.5236 |       1.5236 |       1.5230 |       1.5230 |       1.5236 |       1.5236 |       1.5163 |       1.5170 |       1.5167 |       1.5162 |       1.5171 |       1.5158 |       1.5168 |       1.5165 |       1.5227 |       1.5216 |       1.5216 |       1.5222 |       1.5227 |       1.5222 |       1.5228 |       1.5228 |       1.5142 |       1.5142 |       1.5143 |       1.5143 |       1.5142 |       1.5141 |       1.5137 |       1.5143 |       1.5183 |       1.5182 |       1.5181 |       1.5187 |       1.5182 |       1.5183 |       1.5188 |       1.5181 |       1.5229 |       1.5233 |       1.5231 |       1.5231 |       1.5228 |       1.5227 |       1.5228 |       1.5228 |       1.5186 |       1.5185 |       1.5179 |       1.5173 |       1.5180 |       1.5184 |       1.5177 |       1.5184 |       1.5283 |       1.5283 |       1.5278 |       1.5279 |       1.5283 |       1.5284 |       1.5275 |       1.5283 |       1.5153 |       1.5154 |       1.5154 |       1.5154 |       1.5155 |       1.5156 |       1.5154 |       1.5162 |       1.5221 |       1.5215 |       1.5215 |       1.5215 |       1.5212 |       1.5213 |       1.5215 |       1.5216 |       1.5193 |       1.5195 |       1.5196 |       1.5187 |       1.5189 |       1.5192 |       1.5190 |       1.5190 |
|      Clock [MHz]     |  2413.7794 |  2414.5334 |  2414.0331 |  2414.5321 |  2414.1146 |  2414.6355 |  2414.6167 |  2413.5431 |  2398.0364 |  2399.3680 |   2398.8210 |   2398.7279 |   2398.5228 |   2399.2397 |   2398.7966 |   2398.8250 |   2422.7234 |   2422.7315 |   2423.2920 |   2422.7798 |   2422.7113 |   2423.4181 |   2423.6386 |   2423.2682 |   2402.9743 |   2402.6654 |   2402.8393 |   2402.4098 |   2402.9374 |   2402.8643 |   2403.0283 |   2403.0775 |   2401.6763 |   2401.5190 |   2401.3989 |   2401.5083 |   2401.5216 |   2401.4014 |   2401.5442 |   2401.4871 |   2417.4543 |   2417.0916 |   2416.6728 |   2417.4090 |   2416.4748 |   2417.4412 |   2417.3939 |   2416.6765 |   2418.9362 |   2418.7749 |   2419.2506 |   2418.7210 |   2418.8108 |   2418.7866 |   2418.7136 |   2418.7772 |   2406.0030 |   2406.2116 |   2405.5083 |   2405.5245 |   2405.2114 |   2406.5576 |   2405.7403 |   2405.5089 |   2403.6231 |   2403.6822 |   2403.7299 |   2404.0596 |   2403.6828 |   2403.3136 |   2403.2255 |   2403.7549 |   2419.1704 |   2419.5146 |   2419.0242 |   2418.6594 |   2419.1781 |   2419.2839 |   2418.7109 |   2418.7040 |   2408.6103 |   2408.4744 |   2409.1500 |   2408.9743 |   2408.3727 |   2408.6647 |   2409.1127 |   2408.9463 |   2405.8520 |   2405.3607 |   2405.3875 |   2405.8919 |   2406.1713 |   2405.4016 |   2406.0650 |   2405.3226 |   2415.5478 |   2415.5599 |   2414.8041 |   2415.0344 |    2414.7993 |    2416.1514 |    2416.1801 |    2414.7660 |    2417.9243 |    2418.5301 |    2418.3641 |    2418.6588 |    2418.6184 |    2418.2617 |    2417.9683 |    2418.2881 |    2416.2060 |    2415.7814 |    2416.2640 |    2416.2483 |    2416.2411 |    2415.7539 |    2416.2738 |    2415.6908 |    2408.8666 |    2408.6757 |    2408.6961 |    2408.3538 |    2408.5968 |    2408.9413 |    2408.3805 |    2408.4668 |    2409.4325 |    2408.9566 |    2409.1893 |    2409.3427 |    2408.9261 |    2409.3826 |    2409.2473 |    2409.9841 |    2413.2851 |    2412.9024 |    2413.9083 |    2413.8130 |    2413.8269 |    2413.2783 |    2412.9332 |    2413.3607 |    2431.5215 |    2431.5863 |    2432.6927 |    2431.8546 |    2431.6665 |    2431.5902 |    2432.1657 |    2431.9009 |    2413.1095 |    2413.7121 |    2412.8568 |    2412.5274 |    2412.7556 |    2413.0084 |    2412.7515 |    2412.6507 |    2410.3367 |    2410.5840 |    2410.3468 |    2410.0402 |    2409.9921 |    2410.7430 |    2410.6031 |    2410.3397 |    2422.2230 |    2422.1509 |    2422.0518 |    2422.2922 |    2422.3430 |    2421.9290 |    2422.2024 |    2422.0967 |    2411.2060 |    2411.5882 |    2411.5375 |    2411.5564 |    2411.6401 |    2411.1155 |    2411.2585 |    2411.7501 |    2421.0001 |    2420.5756 |    2420.5762 |    2420.6807 |    2420.5213 |    2420.7118 |    2420.9744 |    2420.8727 |    2407.1816 |    2407.1837 |    2407.1188 |    2407.6067 |    2407.1331 |    2407.1094 |    2407.3274 |    2407.1550 |    2414.6769 |    2414.4050 |    2414.4002 |    2414.2578 |    2414.3472 |    2413.9186 |    2415.0525 |    2414.3684 |    2421.1872 |    2421.5002 |    2421.5515 |    2421.4976 |    2421.6680 |    2421.2896 |    2421.3401 |    2421.3487 |    2414.6290 |    2414.1550 |    2413.7634 |    2413.4902 |    2413.8514 |    2414.6249 |    2413.7424 |    2414.6807 |    2429.6981 |    2429.2803 |    2429.8164 |    2429.7815 |    2429.8036 |    2430.0112 |    2429.2305 |    2429.6664 |    2409.9905 |    2410.1387 |    2410.3676 |    2409.8687 |    2410.1031 |    2410.1788 |    2410.1451 |    2409.2719 |    2419.1870 |    2419.8990 |    2419.5403 |    2419.5334 |    2419.0098 |    2419.5021 |    2419.8522 |    2419.8540 |    2415.4417 |    2415.8041 |    2415.8669 |    2415.1268 |    2415.6541 |    2415.9688 |    2415.6516 |    2415.9967 |
|          CPI         |     0.3972 |     0.3975 |     0.3974 |     0.3974 |     0.3973 |     0.3975 |     0.3974 |     0.3974 |     0.3949 |     0.3949 |      0.3949 |      0.3949 |      0.3949 |      0.3949 |      0.3949 |      0.3949 |      0.3987 |      0.3987 |      0.3987 |      0.3987 |      0.3987 |      0.3988 |      0.3987 |      0.3987 |      0.3956 |      0.3956 |      0.3957 |      0.3956 |      0.3957 |      0.3956 |      0.3956 |      0.3957 |      0.3957 |      0.3959 |      0.3957 |      0.3958 |      0.3956 |      0.3957 |      0.3957 |      0.3957 |      0.3977 |      0.3978 |      0.3977 |      0.3977 |      0.3977 |      0.3977 |      0.3976 |      0.3977 |      0.3980 |      0.3980 |      0.3980 |      0.3980 |      0.3980 |      0.3981 |      0.3980 |      0.3980 |      0.3961 |      0.3961 |      0.3961 |      0.3961 |      0.3961 |      0.3960 |      0.3961 |      0.3961 |      0.3958 |      0.3958 |      0.3958 |      0.3958 |      0.3958 |      0.3958 |      0.3958 |      0.3957 |      0.3981 |      0.3982 |      0.3982 |      0.3982 |      0.3981 |      0.3981 |      0.3981 |      0.3981 |      0.3966 |      0.3966 |      0.3966 |      0.3966 |      0.3965 |      0.3966 |      0.3965 |      0.3966 |      0.3962 |      0.3962 |      0.3961 |      0.3962 |      0.3961 |      0.3961 |      0.3962 |      0.3962 |      0.3987 |      0.3987 |      0.3987 |      0.3982 |       0.3983 |       0.3978 |       0.3977 |       0.3987 |       0.3990 |       0.3983 |       0.3980 |       0.3983 |       0.3983 |       0.3983 |       0.3983 |       0.3983 |       0.3980 |       0.3979 |       0.3979 |       0.3980 |       0.3979 |       0.3979 |       0.3978 |       0.3978 |       0.3965 |       0.3965 |       0.3965 |       0.3965 |       0.3965 |       0.3965 |       0.3965 |       0.3964 |       0.3964 |       0.3963 |       0.3964 |       0.3963 |       0.3963 |       0.3963 |       0.3963 |       0.3964 |       0.3970 |       0.3970 |       0.3969 |       0.3969 |       0.3969 |       0.3970 |       0.3969 |       0.3969 |       0.4000 |       0.4001 |       0.3999 |       0.4001 |       0.4000 |       0.4000 |       0.4000 |       0.4001 |       0.3969 |       0.3969 |       0.3970 |       0.3968 |       0.3968 |       0.3969 |       0.3970 |       0.3968 |       0.3966 |       0.3966 |       0.3966 |       0.3965 |       0.3965 |       0.3965 |       0.3965 |       0.3965 |       0.3983 |       0.3984 |       0.3981 |       0.3983 |       0.3982 |       0.3983 |       0.3983 |       0.3983 |       0.3966 |       0.3967 |       0.3967 |       0.3967 |       0.3967 |       0.3967 |       0.3967 |       0.3966 |       0.3981 |       0.3981 |       0.3980 |       0.3981 |       0.3981 |       0.3981 |       0.3981 |       0.3981 |       0.3961 |       0.3961 |       0.3961 |       0.3961 |       0.3961 |       0.3961 |       0.3961 |       0.3961 |       0.3971 |       0.3972 |       0.3971 |       0.3972 |       0.3971 |       0.3971 |       0.3971 |       0.3971 |       0.3983 |       0.3983 |       0.3982 |       0.3983 |       0.3983 |       0.3983 |       0.3982 |       0.3982 |       0.3971 |       0.3971 |       0.3971 |       0.3970 |       0.3971 |       0.3971 |       0.3970 |       0.3971 |       0.3995 |       0.3996 |       0.3995 |       0.3995 |       0.3995 |       0.3995 |       0.3994 |       0.3995 |       0.3965 |       0.3965 |       0.3964 |       0.3965 |       0.3965 |       0.3965 |       0.3964 |       0.3966 |       0.3981 |       0.3980 |       0.3980 |       0.3980 |       0.3979 |       0.3978 |       0.3979 |       0.3980 |       0.3974 |       0.3974 |       0.3975 |       0.3973 |       0.3974 |       0.3973 |       0.3973 |       0.3973 |
|     DP [MFLOP/s]     | 76226.3606 | 76242.0570 | 76262.4989 | 76247.3356 | 76267.7353 | 76243.6811 | 76262.5441 | 76263.4017 | 76264.6205 | 76266.7421 |  76264.5753 |  76252.7053 |  76244.8992 |  76266.7873 |  76267.7353 |  76262.7246 |  76264.6205 |  76261.2802 |  76250.4941 |  76259.9262 |  76263.7628 |  76242.8690 |  76267.7353 |  76266.8324 |  76250.4941 |  76267.7804 |  76247.4710 |  76262.5892 |  76248.5990 |  76247.4259 |  76247.9222 |  76247.4710 |  76250.4490 |  76217.7034 |  76263.1760 |  76224.7823 |  76266.9678 |  76248.3734 |  76250.4941 |  76250.4490 |  76267.7353 |  76241.9216 |  76262.6795 |  76256.4509 |  76250.6746 |  76267.7353 |  76267.7353 |  76257.8049 |  76263.5823 |  76259.0686 |  76263.9434 |  76263.5823 |  76260.9643 |  76250.5844 |  76256.4509 |  76259.0686 |  76244.8992 |  76262.4989 |  76260.0164 |  76261.0094 |  76261.0094 |  76267.7804 |  76250.6295 |  76261.0545 |  76266.7421 |  76262.5441 |  76262.8149 |  76266.8324 |  76262.4989 |  76250.5393 |  76261.4156 |  76266.7873 |  76264.9364 |  76257.9403 |  76248.9148 |  76262.5892 |  76266.9227 |  76262.3635 |  76261.1900 |  76264.9816 |  76257.5792 |  76257.4890 |  76242.9141 |  76242.2374 |  76261.0094 |  76250.5844 |  76267.0130 |  76250.5844 |  76244.0871 |  76261.5962 |  76261.5962 |  76244.0871 |  76265.0267 |  76266.6970 |  76244.1322 |  76260.9191 |  76054.2164 |  76053.5431 |  76050.1764 |  76146.2208 |   76122.0633 |   76244.6285 |   76252.5699 |   76050.6702 |   76113.5646 |   76266.9227 |   76246.7942 |   76249.0502 |   76261.1900 |   76266.6970 |   76264.5302 |   76260.0616 |   76242.3728 |   76259.7908 |   76264.9816 |   76240.2976 |   76240.2976 |   76259.9262 |   76267.5998 |   76264.9816 |   76266.7873 |   76248.9600 |   76247.2905 |   76263.9885 |   76247.2454 |   76264.8913 |   76262.8600 |   76267.6901 |   76250.4490 |   76262.1378 |   76241.5607 |   76266.7421 |   76264.6656 |   76266.6970 |   76257.3536 |   76248.3734 |   76262.8149 |   76264.7559 |   76264.7559 |   76264.7107 |   76264.7107 |   76260.9191 |   76261.6413 |   76264.6205 |   76232.2685 |   76223.8805 |   76247.1551 |   76223.7001 |   76231.1861 |   76221.6710 |   76218.6501 |   76205.1268 |   76244.4932 |   76250.4941 |   76222.4826 |   76259.8359 |   76266.7421 |   76242.7337 |   76225.6842 |   76262.3635 |   76247.6515 |   76248.9600 |   76245.2602 |   76250.4039 |   76257.8049 |   76266.6067 |   76262.5892 |   76249.0502 |   76251.0356 |   76241.4705 |   76248.8246 |   76250.4490 |   76266.5164 |   76242.9592 |   76241.4705 |   76241.4254 |   76263.1309 |   76248.8697 |   76245.4406 |   76267.5547 |   76246.6137 |   76243.1397 |   76248.3734 |   76266.6970 |   76245.0797 |   76267.4644 |   76267.4644 |   76266.3810 |   76245.0797 |   76267.2838 |   76244.5383 |   76244.5834 |   76245.9369 |   76245.8016 |   76241.0194 |   76245.8016 |   76250.4039 |   76250.2234 |   76243.2750 |   76246.5686 |   76267.5096 |   76243.9518 |   76263.5823 |   76245.5309 |   76263.5823 |   76250.4941 |   76241.9216 |   76267.5096 |   76250.2234 |   76250.2234 |   76250.2234 |   76250.2685 |   76244.3578 |   76246.8393 |   76245.0346 |   76244.4481 |   76240.6133 |   76250.4490 |   76245.1699 |   76262.8149 |   76246.1174 |   76251.6674 |   76262.5441 |   76240.6133 |   76247.0198 |   76227.3978 |   76246.5686 |   76244.4932 |   76247.5161 |   76250.3588 |   76262.6795 |   76247.5161 |   76262.5441 |   76266.6518 |   76264.5753 |   76261.0997 |   76262.8600 |   76243.9067 |   76267.3741 |   76230.0586 |   76216.8017 |   76241.7863 |   76242.2825 |   76241.5607 |   76262.3635 |   76257.7146 |   76266.6518 |   76241.6509 |   76248.2380 |   76248.7795 |   76219.0108 |   76261.2351 |   76244.4481 |   76266.6067 |   76244.4481 |   76266.6970 |
+----------------------+------------+------------+------------+------------+------------+------------+------------+------------+------------+------------+-------------+-------------+-------------+-------------+-------------+-------------+-------------+-------------+-------------+-------------+-------------+-------------+-------------+-------------+-------------+-------------+-------------+-------------+-------------+-------------+-------------+-------------+-------------+-------------+-------------+-------------+-------------+-------------+-------------+-------------+-------------+-------------+-------------+-------------+-------------+-------------+-------------+-------------+-------------+-------------+-------------+-------------+-------------+-------------+-------------+-------------+-------------+-------------+-------------+-------------+-------------+-------------+-------------+-------------+-------------+-------------+-------------+-------------+-------------+-------------+-------------+-------------+-------------+-------------+-------------+-------------+-------------+-------------+-------------+-------------+-------------+-------------+-------------+-------------+-------------+-------------+-------------+-------------+-------------+-------------+-------------+-------------+-------------+-------------+-------------+-------------+-------------+-------------+-------------+-------------+--------------+--------------+--------------+--------------+--------------+--------------+--------------+--------------+--------------+--------------+--------------+--------------+--------------+--------------+--------------+--------------+--------------+--------------+--------------+--------------+--------------+--------------+--------------+--------------+--------------+--------------+--------------+--------------+--------------+--------------+--------------+--------------+--------------+--------------+--------------+--------------+--------------+--------------+--------------+--------------+--------------+--------------+--------------+--------------+--------------+--------------+--------------+--------------+--------------+--------------+--------------+--------------+--------------+--------------+--------------+--------------+--------------+--------------+--------------+--------------+--------------+--------------+--------------+--------------+--------------+--------------+--------------+--------------+--------------+--------------+--------------+--------------+--------------+--------------+--------------+--------------+--------------+--------------+--------------+--------------+--------------+--------------+--------------+--------------+--------------+--------------+--------------+--------------+--------------+--------------+--------------+--------------+--------------+--------------+--------------+--------------+--------------+--------------+--------------+--------------+--------------+--------------+--------------+--------------+--------------+--------------+--------------+--------------+--------------+--------------+--------------+--------------+--------------+--------------+--------------+--------------+--------------+--------------+--------------+--------------+--------------+--------------+--------------+--------------+--------------+--------------+--------------+--------------+--------------+--------------+--------------+--------------+--------------+--------------+--------------+--------------+--------------+--------------+--------------+--------------+--------------+--------------+--------------+--------------+--------------+--------------+--------------+--------------+--------------+--------------+--------------+--------------+--------------+--------------+--------------+--------------+
+---------------------------+--------------+------------+------------+------------+
|           Metric          |      Sum     |     Min    |     Max    |     Avg    |
+---------------------------+--------------+------------+------------+------------+
|  Runtime (RDTSC) [s] STAT |     432.6003 |     1.6894 |     1.6943 |     1.6898 |
| Runtime unhalted [s] STAT |     388.5644 |     1.5073 |     1.5304 |     1.5178 |
|      Clock [MHz] STAT     |  617935.9230 |  2398.0364 |  2432.6927 |  2413.8122 |
|          CPI STAT         |     101.6924 |     0.3949 |     0.4001 |     0.3972 |
|     DP [MFLOP/s] STAT     | 1.951971e+07 | 76050.1764 | 76267.7804 | 76248.8615 |
+---------------------------+--------------+------------+------------+------------+
