--------------------------------------------------------------------------------
CPU name:	AMD EPYC 9755 128-Core Processor               
CPU type:	AMD K1A (Zen5) architecture
CPU clock:	2.70 GHz
--------------------------------------------------------------------------------
Region bench, Group 1: FLOPS_DP
+-------------------+------------+------------+------------+------------+------------+------------+------------+------------+------------+------------+-------------+-------------+-------------+-------------+-------------+-------------+-------------+-------------+-------------+-------------+-------------+-------------+-------------+-------------+-------------+-------------+-------------+-------------+-------------+-------------+-------------+-------------+-------------+-------------+-------------+-------------+-------------+-------------+-------------+-------------+-------------+-------------+-------------+-------------+-------------+-------------+-------------+-------------+-------------+-------------+-------------+-------------+-------------+-------------+-------------+-------------+-------------+-------------+-------------+-------------+-------------+-------------+-------------+-------------+-------------+-------------+-------------+-------------+-------------+-------------+-------------+-------------+-------------+-------------+-------------+-------------+-------------+-------------+-------------+-------------+-------------+-------------+-------------+-------------+-------------+-------------+-------------+-------------+-------------+-------------+-------------+-------------+-------------+-------------+-------------+-------------+-------------+-------------+-------------+-------------+--------------+--------------+--------------+--------------+--------------+--------------+--------------+--------------+--------------+--------------+--------------+--------------+--------------+--------------+--------------+--------------+--------------+--------------+--------------+--------------+--------------+--------------+--------------+--------------+--------------+--------------+--------------+--------------+--------------+--------------+--------------+--------------+--------------+--------------+--------------+--------------+--------------+--------------+--------------+--------------+--------------+--------------+--------------+--------------+--------------+--------------+--------------+--------------+--------------+--------------+--------------+--------------+--------------+--------------+--------------+--------------+--------------+--------------+--------------+--------------+--------------+--------------+--------------+--------------+--------------+--------------+--------------+--------------+--------------+--------------+--------------+--------------+--------------+--------------+--------------+--------------+--------------+--------------+--------------+--------------+--------------+--------------+--------------+--------------+--------------+--------------+--------------+--------------+--------------+--------------+--------------+--------------+--------------+--------------+--------------+--------------+--------------+--------------+--------------+--------------+--------------+--------------+--------------+--------------+--------------+--------------+--------------+--------------+--------------+--------------+--------------+--------------+--------------+--------------+--------------+--------------+--------------+--------------+--------------+--------------+--------------+--------------+--------------+--------------+--------------+--------------+--------------+--------------+--------------+--------------+--------------+--------------+--------------+--------------+--------------+--------------+--------------+--------------+--------------+--------------+--------------+--------------+--------------+--------------+--------------+--------------+--------------+--------------+--------------+--------------+--------------+--------------+--------------+--------------+--------------+--------------+
|    Region Info    | HWThread 0 | HWThread 1 | HWThread 2 | HWThread 3 | HWThread 4 | HWThread 5 | HWThread 6 | HWThread 7 | HWThread 8 | HWThread 9 | HWThread 10 | HWThread 11 | HWThread 12 | HWThread 13 | HWThread 14 | HWThread 15 | HWThread 16 | HWThread 17 | HWThread 18 | HWThread 19 | HWThread 20 | HWThread 21 | HWThread 22 | HWThread 23 | HWThread 24 | HWThread 25 | HWThread 26 | HWThread 27 | HWThread 28 | HWThread 29 | HWThread 30 | HWThread 31 | HWThread 32 | HWThread 33 | HWThread 34 | HWThread 35 | HWThread 36 | HWThread 37 | HWThread 38 | HWThread 39 | HWThread 40 | HWThread 41 | HWThread 42 | HWThread 43 | HWThread 44 | HWThread 45 | HWThread 46 | HWThread 47 | HWThread 48 | HWThread 49 | HWThread 50 | HWThread 51 | HWThread 52 | HWThread 53 | HWThread 54 | HWThread 55 | HWThread 56 | HWThread 57 | HWThread 58 | HWThread 59 | HWThread 60 | HWThread 61 | HWThread 62 | HWThread 63 | HWThread 64 | HWThread 65 | HWThread 66 | HWThread 67 | HWThread 68 | HWThread 69 | HWThread 70 | HWThread 71 | HWThread 72 | HWThread 73 | HWThread 74 | HWThread 75 | HWThread 76 | HWThread 77 | HWThread 78 | HWThread 79 | HWThread 80 | HWThread 81 | HWThread 82 | HWThread 83 | HWThread 84 | HWThread 85 | HWThread 86 | HWThread 87 | HWThread 88 | HWThread 89 | HWThread 90 | HWThread 91 | HWThread 92 | HWThread 93 | HWThread 94 | HWThread 95 | HWThread 96 | HWThread 97 | HWThread 98 | HWThread 99 | HWThread 100 | HWThread 101 | HWThread 102 | HWThread 103 | HWThread 104 | HWThread 105 | HWThread 106 | HWThread 107 | HWThread 108 | HWThread 109 | HWThread 110 | HWThread 111 | HWThread 112 | HWThread 113 | HWThread 114 | HWThread 115 | HWThread 116 | HWThread 117 | HWThread 118 | HWThread 119 | HWThread 120 | HWThread 121 | HWThread 122 | HWThread 123 | HWThread 124 | HWThread 125 | HWThread 126 | HWThread 127 | HWThread 128 | HWThread 129 | HWThread 130 | HWThread 131 | HWThread 132 | HWThread 133 | HWThread 134 | HWThread 135 | HWThread 136 | HWThread 137 | HWThread 138 | HWThread 139 | HWThread 140 | HWThread 141 | HWThread 142 | HWThread 143 | HWThread 144 | HWThread 145 | HWThread 146 | HWThread 147 | HWThread 148 | HWThread 149 | HWThread 150 | HWThread 151 | HWThread 152 | HWThread 153 | HWThread 154 | HWThread 155 | HWThread 156 | HWThread 157 | HWThread 158 | HWThread 159 | HWThread 160 | HWThread 161 | HWThread 162 | HWThread 163 | HWThread 164 | HWThread 165 | HWThread 166 | HWThread 167 | HWThread 168 | HWThread 169 | HWThread 170 | HWThread 171 | HWThread 172 | HWThread 173 | HWThread 174 | HWThread 175 | HWThread 176 | HWThread 177 | HWThread 178 | HWThread 179 | HWThread 180 | HWThread 181 | HWThread 182 | HWThread 183 | HWThread 184 | HWThread 185 | HWThread 186 | HWThread 187 | HWThread 188 | HWThread 189 | HWThread 190 | HWThread 191 | HWThread 192 | HWThread 193 | HWThread 194 | HWThread 195 | HWThread 196 | HWThread 197 | HWThread 198 | HWThread 199 | HWThread 200 | HWThread 201 | HWThread 202 | HWThread 203 | HWThread 204 | HWThread 205 | HWThread 206 | HWThread 207 | HWThread 208 | HWThread 209 | HWThread 210 | HWThread 211 | HWThread 212 | HWThread 213 | HWThread 214 | HWThread 215 | HWThread 216 | HWThread 217 | HWThread 218 | HWThread 219 | HWThread 220 | HWThread 221 | HWThread 222 | HWThread 223 | HWThread 224 | HWThread 225 | HWThread 226 | HWThread 227 | HWThread 228 | HWThread 229 | HWThread 230 | HWThread 231 | HWThread 232 | HWThread 233 | HWThread 234 | HWThread 235 | HWThread 236 | HWThread 237 | HWThread 238 | HWThread 239 | HWThread 240 | HWThread 241 | HWThread 242 | HWThread 243 | HWThread 244 | HWThread 245 | HWThread 246 | HWThread 247 | HWThread 248 | HWThread 249 | HWThread 250 | HWThread 251 | HWThread 252 | HWThread 253 | HWThread 254 | HWThread 255 |
+-------------------+------------+------------+------------+------------+------------+------------+------------+------------+------------+------------+-------------+-------------+-------------+-------------+-------------+-------------+-------------+-------------+-------------+-------------+-------------+-------------+-------------+-------------+-------------+-------------+-------------+-------------+-------------+-------------+-------------+-------------+-------------+-------------+-------------+-------------+-------------+-------------+-------------+-------------+-------------+-------------+-------------+-------------+-------------+-------------+-------------+-------------+-------------+-------------+-------------+-------------+-------------+-------------+-------------+-------------+-------------+-------------+-------------+-------------+-------------+-------------+-------------+-------------+-------------+-------------+-------------+-------------+-------------+-------------+-------------+-------------+-------------+-------------+-------------+-------------+-------------+-------------+-------------+-------------+-------------+-------------+-------------+-------------+-------------+-------------+-------------+-------------+-------------+-------------+-------------+-------------+-------------+-------------+-------------+-------------+-------------+-------------+-------------+-------------+--------------+--------------+--------------+--------------+--------------+--------------+--------------+--------------+--------------+--------------+--------------+--------------+--------------+--------------+--------------+--------------+--------------+--------------+--------------+--------------+--------------+--------------+--------------+--------------+--------------+--------------+--------------+--------------+--------------+--------------+--------------+--------------+--------------+--------------+--------------+--------------+--------------+--------------+--------------+--------------+--------------+--------------+--------------+--------------+--------------+--------------+--------------+--------------+--------------+--------------+--------------+--------------+--------------+--------------+--------------+--------------+--------------+--------------+--------------+--------------+--------------+--------------+--------------+--------------+--------------+--------------+--------------+--------------+--------------+--------------+--------------+--------------+--------------+--------------+--------------+--------------+--------------+--------------+--------------+--------------+--------------+--------------+--------------+--------------+--------------+--------------+--------------+--------------+--------------+--------------+--------------+--------------+--------------+--------------+--------------+--------------+--------------+--------------+--------------+--------------+--------------+--------------+--------------+--------------+--------------+--------------+--------------+--------------+--------------+--------------+--------------+--------------+--------------+--------------+--------------+--------------+--------------+--------------+--------------+--------------+--------------+--------------+--------------+--------------+--------------+--------------+--------------+--------------+--------------+--------------+--------------+--------------+--------------+--------------+--------------+--------------+--------------+--------------+--------------+--------------+--------------+--------------+--------------+--------------+--------------+--------------+--------------+--------------+--------------+--------------+--------------+--------------+--------------+--------------+--------------+--------------+
| RDTSC Runtime [s] |   1.829679 |   1.829127 |   1.829177 |   1.829659 |   1.829346 |   1.829187 |   1.829214 |   1.829133 |   1.829132 |   1.829180 |    1.829818 |    1.829679 |    1.829648 |    1.829216 |    1.829232 |    1.829192 |    1.829352 |    1.829736 |    1.829766 |    1.829173 |    1.830031 |    1.829286 |    1.829129 |    1.829257 |    1.829153 |    1.829136 |    1.829396 |    1.829187 |    1.829225 |    1.829186 |    1.829664 |    1.829402 |    1.829130 |    1.829173 |    1.833352 |    1.829668 |    1.829132 |    1.829264 |    1.833349 |    1.829130 |    1.829351 |    1.829664 |    1.829213 |    1.829380 |    1.829613 |    1.829404 |    1.829203 |    1.829363 |    1.829323 |    1.829400 |    1.829801 |    1.829341 |    1.829131 |    1.829213 |    1.829262 |    1.829431 |    1.829660 |    1.829358 |    1.830419 |    1.830048 |    1.833881 |    1.829225 |    1.829281 |    1.833882 |    1.829409 |    1.829349 |    1.829817 |    1.829128 |    1.829126 |    1.829662 |    1.829421 |    1.829128 |    1.829752 |    1.829734 |    1.829353 |    1.833878 |    1.829732 |    1.829557 |    1.829605 |    1.834005 |    1.829390 |    1.829197 |    1.829345 |    1.829606 |    1.829606 |    1.829618 |    1.829567 |    1.829606 |    1.829285 |    1.829288 |    1.829661 |    1.831266 |    1.829260 |    1.829176 |    1.829792 |    1.829131 |    1.829665 |    1.830012 |    1.829342 |    1.829840 |     1.829170 |     1.829827 |     1.829686 |     1.829171 |     1.830142 |     1.831335 |     1.829751 |     1.830117 |     1.829389 |     1.829205 |     1.829270 |     1.829814 |     1.829627 |     1.829284 |     1.830054 |     1.829341 |     1.829713 |     1.829419 |     1.829814 |     1.829662 |     1.830817 |     1.830042 |     1.829399 |     1.830129 |     1.830061 |     1.830095 |     1.830813 |     1.829657 |     1.830268 |     1.829412 |     1.829170 |     1.829411 |     1.829732 |     1.829219 |     1.830269 |     1.829124 |     1.829193 |     1.829410 |     1.829212 |     1.829213 |     1.829203 |     1.829212 |     1.829127 |     1.829670 |     1.829625 |     1.830351 |     1.829624 |     1.829126 |     1.829621 |     1.829574 |     1.829227 |     1.830034 |     1.830004 |     1.829813 |     1.829705 |     1.829709 |     1.830336 |     1.829709 |     1.829609 |     1.829659 |     1.830006 |     1.829133 |     1.830029 |     1.829225 |     1.829129 |     1.829708 |     1.829129 |     1.829129 |     1.829203 |     1.829836 |     1.829734 |     1.829384 |     1.829800 |     1.829171 |     1.829367 |     1.830339 |     1.829671 |     1.829211 |     1.829400 |     1.829155 |     1.829177 |     1.829393 |     1.830939 |     1.829346 |     1.829150 |     1.829130 |     1.829410 |     1.829125 |     1.829130 |     1.829764 |     1.829280 |     1.829125 |     1.829645 |     1.829194 |     1.830397 |     1.829294 |     1.829228 |     1.829352 |     1.829138 |     1.829134 |     1.830308 |     1.829133 |     1.829644 |     1.829364 |     1.829817 |     1.829658 |     1.829586 |     1.829133 |     1.829401 |     1.829134 |     1.829591 |     1.829588 |     1.829361 |     1.829212 |     1.829261 |     1.829402 |     1.829395 |     1.829260 |     1.829127 |     1.829346 |     1.829222 |     1.829419 |     1.829324 |     1.829166 |     1.829179 |     1.829326 |     1.829699 |     1.829177 |     1.829176 |     1.829433 |     1.829182 |     1.829326 |     1.829725 |     1.829741 |     1.829622 |     1.829128 |     1.829221 |     1.829849 |     1.830330 |     1.829734 |     1.829130 |     1.829689 |     1.829131 |     1.829137 |     1.830032 |     1.829699 |     1.829172 |     1.829199 |     1.829348 |     1.829133 |     1.829420 |     1.829398 |     1.829200 |     1.829174 |     1.829173 |     1.829686 |
|     call count    |          1 |          1 |          1 |          1 |          1 |          1 |          1 |          1 |          1 |          1 |           1 |           1 |           1 |           1 |           1 |           1 |           1 |           1 |           1 |           1 |           1 |           1 |           1 |           1 |           1 |           1 |           1 |           1 |           1 |           1 |           1 |           1 |           1 |           1 |           1 |           1 |           1 |           1 |           1 |           1 |           1 |           1 |           1 |           1 |           1 |           1 |           1 |           1 |           1 |           1 |           1 |           1 |           1 |           1 |           1 |           1 |           1 |           1 |           1 |           1 |           1 |           1 |           1 |           1 |           1 |           1 |           1 |           1 |           1 |           1 |           1 |           1 |           1 |           1 |           1 |           1 |           1 |           1 |           1 |           1 |           1 |           1 |           1 |           1 |           1 |           1 |           1 |           1 |           1 |           1 |           1 |           1 |           1 |           1 |           1 |           1 |           1 |           1 |           1 |           1 |            1 |            1 |            1 |            1 |            1 |            1 |            1 |            1 |            1 |            1 |            1 |            1 |            1 |            1 |            1 |            1 |            1 |            1 |            1 |            1 |            1 |            1 |            1 |            1 |            1 |            1 |            1 |            1 |            1 |            1 |            1 |            1 |            1 |            1 |            1 |            1 |            1 |            1 |            1 |            1 |            1 |            1 |            1 |            1 |            1 |            1 |            1 |            1 |            1 |            1 |            1 |            1 |            1 |            1 |            1 |            1 |            1 |            1 |            1 |            1 |            1 |            1 |            1 |            1 |            1 |            1 |            1 |            1 |            1 |            1 |            1 |            1 |            1 |            1 |            1 |            1 |            1 |            1 |            1 |            1 |            1 |            1 |            1 |            1 |            1 |            1 |            1 |            1 |            1 |            1 |            1 |            1 |            1 |            1 |            1 |            1 |            1 |            1 |            1 |            1 |            1 |            1 |            1 |            1 |            1 |            1 |            1 |            1 |            1 |            1 |            1 |            1 |            1 |            1 |            1 |            1 |            1 |            1 |            1 |            1 |            1 |            1 |            1 |            1 |            1 |            1 |            1 |            1 |            1 |            1 |            1 |            1 |            1 |            1 |            1 |            1 |            1 |            1 |            1 |            1 |            1 |            1 |            1 |            1 |            1 |            1 |            1 |            1 |            1 |            1 |            1 |            1 |            1 |            1 |            1 |            1 |
+-------------------+------------+------------+------------+------------+------------+------------+------------+------------+------------+------------+-------------+-------------+-------------+-------------+-------------+-------------+-------------+-------------+-------------+-------------+-------------+-------------+-------------+-------------+-------------+-------------+-------------+-------------+-------------+-------------+-------------+-------------+-------------+-------------+-------------+-------------+-------------+-------------+-------------+-------------+-------------+-------------+-------------+-------------+-------------+-------------+-------------+-------------+-------------+-------------+-------------+-------------+-------------+-------------+-------------+-------------+-------------+-------------+-------------+-------------+-------------+-------------+-------------+-------------+-------------+-------------+-------------+-------------+-------------+-------------+-------------+-------------+-------------+-------------+-------------+-------------+-------------+-------------+-------------+-------------+-------------+-------------+-------------+-------------+-------------+-------------+-------------+-------------+-------------+-------------+-------------+-------------+-------------+-------------+-------------+-------------+-------------+-------------+-------------+-------------+--------------+--------------+--------------+--------------+--------------+--------------+--------------+--------------+--------------+--------------+--------------+--------------+--------------+--------------+--------------+--------------+--------------+--------------+--------------+--------------+--------------+--------------+--------------+--------------+--------------+--------------+--------------+--------------+--------------+--------------+--------------+--------------+--------------+--------------+--------------+--------------+--------------+--------------+--------------+--------------+--------------+--------------+--------------+--------------+--------------+--------------+--------------+--------------+--------------+--------------+--------------+--------------+--------------+--------------+--------------+--------------+--------------+--------------+--------------+--------------+--------------+--------------+--------------+--------------+--------------+--------------+--------------+--------------+--------------+--------------+--------------+--------------+--------------+--------------+--------------+--------------+--------------+--------------+--------------+--------------+--------------+--------------+--------------+--------------+--------------+--------------+--------------+--------------+--------------+--------------+--------------+--------------+--------------+--------------+--------------+--------------+--------------+--------------+--------------+--------------+--------------+--------------+--------------+--------------+--------------+--------------+--------------+--------------+--------------+--------------+--------------+--------------+--------------+--------------+--------------+--------------+--------------+--------------+--------------+--------------+--------------+--------------+--------------+--------------+--------------+--------------+--------------+--------------+--------------+--------------+--------------+--------------+--------------+--------------+--------------+--------------+--------------+--------------+--------------+--------------+--------------+--------------+--------------+--------------+--------------+--------------+--------------+--------------+--------------+--------------+--------------+--------------+--------------+--------------+--------------+--------------+
+-------------------------------------+---------+--------------+--------------+--------------+--------------+--------------+--------------+--------------+--------------+--------------+--------------+--------------+--------------+--------------+--------------+--------------+--------------+--------------+--------------+--------------+--------------+--------------+--------------+--------------+--------------+--------------+--------------+--------------+--------------+--------------+--------------+--------------+--------------+--------------+--------------+--------------+--------------+--------------+--------------+--------------+--------------+--------------+--------------+--------------+--------------+--------------+--------------+--------------+--------------+--------------+--------------+--------------+--------------+--------------+--------------+--------------+--------------+--------------+--------------+--------------+--------------+--------------+--------------+--------------+--------------+--------------+--------------+--------------+--------------+--------------+--------------+--------------+--------------+--------------+--------------+--------------+--------------+--------------+--------------+--------------+--------------+--------------+--------------+--------------+--------------+--------------+--------------+--------------+--------------+--------------+--------------+--------------+--------------+--------------+--------------+--------------+--------------+--------------+--------------+--------------+--------------+--------------+--------------+--------------+--------------+--------------+--------------+--------------+--------------+--------------+--------------+--------------+--------------+--------------+--------------+--------------+--------------+--------------+--------------+--------------+--------------+--------------+--------------+--------------+--------------+--------------+--------------+--------------+--------------+--------------+--------------+--------------+--------------+--------------+--------------+--------------+--------------+--------------+--------------+--------------+--------------+--------------+--------------+--------------+--------------+--------------+--------------+--------------+--------------+--------------+--------------+--------------+--------------+--------------+--------------+--------------+--------------+--------------+--------------+--------------+--------------+--------------+--------------+--------------+--------------+--------------+--------------+--------------+--------------+--------------+--------------+--------------+--------------+--------------+--------------+--------------+--------------+--------------+--------------+--------------+--------------+--------------+--------------+--------------+--------------+--------------+--------------+--------------+--------------+--------------+--------------+--------------+--------------+--------------+--------------+--------------+--------------+--------------+--------------+--------------+--------------+--------------+--------------+--------------+--------------+--------------+--------------+--------------+--------------+--------------+--------------+--------------+--------------+--------------+--------------+--------------+--------------+--------------+--------------+--------------+--------------+--------------+--------------+--------------+--------------+--------------+--------------+--------------+--------------+--------------+--------------+--------------+--------------+--------------+--------------+--------------+--------------+--------------+--------------+--------------+--------------+--------------+--------------+--------------+--------------+--------------+--------------+--------------+--------------+--------------+--------------+--------------+--------------+--------------+--------------+--------------+--------------+
|                Event                | Counter |  HWThread 0  |  HWThread 1  |  HWThread 2  |  HWThread 3  |  HWThread 4  |  HWThread 5  |  HWThread 6  |  HWThread 7  |  HWThread 8  |  HWThread 9  |  HWThread 10 |  HWThread 11 |  HWThread 12 |  HWThread 13 |  HWThread 14 |  HWThread 15 |  HWThread 16 |  HWThread 17 |  HWThread 18 |  HWThread 19 |  HWThread 20 |  HWThread 21 |  HWThread 22 |  HWThread 23 |  HWThread 24 |  HWThread 25 |  HWThread 26 |  HWThread 27 |  HWThread 28 |  HWThread 29 |  HWThread 30 |  HWThread 31 |  HWThread 32 |  HWThread 33 |  HWThread 34 |  HWThread 35 |  HWThread 36 |  HWThread 37 |  HWThread 38 |  HWThread 39 |  HWThread 40 |  HWThread 41 |  HWThread 42 |  HWThread 43 |  HWThread 44 |  HWThread 45 |  HWThread 46 |  HWThread 47 |  HWThread 48 |  HWThread 49 |  HWThread 50 |  HWThread 51 |  HWThread 52 |  HWThread 53 |  HWThread 54 |  HWThread 55 |  HWThread 56 |  HWThread 57 |  HWThread 58 |  HWThread 59 |  HWThread 60 |  HWThread 61 |  HWThread 62 |  HWThread 63 |  HWThread 64 |  HWThread 65 |  HWThread 66 |  HWThread 67 |  HWThread 68 |  HWThread 69 |  HWThread 70 |  HWThread 71 |  HWThread 72 |  HWThread 73 |  HWThread 74 |  HWThread 75 |  HWThread 76 |  HWThread 77 |  HWThread 78 |  HWThread 79 |  HWThread 80 |  HWThread 81 |  HWThread 82 |  HWThread 83 |  HWThread 84 |  HWThread 85 |  HWThread 86 |  HWThread 87 |  HWThread 88 |  HWThread 89 |  HWThread 90 |  HWThread 91 |  HWThread 92 |  HWThread 93 |  HWThread 94 |  HWThread 95 |  HWThread 96 |  HWThread 97 |  HWThread 98 |  HWThread 99 | HWThread 100 | HWThread 101 | HWThread 102 | HWThread 103 | HWThread 104 | HWThread 105 | HWThread 106 | HWThread 107 | HWThread 108 | HWThread 109 | HWThread 110 | HWThread 111 | HWThread 112 | HWThread 113 | HWThread 114 | HWThread 115 | HWThread 116 | HWThread 117 | HWThread 118 | HWThread 119 | HWThread 120 | HWThread 121 | HWThread 122 | HWThread 123 | HWThread 124 | HWThread 125 | HWThread 126 | HWThread 127 | HWThread 128 | HWThread 129 | HWThread 130 | HWThread 131 | HWThread 132 | HWThread 133 | HWThread 134 | HWThread 135 | HWThread 136 | HWThread 137 | HWThread 138 | HWThread 139 | HWThread 140 | HWThread 141 | HWThread 142 | HWThread 143 | HWThread 144 | HWThread 145 | HWThread 146 | HWThread 147 | HWThread 148 | HWThread 149 | HWThread 150 | HWThread 151 | HWThread 152 | HWThread 153 | HWThread 154 | HWThread 155 | HWThread 156 | HWThread 157 | HWThread 158 | HWThread 159 | HWThread 160 | HWThread 161 | HWThread 162 | HWThread 163 | HWThread 164 | HWThread 165 | HWThread 166 | HWThread 167 | HWThread 168 | HWThread 169 | HWThread 170 | HWThread 171 | HWThread 172 | HWThread 173 | HWThread 174 | HWThread 175 | HWThread 176 | HWThread 177 | HWThread 178 | HWThread 179 | HWThread 180 | HWThread 181 | HWThread 182 | HWThread 183 | HWThread 184 | HWThread 185 | HWThread 186 | HWThread 187 | HWThread 188 | HWThread 189 | HWThread 190 | HWThread 191 | HWThread 192 | HWThread 193 | HWThread 194 | HWThread 195 | HWThread 196 | HWThread 197 | HWThread 198 | HWThread 199 | HWThread 200 | HWThread 201 | HWThread 202 | HWThread 203 | HWThread 204 | HWThread 205 | HWThread 206 | HWThread 207 | HWThread 208 | HWThread 209 | HWThread 210 | HWThread 211 | HWThread 212 | HWThread 213 | HWThread 214 | HWThread 215 | HWThread 216 | HWThread 217 | HWThread 218 | HWThread 219 | HWThread 220 | HWThread 221 | HWThread 222 | HWThread 223 | HWThread 224 | HWThread 225 | HWThread 226 | HWThread 227 | HWThread 228 | HWThread 229 | HWThread 230 | HWThread 231 | HWThread 232 | HWThread 233 | HWThread 234 | HWThread 235 | HWThread 236 | HWThread 237 | HWThread 238 | HWThread 239 | HWThread 240 | HWThread 241 | HWThread 242 | HWThread 243 | HWThread 244 | HWThread 245 | HWThread 246 | HWThread 247 | HWThread 248 | HWThread 249 | HWThread 250 | HWThread 251 | HWThread 252 | HWThread 253 | HWThread 254 | HWThread 255 |
+-------------------------------------+---------+--------------+--------------+--------------+--------------+--------------+--------------+--------------+--------------+--------------+--------------+--------------+--------------+--------------+--------------+--------------+--------------+--------------+--------------+--------------+--------------+--------------+--------------+--------------+--------------+--------------+--------------+--------------+--------------+--------------+--------------+--------------+--------------+--------------+--------------+--------------+--------------+--------------+--------------+--------------+--------------+--------------+--------------+--------------+--------------+--------------+--------------+--------------+--------------+--------------+--------------+--------------+--------------+--------------+--------------+--------------+--------------+--------------+--------------+--------------+--------------+--------------+--------------+--------------+--------------+--------------+--------------+--------------+--------------+--------------+--------------+--------------+--------------+--------------+--------------+--------------+--------------+--------------+--------------+--------------+--------------+--------------+--------------+--------------+--------------+--------------+--------------+--------------+--------------+--------------+--------------+--------------+--------------+--------------+--------------+--------------+--------------+--------------+--------------+--------------+--------------+--------------+--------------+--------------+--------------+--------------+--------------+--------------+--------------+--------------+--------------+--------------+--------------+--------------+--------------+--------------+--------------+--------------+--------------+--------------+--------------+--------------+--------------+--------------+--------------+--------------+--------------+--------------+--------------+--------------+--------------+--------------+--------------+--------------+--------------+--------------+--------------+--------------+--------------+--------------+--------------+--------------+--------------+--------------+--------------+--------------+--------------+--------------+--------------+--------------+--------------+--------------+--------------+--------------+--------------+--------------+--------------+--------------+--------------+--------------+--------------+--------------+--------------+--------------+--------------+--------------+--------------+--------------+--------------+--------------+--------------+--------------+--------------+--------------+--------------+--------------+--------------+--------------+--------------+--------------+--------------+--------------+--------------+--------------+--------------+--------------+--------------+--------------+--------------+--------------+--------------+--------------+--------------+--------------+--------------+--------------+--------------+--------------+--------------+--------------+--------------+--------------+--------------+--------------+--------------+--------------+--------------+--------------+--------------+--------------+--------------+--------------+--------------+--------------+--------------+--------------+--------------+--------------+--------------+--------------+--------------+--------------+--------------+--------------+--------------+--------------+--------------+--------------+--------------+--------------+--------------+--------------+--------------+--------------+--------------+--------------+--------------+--------------+--------------+--------------+--------------+--------------+--------------+--------------+--------------+--------------+--------------+--------------+--------------+--------------+--------------+--------------+--------------+--------------+--------------+--------------+--------------+
|           ACTUAL_CPU_CLOCK          |  FIXC1  |   4426630000 |   4424632000 |   4426905000 |   4427178000 |   4425639000 |   4426889000 |   4424509000 |   4426872000 |   4405601000 |   4405317000 |   4407073000 |   4406702000 |   4406210000 |   4405780000 |   4405673000 |   4405707000 |   4433955000 |   4436989000 |   4436900000 |   4436480000 |   4434908000 |   4435079000 |   4434206000 |   4436293000 |   4419948000 |   4420320000 |   4419810000 |   4419575000 |   4417335000 |   4420896000 |   4420783000 |   4420174000 |   4408542000 |   4410338000 |   4411613000 |   4411128000 |   4408105000 |   4409543000 |   4411789000 |   4407724000 |   4426619000 |   4427362000 |   4426749000 |   4426533000 |   4428219000 |   4427920000 |   4427953000 |   4427128000 |   4427254000 |   4426782000 |   4428596000 |   4427301000 |   4426713000 |   4425394000 |   4424504000 |   4427776000 |   4412958000 |   4415184000 |   4413388000 |   4415096000 |   4414192000 |   4411766000 |   4412062000 |   4415741000 |   4416701000 |   4414421000 |   4414645000 |   4417067000 |   4413201000 |   4416809000 |   4416675000 |   4416702000 |   4423601000 |   4424104000 |   4424834000 |   4424744000 |   4424291000 |   4423906000 |   4424802000 |   4426604000 |   4428318000 |   4426594000 |   4428185000 |   4429102000 |   4429540000 |   4429528000 |   4429934000 |   4431064000 |   4421514000 |   4422520000 |   4422884000 |   4424555000 |   4421909000 |   4420920000 |   4423676000 |   4423294000 |   4430320000 |   4430827000 |   4430353000 |   4431518000 |   4431635000 |   4433206000 |   4433180000 |   4431546000 |   4426977000 |   4426185000 |   4427561000 |   4425333000 |   4424434000 |   4425510000 |   4424257000 |   4424089000 |   4431708000 |   4430381000 |   4432734000 |   4431412000 |   4432337000 |   4432444000 |   4429897000 |   4431985000 |   4420613000 |   4419014000 |   4419440000 |   4420409000 |   4419350000 |   4419198000 |   4419131000 |   4418934000 |   4417912000 |   4417082000 |   4415657000 |   4417293000 |   4417885000 |   4416021000 |   4417909000 |   4415231000 |   4439887000 |   4442787000 |   4439272000 |   4442150000 |   4441813000 |   4441113000 |   4441344000 |   4441778000 |   4448972000 |   4450203000 |   4448927000 |   4447239000 |   4449303000 |   4449257000 |   4448933000 |   4447703000 |   4437375000 |   4434534000 |   4435365000 |   4435041000 |   4436571000 |   4434813000 |   4436163000 |   4435394000 |   4423217000 |   4423158000 |   4423043000 |   4423060000 |   4421795000 |   4423545000 |   4423129000 |   4423495000 |   4437609000 |   4440173000 |   4438757000 |   4438700000 |   4440007000 |   4439964000 |   4439145000 |   4440219000 |   4425784000 |   4422002000 |   4425060000 |   4424302000 |   4422885000 |   4423568000 |   4424582000 |   4424101000 |   4439868000 |   4442505000 |   4441641000 |   4439843000 |   4441289000 |   4443122000 |   4441795000 |   4440052000 |   4418683000 |   4415713000 |   4418925000 |   4416817000 |   4415611000 |   4416653000 |   4416871000 |   4417157000 |   4420692000 |   4419048000 |   4420288000 |   4418989000 |   4419503000 |   4418018000 |   4420215000 |   4420471000 |   4452280000 |   4450202000 |   4452306000 |   4452144000 |   4450361000 |   4452157000 |   4452010000 |   4452038000 |   4430215000 |   4428592000 |   4428279000 |   4429437000 |   4429275000 |   4429321000 |   4428820000 |   4429788000 |   4455834000 |   4457379000 |   4456093000 |   4456297000 |   4456597000 |   4458552000 |   4458174000 |   4457368000 |   4418621000 |   4419817000 |   4419252000 |   4416729000 |   4417559000 |   4418541000 |   4419164000 |   4419311000 |   4433544000 |   4436161000 |   4434999000 |   4435083000 |   4435704000 |   4434873000 |   4434694000 |   4433564000 |   4429314000 |   4430469000 |   4430387000 |   4427539000 |   4430559000 |   4427762000 |   4428828000 |   4427821000 |
|            MAX_CPU_CLOCK            |  FIXC2  |   4944783000 |   4943402000 |   4945620000 |   4947748000 |   4945826000 |   4944922000 |   4944326000 |   4944919000 |   4943898000 |   4941879000 |   4945483000 |   4945152000 |   4944669000 |   4945959000 |   4945651000 |   4945145000 |   4944064000 |   4948100000 |   4946614000 |   4945390000 |   4946073000 |   4945623000 |   4944255000 |   4945106000 |   4944111000 |   4945292000 |   4945804000 |   4944099000 |   4943088000 |   4945324000 |   4947847000 |   4945208000 |   4944291000 |   4945499000 |   4949033000 |   4947836000 |   4944587000 |   4945721000 |   4949150000 |   4944011000 |   4945965000 |   4944666000 |   4945572000 |   4944949000 |   4946643000 |   4945144000 |   4945830000 |   4945934000 |   4945826000 |   4943959000 |   4947071000 |   4945884000 |   4943971000 |   4944287000 |   4942992000 |   4945229000 |   4942202000 |   4947233000 |   4944283000 |   4948289000 |   4946194000 |   4942856000 |   4944301000 |   4949434000 |   4944578000 |   4944438000 |   4944306000 |   4945001000 |   4942588000 |   4944868000 |   4944296000 |   4945356000 |   4944059000 |   4944756000 |   4945006000 |   4946068000 |   4946865000 |   4943377000 |   4946915000 |   4949531000 |   4942815000 |   4940428000 |   4942580000 |   4942977000 |   4943570000 |   4943570000 |   4945308000 |   4946199000 |   4944401000 |   4945762000 |   4945163000 |   4948942000 |   4945827000 |   4944426000 |   4948174000 |   4944866000 |   4943068000 |   4943612000 |   4944443000 |   4943469000 |   4944052000 |   4945284000 |   4945248000 |   4943890000 |   4948062000 |   4947433000 |   4948648000 |   4944616000 |   4944396000 |   4944076000 |   4944228000 |   4944141000 |   4945597000 |   4945120000 |   4947837000 |   4946093000 |   4945372000 |   4945382000 |   4944197000 |   4944784000 |   4948107000 |   4944409000 |   4945307000 |   4948047000 |   4945286000 |   4947199000 |   4947124000 |   4945088000 |   4948212000 |   4945009000 |   4945787000 |   4945256000 |   4948067000 |   4945592000 |   4948143000 |   4943281000 |   4943112000 |   4945285000 |   4942684000 |   4945686000 |   4945297000 |   4944293000 |   4943386000 |   4943945000 |   4944109000 |   4946634000 |   4943806000 |   4942654000 |   4945551000 |   4945401000 |   4945798000 |   4942837000 |   4946920000 |   4944015000 |   4943818000 |   4943463000 |   4945697000 |   4941833000 |   4945209000 |   4944764000 |   4945594000 |   4943660000 |   4943895000 |   4945658000 |   4942466000 |   4947369000 |   4944242000 |   4944031000 |   4943831000 |   4946879000 |   4945532000 |   4945933000 |   4946499000 |   4945078000 |   4945924000 |   4946831000 |   4948136000 |   4943026000 |   4944570000 |   4944083000 |   4944286000 |   4942362000 |   4947148000 |   4945142000 |   4940213000 |   4941657000 |   4943984000 |   4940146000 |   4942021000 |   4943935000 |   4944167000 |   4940424000 |   4947792000 |   4943878000 |   4948490000 |   4945487000 |   4944489000 |   4945144000 |   4945571000 |   4945848000 |   4946963000 |   4944104000 |   4947667000 |   4946067000 |   4946039000 |   4944692000 |   4946803000 |   4945389000 |   4945187000 |   4944317000 |   4946803000 |   4946791000 |   4944667000 |   4945560000 |   4944649000 |   4944716000 |   4944949000 |   4944403000 |   4944127000 |   4945688000 |   4944582000 |   4945582000 |   4943175000 |   4944096000 |   4944656000 |   4945848000 |   4941872000 |   4944452000 |   4944894000 |   4945359000 |   4945755000 |   4945836000 |   4945207000 |   4948129000 |   4947254000 |   4943670000 |   4945832000 |   4945185000 |   4946814000 |   4948229000 |   4944335000 |   4945285000 |   4945671000 |   4945674000 |   4944862000 |   4945058000 |   4945255000 |   4944376000 |   4945753000 |   4945310000 |   4945208000 |   4943922000 |   4945377000 |   4944267000 |   4945840000 |   4943618000 |
|         RETIRED_INSTRUCTIONS        |   PMC0  |  18259860000 |  18261760000 |  18261660000 |  18261750000 |  18261650000 |  18261470000 |  18261540000 |  18261760000 |  18257560000 |  18257840000 |  18257770000 |  18257630000 |  18257630000 |  18257400000 |  18257280000 |  18257010000 |  18262970000 |  18263120000 |  18262940000 |  18262500000 |  18262720000 |  18262940000 |  18262420000 |  18262400000 |  18259550000 |  18260020000 |  18259810000 |  18259990000 |  18259810000 |  18259720000 |  18259400000 |  18259680000 |  18258530000 |  18258310000 |  18260230000 |  18258280000 |  18258270000 |  18258070000 |  18260210000 |  18257910000 |  18260710000 |  18260910000 |  18261100000 |  18260680000 |  18261170000 |  18260960000 |  18260890000 |  18260900000 |  18261210000 |  18261360000 |  18261180000 |  18260860000 |  18261020000 |  18261050000 |  18261100000 |  18261000000 |  18259060000 |  18258860000 |  18259260000 |  18259410000 |  18260420000 |  18256900000 |  18258930000 |  18260890000 |  18259140000 |  18259490000 |  18259780000 |  18259520000 |  18259640000 |  18259500000 |  18259390000 |  18258690000 |  18260970000 |  18261270000 |  18261000000 |  18263200000 |  18261150000 |  18260890000 |  18260850000 |  18262990000 |  18262190000 |  18262040000 |  18261890000 |  18262010000 |  18261670000 |  18262480000 |  18262290000 |  18262050000 |  18260460000 |  18260420000 |  18260990000 |  18261360000 |  18260330000 |  18260370000 |  18260130000 |  18260460000 |  18262450000 |  18262780000 |  18262770000 |  18262590000 |  18262390000 |  18262600000 |  18262490000 |  18262320000 |  18262180000 |  18262160000 |  18261410000 |  18261900000 |  18261610000 |  18261320000 |  18261510000 |  18261600000 |  18262740000 |  18262900000 |  18262690000 |  18262250000 |  18262560000 |  18262250000 |  18262390000 |  18262170000 |  18260880000 |  18260550000 |  18260220000 |  18260710000 |  18259940000 |  18259170000 |  18260610000 |  18260070000 |  18259090000 |  18259050000 |  18258800000 |  18259010000 |  18258840000 |  18259180000 |  18258890000 |  18258930000 |  18263400000 |  18263390000 |  18262990000 |  18263220000 |  18263030000 |  18263370000 |  18262960000 |  18263400000 |  18264520000 |  18265460000 |  18264960000 |  18264900000 |  18264860000 |  18264690000 |  18264880000 |  18265030000 |  18262720000 |  18262960000 |  18262370000 |  18262500000 |  18262970000 |  18262450000 |  18261930000 |  18262010000 |  18260980000 |  18260580000 |  18260530000 |  18259860000 |  18260090000 |  18260100000 |  18260020000 |  18259710000 |  18262810000 |  18262940000 |  18263100000 |  18262990000 |  18263250000 |  18262980000 |  18262860000 |  18263450000 |  18260400000 |  18260160000 |  18260060000 |  18260180000 |  18260450000 |  18260430000 |  18261030000 |  18260000000 |  18263660000 |  18263920000 |  18263460000 |  18263360000 |  18263510000 |  18263560000 |  18263400000 |  18263170000 |  18259430000 |  18259140000 |  18259340000 |  18259230000 |  18258860000 |  18259110000 |  18258840000 |  18258680000 |  18259830000 |  18259360000 |  18259490000 |  18259100000 |  18259620000 |  18259350000 |  18259430000 |  18259380000 |  18265430000 |  18265420000 |  18265350000 |  18265170000 |  18265030000 |  18265290000 |  18265440000 |  18265210000 |  18261110000 |  18261190000 |  18261150000 |  18260890000 |  18260770000 |  18260050000 |  18261210000 |  18258880000 |  18266280000 |  18266260000 |  18266090000 |  18266080000 |  18265800000 |  18266090000 |  18265780000 |  18266270000 |  18259400000 |  18259460000 |  18259350000 |  18259080000 |  18258990000 |  18259690000 |  18259370000 |  18259470000 |  18261760000 |  18262130000 |  18262010000 |  18262370000 |  18262700000 |  18262450000 |  18262150000 |  18261950000 |  18261170000 |  18261050000 |  18261420000 |  18260880000 |  18260600000 |  18260760000 |  18260700000 |  18261220000 |
|         CPU_CLOCKS_UNHALTED         |   PMC1  |   4386535000 |   4394838000 |   4394322000 |   4395900000 |   4395016000 |   4394720000 |   4394588000 |   4394387000 |   4370530000 |   4370871000 |   4371881000 |   4371695000 |   4371453000 |   4370779000 |   4370462000 |   4370614000 |   4400089000 |   4401259000 |   4400797000 |   4399924000 |   4401511000 |   4400083000 |   4399273000 |   4399578000 |   4384232000 |   4384531000 |   4384661000 |   4384660000 |   4384455000 |   4384535000 |   4385285000 |   4384748000 |   4376809000 |   4376860000 |   4386416000 |   4376799000 |   4376504000 |   4376887000 |   4385445000 |   4376309000 |   4392223000 |   4392607000 |   4391669000 |   4392179000 |   4392383000 |   4391995000 |   4390724000 |   4391778000 |   4392473000 |   4392722000 |   4393314000 |   4392703000 |   4391980000 |   4392220000 |   4392091000 |   4392410000 |   4379183000 |   4379462000 |   4381380000 |   4380954000 |   4389522000 |   4378091000 |   4378747000 |   4389685000 |   4381906000 |   4381873000 |   4382669000 |   4381368000 |   4381048000 |   4382342000 |   4381707000 |   4381108000 |   4391274000 |   4391285000 |   4390247000 |   4400886000 |   4390923000 |   4390621000 |   4390581000 |   4400906000 |   4396294000 |   4396068000 |   4395974000 |   4396811000 |   4396433000 |   4396636000 |   4396344000 |   4396294000 |   4388429000 |   4388378000 |   4388948000 |   4392960000 |   4388029000 |   4387388000 |   4388476000 |   4387686000 |   4399093000 |   4400085000 |   4398235000 |   4399336000 |   4397917000 |   4399437000 |   4398841000 |   4397849000 |   4394278000 |   4397390000 |   4393245000 |   4394313000 |   4392473000 |   4392190000 |   4392209000 |   4393321000 |   4399132000 |   4398623000 |   4399735000 |   4398489000 |   4399114000 |   4398388000 |   4399089000 |   4398959000 |   4388660000 |   4387072000 |   4385327000 |   4387195000 |   4386891000 |   4386854000 |   4388535000 |   4385861000 |   4379577000 |   4377917000 |   4377201000 |   4378010000 |   4378401000 |   4377560000 |   4379421000 |   4377072000 |   4403327000 |   4403838000 |   4403219000 |   4403446000 |   4403111000 |   4403326000 |   4403003000 |   4404200000 |   4411897000 |   4413602000 |   4411744000 |   4410728000 |   4411707000 |   4411727000 |   4410598000 |   4412691000 |   4399802000 |   4399316000 |   4398700000 |   4398834000 |   4400098000 |   4398685000 |   4398331000 |   4398538000 |   4386567000 |   4384972000 |   4386591000 |   4385131000 |   4384553000 |   4385992000 |   4384575000 |   4384750000 |   4400097000 |   4401465000 |   4401138000 |   4400389000 |   4401085000 |   4400070000 |   4400138000 |   4402276000 |   4386671000 |   4385892000 |   4385986000 |   4385789000 |   4385425000 |   4386267000 |   4389300000 |   4385809000 |   4404360000 |   4404807000 |   4405000000 |   4404764000 |   4404449000 |   4405987000 |   4404582000 |   4404436000 |   4379950000 |   4379076000 |   4381373000 |   4379235000 |   4378894000 |   4379209000 |   4378476000 |   4378595000 |   4383150000 |   4380587000 |   4381425000 |   4380987000 |   4381815000 |   4381638000 |   4381239000 |   4380505000 |   4413272000 |   4412732000 |   4413445000 |   4413549000 |   4412831000 |   4412603000 |   4412460000 |   4412790000 |   4392071000 |   4392210000 |   4391634000 |   4392282000 |   4391412000 |   4391264000 |   4391838000 |   4391298000 |   4419314000 |   4419715000 |   4420071000 |   4419306000 |   4418924000 |   4419567000 |   4418881000 |   4419461000 |   4381460000 |   4381611000 |   4380991000 |   4380268000 |   4380108000 |   4381481000 |   4382436000 |   4381163000 |   4396741000 |   4397815000 |   4396650000 |   4396736000 |   4398322000 |   4397857000 |   4396506000 |   4396604000 |   4391330000 |   4391068000 |   4391374000 |   4391364000 |   4390791000 |   4391039000 |   4390584000 |   4391643000 |
|                MERGE                |   PMC3  |            0 |            0 |            0 |            0 |            0 |            0 |            0 |            0 |            0 |            0 |            0 |            0 |            0 |            0 |            0 |            0 |            0 |            0 |            0 |            0 |            0 |            0 |            0 |            0 |            0 |            0 |            0 |            0 |            0 |            0 |            0 |            0 |            0 |            0 |            0 |            0 |            0 |            0 |            0 |            0 |            0 |            0 |            0 |            0 |            0 |            0 |            0 |            0 |            0 |            0 |            0 |            0 |            0 |            0 |            0 |            0 |            0 |            0 |            0 |            0 |            0 |            0 |            0 |            0 |            0 |            0 |            0 |            0 |            0 |            0 |            0 |            0 |            0 |            0 |            0 |            0 |            0 |            0 |            0 |            0 |            0 |            0 |            0 |            0 |            0 |            0 |            0 |            0 |            0 |            0 |            0 |            0 |            0 |            0 |            0 |            0 |            0 |            0 |            0 |            0 |            0 |            0 |            0 |            0 |            0 |            0 |            0 |            0 |            0 |            0 |            0 |            0 |            0 |            0 |            0 |            0 |            0 |            0 |            0 |            0 |            0 |            0 |            0 |            0 |            0 |            0 |            0 |            0 |            0 |            0 |            0 |            0 |            0 |            0 |            0 |            0 |            0 |            0 |            0 |            0 |            0 |            0 |            0 |            0 |            0 |            0 |            0 |            0 |            0 |            0 |            0 |            0 |            0 |            0 |            0 |            0 |            0 |            0 |            0 |            0 |            0 |            0 |            0 |            0 |            0 |            0 |            0 |            0 |            0 |            0 |            0 |            0 |            0 |            0 |            0 |            0 |            0 |            0 |            0 |            0 |            0 |            0 |            0 |            0 |            0 |            0 |            0 |            0 |            0 |            0 |            0 |            0 |            0 |            0 |            0 |            0 |            0 |            0 |            0 |            0 |            0 |            0 |            0 |            0 |            0 |            0 |            0 |            0 |            0 |            0 |            0 |            0 |            0 |            0 |            0 |            0 |            0 |            0 |            0 |            0 |            0 |            0 |            0 |            0 |            0 |            0 |            0 |            0 |            0 |            0 |            0 |            0 |            0 |            0 |            0 |            0 |            0 |            0 |            0 |            0 |            0 |            0 |            0 |            0 |            0 |            0 |            0 |            0 |            0 |            0 |            0 |            0 |            0 |            0 |            0 |            0 |
| RETIRED_SSE_AVX_FLOPS_ALL_DP_SCALAR |   PMC2  |           12 |           12 |           12 |           12 |           12 |           12 |           12 |           12 |           12 |           12 |           12 |           12 |           12 |           12 |           12 |           12 |           12 |           12 |           12 |           12 |           12 |           12 |           12 |           12 |           12 |           12 |           12 |           12 |           12 |           12 |           12 |           12 |           12 |           12 |           12 |           12 |           12 |           12 |           12 |           12 |           12 |           12 |           12 |           12 |           12 |           12 |           12 |           12 |           12 |           12 |           12 |           12 |           12 |           12 |           12 |           12 |           12 |           12 |           12 |           12 |           12 |           12 |           12 |           12 |           12 |           12 |           12 |           12 |           12 |           12 |           12 |           12 |           12 |           12 |           12 |           12 |           12 |           12 |           12 |           12 |           12 |           12 |           12 |           12 |           12 |           12 |           12 |           12 |           12 |           12 |           12 |           12 |           12 |           12 |           12 |           12 |           12 |           12 |           12 |           12 |           12 |           12 |           12 |           12 |           12 |           12 |           12 |           12 |           12 |           12 |           12 |           12 |           12 |           12 |           12 |           12 |           12 |           12 |           12 |           12 |           12 |           12 |           12 |           12 |           12 |           12 |           12 |           12 |           12 |           12 |           12 |           12 |           12 |           12 |           12 |           12 |           12 |           12 |           12 |           12 |           12 |           12 |           12 |           12 |           12 |           12 |           12 |           12 |           12 |           12 |           12 |           12 |           12 |           12 |           12 |           12 |           12 |           12 |           12 |           12 |           12 |           12 |           12 |           12 |           12 |           12 |           12 |           12 |           12 |           12 |           12 |           12 |           12 |           12 |           12 |           12 |           12 |           12 |           12 |           12 |           12 |           12 |           12 |           12 |           12 |           12 |           12 |           12 |           12 |           12 |           12 |           12 |           12 |           12 |           12 |           12 |           12 |           12 |           12 |           12 |           12 |           12 |           12 |           12 |           12 |           12 |           12 |           12 |           12 |           12 |           12 |           12 |           12 |           12 |           12 |           12 |           12 |           12 |           12 |           12 |           12 |           12 |           12 |           12 |           12 |           12 |           12 |           12 |           12 |           12 |           12 |           12 |           12 |           12 |           12 |           12 |           12 |           12 |           12 |           12 |           12 |           12 |           12 |           12 |           12 |           12 |           12 |           12 |           12 |           12 |           12 |           12 |           12 |           12 |           12 |           12 |
|                MERGE                |   PMC5  |            0 |            0 |            0 |            0 |            0 |            0 |            0 |            0 |            0 |            0 |            0 |            0 |            0 |            0 |            0 |            0 |            0 |            0 |            0 |            0 |            0 |            0 |            0 |            0 |            0 |            0 |            0 |            0 |            0 |            0 |            0 |            0 |            0 |            0 |            0 |            0 |            0 |            0 |            0 |            0 |            0 |            0 |            0 |            0 |            0 |            0 |            0 |            0 |            0 |            0 |            0 |            0 |            0 |            0 |            0 |            0 |            0 |            0 |            0 |            0 |            0 |            0 |            0 |            0 |            0 |            0 |            0 |            0 |            0 |            0 |            0 |            0 |            0 |            0 |            0 |            0 |            0 |            0 |            0 |            0 |            0 |            0 |            0 |            0 |            0 |            0 |            0 |            0 |            0 |            0 |            0 |            0 |            0 |            0 |            0 |            0 |            0 |            0 |            0 |            0 |            0 |            0 |            0 |            0 |            0 |            0 |            0 |            0 |            0 |            0 |            0 |            0 |            0 |            0 |            0 |            0 |            0 |            0 |            0 |            0 |            0 |            0 |            0 |            0 |            0 |            0 |            0 |            0 |            0 |            0 |            0 |            0 |            0 |            0 |            0 |            0 |            0 |            0 |            0 |            0 |            0 |            0 |            0 |            0 |            0 |            0 |            0 |            0 |            0 |            0 |            0 |            0 |            0 |            0 |            0 |            0 |            0 |            0 |            0 |            0 |            0 |            0 |            0 |            0 |            0 |            0 |            0 |            0 |            0 |            0 |            0 |            0 |            0 |            0 |            0 |            0 |            0 |            0 |            0 |            0 |            0 |            0 |            0 |            0 |            0 |            0 |            0 |            0 |            0 |            0 |            0 |            0 |            0 |            0 |            0 |            0 |            0 |            0 |            0 |            0 |            0 |            0 |            0 |            0 |            0 |            0 |            0 |            0 |            0 |            0 |            0 |            0 |            0 |            0 |            0 |            0 |            0 |            0 |            0 |            0 |            0 |            0 |            0 |            0 |            0 |            0 |            0 |            0 |            0 |            0 |            0 |            0 |            0 |            0 |            0 |            0 |            0 |            0 |            0 |            0 |            0 |            0 |            0 |            0 |            0 |            0 |            0 |            0 |            0 |            0 |            0 |            0 |            0 |            0 |            0 |            0 |
| RETIRED_SSE_AVX_FLOPS_ALL_DP_PACKED |   PMC4  | 193273500000 | 193273500000 | 193273500000 | 193273500000 | 193273500000 | 193273500000 | 193273500000 | 193273500000 | 193273500000 | 193273500000 | 193273500000 | 193273500000 | 193273500000 | 193273500000 | 193273500000 | 193273500000 | 193273500000 | 193273500000 | 193273500000 | 193273500000 | 193273500000 | 193273500000 | 193273500000 | 193273500000 | 193273500000 | 193273500000 | 193273500000 | 193273500000 | 193273500000 | 193273500000 | 193273500000 | 193273500000 | 193273500000 | 193273500000 | 193273500000 | 193273500000 | 193273500000 | 193273500000 | 193273500000 | 193273500000 | 193273500000 | 193273500000 | 193273500000 | 193273500000 | 193273500000 | 193273500000 | 193273500000 | 193273500000 | 193273500000 | 193273500000 | 193273500000 | 193273500000 | 193273500000 | 193273500000 | 193273500000 | 193273500000 | 193273500000 | 193273500000 | 193273500000 | 193273500000 | 193273500000 | 193273500000 | 193273500000 | 193273500000 | 193273500000 | 193273500000 | 193273500000 | 193273500000 | 193273500000 | 193273500000 | 193273500000 | 193273500000 | 193273500000 | 193273500000 | 193273500000 | 193273500000 | 193273500000 | 193273500000 | 193273500000 | 193273500000 | 193273500000 | 193273500000 | 193273500000 | 193273500000 | 193273500000 | 193273500000 | 193273500000 | 193273500000 | 193273500000 | 193273500000 | 193273500000 | 193273500000 | 193273500000 | 193273500000 | 193273500000 | 193273500000 | 193273500000 | 193273500000 | 193273500000 | 193273500000 | 193273500000 | 193273500000 | 193273500000 | 193273500000 | 193273500000 | 193273500000 | 193273500000 | 193273500000 | 193273500000 | 193273500000 | 193273500000 | 193273500000 | 193273500000 | 193273500000 | 193273500000 | 193273500000 | 193273500000 | 193273500000 | 193273500000 | 193273500000 | 193273500000 | 193273500000 | 193273500000 | 193273500000 | 193273500000 | 193273500000 | 193273500000 | 193273500000 | 193273500000 | 193273500000 | 193273500000 | 193273500000 | 193273500000 | 193273500000 | 193273500000 | 193273500000 | 193273500000 | 193273500000 | 193273500000 | 193273500000 | 193273500000 | 193273500000 | 193273500000 | 193273500000 | 193273500000 | 193273500000 | 193273500000 | 193273500000 | 193273500000 | 193273500000 | 193273500000 | 193273500000 | 193273500000 | 193273500000 | 193273500000 | 193273500000 | 193273500000 | 193273500000 | 193273500000 | 193273500000 | 193273500000 | 193273500000 | 193273500000 | 193273500000 | 193273500000 | 193273500000 | 193273500000 | 193273500000 | 193273500000 | 193273500000 | 193273500000 | 193273500000 | 193273500000 | 193273500000 | 193273500000 | 193273500000 | 193273500000 | 193273500000 | 193273500000 | 193273500000 | 193273500000 | 193273500000 | 193273500000 | 193273500000 | 193273500000 | 193273500000 | 193273500000 | 193273500000 | 193273500000 | 193273500000 | 193273500000 | 193273500000 | 193273500000 | 193273500000 | 193273500000 | 193273500000 | 193273500000 | 193273500000 | 193273500000 | 193273500000 | 193273500000 | 193273500000 | 193273500000 | 193273500000 | 193273500000 | 193273500000 | 193273500000 | 193273500000 | 193273500000 | 193273500000 | 193273500000 | 193273500000 | 193273500000 | 193273500000 | 193273500000 | 193273500000 | 193273500000 | 193273500000 | 193273500000 | 193273500000 | 193273500000 | 193273500000 | 193273500000 | 193273500000 | 193273500000 | 193273500000 | 193273500000 | 193273500000 | 193273500000 | 193273500000 | 193273500000 | 193273500000 | 193273500000 | 193273500000 | 193273500000 | 193273500000 | 193273500000 | 193273500000 | 193273500000 | 193273500000 | 193273500000 | 193273500000 | 193273500000 | 193273500000 | 193273500000 | 193273500000 | 193273500000 | 193273500000 | 193273500000 | 193273500000 | 193273500000 | 193273500000 | 193273500000 | 193273500000 | 193273500000 | 193273500000 |
+-------------------------------------+---------+--------------+--------------+--------------+--------------+--------------+--------------+--------------+--------------+--------------+--------------+--------------+--------------+--------------+--------------+--------------+--------------+--------------+--------------+--------------+--------------+--------------+--------------+--------------+--------------+--------------+--------------+--------------+--------------+--------------+--------------+--------------+--------------+--------------+--------------+--------------+--------------+--------------+--------------+--------------+--------------+--------------+--------------+--------------+--------------+--------------+--------------+--------------+--------------+--------------+--------------+--------------+--------------+--------------+--------------+--------------+--------------+--------------+--------------+--------------+--------------+--------------+--------------+--------------+--------------+--------------+--------------+--------------+--------------+--------------+--------------+--------------+--------------+--------------+--------------+--------------+--------------+--------------+--------------+--------------+--------------+--------------+--------------+--------------+--------------+--------------+--------------+--------------+--------------+--------------+--------------+--------------+--------------+--------------+--------------+--------------+--------------+--------------+--------------+--------------+--------------+--------------+--------------+--------------+--------------+--------------+--------------+--------------+--------------+--------------+--------------+--------------+--------------+--------------+--------------+--------------+--------------+--------------+--------------+--------------+--------------+--------------+--------------+--------------+--------------+--------------+--------------+--------------+--------------+--------------+--------------+--------------+--------------+--------------+--------------+--------------+--------------+--------------+--------------+--------------+--------------+--------------+--------------+--------------+--------------+--------------+--------------+--------------+--------------+--------------+--------------+--------------+--------------+--------------+--------------+--------------+--------------+--------------+--------------+--------------+--------------+--------------+--------------+--------------+--------------+--------------+--------------+--------------+--------------+--------------+--------------+--------------+--------------+--------------+--------------+--------------+--------------+--------------+--------------+--------------+--------------+--------------+--------------+--------------+--------------+--------------+--------------+--------------+--------------+--------------+--------------+--------------+--------------+--------------+--------------+--------------+--------------+--------------+--------------+--------------+--------------+--------------+--------------+--------------+--------------+--------------+--------------+--------------+--------------+--------------+--------------+--------------+--------------+--------------+--------------+--------------+--------------+--------------+--------------+--------------+--------------+--------------+--------------+--------------+--------------+--------------+--------------+--------------+--------------+--------------+--------------+--------------+--------------+--------------+--------------+--------------+--------------+--------------+--------------+--------------+--------------+--------------+--------------+--------------+--------------+--------------+--------------+--------------+--------------+--------------+--------------+--------------+--------------+--------------+--------------+--------------+--------------+
+------------------------------------------+---------+----------------+--------------+--------------+--------------+
|                   Event                  | Counter |       Sum      |      Min     |      Max     |      Avg     |
+------------------------------------------+---------+----------------+--------------+--------------+--------------+
|           ACTUAL_CPU_CLOCK STAT          |  FIXC1  |  1133545312000 |   4405317000 |   4458552000 |   4427911375 |
|            MAX_CPU_CLOCK STAT            |  FIXC2  |  1265951637000 |   4940146000 |   4949531000 | 4.945124e+09 |
|         RETIRED_INSTRUCTIONS STAT        |   PMC0  |  4674894310000 |  18256900000 |  18266280000 | 1.826131e+10 |
|         CPU_CLOCKS_UNHALTED STAT         |   PMC1  |  1124466730000 |   4370462000 |   4420071000 | 4.392448e+09 |
|                MERGE STAT                |   PMC3  |              0 |            0 |            0 |            0 |
| RETIRED_SSE_AVX_FLOPS_ALL_DP_SCALAR STAT |   PMC2  |           3072 |           12 |           12 |           12 |
|                MERGE STAT                |   PMC5  |              0 |            0 |            0 |            0 |
| RETIRED_SSE_AVX_FLOPS_ALL_DP_PACKED STAT |   PMC4  | 49478016000000 | 193273500000 | 193273500000 | 193273500000 |
+------------------------------------------+---------+----------------+--------------+--------------+--------------+
+----------------------+-------------+-------------+-------------+-------------+-------------+-------------+-------------+-------------+-------------+-------------+-------------+-------------+-------------+-------------+-------------+-------------+-------------+-------------+-------------+-------------+-------------+-------------+-------------+-------------+-------------+-------------+-------------+-------------+-------------+-------------+-------------+-------------+-------------+-------------+-------------+-------------+-------------+-------------+-------------+-------------+-------------+-------------+-------------+-------------+-------------+-------------+-------------+-------------+-------------+-------------+-------------+-------------+-------------+-------------+-------------+-------------+-------------+-------------+-------------+-------------+-------------+-------------+-------------+-------------+-------------+-------------+-------------+-------------+-------------+-------------+-------------+-------------+-------------+-------------+-------------+-------------+-------------+-------------+-------------+-------------+-------------+-------------+-------------+-------------+-------------+-------------+-------------+-------------+-------------+-------------+-------------+-------------+-------------+-------------+-------------+-------------+-------------+-------------+-------------+-------------+--------------+--------------+--------------+--------------+--------------+--------------+--------------+--------------+--------------+--------------+--------------+--------------+--------------+--------------+--------------+--------------+--------------+--------------+--------------+--------------+--------------+--------------+--------------+--------------+--------------+--------------+--------------+--------------+--------------+--------------+--------------+--------------+--------------+--------------+--------------+--------------+--------------+--------------+--------------+--------------+--------------+--------------+--------------+--------------+--------------+--------------+--------------+--------------+--------------+--------------+--------------+--------------+--------------+--------------+--------------+--------------+--------------+--------------+--------------+--------------+--------------+--------------+--------------+--------------+--------------+--------------+--------------+--------------+--------------+--------------+--------------+--------------+--------------+--------------+--------------+--------------+--------------+--------------+--------------+--------------+--------------+--------------+--------------+--------------+--------------+--------------+--------------+--------------+--------------+--------------+--------------+--------------+--------------+--------------+--------------+--------------+--------------+--------------+--------------+--------------+--------------+--------------+--------------+--------------+--------------+--------------+--------------+--------------+--------------+--------------+--------------+--------------+--------------+--------------+--------------+--------------+--------------+--------------+--------------+--------------+--------------+--------------+--------------+--------------+--------------+--------------+--------------+--------------+--------------+--------------+--------------+--------------+--------------+--------------+--------------+--------------+--------------+--------------+--------------+--------------+--------------+--------------+--------------+--------------+--------------+--------------+--------------+--------------+--------------+--------------+--------------+--------------+--------------+--------------+--------------+--------------+
|        Metric        |  HWThread 0 |  HWThread 1 |  HWThread 2 |  HWThread 3 |  HWThread 4 |  HWThread 5 |  HWThread 6 |  HWThread 7 |  HWThread 8 |  HWThread 9 | HWThread 10 | HWThread 11 | HWThread 12 | HWThread 13 | HWThread 14 | HWThread 15 | HWThread 16 | HWThread 17 | HWThread 18 | HWThread 19 | HWThread 20 | HWThread 21 | HWThread 22 | HWThread 23 | HWThread 24 | HWThread 25 | HWThread 26 | HWThread 27 | HWThread 28 | HWThread 29 | HWThread 30 | HWThread 31 | HWThread 32 | HWThread 33 | HWThread 34 | HWThread 35 | HWThread 36 | HWThread 37 | HWThread 38 | HWThread 39 | HWThread 40 | HWThread 41 | HWThread 42 | HWThread 43 | HWThread 44 | HWThread 45 | HWThread 46 | HWThread 47 | HWThread 48 | HWThread 49 | HWThread 50 | HWThread 51 | HWThread 52 | HWThread 53 | HWThread 54 | HWThread 55 | HWThread 56 | HWThread 57 | HWThread 58 | HWThread 59 | HWThread 60 | HWThread 61 | HWThread 62 | HWThread 63 | HWThread 64 | HWThread 65 | HWThread 66 | HWThread 67 | HWThread 68 | HWThread 69 | HWThread 70 | HWThread 71 | HWThread 72 | HWThread 73 | HWThread 74 | HWThread 75 | HWThread 76 | HWThread 77 | HWThread 78 | HWThread 79 | HWThread 80 | HWThread 81 | HWThread 82 | HWThread 83 | HWThread 84 | HWThread 85 | HWThread 86 | HWThread 87 | HWThread 88 | HWThread 89 | HWThread 90 | HWThread 91 | HWThread 92 | HWThread 93 | HWThread 94 | HWThread 95 | HWThread 96 | HWThread 97 | HWThread 98 | HWThread 99 | HWThread 100 | HWThread 101 | HWThread 102 | HWThread 103 | HWThread 104 | HWThread 105 | HWThread 106 | HWThread 107 | HWThread 108 | HWThread 109 | HWThread 110 | HWThread 111 | HWThread 112 | HWThread 113 | HWThread 114 | HWThread 115 | HWThread 116 | HWThread 117 | HWThread 118 | HWThread 119 | HWThread 120 | HWThread 121 | HWThread 122 | HWThread 123 | HWThread 124 | HWThread 125 | HWThread 126 | HWThread 127 | HWThread 128 | HWThread 129 | HWThread 130 | HWThread 131 | HWThread 132 | HWThread 133 | HWThread 134 | HWThread 135 | HWThread 136 | HWThread 137 | HWThread 138 | HWThread 139 | HWThread 140 | HWThread 141 | HWThread 142 | HWThread 143 | HWThread 144 | HWThread 145 | HWThread 146 | HWThread 147 | HWThread 148 | HWThread 149 | HWThread 150 | HWThread 151 | HWThread 152 | HWThread 153 | HWThread 154 | HWThread 155 | HWThread 156 | HWThread 157 | HWThread 158 | HWThread 159 | HWThread 160 | HWThread 161 | HWThread 162 | HWThread 163 | HWThread 164 | HWThread 165 | HWThread 166 | HWThread 167 | HWThread 168 | HWThread 169 | HWThread 170 | HWThread 171 | HWThread 172 | HWThread 173 | HWThread 174 | HWThread 175 | HWThread 176 | HWThread 177 | HWThread 178 | HWThread 179 | HWThread 180 | HWThread 181 | HWThread 182 | HWThread 183 | HWThread 184 | HWThread 185 | HWThread 186 | HWThread 187 | HWThread 188 | HWThread 189 | HWThread 190 | HWThread 191 | HWThread 192 | HWThread 193 | HWThread 194 | HWThread 195 | HWThread 196 | HWThread 197 | HWThread 198 | HWThread 199 | HWThread 200 | HWThread 201 | HWThread 202 | HWThread 203 | HWThread 204 | HWThread 205 | HWThread 206 | HWThread 207 | HWThread 208 | HWThread 209 | HWThread 210 | HWThread 211 | HWThread 212 | HWThread 213 | HWThread 214 | HWThread 215 | HWThread 216 | HWThread 217 | HWThread 218 | HWThread 219 | HWThread 220 | HWThread 221 | HWThread 222 | HWThread 223 | HWThread 224 | HWThread 225 | HWThread 226 | HWThread 227 | HWThread 228 | HWThread 229 | HWThread 230 | HWThread 231 | HWThread 232 | HWThread 233 | HWThread 234 | HWThread 235 | HWThread 236 | HWThread 237 | HWThread 238 | HWThread 239 | HWThread 240 | HWThread 241 | HWThread 242 | HWThread 243 | HWThread 244 | HWThread 245 | HWThread 246 | HWThread 247 | HWThread 248 | HWThread 249 | HWThread 250 | HWThread 251 | HWThread 252 | HWThread 253 | HWThread 254 | HWThread 255 |
+----------------------+-------------+-------------+-------------+-------------+-------------+-------------+-------------+-------------+-------------+-------------+-------------+-------------+-------------+-------------+-------------+-------------+-------------+-------------+-------------+-------------+-------------+-------------+-------------+-------------+-------------+-------------+-------------+-------------+-------------+-------------+-------------+-------------+-------------+-------------+-------------+-------------+-------------+-------------+-------------+-------------+-------------+-------------+-------------+-------------+-------------+-------------+-------------+-------------+-------------+-------------+-------------+-------------+-------------+-------------+-------------+-------------+-------------+-------------+-------------+-------------+-------------+-------------+-------------+-------------+-------------+-------------+-------------+-------------+-------------+-------------+-------------+-------------+-------------+-------------+-------------+-------------+-------------+-------------+-------------+-------------+-------------+-------------+-------------+-------------+-------------+-------------+-------------+-------------+-------------+-------------+-------------+-------------+-------------+-------------+-------------+-------------+-------------+-------------+-------------+-------------+--------------+--------------+--------------+--------------+--------------+--------------+--------------+--------------+--------------+--------------+--------------+--------------+--------------+--------------+--------------+--------------+--------------+--------------+--------------+--------------+--------------+--------------+--------------+--------------+--------------+--------------+--------------+--------------+--------------+--------------+--------------+--------------+--------------+--------------+--------------+--------------+--------------+--------------+--------------+--------------+--------------+--------------+--------------+--------------+--------------+--------------+--------------+--------------+--------------+--------------+--------------+--------------+--------------+--------------+--------------+--------------+--------------+--------------+--------------+--------------+--------------+--------------+--------------+--------------+--------------+--------------+--------------+--------------+--------------+--------------+--------------+--------------+--------------+--------------+--------------+--------------+--------------+--------------+--------------+--------------+--------------+--------------+--------------+--------------+--------------+--------------+--------------+--------------+--------------+--------------+--------------+--------------+--------------+--------------+--------------+--------------+--------------+--------------+--------------+--------------+--------------+--------------+--------------+--------------+--------------+--------------+--------------+--------------+--------------+--------------+--------------+--------------+--------------+--------------+--------------+--------------+--------------+--------------+--------------+--------------+--------------+--------------+--------------+--------------+--------------+--------------+--------------+--------------+--------------+--------------+--------------+--------------+--------------+--------------+--------------+--------------+--------------+--------------+--------------+--------------+--------------+--------------+--------------+--------------+--------------+--------------+--------------+--------------+--------------+--------------+--------------+--------------+--------------+--------------+--------------+--------------+
|  Runtime (RDTSC) [s] |      1.8297 |      1.8291 |      1.8292 |      1.8297 |      1.8293 |      1.8292 |      1.8292 |      1.8291 |      1.8291 |      1.8292 |      1.8298 |      1.8297 |      1.8296 |      1.8292 |      1.8292 |      1.8292 |      1.8294 |      1.8297 |      1.8298 |      1.8292 |      1.8300 |      1.8293 |      1.8291 |      1.8293 |      1.8292 |      1.8291 |      1.8294 |      1.8292 |      1.8292 |      1.8292 |      1.8297 |      1.8294 |      1.8291 |      1.8292 |      1.8334 |      1.8297 |      1.8291 |      1.8293 |      1.8333 |      1.8291 |      1.8294 |      1.8297 |      1.8292 |      1.8294 |      1.8296 |      1.8294 |      1.8292 |      1.8294 |      1.8293 |      1.8294 |      1.8298 |      1.8293 |      1.8291 |      1.8292 |      1.8293 |      1.8294 |      1.8297 |      1.8294 |      1.8304 |      1.8300 |      1.8339 |      1.8292 |      1.8293 |      1.8339 |      1.8294 |      1.8293 |      1.8298 |      1.8291 |      1.8291 |      1.8297 |      1.8294 |      1.8291 |      1.8298 |      1.8297 |      1.8294 |      1.8339 |      1.8297 |      1.8296 |      1.8296 |      1.8340 |      1.8294 |      1.8292 |      1.8293 |      1.8296 |      1.8296 |      1.8296 |      1.8296 |      1.8296 |      1.8293 |      1.8293 |      1.8297 |      1.8313 |      1.8293 |      1.8292 |      1.8298 |      1.8291 |      1.8297 |      1.8300 |      1.8293 |      1.8298 |       1.8292 |       1.8298 |       1.8297 |       1.8292 |       1.8301 |       1.8313 |       1.8298 |       1.8301 |       1.8294 |       1.8292 |       1.8293 |       1.8298 |       1.8296 |       1.8293 |       1.8301 |       1.8293 |       1.8297 |       1.8294 |       1.8298 |       1.8297 |       1.8308 |       1.8300 |       1.8294 |       1.8301 |       1.8301 |       1.8301 |       1.8308 |       1.8297 |       1.8303 |       1.8294 |       1.8292 |       1.8294 |       1.8297 |       1.8292 |       1.8303 |       1.8291 |       1.8292 |       1.8294 |       1.8292 |       1.8292 |       1.8292 |       1.8292 |       1.8291 |       1.8297 |       1.8296 |       1.8304 |       1.8296 |       1.8291 |       1.8296 |       1.8296 |       1.8292 |       1.8300 |       1.8300 |       1.8298 |       1.8297 |       1.8297 |       1.8303 |       1.8297 |       1.8296 |       1.8297 |       1.8300 |       1.8291 |       1.8300 |       1.8292 |       1.8291 |       1.8297 |       1.8291 |       1.8291 |       1.8292 |       1.8298 |       1.8297 |       1.8294 |       1.8298 |       1.8292 |       1.8294 |       1.8303 |       1.8297 |       1.8292 |       1.8294 |       1.8292 |       1.8292 |       1.8294 |       1.8309 |       1.8293 |       1.8292 |       1.8291 |       1.8294 |       1.8291 |       1.8291 |       1.8298 |       1.8293 |       1.8291 |       1.8296 |       1.8292 |       1.8304 |       1.8293 |       1.8292 |       1.8294 |       1.8291 |       1.8291 |       1.8303 |       1.8291 |       1.8296 |       1.8294 |       1.8298 |       1.8297 |       1.8296 |       1.8291 |       1.8294 |       1.8291 |       1.8296 |       1.8296 |       1.8294 |       1.8292 |       1.8293 |       1.8294 |       1.8294 |       1.8293 |       1.8291 |       1.8293 |       1.8292 |       1.8294 |       1.8293 |       1.8292 |       1.8292 |       1.8293 |       1.8297 |       1.8292 |       1.8292 |       1.8294 |       1.8292 |       1.8293 |       1.8297 |       1.8297 |       1.8296 |       1.8291 |       1.8292 |       1.8298 |       1.8303 |       1.8297 |       1.8291 |       1.8297 |       1.8291 |       1.8291 |       1.8300 |       1.8297 |       1.8292 |       1.8292 |       1.8293 |       1.8291 |       1.8294 |       1.8294 |       1.8292 |       1.8292 |       1.8292 |       1.8297 |
| Runtime unhalted [s] |      1.6418 |      1.6410 |      1.6419 |      1.6420 |      1.6414 |      1.6419 |      1.6410 |      1.6419 |      1.6340 |      1.6339 |      1.6345 |      1.6344 |      1.6342 |      1.6340 |      1.6340 |      1.6340 |      1.6445 |      1.6456 |      1.6456 |      1.6454 |      1.6448 |      1.6449 |      1.6446 |      1.6453 |      1.6393 |      1.6394 |      1.6392 |      1.6391 |      1.6383 |      1.6396 |      1.6396 |      1.6394 |      1.6351 |      1.6357 |      1.6362 |      1.6360 |      1.6349 |      1.6354 |      1.6363 |      1.6348 |      1.6418 |      1.6420 |      1.6418 |      1.6417 |      1.6424 |      1.6422 |      1.6423 |      1.6419 |      1.6420 |      1.6418 |      1.6425 |      1.6420 |      1.6418 |      1.6413 |      1.6410 |      1.6422 |      1.6367 |      1.6375 |      1.6369 |      1.6375 |      1.6371 |      1.6362 |      1.6364 |      1.6377 |      1.6381 |      1.6372 |      1.6373 |      1.6382 |      1.6368 |      1.6381 |      1.6381 |      1.6381 |      1.6406 |      1.6408 |      1.6411 |      1.6411 |      1.6409 |      1.6408 |      1.6411 |      1.6418 |      1.6424 |      1.6417 |      1.6423 |      1.6427 |      1.6428 |      1.6428 |      1.6430 |      1.6434 |      1.6399 |      1.6402 |      1.6404 |      1.6410 |      1.6400 |      1.6396 |      1.6407 |      1.6405 |      1.6431 |      1.6433 |      1.6431 |      1.6436 |       1.6436 |       1.6442 |       1.6442 |       1.6436 |       1.6419 |       1.6416 |       1.6421 |       1.6413 |       1.6409 |       1.6413 |       1.6409 |       1.6408 |       1.6436 |       1.6432 |       1.6440 |       1.6435 |       1.6439 |       1.6439 |       1.6430 |       1.6437 |       1.6395 |       1.6389 |       1.6391 |       1.6395 |       1.6391 |       1.6390 |       1.6390 |       1.6389 |       1.6385 |       1.6382 |       1.6377 |       1.6383 |       1.6385 |       1.6378 |       1.6385 |       1.6375 |       1.6467 |       1.6478 |       1.6465 |       1.6475 |       1.6474 |       1.6471 |       1.6472 |       1.6474 |       1.6500 |       1.6505 |       1.6500 |       1.6494 |       1.6502 |       1.6502 |       1.6500 |       1.6496 |       1.6457 |       1.6447 |       1.6450 |       1.6449 |       1.6454 |       1.6448 |       1.6453 |       1.6450 |       1.6405 |       1.6405 |       1.6404 |       1.6404 |       1.6400 |       1.6406 |       1.6405 |       1.6406 |       1.6458 |       1.6468 |       1.6463 |       1.6462 |       1.6467 |       1.6467 |       1.6464 |       1.6468 |       1.6414 |       1.6400 |       1.6412 |       1.6409 |       1.6404 |       1.6406 |       1.6410 |       1.6408 |       1.6467 |       1.6477 |       1.6473 |       1.6467 |       1.6472 |       1.6479 |       1.6474 |       1.6467 |       1.6388 |       1.6377 |       1.6389 |       1.6381 |       1.6377 |       1.6381 |       1.6381 |       1.6382 |       1.6396 |       1.6390 |       1.6394 |       1.6389 |       1.6391 |       1.6386 |       1.6394 |       1.6395 |       1.6513 |       1.6505 |       1.6513 |       1.6512 |       1.6506 |       1.6512 |       1.6512 |       1.6512 |       1.6431 |       1.6425 |       1.6424 |       1.6428 |       1.6427 |       1.6428 |       1.6426 |       1.6429 |       1.6526 |       1.6532 |       1.6527 |       1.6528 |       1.6529 |       1.6536 |       1.6535 |       1.6532 |       1.6388 |       1.6392 |       1.6390 |       1.6381 |       1.6384 |       1.6388 |       1.6390 |       1.6390 |       1.6443 |       1.6453 |       1.6449 |       1.6449 |       1.6451 |       1.6448 |       1.6448 |       1.6443 |       1.6428 |       1.6432 |       1.6432 |       1.6421 |       1.6432 |       1.6422 |       1.6426 |       1.6422 |
|      Clock [MHz]     |   2413.7308 |   2413.3154 |   2413.4723 |   2412.5830 |   2412.6816 |   2413.8042 |   2412.7973 |   2413.7964 |   2402.6943 |   2403.5209 |   2402.7268 |   2402.6853 |   2402.6517 |   2401.7906 |   2401.8819 |   2402.1462 |   2418.0766 |   2417.7575 |   2418.4353 |   2418.8049 |   2417.6139 |   2417.9271 |   2418.1200 |   2418.8418 |   2410.4149 |   2410.0421 |   2409.5145 |   2410.2173 |   2409.4884 |   2410.3405 |   2409.0499 |   2410.0034 |   2404.1071 |   2404.4990 |   2403.4767 |   2403.7938 |   2403.7249 |   2403.9577 |   2403.5157 |   2403.7972 |   2413.1480 |   2414.1871 |   2413.4106 |   2413.5969 |   2413.6894 |   2414.2580 |   2413.9411 |   2413.4406 |   2413.5620 |   2414.2160 |   2413.6860 |   2413.5593 |   2414.1725 |   2413.2989 |   2413.4457 |   2414.1380 |   2407.5325 |   2406.2974 |   2406.7537 |   2405.7359 |   2406.2621 |   2406.5637 |   2406.0218 |   2405.5307 |   2408.4166 |   2407.2415 |   2407.4279 |   2408.4102 |   2407.4770 |   2408.3343 |   2408.5398 |   2408.0383 |   2412.4324 |   2412.3666 |   2412.6427 |   2412.0756 |   2411.4401 |   2412.9316 |   2411.6942 |   2411.4012 |   2415.6127 |   2415.8389 |   2415.6550 |   2415.9611 |   2415.9102 |   2415.9037 |   2415.2760 |   2415.4569 |   2411.1275 |   2411.0124 |   2411.5029 |   2410.5719 |   2410.6476 |   2410.7914 |   2410.4671 |   2411.8713 |   2416.5810 |   2416.5916 |   2415.9270 |   2417.0384 |    2416.8172 |    2417.0717 |    2417.0751 |    2416.8479 |    2412.3204 |    2412.1954 |    2412.3529 |    2413.1051 |    2412.7222 |    2413.4652 |    2412.7077 |    2412.6585 |    2416.1020 |    2415.6115 |    2415.5673 |    2415.6984 |    2416.5549 |    2416.6083 |    2415.7985 |    2416.6503 |    2408.8306 |    2409.7603 |    2409.5550 |    2408.7487 |    2409.5161 |    2408.5016 |    2408.5016 |    2409.3858 |    2407.3078 |    2408.4145 |    2407.2588 |    2408.4092 |    2407.3636 |    2407.5521 |    2407.3397 |    2408.2468 |    2421.7779 |    2422.2949 |    2421.6522 |    2421.7512 |    2421.7580 |    2421.8680 |    2422.4384 |    2422.4012 |    2426.2441 |    2425.6766 |    2426.3682 |    2426.0129 |    2425.7171 |    2425.7656 |    2425.3942 |    2426.1762 |    2418.5446 |    2418.4163 |    2418.9659 |    2418.9629 |    2418.7043 |    2419.6363 |    2418.7206 |    2418.5189 |    2411.4743 |    2412.3855 |    2412.2081 |    2411.3575 |    2412.2247 |    2410.7879 |    2412.0857 |    2412.3883 |    2420.1834 |    2420.0897 |    2419.9768 |    2419.7495 |    2420.1851 |    2420.8571 |    2419.9965 |    2420.1382 |    2411.6342 |    2412.0644 |    2412.9787 |    2412.8030 |    2411.9312 |    2413.2427 |    2411.4608 |    2412.1767 |    2423.1887 |    2423.9194 |    2422.3074 |    2423.2079 |    2423.0775 |    2423.1391 |    2422.3017 |    2423.1856 |    2407.9323 |    2408.2188 |    2407.7245 |    2408.0372 |    2407.8656 |    2408.1148 |    2408.0258 |    2408.0468 |    2409.4307 |    2409.9275 |    2408.8677 |    2408.9389 |    2409.2327 |    2409.0793 |    2409.2487 |    2410.0771 |    2427.5188 |    2426.8128 |    2426.7400 |    2426.6576 |    2426.7277 |    2427.2687 |    2427.6357 |    2427.6181 |    2415.6046 |    2414.9863 |    2414.9504 |    2414.8195 |    2415.2713 |    2414.8080 |    2415.7106 |    2415.7884 |    2429.7174 |    2429.9741 |    2431.2275 |    2430.0702 |    2430.0165 |    2430.8539 |    2430.4532 |    2429.9740 |    2409.1571 |    2408.3862 |    2408.5042 |    2408.8743 |    2408.2737 |    2409.1242 |    2408.6705 |    2408.0618 |    2417.7199 |    2418.6823 |    2417.8600 |    2417.9044 |    2418.6400 |    2418.0911 |    2417.8971 |    2417.7108 |    2414.7207 |    2415.5667 |    2415.5718 |    2414.6469 |    2415.5830 |    2414.6001 |    2414.4132 |    2414.9492 |
|          CPI         |      0.2402 |      0.2407 |      0.2406 |      0.2407 |      0.2407 |      0.2407 |      0.2406 |      0.2406 |      0.2394 |      0.2394 |      0.2395 |      0.2394 |      0.2394 |      0.2394 |      0.2394 |      0.2394 |      0.2409 |      0.2410 |      0.2410 |      0.2409 |      0.2410 |      0.2409 |      0.2409 |      0.2409 |      0.2401 |      0.2401 |      0.2401 |      0.2401 |      0.2401 |      0.2401 |      0.2402 |      0.2401 |      0.2397 |      0.2397 |      0.2402 |      0.2397 |      0.2397 |      0.2397 |      0.2402 |      0.2397 |      0.2405 |      0.2405 |      0.2405 |      0.2405 |      0.2405 |      0.2405 |      0.2404 |      0.2405 |      0.2405 |      0.2405 |      0.2406 |      0.2406 |      0.2405 |      0.2405 |      0.2405 |      0.2405 |      0.2398 |      0.2399 |      0.2400 |      0.2399 |      0.2404 |      0.2398 |      0.2398 |      0.2404 |      0.2400 |      0.2400 |      0.2400 |      0.2399 |      0.2399 |      0.2400 |      0.2400 |      0.2399 |      0.2405 |      0.2405 |      0.2404 |      0.2410 |      0.2405 |      0.2404 |      0.2404 |      0.2410 |      0.2407 |      0.2407 |      0.2407 |      0.2408 |      0.2407 |      0.2407 |      0.2407 |      0.2407 |      0.2403 |      0.2403 |      0.2403 |      0.2406 |      0.2403 |      0.2403 |      0.2403 |      0.2403 |      0.2409 |      0.2409 |      0.2408 |      0.2409 |       0.2408 |       0.2409 |       0.2409 |       0.2408 |       0.2406 |       0.2408 |       0.2406 |       0.2406 |       0.2405 |       0.2405 |       0.2405 |       0.2406 |       0.2409 |       0.2409 |       0.2409 |       0.2409 |       0.2409 |       0.2408 |       0.2409 |       0.2409 |       0.2403 |       0.2402 |       0.2402 |       0.2403 |       0.2402 |       0.2403 |       0.2403 |       0.2402 |       0.2399 |       0.2398 |       0.2397 |       0.2398 |       0.2398 |       0.2397 |       0.2399 |       0.2397 |       0.2411 |       0.2411 |       0.2411 |       0.2411 |       0.2411 |       0.2411 |       0.2411 |       0.2411 |       0.2416 |       0.2416 |       0.2415 |       0.2415 |       0.2415 |       0.2415 |       0.2415 |       0.2416 |       0.2409 |       0.2409 |       0.2409 |       0.2409 |       0.2409 |       0.2409 |       0.2408 |       0.2409 |       0.2402 |       0.2401 |       0.2402 |       0.2402 |       0.2401 |       0.2402 |       0.2401 |       0.2401 |       0.2409 |       0.2410 |       0.2410 |       0.2409 |       0.2410 |       0.2409 |       0.2409 |       0.2410 |       0.2402 |       0.2402 |       0.2402 |       0.2402 |       0.2402 |       0.2402 |       0.2404 |       0.2402 |       0.2412 |       0.2412 |       0.2412 |       0.2412 |       0.2412 |       0.2412 |       0.2412 |       0.2412 |       0.2399 |       0.2398 |       0.2400 |       0.2398 |       0.2398 |       0.2398 |       0.2398 |       0.2398 |       0.2400 |       0.2399 |       0.2400 |       0.2399 |       0.2400 |       0.2400 |       0.2399 |       0.2399 |       0.2416 |       0.2416 |       0.2416 |       0.2416 |       0.2416 |       0.2416 |       0.2416 |       0.2416 |       0.2405 |       0.2405 |       0.2405 |       0.2405 |       0.2405 |       0.2405 |       0.2405 |       0.2405 |       0.2419 |       0.2420 |       0.2420 |       0.2419 |       0.2419 |       0.2420 |       0.2419 |       0.2419 |       0.2400 |       0.2400 |       0.2399 |       0.2399 |       0.2399 |       0.2400 |       0.2400 |       0.2399 |       0.2408 |       0.2408 |       0.2408 |       0.2408 |       0.2408 |       0.2408 |       0.2407 |       0.2408 |       0.2405 |       0.2405 |       0.2405 |       0.2405 |       0.2405 |       0.2405 |       0.2404 |       0.2405 |
|     DP [MFLOP/s]     | 105632.4634 | 105664.3415 | 105661.4532 | 105633.6181 | 105651.6919 | 105660.8756 | 105659.3160 | 105663.9949 | 105664.0527 | 105661.2799 | 105624.4392 | 105632.4634 | 105634.2532 | 105659.2005 | 105658.2763 | 105660.5868 | 105651.3454 | 105629.1727 | 105627.4409 | 105661.6843 | 105612.1454 | 105655.1573 | 105664.2260 | 105656.8323 | 105662.8396 | 105663.8216 | 105648.8043 | 105660.8756 | 105658.6806 | 105660.9333 | 105633.3294 | 105648.4578 | 105664.1682 | 105661.6843 | 105420.8357 | 105633.0985 | 105664.0527 | 105656.4279 | 105421.0082 | 105664.1682 | 105651.4032 | 105633.3294 | 105659.3737 | 105649.7283 | 105636.2739 | 105648.3423 | 105659.9514 | 105650.7101 | 105653.0203 | 105648.5733 | 105625.4205 | 105651.9807 | 105664.1105 | 105659.3737 | 105656.5435 | 105646.7831 | 105633.5603 | 105650.9989 | 105589.7584 | 105611.1643 | 105390.4261 | 105658.6806 | 105655.4461 | 105390.3686 | 105648.0536 | 105651.5187 | 105624.4969 | 105664.2838 | 105664.3993 | 105633.4449 | 105647.3606 | 105664.2838 | 105628.2491 | 105629.2882 | 105651.2876 | 105390.5985 | 105629.4037 | 105639.5073 | 105636.7358 | 105383.3005 | 105649.1508 | 105660.2979 | 105651.7497 | 105636.6781 | 105636.6781 | 105635.9852 | 105638.9299 | 105636.6781 | 105655.2150 | 105655.0417 | 105633.5026 | 105540.9209 | 105656.6590 | 105661.5110 | 105625.9400 | 105664.1105 | 105633.2717 | 105613.2419 | 105651.9229 | 105623.1692 |  105661.8576 |  105623.9196 |  105632.0593 |  105661.7998 |  105605.7399 |  105536.9444 |  105628.3068 |  105607.1825 |  105649.2086 |  105659.8358 |  105656.0814 |  105624.6701 |  105635.4656 |  105655.2728 |  105610.8180 |  105651.9807 |  105630.5005 |  105647.4761 |  105624.6701 |  105633.4449 |  105566.8043 |  105611.5106 |  105648.6311 |  105606.4900 |  105610.4141 |  105608.4520 |  105567.0350 |  105633.7335 |  105598.4697 |  105647.8803 |  105661.8576 |  105647.9381 |  105629.4037 |  105659.0272 |  105598.4120 |  105664.5148 |  105660.5290 |  105647.9958 |  105659.4315 |  105659.3737 |  105659.9514 |  105659.4315 |  105664.3415 |  105632.9830 |  105635.5811 |  105593.6812 |  105635.6388 |  105664.3993 |  105635.8120 |  105638.5257 |  105658.5651 |  105611.9722 |  105613.7036 |  105624.7278 |  105630.9624 |  105630.7315 |  105594.5466 |  105630.7315 |  105636.5049 |  105633.6181 |  105613.5882 |  105663.9949 |  105612.2608 |  105658.6806 |  105664.2260 |  105630.7892 |  105664.2260 |  105664.2260 |  105659.9514 |  105623.4001 |  105629.2882 |  105649.4973 |  105625.4782 |  105661.7998 |  105650.4791 |  105594.3735 |  105632.9253 |  105659.4893 |  105648.5733 |  105662.7241 |  105661.4532 |  105648.9776 |  105559.7702 |  105651.6919 |  105663.0129 |  105664.1682 |  105647.9958 |  105664.4571 |  105664.1682 |  105627.5563 |  105655.5038 |  105664.4571 |  105634.4264 |  105660.4712 |  105591.0275 |  105654.6952 |  105658.5073 |  105651.3454 |  105663.7061 |  105663.9371 |  105596.1620 |  105663.9949 |  105634.4841 |  105650.6524 |  105624.4969 |  105633.6758 |  105637.8328 |  105663.9949 |  105648.5156 |  105663.9371 |  105637.5441 |  105637.7174 |  105650.8256 |  105659.4315 |  105656.6012 |  105648.4578 |  105648.8621 |  105656.6590 |  105664.3415 |  105651.6919 |  105658.8539 |  105647.4761 |  105652.9625 |  105662.0886 |  105661.3377 |  105652.8470 |  105631.3088 |  105661.4532 |  105661.5110 |  105646.6676 |  105661.1644 |  105652.8470 |  105629.8078 |  105628.8841 |  105635.7543 |  105664.2838 |  105658.9116 |  105622.6497 |  105594.8927 |  105629.2882 |  105664.1682 |  105631.8861 |  105664.1105 |  105663.7638 |  105612.0877 |  105631.3088 |  105661.7420 |  105660.1824 |  105651.5764 |  105663.9949 |  105647.4183 |  105648.6888 |  105660.1247 |  105661.6265 |  105661.6843 |  105632.0593 |
+----------------------+-------------+-------------+-------------+-------------+-------------+-------------+-------------+-------------+-------------+-------------+-------------+-------------+-------------+-------------+-------------+-------------+-------------+-------------+-------------+-------------+-------------+-------------+-------------+-------------+-------------+-------------+-------------+-------------+-------------+-------------+-------------+-------------+-------------+-------------+-------------+-------------+-------------+-------------+-------------+-------------+-------------+-------------+-------------+-------------+-------------+-------------+-------------+-------------+-------------+-------------+-------------+-------------+-------------+-------------+-------------+-------------+-------------+-------------+-------------+-------------+-------------+-------------+-------------+-------------+-------------+-------------+-------------+-------------+-------------+-------------+-------------+-------------+-------------+-------------+-------------+-------------+-------------+-------------+-------------+-------------+-------------+-------------+-------------+-------------+-------------+-------------+-------------+-------------+-------------+-------------+-------------+-------------+-------------+-------------+-------------+-------------+-------------+-------------+-------------+-------------+--------------+--------------+--------------+--------------+--------------+--------------+--------------+--------------+--------------+--------------+--------------+--------------+--------------+--------------+--------------+--------------+--------------+--------------+--------------+--------------+--------------+--------------+--------------+--------------+--------------+--------------+--------------+--------------+--------------+--------------+--------------+--------------+--------------+--------------+--------------+--------------+--------------+--------------+--------------+--------------+--------------+--------------+--------------+--------------+--------------+--------------+--------------+--------------+--------------+--------------+--------------+--------------+--------------+--------------+--------------+--------------+--------------+--------------+--------------+--------------+--------------+--------------+--------------+--------------+--------------+--------------+--------------+--------------+--------------+--------------+--------------+--------------+--------------+--------------+--------------+--------------+--------------+--------------+--------------+--------------+--------------+--------------+--------------+--------------+--------------+--------------+--------------+--------------+--------------+--------------+--------------+--------------+--------------+--------------+--------------+--------------+--------------+--------------+--------------+--------------+--------------+--------------+--------------+--------------+--------------+--------------+--------------+--------------+--------------+--------------+--------------+--------------+--------------+--------------+--------------+--------------+--------------+--------------+--------------+--------------+--------------+--------------+--------------+--------------+--------------+--------------+--------------+--------------+--------------+--------------+--------------+--------------+--------------+--------------+--------------+--------------+--------------+--------------+--------------+--------------+--------------+--------------+--------------+--------------+--------------+--------------+--------------+--------------+--------------+--------------+--------------+--------------+--------------+--------------+--------------+--------------+
+---------------------------+--------------+-------------+-------------+-------------+
|           Metric          |      Sum     |     Min     |     Max     |     Avg     |
+---------------------------+--------------+-------------+-------------+-------------+
|  Runtime (RDTSC) [s] STAT |     468.3761 |      1.8291 |      1.8340 |      1.8296 |
| Runtime unhalted [s] STAT |     420.4129 |      1.6339 |      1.6536 |      1.6422 |
|      Clock [MHz] STAT     |  618051.5408 |   2401.7906 |   2431.2275 |   2414.2638 |
|          CPI STAT         |      61.5758 |      0.2394 |      0.2420 |      0.2405 |
|     DP [MFLOP/s] STAT     | 2.704312e+07 | 105383.3005 | 105664.5148 | 105637.1868 |
+---------------------------+--------------+-------------+-------------+-------------+
