--------------------------------------------------------------------------------
CPU name:	AMD EPYC 9755 128-Core Processor               
CPU type:	AMD K1A (Zen5) architecture
CPU clock:	2.70 GHz
--------------------------------------------------------------------------------
Region bench, Group 1: L2BW
+-------------------+------------+------------+------------+------------+------------+------------+------------+------------+------------+------------+-------------+-------------+-------------+-------------+-------------+-------------+-------------+-------------+-------------+-------------+-------------+-------------+-------------+-------------+-------------+-------------+-------------+-------------+-------------+-------------+-------------+-------------+-------------+-------------+-------------+-------------+-------------+-------------+-------------+-------------+-------------+-------------+-------------+-------------+-------------+-------------+-------------+-------------+-------------+-------------+-------------+-------------+-------------+-------------+-------------+-------------+-------------+-------------+-------------+-------------+-------------+-------------+-------------+-------------+-------------+-------------+-------------+-------------+-------------+-------------+-------------+-------------+-------------+-------------+-------------+-------------+-------------+-------------+-------------+-------------+-------------+-------------+-------------+-------------+-------------+-------------+-------------+-------------+-------------+-------------+-------------+-------------+-------------+-------------+-------------+-------------+-------------+-------------+-------------+-------------+--------------+--------------+--------------+--------------+--------------+--------------+--------------+--------------+--------------+--------------+--------------+--------------+--------------+--------------+--------------+--------------+--------------+--------------+--------------+--------------+--------------+--------------+--------------+--------------+--------------+--------------+--------------+--------------+--------------+--------------+--------------+--------------+--------------+--------------+--------------+--------------+--------------+--------------+--------------+--------------+--------------+--------------+--------------+--------------+--------------+--------------+--------------+--------------+--------------+--------------+--------------+--------------+--------------+--------------+--------------+--------------+--------------+--------------+--------------+--------------+--------------+--------------+--------------+--------------+--------------+--------------+--------------+--------------+--------------+--------------+--------------+--------------+--------------+--------------+--------------+--------------+--------------+--------------+--------------+--------------+--------------+--------------+--------------+--------------+--------------+--------------+--------------+--------------+--------------+--------------+--------------+--------------+--------------+--------------+--------------+--------------+--------------+--------------+--------------+--------------+--------------+--------------+--------------+--------------+--------------+--------------+--------------+--------------+--------------+--------------+--------------+--------------+--------------+--------------+--------------+--------------+--------------+--------------+--------------+--------------+--------------+--------------+--------------+--------------+--------------+--------------+--------------+--------------+--------------+--------------+--------------+--------------+--------------+--------------+--------------+--------------+--------------+--------------+--------------+--------------+--------------+--------------+--------------+--------------+--------------+--------------+--------------+--------------+--------------+--------------+--------------+--------------+--------------+--------------+--------------+--------------+
|    Region Info    | HWThread 0 | HWThread 1 | HWThread 2 | HWThread 3 | HWThread 4 | HWThread 5 | HWThread 6 | HWThread 7 | HWThread 8 | HWThread 9 | HWThread 10 | HWThread 11 | HWThread 12 | HWThread 13 | HWThread 14 | HWThread 15 | HWThread 16 | HWThread 17 | HWThread 18 | HWThread 19 | HWThread 20 | HWThread 21 | HWThread 22 | HWThread 23 | HWThread 24 | HWThread 25 | HWThread 26 | HWThread 27 | HWThread 28 | HWThread 29 | HWThread 30 | HWThread 31 | HWThread 32 | HWThread 33 | HWThread 34 | HWThread 35 | HWThread 36 | HWThread 37 | HWThread 38 | HWThread 39 | HWThread 40 | HWThread 41 | HWThread 42 | HWThread 43 | HWThread 44 | HWThread 45 | HWThread 46 | HWThread 47 | HWThread 48 | HWThread 49 | HWThread 50 | HWThread 51 | HWThread 52 | HWThread 53 | HWThread 54 | HWThread 55 | HWThread 56 | HWThread 57 | HWThread 58 | HWThread 59 | HWThread 60 | HWThread 61 | HWThread 62 | HWThread 63 | HWThread 64 | HWThread 65 | HWThread 66 | HWThread 67 | HWThread 68 | HWThread 69 | HWThread 70 | HWThread 71 | HWThread 72 | HWThread 73 | HWThread 74 | HWThread 75 | HWThread 76 | HWThread 77 | HWThread 78 | HWThread 79 | HWThread 80 | HWThread 81 | HWThread 82 | HWThread 83 | HWThread 84 | HWThread 85 | HWThread 86 | HWThread 87 | HWThread 88 | HWThread 89 | HWThread 90 | HWThread 91 | HWThread 92 | HWThread 93 | HWThread 94 | HWThread 95 | HWThread 96 | HWThread 97 | HWThread 98 | HWThread 99 | HWThread 100 | HWThread 101 | HWThread 102 | HWThread 103 | HWThread 104 | HWThread 105 | HWThread 106 | HWThread 107 | HWThread 108 | HWThread 109 | HWThread 110 | HWThread 111 | HWThread 112 | HWThread 113 | HWThread 114 | HWThread 115 | HWThread 116 | HWThread 117 | HWThread 118 | HWThread 119 | HWThread 120 | HWThread 121 | HWThread 122 | HWThread 123 | HWThread 124 | HWThread 125 | HWThread 126 | HWThread 127 | HWThread 128 | HWThread 129 | HWThread 130 | HWThread 131 | HWThread 132 | HWThread 133 | HWThread 134 | HWThread 135 | HWThread 136 | HWThread 137 | HWThread 138 | HWThread 139 | HWThread 140 | HWThread 141 | HWThread 142 | HWThread 143 | HWThread 144 | HWThread 145 | HWThread 146 | HWThread 147 | HWThread 148 | HWThread 149 | HWThread 150 | HWThread 151 | HWThread 152 | HWThread 153 | HWThread 154 | HWThread 155 | HWThread 156 | HWThread 157 | HWThread 158 | HWThread 159 | HWThread 160 | HWThread 161 | HWThread 162 | HWThread 163 | HWThread 164 | HWThread 165 | HWThread 166 | HWThread 167 | HWThread 168 | HWThread 169 | HWThread 170 | HWThread 171 | HWThread 172 | HWThread 173 | HWThread 174 | HWThread 175 | HWThread 176 | HWThread 177 | HWThread 178 | HWThread 179 | HWThread 180 | HWThread 181 | HWThread 182 | HWThread 183 | HWThread 184 | HWThread 185 | HWThread 186 | HWThread 187 | HWThread 188 | HWThread 189 | HWThread 190 | HWThread 191 | HWThread 192 | HWThread 193 | HWThread 194 | HWThread 195 | HWThread 196 | HWThread 197 | HWThread 198 | HWThread 199 | HWThread 200 | HWThread 201 | HWThread 202 | HWThread 203 | HWThread 204 | HWThread 205 | HWThread 206 | HWThread 207 | HWThread 208 | HWThread 209 | HWThread 210 | HWThread 211 | HWThread 212 | HWThread 213 | HWThread 214 | HWThread 215 | HWThread 216 | HWThread 217 | HWThread 218 | HWThread 219 | HWThread 220 | HWThread 221 | HWThread 222 | HWThread 223 | HWThread 224 | HWThread 225 | HWThread 226 | HWThread 227 | HWThread 228 | HWThread 229 | HWThread 230 | HWThread 231 | HWThread 232 | HWThread 233 | HWThread 234 | HWThread 235 | HWThread 236 | HWThread 237 | HWThread 238 | HWThread 239 | HWThread 240 | HWThread 241 | HWThread 242 | HWThread 243 | HWThread 244 | HWThread 245 | HWThread 246 | HWThread 247 | HWThread 248 | HWThread 249 | HWThread 250 | HWThread 251 | HWThread 252 | HWThread 253 | HWThread 254 | HWThread 255 |
+-------------------+------------+------------+------------+------------+------------+------------+------------+------------+------------+------------+-------------+-------------+-------------+-------------+-------------+-------------+-------------+-------------+-------------+-------------+-------------+-------------+-------------+-------------+-------------+-------------+-------------+-------------+-------------+-------------+-------------+-------------+-------------+-------------+-------------+-------------+-------------+-------------+-------------+-------------+-------------+-------------+-------------+-------------+-------------+-------------+-------------+-------------+-------------+-------------+-------------+-------------+-------------+-------------+-------------+-------------+-------------+-------------+-------------+-------------+-------------+-------------+-------------+-------------+-------------+-------------+-------------+-------------+-------------+-------------+-------------+-------------+-------------+-------------+-------------+-------------+-------------+-------------+-------------+-------------+-------------+-------------+-------------+-------------+-------------+-------------+-------------+-------------+-------------+-------------+-------------+-------------+-------------+-------------+-------------+-------------+-------------+-------------+-------------+-------------+--------------+--------------+--------------+--------------+--------------+--------------+--------------+--------------+--------------+--------------+--------------+--------------+--------------+--------------+--------------+--------------+--------------+--------------+--------------+--------------+--------------+--------------+--------------+--------------+--------------+--------------+--------------+--------------+--------------+--------------+--------------+--------------+--------------+--------------+--------------+--------------+--------------+--------------+--------------+--------------+--------------+--------------+--------------+--------------+--------------+--------------+--------------+--------------+--------------+--------------+--------------+--------------+--------------+--------------+--------------+--------------+--------------+--------------+--------------+--------------+--------------+--------------+--------------+--------------+--------------+--------------+--------------+--------------+--------------+--------------+--------------+--------------+--------------+--------------+--------------+--------------+--------------+--------------+--------------+--------------+--------------+--------------+--------------+--------------+--------------+--------------+--------------+--------------+--------------+--------------+--------------+--------------+--------------+--------------+--------------+--------------+--------------+--------------+--------------+--------------+--------------+--------------+--------------+--------------+--------------+--------------+--------------+--------------+--------------+--------------+--------------+--------------+--------------+--------------+--------------+--------------+--------------+--------------+--------------+--------------+--------------+--------------+--------------+--------------+--------------+--------------+--------------+--------------+--------------+--------------+--------------+--------------+--------------+--------------+--------------+--------------+--------------+--------------+--------------+--------------+--------------+--------------+--------------+--------------+--------------+--------------+--------------+--------------+--------------+--------------+--------------+--------------+--------------+--------------+--------------+--------------+
| RDTSC Runtime [s] |   1.887136 |   1.886554 |   1.887043 |   1.887009 |   1.887296 |   1.887013 |   1.886770 |   1.886554 |   1.886693 |   1.886557 |    1.886664 |    1.886711 |    1.886725 |    1.886878 |    1.887011 |    1.887321 |    1.886821 |    1.886829 |    1.886830 |    1.886829 |    1.886829 |    1.886830 |    1.886830 |    1.886829 |    1.886749 |    1.886567 |    1.886560 |    1.886568 |    1.886568 |    1.886568 |    1.887013 |    1.886569 |    1.886701 |    1.887301 |    1.886727 |    1.886560 |    1.886560 |    1.886556 |    1.886768 |    1.886553 |    1.886552 |    1.886555 |    1.887016 |    1.886552 |    1.886665 |    1.886829 |    1.887014 |    1.886698 |    1.886697 |    1.886712 |    1.886616 |    1.886562 |    1.886562 |    1.887255 |    1.886618 |    1.887043 |    1.887013 |    1.886769 |    1.886711 |    1.886724 |    1.887258 |    1.886826 |    1.886734 |    1.886586 |    1.890226 |    1.886740 |    1.886553 |    1.887702 |    1.886740 |    1.886592 |    1.886592 |    1.886553 |    1.887071 |    1.887293 |    1.887173 |    1.887063 |    1.887053 |    1.886797 |    1.886707 |    1.887012 |    1.886724 |    1.886723 |    1.887008 |    1.886555 |    1.887010 |    1.886562 |    1.886775 |    1.886739 |    1.887057 |    1.888921 |    1.887059 |    1.886666 |    1.887292 |    1.887060 |    1.886562 |    1.889453 |    1.886716 |    1.886639 |    1.886564 |    1.887092 |     1.887094 |     1.887067 |     1.887068 |     1.886709 |     1.887109 |     1.886990 |     1.890218 |     1.890144 |     1.887223 |     1.887105 |     1.890218 |     1.887006 |     1.886567 |     1.887206 |     1.887165 |     1.887052 |     1.887129 |     1.887145 |     1.887145 |     1.886564 |     1.887112 |     1.886825 |     1.886827 |     1.887237 |     1.886825 |     1.886828 |     1.887812 |     1.886551 |     1.886814 |     1.887606 |     1.886750 |     1.886596 |     1.886594 |     1.886592 |     1.886556 |     1.886594 |     1.887124 |     1.887166 |     1.886547 |     1.886556 |     1.887002 |     1.886547 |     1.887003 |     1.886558 |     1.886556 |     1.886560 |     1.886655 |     1.886583 |     1.887641 |     1.886870 |     1.886554 |     1.886690 |     1.886636 |     1.886588 |     1.886704 |     1.886585 |     1.886863 |     1.886618 |     1.886550 |     1.886550 |     1.887771 |     1.886722 |     1.886558 |     1.887776 |     1.887765 |     1.887706 |     1.887039 |     1.887718 |     1.887056 |     1.887052 |     1.888145 |     1.887681 |     1.886616 |     1.890383 |     1.886562 |     1.890218 |     1.886599 |     1.887053 |     1.886820 |     1.887006 |     1.886824 |     1.886663 |     1.886552 |     1.887065 |     1.886542 |     1.887743 |     1.887291 |     1.886548 |     1.886587 |     1.886592 |     1.886589 |     1.886660 |     1.887723 |     1.887278 |     1.890206 |     1.887575 |     1.887279 |     1.887042 |     1.886654 |     1.886822 |     1.887068 |     1.887060 |     1.887069 |     1.887059 |     1.886555 |     1.887060 |     1.887059 |     1.886588 |     1.886577 |     1.887250 |     1.886750 |     1.886593 |     1.887275 |     1.886760 |     1.886759 |     1.890216 |     1.886573 |     1.887306 |     1.887007 |     1.887006 |     1.886552 |     1.887265 |     1.886592 |     1.886736 |     1.886565 |     1.887008 |     1.890220 |     1.887542 |     1.887797 |     1.887739 |     1.886661 |     1.887700 |     1.886552 |     1.887144 |     1.886587 |     1.886562 |     1.886767 |     1.886552 |     1.887007 |     1.887010 |     1.886566 |     1.887069 |     1.887150 |     1.887106 |     1.887168 |     1.887168 |     1.887145 |     1.887104 |     1.887165 |     1.886999 |     1.887145 |     1.887206 |     1.886553 |     1.887104 |     1.887144 |     1.887105 |
|     call count    |          1 |          1 |          1 |          1 |          1 |          1 |          1 |          1 |          1 |          1 |           1 |           1 |           1 |           1 |           1 |           1 |           1 |           1 |           1 |           1 |           1 |           1 |           1 |           1 |           1 |           1 |           1 |           1 |           1 |           1 |           1 |           1 |           1 |           1 |           1 |           1 |           1 |           1 |           1 |           1 |           1 |           1 |           1 |           1 |           1 |           1 |           1 |           1 |           1 |           1 |           1 |           1 |           1 |           1 |           1 |           1 |           1 |           1 |           1 |           1 |           1 |           1 |           1 |           1 |           1 |           1 |           1 |           1 |           1 |           1 |           1 |           1 |           1 |           1 |           1 |           1 |           1 |           1 |           1 |           1 |           1 |           1 |           1 |           1 |           1 |           1 |           1 |           1 |           1 |           1 |           1 |           1 |           1 |           1 |           1 |           1 |           1 |           1 |           1 |           1 |            1 |            1 |            1 |            1 |            1 |            1 |            1 |            1 |            1 |            1 |            1 |            1 |            1 |            1 |            1 |            1 |            1 |            1 |            1 |            1 |            1 |            1 |            1 |            1 |            1 |            1 |            1 |            1 |            1 |            1 |            1 |            1 |            1 |            1 |            1 |            1 |            1 |            1 |            1 |            1 |            1 |            1 |            1 |            1 |            1 |            1 |            1 |            1 |            1 |            1 |            1 |            1 |            1 |            1 |            1 |            1 |            1 |            1 |            1 |            1 |            1 |            1 |            1 |            1 |            1 |            1 |            1 |            1 |            1 |            1 |            1 |            1 |            1 |            1 |            1 |            1 |            1 |            1 |            1 |            1 |            1 |            1 |            1 |            1 |            1 |            1 |            1 |            1 |            1 |            1 |            1 |            1 |            1 |            1 |            1 |            1 |            1 |            1 |            1 |            1 |            1 |            1 |            1 |            1 |            1 |            1 |            1 |            1 |            1 |            1 |            1 |            1 |            1 |            1 |            1 |            1 |            1 |            1 |            1 |            1 |            1 |            1 |            1 |            1 |            1 |            1 |            1 |            1 |            1 |            1 |            1 |            1 |            1 |            1 |            1 |            1 |            1 |            1 |            1 |            1 |            1 |            1 |            1 |            1 |            1 |            1 |            1 |            1 |            1 |            1 |            1 |            1 |            1 |            1 |            1 |            1 |
+-------------------+------------+------------+------------+------------+------------+------------+------------+------------+------------+------------+-------------+-------------+-------------+-------------+-------------+-------------+-------------+-------------+-------------+-------------+-------------+-------------+-------------+-------------+-------------+-------------+-------------+-------------+-------------+-------------+-------------+-------------+-------------+-------------+-------------+-------------+-------------+-------------+-------------+-------------+-------------+-------------+-------------+-------------+-------------+-------------+-------------+-------------+-------------+-------------+-------------+-------------+-------------+-------------+-------------+-------------+-------------+-------------+-------------+-------------+-------------+-------------+-------------+-------------+-------------+-------------+-------------+-------------+-------------+-------------+-------------+-------------+-------------+-------------+-------------+-------------+-------------+-------------+-------------+-------------+-------------+-------------+-------------+-------------+-------------+-------------+-------------+-------------+-------------+-------------+-------------+-------------+-------------+-------------+-------------+-------------+-------------+-------------+-------------+-------------+--------------+--------------+--------------+--------------+--------------+--------------+--------------+--------------+--------------+--------------+--------------+--------------+--------------+--------------+--------------+--------------+--------------+--------------+--------------+--------------+--------------+--------------+--------------+--------------+--------------+--------------+--------------+--------------+--------------+--------------+--------------+--------------+--------------+--------------+--------------+--------------+--------------+--------------+--------------+--------------+--------------+--------------+--------------+--------------+--------------+--------------+--------------+--------------+--------------+--------------+--------------+--------------+--------------+--------------+--------------+--------------+--------------+--------------+--------------+--------------+--------------+--------------+--------------+--------------+--------------+--------------+--------------+--------------+--------------+--------------+--------------+--------------+--------------+--------------+--------------+--------------+--------------+--------------+--------------+--------------+--------------+--------------+--------------+--------------+--------------+--------------+--------------+--------------+--------------+--------------+--------------+--------------+--------------+--------------+--------------+--------------+--------------+--------------+--------------+--------------+--------------+--------------+--------------+--------------+--------------+--------------+--------------+--------------+--------------+--------------+--------------+--------------+--------------+--------------+--------------+--------------+--------------+--------------+--------------+--------------+--------------+--------------+--------------+--------------+--------------+--------------+--------------+--------------+--------------+--------------+--------------+--------------+--------------+--------------+--------------+--------------+--------------+--------------+--------------+--------------+--------------+--------------+--------------+--------------+--------------+--------------+--------------+--------------+--------------+--------------+--------------+--------------+--------------+--------------+--------------+--------------+
+----------------------------+---------+-------------+-------------+-------------+-------------+-------------+-------------+-------------+-------------+-------------+-------------+-------------+-------------+-------------+-------------+-------------+-------------+-------------+-------------+-------------+-------------+-------------+-------------+-------------+-------------+-------------+-------------+-------------+-------------+-------------+-------------+-------------+-------------+-------------+-------------+-------------+-------------+-------------+-------------+-------------+-------------+-------------+-------------+-------------+-------------+-------------+-------------+-------------+-------------+-------------+-------------+-------------+-------------+-------------+-------------+-------------+-------------+-------------+-------------+-------------+-------------+-------------+-------------+-------------+-------------+-------------+-------------+-------------+-------------+-------------+-------------+-------------+-------------+-------------+-------------+-------------+-------------+-------------+-------------+-------------+-------------+-------------+-------------+-------------+-------------+-------------+-------------+-------------+-------------+-------------+-------------+-------------+-------------+-------------+-------------+-------------+-------------+-------------+-------------+-------------+-------------+--------------+--------------+--------------+--------------+--------------+--------------+--------------+--------------+--------------+--------------+--------------+--------------+--------------+--------------+--------------+--------------+--------------+--------------+--------------+--------------+--------------+--------------+--------------+--------------+--------------+--------------+--------------+--------------+--------------+--------------+--------------+--------------+--------------+--------------+--------------+--------------+--------------+--------------+--------------+--------------+--------------+--------------+--------------+--------------+--------------+--------------+--------------+--------------+--------------+--------------+--------------+--------------+--------------+--------------+--------------+--------------+--------------+--------------+--------------+--------------+--------------+--------------+--------------+--------------+--------------+--------------+--------------+--------------+--------------+--------------+--------------+--------------+--------------+--------------+--------------+--------------+--------------+--------------+--------------+--------------+--------------+--------------+--------------+--------------+--------------+--------------+--------------+--------------+--------------+--------------+--------------+--------------+--------------+--------------+--------------+--------------+--------------+--------------+--------------+--------------+--------------+--------------+--------------+--------------+--------------+--------------+--------------+--------------+--------------+--------------+--------------+--------------+--------------+--------------+--------------+--------------+--------------+--------------+--------------+--------------+--------------+--------------+--------------+--------------+--------------+--------------+--------------+--------------+--------------+--------------+--------------+--------------+--------------+--------------+--------------+--------------+--------------+--------------+--------------+--------------+--------------+--------------+--------------+--------------+--------------+--------------+--------------+--------------+--------------+--------------+--------------+--------------+--------------+--------------+--------------+--------------+
|            Event           | Counter |  HWThread 0 |  HWThread 1 |  HWThread 2 |  HWThread 3 |  HWThread 4 |  HWThread 5 |  HWThread 6 |  HWThread 7 |  HWThread 8 |  HWThread 9 | HWThread 10 | HWThread 11 | HWThread 12 | HWThread 13 | HWThread 14 | HWThread 15 | HWThread 16 | HWThread 17 | HWThread 18 | HWThread 19 | HWThread 20 | HWThread 21 | HWThread 22 | HWThread 23 | HWThread 24 | HWThread 25 | HWThread 26 | HWThread 27 | HWThread 28 | HWThread 29 | HWThread 30 | HWThread 31 | HWThread 32 | HWThread 33 | HWThread 34 | HWThread 35 | HWThread 36 | HWThread 37 | HWThread 38 | HWThread 39 | HWThread 40 | HWThread 41 | HWThread 42 | HWThread 43 | HWThread 44 | HWThread 45 | HWThread 46 | HWThread 47 | HWThread 48 | HWThread 49 | HWThread 50 | HWThread 51 | HWThread 52 | HWThread 53 | HWThread 54 | HWThread 55 | HWThread 56 | HWThread 57 | HWThread 58 | HWThread 59 | HWThread 60 | HWThread 61 | HWThread 62 | HWThread 63 | HWThread 64 | HWThread 65 | HWThread 66 | HWThread 67 | HWThread 68 | HWThread 69 | HWThread 70 | HWThread 71 | HWThread 72 | HWThread 73 | HWThread 74 | HWThread 75 | HWThread 76 | HWThread 77 | HWThread 78 | HWThread 79 | HWThread 80 | HWThread 81 | HWThread 82 | HWThread 83 | HWThread 84 | HWThread 85 | HWThread 86 | HWThread 87 | HWThread 88 | HWThread 89 | HWThread 90 | HWThread 91 | HWThread 92 | HWThread 93 | HWThread 94 | HWThread 95 | HWThread 96 | HWThread 97 | HWThread 98 | HWThread 99 | HWThread 100 | HWThread 101 | HWThread 102 | HWThread 103 | HWThread 104 | HWThread 105 | HWThread 106 | HWThread 107 | HWThread 108 | HWThread 109 | HWThread 110 | HWThread 111 | HWThread 112 | HWThread 113 | HWThread 114 | HWThread 115 | HWThread 116 | HWThread 117 | HWThread 118 | HWThread 119 | HWThread 120 | HWThread 121 | HWThread 122 | HWThread 123 | HWThread 124 | HWThread 125 | HWThread 126 | HWThread 127 | HWThread 128 | HWThread 129 | HWThread 130 | HWThread 131 | HWThread 132 | HWThread 133 | HWThread 134 | HWThread 135 | HWThread 136 | HWThread 137 | HWThread 138 | HWThread 139 | HWThread 140 | HWThread 141 | HWThread 142 | HWThread 143 | HWThread 144 | HWThread 145 | HWThread 146 | HWThread 147 | HWThread 148 | HWThread 149 | HWThread 150 | HWThread 151 | HWThread 152 | HWThread 153 | HWThread 154 | HWThread 155 | HWThread 156 | HWThread 157 | HWThread 158 | HWThread 159 | HWThread 160 | HWThread 161 | HWThread 162 | HWThread 163 | HWThread 164 | HWThread 165 | HWThread 166 | HWThread 167 | HWThread 168 | HWThread 169 | HWThread 170 | HWThread 171 | HWThread 172 | HWThread 173 | HWThread 174 | HWThread 175 | HWThread 176 | HWThread 177 | HWThread 178 | HWThread 179 | HWThread 180 | HWThread 181 | HWThread 182 | HWThread 183 | HWThread 184 | HWThread 185 | HWThread 186 | HWThread 187 | HWThread 188 | HWThread 189 | HWThread 190 | HWThread 191 | HWThread 192 | HWThread 193 | HWThread 194 | HWThread 195 | HWThread 196 | HWThread 197 | HWThread 198 | HWThread 199 | HWThread 200 | HWThread 201 | HWThread 202 | HWThread 203 | HWThread 204 | HWThread 205 | HWThread 206 | HWThread 207 | HWThread 208 | HWThread 209 | HWThread 210 | HWThread 211 | HWThread 212 | HWThread 213 | HWThread 214 | HWThread 215 | HWThread 216 | HWThread 217 | HWThread 218 | HWThread 219 | HWThread 220 | HWThread 221 | HWThread 222 | HWThread 223 | HWThread 224 | HWThread 225 | HWThread 226 | HWThread 227 | HWThread 228 | HWThread 229 | HWThread 230 | HWThread 231 | HWThread 232 | HWThread 233 | HWThread 234 | HWThread 235 | HWThread 236 | HWThread 237 | HWThread 238 | HWThread 239 | HWThread 240 | HWThread 241 | HWThread 242 | HWThread 243 | HWThread 244 | HWThread 245 | HWThread 246 | HWThread 247 | HWThread 248 | HWThread 249 | HWThread 250 | HWThread 251 | HWThread 252 | HWThread 253 | HWThread 254 | HWThread 255 |
+----------------------------+---------+-------------+-------------+-------------+-------------+-------------+-------------+-------------+-------------+-------------+-------------+-------------+-------------+-------------+-------------+-------------+-------------+-------------+-------------+-------------+-------------+-------------+-------------+-------------+-------------+-------------+-------------+-------------+-------------+-------------+-------------+-------------+-------------+-------------+-------------+-------------+-------------+-------------+-------------+-------------+-------------+-------------+-------------+-------------+-------------+-------------+-------------+-------------+-------------+-------------+-------------+-------------+-------------+-------------+-------------+-------------+-------------+-------------+-------------+-------------+-------------+-------------+-------------+-------------+-------------+-------------+-------------+-------------+-------------+-------------+-------------+-------------+-------------+-------------+-------------+-------------+-------------+-------------+-------------+-------------+-------------+-------------+-------------+-------------+-------------+-------------+-------------+-------------+-------------+-------------+-------------+-------------+-------------+-------------+-------------+-------------+-------------+-------------+-------------+-------------+-------------+--------------+--------------+--------------+--------------+--------------+--------------+--------------+--------------+--------------+--------------+--------------+--------------+--------------+--------------+--------------+--------------+--------------+--------------+--------------+--------------+--------------+--------------+--------------+--------------+--------------+--------------+--------------+--------------+--------------+--------------+--------------+--------------+--------------+--------------+--------------+--------------+--------------+--------------+--------------+--------------+--------------+--------------+--------------+--------------+--------------+--------------+--------------+--------------+--------------+--------------+--------------+--------------+--------------+--------------+--------------+--------------+--------------+--------------+--------------+--------------+--------------+--------------+--------------+--------------+--------------+--------------+--------------+--------------+--------------+--------------+--------------+--------------+--------------+--------------+--------------+--------------+--------------+--------------+--------------+--------------+--------------+--------------+--------------+--------------+--------------+--------------+--------------+--------------+--------------+--------------+--------------+--------------+--------------+--------------+--------------+--------------+--------------+--------------+--------------+--------------+--------------+--------------+--------------+--------------+--------------+--------------+--------------+--------------+--------------+--------------+--------------+--------------+--------------+--------------+--------------+--------------+--------------+--------------+--------------+--------------+--------------+--------------+--------------+--------------+--------------+--------------+--------------+--------------+--------------+--------------+--------------+--------------+--------------+--------------+--------------+--------------+--------------+--------------+--------------+--------------+--------------+--------------+--------------+--------------+--------------+--------------+--------------+--------------+--------------+--------------+--------------+--------------+--------------+--------------+--------------+--------------+
|      ACTUAL_CPU_CLOCK      |  FIXC1  |  4565502000 |  4563816000 |  4565395000 |  4564388000 |  4564828000 |  4564727000 |  4563599000 |  4563499000 |  4542335000 |  4541718000 |  4541238000 |  4542346000 |  4542851000 |  4542776000 |  4543108000 |  4542162000 |  4571322000 |  4572911000 |  4571394000 |  4571371000 |  4571398000 |  4571408000 |  4572597000 |  4572655000 |  4553694000 |  4553984000 |  4553936000 |  4553400000 |  4554119000 |  4554396000 |  4555215000 |  4553613000 |  4537749000 |  4537640000 |  4537820000 |  4537763000 |  4537103000 |  4537640000 |  4537642000 |  4537939000 |  4555931000 |  4556428000 |  4557548000 |  4556404000 |  4556386000 |  4556907000 |  4557693000 |  4556042000 |  4563606000 |  4563118000 |  4562398000 |  4563387000 |  4563485000 |  4562420000 |  4562851000 |  4564652000 |  4556178000 |  4555374000 |  4554851000 |  4554564000 |  4554806000 |  4554706000 |  4554565000 |  4554772000 |  4546657000 |  4543991000 |  4544263000 |  4546137000 |  4545192000 |  4544100000 |  4543763000 |  4544237000 |  4567526000 |  4566108000 |  4568229000 |  4567581000 |  4567394000 |  4566058000 |  4565971000 |  4566544000 |  4563425000 |  4563732000 |  4563931000 |  4563600000 |  4564253000 |  4563757000 |  4563619000 |  4563618000 |  4562281000 |  4563001000 |  4562649000 |  4561091000 |  4560359000 |  4562400000 |  4561298000 |  4563399000 |  4562185000 |  4564040000 |  4563437000 |  4563757000 |   4563833000 |   4563542000 |   4563579000 |   4562135000 |   4558983000 |   4558962000 |   4559699000 |   4559480000 |   4560183000 |   4558888000 |   4559678000 |   4558455000 |   4570428000 |   4572567000 |   4572909000 |   4572458000 |   4572776000 |   4572471000 |   4572595000 |   4571683000 |   4551145000 |   4549899000 |   4549502000 |   4548732000 |   4548438000 |   4548469000 |   4550355000 |   4549203000 |   4558492000 |   4559440000 |   4558770000 |   4558225000 |   4558612000 |   4558595000 |   4560933000 |   4558069000 |   4567470000 |   4567222000 |   4565646000 |   4566748000 |   4566429000 |   4565928000 |   4567391000 |   4566122000 |   4590956000 |   4592855000 |   4591087000 |   4593186000 |   4592673000 |   4591456000 |   4592013000 |   4592076000 |   4569210000 |   4568718000 |   4568892000 |   4570291000 |   4569715000 |   4568306000 |   4570214000 |   4570159000 |   4557394000 |   4555683000 |   4555025000 |   4557196000 |   4558879000 |   4558605000 |   4557682000 |   4557382000 |   4572921000 |   4573663000 |   4573819000 |   4573372000 |   4571197000 |   4574333000 |   4571338000 |   4573956000 |   4547367000 |   4549173000 |   4547660000 |   4548915000 |   4547687000 |   4546957000 |   4548157000 |   4549155000 |   4576179000 |   4576523000 |   4574876000 |   4574454000 |   4574142000 |   4576034000 |   4576352000 |   4575165000 |   4550710000 |   4548124000 |   4550823000 |   4550895000 |   4548640000 |   4549704000 |   4548136000 |   4548432000 |   4563418000 |   4563535000 |   4563126000 |   4563047000 |   4562230000 |   4563853000 |   4563051000 |   4562395000 |   4577397000 |   4577047000 |   4577235000 |   4577401000 |   4577109000 |   4577434000 |   4577038000 |   4580615000 |   4563160000 |   4565442000 |   4564847000 |   4565036000 |   4563728000 |   4563290000 |   4564281000 |   4564421000 |   4588913000 |   4591267000 |   4591167000 |   4590771000 |   4591284000 |   4591727000 |   4589160000 |   4591503000 |   4554864000 |   4555811000 |   4554549000 |   4554624000 |   4554372000 |   4554957000 |   4555737000 |   4555913000 |   4570096000 |   4571448000 |   4571701000 |   4571534000 |   4571534000 |   4571988000 |   4571591000 |   4571882000 |   4567642000 |   4567948000 |   4568212000 |   4566841000 |   4564709000 |   4566304000 |   4568237000 |   4567470000 |
|        MAX_CPU_CLOCK       |  FIXC2  |  5098105000 |  5096931000 |  5098159000 |  5098628000 |  5098117000 |  5097702000 |  5096465000 |  5097323000 |  5096639000 |  5096625000 |  5096894000 |  5096645000 |  5096724000 |  5096414000 |  5098439000 |  5096434000 |  5096102000 |  5097168000 |  5096151000 |  5096141000 |  5096198000 |  5096223000 |  5096823000 |  5096860000 |  5097304000 |  5097014000 |  5097719000 |  5097062000 |  5096972000 |  5096482000 |  5097940000 |  5096370000 |  5096660000 |  5096536000 |  5097289000 |  5097076000 |  5096597000 |  5096847000 |  5096519000 |  5096439000 |  5096684000 |  5097632000 |  5098465000 |  5097407000 |  5096390000 |  5096944000 |  5097707000 |  5096120000 |  5096759000 |  5097231000 |  5096929000 |  5096363000 |  5096478000 |  5096897000 |  5096434000 |  5098097000 |  5097988000 |  5096693000 |  5096533000 |  5097226000 |  5096942000 |  5097392000 |  5097206000 |  5096465000 |  5101069000 |  5096895000 |  5096431000 |  5099717000 |  5096760000 |  5096808000 |  5096711000 |  5097275000 |  5097706000 |  5096929000 |  5098352000 |  5097758000 |  5098558000 |  5096456000 |  5096306000 |  5098256000 |  5096862000 |  5096966000 |  5096625000 |  5097478000 |  5098231000 |  5096360000 |  5096998000 |  5096956000 |  5097936000 |  5100222000 |  5098164000 |  5096313000 |  5096865000 |  5097916000 |  5096375000 |  5100546000 |  5095773000 |  5096665000 |  5096090000 |  5096838000 |   5097176000 |   5095659000 |   5095579000 |   5094620000 |   5097455000 |   5096450000 |   5099942000 |   5099836000 |   5097542000 |   5097375000 |   5099989000 |   5097243000 |   5096889000 |   5098794000 |   5098076000 |   5097794000 |   5098056000 |   5098717000 |   5097965000 |   5096646000 |   5098084000 |   5097151000 |   5096682000 |   5097005000 |   5096209000 |   5096228000 |   5099305000 |   5096536000 |   5093381000 |   5094911000 |   5093277000 |   5093160000 |   5093939000 |   5093597000 |   5097139000 |   5093010000 |   5097477000 |   5095819000 |   5093770000 |   5095817000 |   5097018000 |   5095376000 |   5097534000 |   5095720000 |   5092976000 |   5097036000 |   5093085000 |   5096369000 |   5096769000 |   5092782000 |   5093489000 |   5093694000 |   5096102000 |   5096812000 |   5096962000 |   5096509000 |   5096992000 |   5095626000 |   5096312000 |   5096191000 |   5098691000 |   5095476000 |   5095150000 |   5097409000 |   5099858000 |   5099364000 |   5098795000 |   5098489000 |   5097094000 |   5098315000 |   5100430000 |   5098328000 |   5095527000 |   5101176000 |   5096660000 |   5099805000 |   5095792000 |   5097410000 |   5096082000 |   5097289000 |   5096125000 |   5094072000 |   5096174000 |   5097407000 |   5095995000 |   5097067000 |   5094074000 |   5094030000 |   5093795000 |   5096152000 |   5096405000 |   5095752000 |   5099655000 |   5097146000 |   5101354000 |   5100213000 |   5097183000 |   5098636000 |   5097140000 |   5097425000 |   5098440000 |   5098590000 |   5098430000 |   5098424000 |   5095996000 |   5097988000 |   5098423000 |   5096702000 |   5095875000 |   5096854000 |   5096974000 |   5096811000 |   5096876000 |   5096899000 |   5096400000 |   5100485000 |   5095740000 |   5097845000 |   5096913000 |   5098330000 |   5095681000 |   5095612000 |   5096177000 |   5096305000 |   5096677000 |   5097646000 |   5101019000 |   5100275000 |   5100290000 |   5099591000 |   5096946000 |   5099258000 |   5096316000 |   5098582000 |   5096778000 |   5096177000 |   5097049000 |   5097345000 |   5097869000 |   5098757000 |   5096859000 |   5098489000 |   5098859000 |   5098645000 |   5098598000 |   5098108000 |   5098671000 |   5098021000 |   5098658000 |   5098142000 |   5098276000 |   5096847000 |   5094186000 |   5095169000 |   5098349000 |   5098484000 |
|    RETIRED_INSTRUCTIONS    |   PMC0  | 11847530000 | 11851120000 | 11851690000 | 11851830000 | 11852220000 | 11850650000 | 11851580000 | 11851710000 | 11848240000 | 11847560000 | 11848240000 | 11848240000 | 11848150000 | 11847140000 | 11848310000 | 11848510000 | 11853410000 | 11852620000 | 11853510000 | 11853180000 | 11853140000 | 11853310000 | 11852970000 | 11853150000 | 11850650000 | 11849780000 | 11850260000 | 11850470000 | 11850400000 | 11849660000 | 11851090000 | 11850260000 | 11847350000 | 11846100000 | 11847360000 | 11844570000 | 11847120000 | 11844700000 | 11847020000 | 11846960000 | 11850460000 | 11848480000 | 11851380000 | 11850660000 | 11850520000 | 11848030000 | 11850720000 | 11850500000 | 11851070000 | 11849940000 | 11852320000 | 11852250000 | 11852270000 | 11850670000 | 11852020000 | 11852470000 | 11847770000 | 11845350000 | 11847650000 | 11847710000 | 11848220000 | 11846170000 | 11847070000 | 11824030000 | 11850170000 | 11844670000 | 11848550000 | 11849540000 | 11848400000 | 11844700000 | 11848300000 | 11848050000 | 11852300000 | 11849390000 | 11852390000 | 11852190000 | 11852240000 | 11848830000 | 11852040000 | 11851880000 | 11851870000 | 11848160000 | 11852200000 | 11851910000 | 11852110000 | 11851860000 | 11851790000 | 11851690000 | 11849990000 | 11846780000 | 11849770000 | 11849680000 | 11850220000 | 11845720000 | 11849460000 | 11828930000 | 11823070000 | 11844190000 | 11852290000 | 11852440000 |  11852280000 |  11847880000 |  11852200000 |  11852170000 |  11851680000 |  11811680000 |  11850830000 |  11852600000 |  11851990000 |  11846890000 |  11814260000 |  11816210000 |  11852140000 |  11817720000 |  11851210000 |  11853720000 |  11853410000 |  11848500000 |  11853380000 |  11853290000 |  11845920000 |  11840390000 |  11845660000 |  11846080000 |  11845780000 |  11841110000 |  11846400000 |  11823520000 |  11850500000 |  11845690000 |  11850450000 |  11850410000 |  11850370000 |  11845800000 |  11850300000 |  11850170000 |  11852030000 |  11846180000 |  11851570000 |  11851440000 |  11851800000 |  11846500000 |  11851880000 |  11851380000 |  11856180000 |  11850760000 |  11856140000 |  11856210000 |  11857230000 |  11856150000 |  11856030000 |  11855970000 |  11849650000 |  11844080000 |  11849620000 |  11849650000 |  11849980000 |  11845080000 |  11849420000 |  11830070000 |  11850260000 |  11843900000 |  11850100000 |  11850590000 |  11850290000 |  11845750000 |  11850070000 |  11850270000 |  11853110000 |  11846800000 |  11853370000 |  11853090000 |  11852850000 |  11848770000 |  11852600000 |  11854410000 |  11848230000 |  11842840000 |  11848430000 |  11848370000 |  11848310000 |  11843850000 |  11848170000 |  11848140000 |  11851430000 |  11845220000 |  11852070000 |  11851540000 |  11851340000 |  11846710000 |  11851570000 |  11836470000 |  11848730000 |  11842770000 |  11850230000 |  11849240000 |  11848830000 |  11843700000 |  11848260000 |  11848340000 |  11850620000 |  11845270000 |  11850550000 |  11850890000 |  11850580000 |  11845190000 |  11850210000 |  11850480000 |  11853540000 |  11848160000 |  11853560000 |  11853560000 |  11853950000 |  11853470000 |  11853450000 |  11854900000 |  11849260000 |  11845050000 |  11849470000 |  11849400000 |  11849060000 |  11843300000 |  11848870000 |  11826490000 |  11855410000 |  11850130000 |  11857480000 |  11856270000 |  11856450000 |  11851800000 |  11855810000 |  11856160000 |  11848930000 |  11843330000 |  11849040000 |  11849160000 |  11849110000 |  11843710000 |  11848780000 |  11848810000 |  11852040000 |  11845720000 |  11851940000 |  11851890000 |  11852040000 |  11847450000 |  11851780000 |  11851630000 |  11848890000 |  11843370000 |  11849060000 |  11848840000 |  11848650000 |  11843540000 |  11848580000 |  11825390000 |
|     CPU_CLOCKS_UNHALTED    |   PMC1  |  4528346000 |  4530623000 |  4531194000 |  4531154000 |  4531598000 |  4530845000 |  4529843000 |  4529666000 |  4509404000 |  4508978000 |  4508931000 |  4509237000 |  4508852000 |  4509278000 |  4508289000 |  4509005000 |  4539702000 |  4539124000 |  4539687000 |  4539225000 |  4539073000 |  4539114000 |  4537961000 |  4538774000 |  4522219000 |  4522249000 |  4521479000 |  4521873000 |  4521104000 |  4521970000 |  4522395000 |  4521538000 |  4505551000 |  4506619000 |  4505352000 |  4503230000 |  4504912000 |  4504191000 |  4504497000 |  4504566000 |  4523199000 |  4523134000 |  4524314000 |  4523723000 |  4522941000 |  4522836000 |  4522952000 |  4522970000 |  4527054000 |  4533566000 |  4533273000 |  4532732000 |  4533022000 |  4533738000 |  4532581000 |  4533381000 |  4518872000 |  4518833000 |  4518170000 |  4518704000 |  4519589000 |  4518731000 |  4518169000 |  4517953000 |  4518954000 |  4511179000 |  4510827000 |  4513794000 |  4510965000 |  4510761000 |  4510352000 |  4509237000 |  4533284000 |  4534147000 |  4532909000 |  4532994000 |  4532809000 |  4532163000 |  4531659000 |  4531413000 |  4530350000 |  4530492000 |  4531100000 |  4529502000 |  4531062000 |  4530042000 |  4530124000 |  4529947000 |  4526085000 |  4530562000 |  4526059000 |  4525278000 |  4526377000 |  4525827000 |  4523961000 |  4531010000 |  4532279000 |  4532625000 |  4532442000 |  4534124000 |   4533312000 |   4533607000 |   4533111000 |   4532569000 |   4528351000 |   4527281000 |   4535829000 |   4535333000 |   4528427000 |   4528279000 |   4534598000 |   4527241000 |   4539943000 |   4540308000 |   4540928000 |   4540836000 |   4540608000 |   4540143000 |   4540542000 |   4539138000 |   4517130000 |   4516560000 |   4516395000 |   4517403000 |   4516473000 |   4516556000 |   4518290000 |   4514576000 |   4522262000 |   4523844000 |   4521550000 |   4522110000 |   4521264000 |   4521475000 |   4521087000 |   4521261000 |   4528600000 |   4528658000 |   4527421000 |   4527291000 |   4528366000 |   4526979000 |   4527732000 |   4526955000 |   4554170000 |   4553727000 |   4554202000 |   4553793000 |   4556237000 |   4554125000 |   4553474000 |   4553894000 |   4528881000 |   4528986000 |   4529221000 |   4529072000 |   4529402000 |   4528708000 |   4528444000 |   4527778000 |   4520486000 |   4517278000 |   4517494000 |   4520215000 |   4519764000 |   4519862000 |   4518033000 |   4519352000 |   4533842000 |   4533504000 |   4536146000 |   4534127000 |   4532651000 |   4540671000 |   4532126000 |   4540895000 |   4509291000 |   4510508000 |   4509818000 |   4510200000 |   4509831000 |   4509228000 |   4508602000 |   4509684000 |   4535181000 |   4537969000 |   4537179000 |   4535440000 |   4534684000 |   4534971000 |   4535137000 |   4534718000 |   4511210000 |   4510458000 |   4517718000 |   4511779000 |   4511028000 |   4509845000 |   4508879000 |   4509305000 |   4524393000 |   4524212000 |   4523405000 |   4524099000 |   4522841000 |   4523310000 |   4522956000 |   4522639000 |   4538809000 |   4540198000 |   4539094000 |   4538639000 |   4540529000 |   4538578000 |   4538616000 |   4545887000 |   4523607000 |   4525022000 |   4524216000 |   4524749000 |   4523620000 |   4524572000 |   4523161000 |   4523228000 |   4549475000 |   4551066000 |   4558541000 |   4551998000 |   4552534000 |   4552178000 |   4549751000 |   4551888000 |   4514881000 |   4516083000 |   4515210000 |   4515708000 |   4515572000 |   4514644000 |   4515208000 |   4515411000 |   4530498000 |   4531730000 |   4531834000 |   4531067000 |   4531861000 |   4531420000 |   4531054000 |   4531137000 |   4526158000 |   4525843000 |   4526070000 |   4526220000 |   4524378000 |   4525657000 |   4525417000 |   4525529000 |
| REQUESTS_TO_L2_GRP1_RD_ANY |   PMC2  |  1074257000 |  1074399000 |  1074228000 |  1074242000 |  1074241000 |  1074406000 |  1074193000 |  1074248000 |  1074231000 |  1074331000 |  1074194000 |  1074245000 |  1074255000 |  1074350000 |  1074161000 |  1074254000 |  1074223000 |  1074332000 |  1074254000 |  1074202000 |  1074217000 |  1074250000 |  1074236000 |  1074260000 |  1074234000 |  1074302000 |  1074191000 |  1074230000 |  1074240000 |  1074328000 |  1074225000 |  1074240000 |  1074237000 |  1074658000 |  1074236000 |  1074308000 |  1074265000 |  1074656000 |  1074241000 |  1074245000 |  1074244000 |  1074633000 |  1074244000 |  1074222000 |  1074232000 |  1074742000 |  1074211000 |  1074241000 |  1074262000 |  1074662000 |  1074261000 |  1074234000 |  1074262000 |  1074640000 |  1074251000 |  1074257000 |  1074268000 |  1074743000 |  1074262000 |  1074250000 |  1074248000 |  1074771000 |  1074219000 |  1074488000 |  1074232000 |  1075030000 |  1074238000 |  1074238000 |  1074261000 |  1074864000 |  1074244000 |  1074264000 |  1074251000 |  1074752000 |  1074233000 |  1074253000 |  1074272000 |  1074768000 |  1074238000 |  1074221000 |  1074223000 |  1074985000 |  1074230000 |  1074212000 |  1074224000 |  1074269000 |  1074225000 |  1074265000 |  1074265000 |  1075105000 |  1074266000 |  1074248000 |  1074255000 |  1074905000 |  1074239000 |  1074599000 |  1074303000 |  1075465000 |  1074248000 |  1074237000 |   1074250000 |   1075039000 |   1074252000 |   1074257000 |   1074261000 |   1075199000 |   1074231000 |   1074249000 |   1074259000 |   1074800000 |   1074261000 |   1074290000 |   1074247000 |   1075260000 |   1074260000 |   1074250000 |   1074253000 |   1075066000 |   1074221000 |   1074240000 |   1074236000 |   1075457000 |   1074260000 |   1074258000 |   1074263000 |   1074886000 |   1074233000 |   1074457000 |   1074255000 |   1075356000 |   1074254000 |   1074252000 |   1074242000 |   1075018000 |   1074249000 |   1074261000 |   1074239000 |   1075371000 |   1074228000 |   1074231000 |   1074254000 |   1074885000 |   1074246000 |   1074235000 |   1074260000 |   1075283000 |   1074247000 |   1074225000 |   1074257000 |   1074226000 |   1074230000 |   1074267000 |   1074250000 |   1075287000 |   1074258000 |   1074242000 |   1074222000 |   1074888000 |   1074225000 |   1074449000 |   1074261000 |   1075373000 |   1074236000 |   1074245000 |   1074248000 |   1075027000 |   1074215000 |   1074265000 |   1074238000 |   1075318000 |   1074245000 |   1074214000 |   1074241000 |   1074752000 |   1074256000 |   1074235000 |   1074261000 |   1075311000 |   1074238000 |   1074206000 |   1074228000 |   1075010000 |   1074193000 |   1074264000 |   1074260000 |   1075412000 |   1074254000 |   1074247000 |   1074271000 |   1074981000 |   1074254000 |   1074366000 |   1074256000 |   1075452000 |   1074227000 |   1074241000 |   1074250000 |   1075040000 |   1074215000 |   1074245000 |   1074250000 |   1075171000 |   1074239000 |   1074239000 |   1074243000 |   1074965000 |   1074232000 |   1074237000 |   1074249000 |   1075377000 |   1074246000 |   1074248000 |   1074247000 |   1074260000 |   1074241000 |   1074258000 |   1074256000 |   1075053000 |   1074271000 |   1074240000 |   1074245000 |   1074881000 |   1074234000 |   1074537000 |   1074134000 |   1075373000 |   1074224000 |   1074214000 |   1074262000 |   1075014000 |   1074235000 |   1074242000 |   1074260000 |   1075387000 |   1074239000 |   1074236000 |   1074251000 |   1075040000 |   1074241000 |   1074227000 |   1074262000 |   1075388000 |   1074265000 |   1074235000 |   1074264000 |   1075020000 |   1074233000 |   1074263000 |   1074277000 |   1075395000 |   1074240000 |   1074253000 |   1074269000 |   1074936000 |   1074238000 |   1074429000 |
|     L2_PF_HIT_IN_L2_ALL    |   PMC3  |  2299379000 |  2157618000 |  2310660000 |  2213660000 |  2304955000 |  2296470000 |  2264599000 |  2277043000 |  2247695000 |  2255224000 |  2255936000 |  2282532000 |  2279592000 |  2292175000 |  2275038000 |  2288287000 |  2313783000 |  2284388000 |  2287330000 |  2299985000 |  2315487000 |  2306191000 |  2275024000 |  2295846000 |  2053147000 |  2147126000 |  2290758000 |  2103231000 |  2148112000 |  2147641000 |  2134635000 |  2130731000 |  2265820000 |  2194559000 |  2308745000 |  2297907000 |  2279042000 |  2277139000 |  2297806000 |  2265927000 |  2266563000 |  2272049000 |  2300459000 |  2176470000 |  2194997000 |  2216267000 |  2205275000 |  2239320000 |  2289659000 |  2274866000 |  2271463000 |  2276031000 |  2284244000 |  2249149000 |  2266860000 |  2259608000 |  2236393000 |  2232418000 |  2189124000 |  2255031000 |  2265034000 |  1986027000 |  2283981000 |  1559427000 |  2292643000 |  2237008000 |  2265442000 |  2196671000 |  2281435000 |  2253522000 |  2291156000 |  2280484000 |  2296354000 |  2288712000 |  2260594000 |  2285896000 |  2234916000 |  2226189000 |  2269133000 |  2272952000 |  2283920000 |  2207967000 |  2280577000 |  2278034000 |  2172763000 |  2127961000 |  2213164000 |  2314934000 |  2223118000 |  2265772000 |  2223531000 |  2244567000 |  2265460000 |  2222921000 |  2260939000 |  1566014000 |  1983036000 |  2272132000 |  2273256000 |  2307273000 |   2282007000 |   2145504000 |   2271103000 |   2252945000 |   2264508000 |   1897921000 |   2295922000 |   2267287000 |   2275778000 |   2289695000 |   1903597000 |   1873423000 |   2271143000 |   1895488000 |   2280230000 |   2289250000 |   2293858000 |   2259349000 |   2271880000 |   2258433000 |   2210973000 |   2231426000 |   2285325000 |   2295980000 |   2246788000 |   2272312000 |   2298396000 |   1567344000 |   2167697000 |   2274592000 |   2131623000 |   2257226000 |   2134910000 |   2266555000 |   2221428000 |   2123684000 |   2278148000 |   2264352000 |   2244741000 |   2275404000 |   2269192000 |   2184423000 |   2076212000 |   2258309000 |   2263474000 |   2215050000 |   2277727000 |   2264517000 |   2268540000 |   2082282000 |   2298768000 |   2285400000 |   2235427000 |   2282031000 |   2284498000 |   2272346000 |   2281362000 |   2257711000 |   2278019000 |   1571581000 |   2264294000 |   2262685000 |   2286160000 |   2263935000 |   2296935000 |   2305339000 |   2122773000 |   2270685000 |   2264160000 |   2279191000 |   2267300000 |   2284873000 |   2277080000 |   2272976000 |   2283308000 |   2264285000 |   2289588000 |   1915398000 |   2288240000 |   2110942000 |   2296282000 |   2287674000 |   2290843000 |   2262538000 |   2285258000 |   2226646000 |   2132028000 |   2279460000 |   2299835000 |   2240814000 |   2191224000 |   1556111000 |   2241076000 |   2195160000 |   2273357000 |   2268379000 |   2286250000 |   2304143000 |   2247271000 |   2284604000 |   2297641000 |   2286760000 |   2294473000 |   2298458000 |   2282914000 |   2279988000 |   2279494000 |   2261612000 |   2289086000 |   2244631000 |   2284923000 |   2268803000 |   2286950000 |   2181618000 |   2245047000 |   2050372000 |   2275436000 |   2256920000 |   2292870000 |   2201137000 |   2260076000 |   2227399000 |   2277606000 |   1585567000 |   2273987000 |   2185672000 |   2290452000 |   2281610000 |   2256187000 |   2181922000 |   2252319000 |   2283802000 |   2264400000 |   2273890000 |   2293865000 |   2284816000 |   2304467000 |   2273572000 |   2307794000 |   2304633000 |   2289423000 |   2287095000 |   2305014000 |   2270717000 |   2302379000 |   2284853000 |   2305416000 |   2295286000 |   2179959000 |   2284443000 |   2223126000 |   2288651000 |   2257420000 |   2241833000 |   2249454000 |   1596985000 |
+----------------------------+---------+-------------+-------------+-------------+-------------+-------------+-------------+-------------+-------------+-------------+-------------+-------------+-------------+-------------+-------------+-------------+-------------+-------------+-------------+-------------+-------------+-------------+-------------+-------------+-------------+-------------+-------------+-------------+-------------+-------------+-------------+-------------+-------------+-------------+-------------+-------------+-------------+-------------+-------------+-------------+-------------+-------------+-------------+-------------+-------------+-------------+-------------+-------------+-------------+-------------+-------------+-------------+-------------+-------------+-------------+-------------+-------------+-------------+-------------+-------------+-------------+-------------+-------------+-------------+-------------+-------------+-------------+-------------+-------------+-------------+-------------+-------------+-------------+-------------+-------------+-------------+-------------+-------------+-------------+-------------+-------------+-------------+-------------+-------------+-------------+-------------+-------------+-------------+-------------+-------------+-------------+-------------+-------------+-------------+-------------+-------------+-------------+-------------+-------------+-------------+-------------+--------------+--------------+--------------+--------------+--------------+--------------+--------------+--------------+--------------+--------------+--------------+--------------+--------------+--------------+--------------+--------------+--------------+--------------+--------------+--------------+--------------+--------------+--------------+--------------+--------------+--------------+--------------+--------------+--------------+--------------+--------------+--------------+--------------+--------------+--------------+--------------+--------------+--------------+--------------+--------------+--------------+--------------+--------------+--------------+--------------+--------------+--------------+--------------+--------------+--------------+--------------+--------------+--------------+--------------+--------------+--------------+--------------+--------------+--------------+--------------+--------------+--------------+--------------+--------------+--------------+--------------+--------------+--------------+--------------+--------------+--------------+--------------+--------------+--------------+--------------+--------------+--------------+--------------+--------------+--------------+--------------+--------------+--------------+--------------+--------------+--------------+--------------+--------------+--------------+--------------+--------------+--------------+--------------+--------------+--------------+--------------+--------------+--------------+--------------+--------------+--------------+--------------+--------------+--------------+--------------+--------------+--------------+--------------+--------------+--------------+--------------+--------------+--------------+--------------+--------------+--------------+--------------+--------------+--------------+--------------+--------------+--------------+--------------+--------------+--------------+--------------+--------------+--------------+--------------+--------------+--------------+--------------+--------------+--------------+--------------+--------------+--------------+--------------+--------------+--------------+--------------+--------------+--------------+--------------+--------------+--------------+--------------+--------------+--------------+--------------+--------------+--------------+--------------+--------------+--------------+--------------+
+---------------------------------+---------+---------------+-------------+-------------+--------------+
|              Event              | Counter |      Sum      |     Min     |     Max     |      Avg     |
+---------------------------------+---------+---------------+-------------+-------------+--------------+
|      ACTUAL_CPU_CLOCK STAT      |  FIXC1  | 1168055195000 |  4537103000 |  4593186000 | 4.562716e+09 |
|        MAX_CPU_CLOCK STAT       |  FIXC2  | 1304854184000 |  5092782000 |  5101354000 | 5.097087e+09 |
|    RETIRED_INSTRUCTIONS STAT    |   PMC0  | 3033244340000 | 11811680000 | 11857480000 | 1.184861e+10 |
|     CPU_CLOCKS_UNHALTED STAT    |   PMC1  | 1158863026000 |  4503230000 |  4558541000 | 4.526809e+09 |
| REQUESTS_TO_L2_GRP1_RD_ANY STAT |   PMC2  |  275051622000 |  1074134000 |  1075465000 | 1.074420e+09 |
|     L2_PF_HIT_IN_L2_ALL STAT    |   PMC3  |  570191801000 |  1556111000 |  2315487000 | 2.227312e+09 |
+---------------------------------+---------+---------------+-------------+-------------+--------------+
+-------------------------------+------------+------------+------------+------------+------------+------------+------------+------------+------------+------------+-------------+-------------+-------------+-------------+-------------+-------------+-------------+-------------+-------------+-------------+-------------+-------------+-------------+-------------+-------------+-------------+-------------+-------------+-------------+-------------+-------------+-------------+-------------+-------------+-------------+-------------+-------------+-------------+-------------+-------------+-------------+-------------+-------------+-------------+-------------+-------------+-------------+-------------+-------------+-------------+-------------+-------------+-------------+-------------+-------------+-------------+-------------+-------------+-------------+-------------+-------------+-------------+-------------+-------------+-------------+-------------+-------------+-------------+-------------+-------------+-------------+-------------+-------------+-------------+-------------+-------------+-------------+-------------+-------------+-------------+-------------+-------------+-------------+-------------+-------------+-------------+-------------+-------------+-------------+-------------+-------------+-------------+-------------+-------------+-------------+-------------+-------------+-------------+-------------+-------------+--------------+--------------+--------------+--------------+--------------+--------------+--------------+--------------+--------------+--------------+--------------+--------------+--------------+--------------+--------------+--------------+--------------+--------------+--------------+--------------+--------------+--------------+--------------+--------------+--------------+--------------+--------------+--------------+--------------+--------------+--------------+--------------+--------------+--------------+--------------+--------------+--------------+--------------+--------------+--------------+--------------+--------------+--------------+--------------+--------------+--------------+--------------+--------------+--------------+--------------+--------------+--------------+--------------+--------------+--------------+--------------+--------------+--------------+--------------+--------------+--------------+--------------+--------------+--------------+--------------+--------------+--------------+--------------+--------------+--------------+--------------+--------------+--------------+--------------+--------------+--------------+--------------+--------------+--------------+--------------+--------------+--------------+--------------+--------------+--------------+--------------+--------------+--------------+--------------+--------------+--------------+--------------+--------------+--------------+--------------+--------------+--------------+--------------+--------------+--------------+--------------+--------------+--------------+--------------+--------------+--------------+--------------+--------------+--------------+--------------+--------------+--------------+--------------+--------------+--------------+--------------+--------------+--------------+--------------+--------------+--------------+--------------+--------------+--------------+--------------+--------------+--------------+--------------+--------------+--------------+--------------+--------------+--------------+--------------+--------------+--------------+--------------+--------------+--------------+--------------+--------------+--------------+--------------+--------------+--------------+--------------+--------------+--------------+--------------+--------------+--------------+--------------+--------------+--------------+--------------+--------------+
|             Metric            | HWThread 0 | HWThread 1 | HWThread 2 | HWThread 3 | HWThread 4 | HWThread 5 | HWThread 6 | HWThread 7 | HWThread 8 | HWThread 9 | HWThread 10 | HWThread 11 | HWThread 12 | HWThread 13 | HWThread 14 | HWThread 15 | HWThread 16 | HWThread 17 | HWThread 18 | HWThread 19 | HWThread 20 | HWThread 21 | HWThread 22 | HWThread 23 | HWThread 24 | HWThread 25 | HWThread 26 | HWThread 27 | HWThread 28 | HWThread 29 | HWThread 30 | HWThread 31 | HWThread 32 | HWThread 33 | HWThread 34 | HWThread 35 | HWThread 36 | HWThread 37 | HWThread 38 | HWThread 39 | HWThread 40 | HWThread 41 | HWThread 42 | HWThread 43 | HWThread 44 | HWThread 45 | HWThread 46 | HWThread 47 | HWThread 48 | HWThread 49 | HWThread 50 | HWThread 51 | HWThread 52 | HWThread 53 | HWThread 54 | HWThread 55 | HWThread 56 | HWThread 57 | HWThread 58 | HWThread 59 | HWThread 60 | HWThread 61 | HWThread 62 | HWThread 63 | HWThread 64 | HWThread 65 | HWThread 66 | HWThread 67 | HWThread 68 | HWThread 69 | HWThread 70 | HWThread 71 | HWThread 72 | HWThread 73 | HWThread 74 | HWThread 75 | HWThread 76 | HWThread 77 | HWThread 78 | HWThread 79 | HWThread 80 | HWThread 81 | HWThread 82 | HWThread 83 | HWThread 84 | HWThread 85 | HWThread 86 | HWThread 87 | HWThread 88 | HWThread 89 | HWThread 90 | HWThread 91 | HWThread 92 | HWThread 93 | HWThread 94 | HWThread 95 | HWThread 96 | HWThread 97 | HWThread 98 | HWThread 99 | HWThread 100 | HWThread 101 | HWThread 102 | HWThread 103 | HWThread 104 | HWThread 105 | HWThread 106 | HWThread 107 | HWThread 108 | HWThread 109 | HWThread 110 | HWThread 111 | HWThread 112 | HWThread 113 | HWThread 114 | HWThread 115 | HWThread 116 | HWThread 117 | HWThread 118 | HWThread 119 | HWThread 120 | HWThread 121 | HWThread 122 | HWThread 123 | HWThread 124 | HWThread 125 | HWThread 126 | HWThread 127 | HWThread 128 | HWThread 129 | HWThread 130 | HWThread 131 | HWThread 132 | HWThread 133 | HWThread 134 | HWThread 135 | HWThread 136 | HWThread 137 | HWThread 138 | HWThread 139 | HWThread 140 | HWThread 141 | HWThread 142 | HWThread 143 | HWThread 144 | HWThread 145 | HWThread 146 | HWThread 147 | HWThread 148 | HWThread 149 | HWThread 150 | HWThread 151 | HWThread 152 | HWThread 153 | HWThread 154 | HWThread 155 | HWThread 156 | HWThread 157 | HWThread 158 | HWThread 159 | HWThread 160 | HWThread 161 | HWThread 162 | HWThread 163 | HWThread 164 | HWThread 165 | HWThread 166 | HWThread 167 | HWThread 168 | HWThread 169 | HWThread 170 | HWThread 171 | HWThread 172 | HWThread 173 | HWThread 174 | HWThread 175 | HWThread 176 | HWThread 177 | HWThread 178 | HWThread 179 | HWThread 180 | HWThread 181 | HWThread 182 | HWThread 183 | HWThread 184 | HWThread 185 | HWThread 186 | HWThread 187 | HWThread 188 | HWThread 189 | HWThread 190 | HWThread 191 | HWThread 192 | HWThread 193 | HWThread 194 | HWThread 195 | HWThread 196 | HWThread 197 | HWThread 198 | HWThread 199 | HWThread 200 | HWThread 201 | HWThread 202 | HWThread 203 | HWThread 204 | HWThread 205 | HWThread 206 | HWThread 207 | HWThread 208 | HWThread 209 | HWThread 210 | HWThread 211 | HWThread 212 | HWThread 213 | HWThread 214 | HWThread 215 | HWThread 216 | HWThread 217 | HWThread 218 | HWThread 219 | HWThread 220 | HWThread 221 | HWThread 222 | HWThread 223 | HWThread 224 | HWThread 225 | HWThread 226 | HWThread 227 | HWThread 228 | HWThread 229 | HWThread 230 | HWThread 231 | HWThread 232 | HWThread 233 | HWThread 234 | HWThread 235 | HWThread 236 | HWThread 237 | HWThread 238 | HWThread 239 | HWThread 240 | HWThread 241 | HWThread 242 | HWThread 243 | HWThread 244 | HWThread 245 | HWThread 246 | HWThread 247 | HWThread 248 | HWThread 249 | HWThread 250 | HWThread 251 | HWThread 252 | HWThread 253 | HWThread 254 | HWThread 255 |
+-------------------------------+------------+------------+------------+------------+------------+------------+------------+------------+------------+------------+-------------+-------------+-------------+-------------+-------------+-------------+-------------+-------------+-------------+-------------+-------------+-------------+-------------+-------------+-------------+-------------+-------------+-------------+-------------+-------------+-------------+-------------+-------------+-------------+-------------+-------------+-------------+-------------+-------------+-------------+-------------+-------------+-------------+-------------+-------------+-------------+-------------+-------------+-------------+-------------+-------------+-------------+-------------+-------------+-------------+-------------+-------------+-------------+-------------+-------------+-------------+-------------+-------------+-------------+-------------+-------------+-------------+-------------+-------------+-------------+-------------+-------------+-------------+-------------+-------------+-------------+-------------+-------------+-------------+-------------+-------------+-------------+-------------+-------------+-------------+-------------+-------------+-------------+-------------+-------------+-------------+-------------+-------------+-------------+-------------+-------------+-------------+-------------+-------------+-------------+--------------+--------------+--------------+--------------+--------------+--------------+--------------+--------------+--------------+--------------+--------------+--------------+--------------+--------------+--------------+--------------+--------------+--------------+--------------+--------------+--------------+--------------+--------------+--------------+--------------+--------------+--------------+--------------+--------------+--------------+--------------+--------------+--------------+--------------+--------------+--------------+--------------+--------------+--------------+--------------+--------------+--------------+--------------+--------------+--------------+--------------+--------------+--------------+--------------+--------------+--------------+--------------+--------------+--------------+--------------+--------------+--------------+--------------+--------------+--------------+--------------+--------------+--------------+--------------+--------------+--------------+--------------+--------------+--------------+--------------+--------------+--------------+--------------+--------------+--------------+--------------+--------------+--------------+--------------+--------------+--------------+--------------+--------------+--------------+--------------+--------------+--------------+--------------+--------------+--------------+--------------+--------------+--------------+--------------+--------------+--------------+--------------+--------------+--------------+--------------+--------------+--------------+--------------+--------------+--------------+--------------+--------------+--------------+--------------+--------------+--------------+--------------+--------------+--------------+--------------+--------------+--------------+--------------+--------------+--------------+--------------+--------------+--------------+--------------+--------------+--------------+--------------+--------------+--------------+--------------+--------------+--------------+--------------+--------------+--------------+--------------+--------------+--------------+--------------+--------------+--------------+--------------+--------------+--------------+--------------+--------------+--------------+--------------+--------------+--------------+--------------+--------------+--------------+--------------+--------------+--------------+
|      Runtime (RDTSC) [s]      |     1.8871 |     1.8866 |     1.8870 |     1.8870 |     1.8873 |     1.8870 |     1.8868 |     1.8866 |     1.8867 |     1.8866 |      1.8867 |      1.8867 |      1.8867 |      1.8869 |      1.8870 |      1.8873 |      1.8868 |      1.8868 |      1.8868 |      1.8868 |      1.8868 |      1.8868 |      1.8868 |      1.8868 |      1.8867 |      1.8866 |      1.8866 |      1.8866 |      1.8866 |      1.8866 |      1.8870 |      1.8866 |      1.8867 |      1.8873 |      1.8867 |      1.8866 |      1.8866 |      1.8866 |      1.8868 |      1.8866 |      1.8866 |      1.8866 |      1.8870 |      1.8866 |      1.8867 |      1.8868 |      1.8870 |      1.8867 |      1.8867 |      1.8867 |      1.8866 |      1.8866 |      1.8866 |      1.8873 |      1.8866 |      1.8870 |      1.8870 |      1.8868 |      1.8867 |      1.8867 |      1.8873 |      1.8868 |      1.8867 |      1.8866 |      1.8902 |      1.8867 |      1.8866 |      1.8877 |      1.8867 |      1.8866 |      1.8866 |      1.8866 |      1.8871 |      1.8873 |      1.8872 |      1.8871 |      1.8871 |      1.8868 |      1.8867 |      1.8870 |      1.8867 |      1.8867 |      1.8870 |      1.8866 |      1.8870 |      1.8866 |      1.8868 |      1.8867 |      1.8871 |      1.8889 |      1.8871 |      1.8867 |      1.8873 |      1.8871 |      1.8866 |      1.8895 |      1.8867 |      1.8866 |      1.8866 |      1.8871 |       1.8871 |       1.8871 |       1.8871 |       1.8867 |       1.8871 |       1.8870 |       1.8902 |       1.8901 |       1.8872 |       1.8871 |       1.8902 |       1.8870 |       1.8866 |       1.8872 |       1.8872 |       1.8871 |       1.8871 |       1.8871 |       1.8871 |       1.8866 |       1.8871 |       1.8868 |       1.8868 |       1.8872 |       1.8868 |       1.8868 |       1.8878 |       1.8866 |       1.8868 |       1.8876 |       1.8867 |       1.8866 |       1.8866 |       1.8866 |       1.8866 |       1.8866 |       1.8871 |       1.8872 |       1.8865 |       1.8866 |       1.8870 |       1.8865 |       1.8870 |       1.8866 |       1.8866 |       1.8866 |       1.8867 |       1.8866 |       1.8876 |       1.8869 |       1.8866 |       1.8867 |       1.8866 |       1.8866 |       1.8867 |       1.8866 |       1.8869 |       1.8866 |       1.8865 |       1.8865 |       1.8878 |       1.8867 |       1.8866 |       1.8878 |       1.8878 |       1.8877 |       1.8870 |       1.8877 |       1.8871 |       1.8871 |       1.8881 |       1.8877 |       1.8866 |       1.8904 |       1.8866 |       1.8902 |       1.8866 |       1.8871 |       1.8868 |       1.8870 |       1.8868 |       1.8867 |       1.8866 |       1.8871 |       1.8865 |       1.8877 |       1.8873 |       1.8865 |       1.8866 |       1.8866 |       1.8866 |       1.8867 |       1.8877 |       1.8873 |       1.8902 |       1.8876 |       1.8873 |       1.8870 |       1.8867 |       1.8868 |       1.8871 |       1.8871 |       1.8871 |       1.8871 |       1.8866 |       1.8871 |       1.8871 |       1.8866 |       1.8866 |       1.8873 |       1.8867 |       1.8866 |       1.8873 |       1.8868 |       1.8868 |       1.8902 |       1.8866 |       1.8873 |       1.8870 |       1.8870 |       1.8866 |       1.8873 |       1.8866 |       1.8867 |       1.8866 |       1.8870 |       1.8902 |       1.8875 |       1.8878 |       1.8877 |       1.8867 |       1.8877 |       1.8866 |       1.8871 |       1.8866 |       1.8866 |       1.8868 |       1.8866 |       1.8870 |       1.8870 |       1.8866 |       1.8871 |       1.8872 |       1.8871 |       1.8872 |       1.8872 |       1.8871 |       1.8871 |       1.8872 |       1.8870 |       1.8871 |       1.8872 |       1.8866 |       1.8871 |       1.8871 |       1.8871 |
|      Runtime unhalted [s]     |     1.6933 |     1.6926 |     1.6932 |     1.6928 |     1.6930 |     1.6930 |     1.6926 |     1.6925 |     1.6847 |     1.6844 |      1.6843 |      1.6847 |      1.6849 |      1.6848 |      1.6850 |      1.6846 |      1.6954 |      1.6960 |      1.6954 |      1.6954 |      1.6954 |      1.6954 |      1.6959 |      1.6959 |      1.6889 |      1.6890 |      1.6890 |      1.6888 |      1.6890 |      1.6891 |      1.6894 |      1.6888 |      1.6830 |      1.6829 |      1.6830 |      1.6830 |      1.6827 |      1.6829 |      1.6829 |      1.6830 |      1.6897 |      1.6899 |      1.6903 |      1.6899 |      1.6899 |      1.6901 |      1.6904 |      1.6897 |      1.6926 |      1.6924 |      1.6921 |      1.6925 |      1.6925 |      1.6921 |      1.6923 |      1.6929 |      1.6898 |      1.6895 |      1.6893 |      1.6892 |      1.6893 |      1.6893 |      1.6892 |      1.6893 |      1.6863 |      1.6853 |      1.6854 |      1.6861 |      1.6857 |      1.6853 |      1.6852 |      1.6854 |      1.6940 |      1.6935 |      1.6943 |      1.6940 |      1.6940 |      1.6935 |      1.6934 |      1.6936 |      1.6925 |      1.6926 |      1.6927 |      1.6926 |      1.6928 |      1.6926 |      1.6926 |      1.6926 |      1.6921 |      1.6923 |      1.6922 |      1.6916 |      1.6913 |      1.6921 |      1.6917 |      1.6925 |      1.6920 |      1.6927 |      1.6925 |      1.6926 |       1.6926 |       1.6925 |       1.6925 |       1.6920 |       1.6908 |       1.6908 |       1.6911 |       1.6910 |       1.6913 |       1.6908 |       1.6911 |       1.6906 |       1.6951 |       1.6959 |       1.6960 |       1.6958 |       1.6960 |       1.6958 |       1.6959 |       1.6955 |       1.6879 |       1.6875 |       1.6873 |       1.6870 |       1.6869 |       1.6869 |       1.6876 |       1.6872 |       1.6907 |       1.6910 |       1.6908 |       1.6906 |       1.6907 |       1.6907 |       1.6916 |       1.6905 |       1.6940 |       1.6939 |       1.6933 |       1.6937 |       1.6936 |       1.6934 |       1.6940 |       1.6935 |       1.7027 |       1.7034 |       1.7027 |       1.7035 |       1.7033 |       1.7029 |       1.7031 |       1.7031 |       1.6946 |       1.6945 |       1.6945 |       1.6950 |       1.6948 |       1.6943 |       1.6950 |       1.6950 |       1.6903 |       1.6896 |       1.6894 |       1.6902 |       1.6908 |       1.6907 |       1.6904 |       1.6902 |       1.6960 |       1.6963 |       1.6963 |       1.6962 |       1.6954 |       1.6965 |       1.6954 |       1.6964 |       1.6865 |       1.6872 |       1.6866 |       1.6871 |       1.6867 |       1.6864 |       1.6868 |       1.6872 |       1.6972 |       1.6973 |       1.6967 |       1.6966 |       1.6965 |       1.6972 |       1.6973 |       1.6968 |       1.6878 |       1.6868 |       1.6878 |       1.6878 |       1.6870 |       1.6874 |       1.6868 |       1.6869 |       1.6925 |       1.6925 |       1.6924 |       1.6923 |       1.6920 |       1.6926 |       1.6923 |       1.6921 |       1.6977 |       1.6975 |       1.6976 |       1.6977 |       1.6976 |       1.6977 |       1.6975 |       1.6989 |       1.6924 |       1.6932 |       1.6930 |       1.6931 |       1.6926 |       1.6924 |       1.6928 |       1.6929 |       1.7019 |       1.7028 |       1.7028 |       1.7026 |       1.7028 |       1.7030 |       1.7020 |       1.7029 |       1.6893 |       1.6897 |       1.6892 |       1.6892 |       1.6891 |       1.6893 |       1.6896 |       1.6897 |       1.6950 |       1.6955 |       1.6956 |       1.6955 |       1.6955 |       1.6957 |       1.6955 |       1.6956 |       1.6941 |       1.6942 |       1.6943 |       1.6938 |       1.6930 |       1.6936 |       1.6943 |       1.6940 |
|          Clock [MHz]          |  2414.6008 |  2414.2650 |  2414.5186 |  2413.7640 |  2414.2386 |  2414.3817 |  2414.3710 |  2413.9117 |  2403.0392 |  2402.7194 |   2402.3387 |   2403.0422 |   2403.2721 |   2403.3786 |   2402.5996 |   2403.0444 |   2418.6291 |   2418.9638 |   2418.6439 |   2418.6365 |   2418.6237 |   2418.6172 |   2418.9614 |   2418.9746 |   2408.7342 |   2409.0247 |   2408.6661 |   2408.6930 |   2409.1159 |   2409.4941 |   2409.2382 |   2409.1328 |   2400.6032 |   2400.6039 |   2400.3445 |   2400.4147 |   2400.2911 |   2400.4575 |   2400.6130 |   2400.8078 |   2410.2107 |   2410.0253 |   2410.2239 |   2410.1190 |   2410.5904 |   2410.6040 |   2410.6589 |   2410.5361 |   2414.2354 |   2413.7537 |   2413.5159 |   2414.3071 |   2414.3045 |   2413.5426 |   2413.9899 |   2414.1550 |   2409.7248 |   2409.9117 |   2409.7107 |   2409.2313 |   2409.4935 |   2409.2279 |   2409.2413 |   2409.7011 |   2403.2368 |   2403.7946 |   2404.1573 |   2403.5990 |   2404.4936 |   2403.8932 |   2403.7607 |   2403.7455 |   2415.8603 |   2415.4784 |   2415.9260 |   2415.8647 |   2415.3868 |   2415.6762 |   2415.7012 |   2415.0803 |   2414.0909 |   2414.2040 |   2414.4708 |   2413.8917 |   2413.8805 |   2414.5043 |   2414.1291 |   2414.1484 |   2412.9772 |   2412.2763 |   2413.0639 |   2413.1161 |   2412.4675 |   2413.0496 |   2413.1962 |   2412.3335 |   2413.9507 |   2414.5095 |   2414.4629 |   2414.2779 |    2414.1580 |    2414.7227 |    2414.7802 |    2414.4705 |    2411.4605 |    2411.9249 |    2410.6630 |    2410.5974 |    2412.0540 |    2411.4480 |    2410.6297 |    2411.2815 |    2417.7827 |    2418.0105 |    2418.5319 |    2418.4272 |    2418.4711 |    2417.9963 |    2418.4185 |    2418.5619 |    2407.0176 |    2406.7990 |    2406.8105 |    2406.2506 |    2406.4709 |    2406.4784 |    2406.0235 |    2406.7212 |    2413.1294 |    2412.9064 |    2413.3258 |    2413.0927 |    2412.9285 |    2413.0816 |    2412.6415 |    2413.0812 |    2415.9392 |    2416.5940 |    2416.7319 |    2416.3442 |    2415.6061 |    2416.1194 |    2415.8704 |    2416.0589 |    2430.5081 |    2429.5767 |    2430.5254 |    2430.0697 |    2429.6076 |    2430.8654 |    2430.8228 |    2430.7584 |    2417.5117 |    2416.9146 |    2416.9355 |    2417.8905 |    2417.3567 |    2417.2592 |    2417.9432 |    2417.9715 |    2410.0356 |    2410.6508 |    2410.4569 |    2410.5370 |    2410.2692 |    2410.3578 |    2410.1387 |    2410.1247 |    2419.0042 |    2418.8173 |    2417.8968 |    2418.6572 |    2418.8359 |    2417.8149 |    2418.3728 |    2418.2655 |    2406.1012 |    2406.2927 |    2406.1193 |    2406.2134 |    2406.1133 |    2406.6966 |    2406.3388 |    2406.2846 |    2421.2497 |    2420.9225 |    2421.4731 |    2421.2707 |    2421.2172 |    2421.0984 |    2421.1465 |    2420.8286 |    2406.0461 |    2405.8625 |    2405.3044 |    2405.8806 |    2406.1179 |    2405.9949 |    2405.8716 |    2405.8937 |    2413.3400 |    2413.3309 |    2413.1903 |    2413.1514 |    2413.8688 |    2413.7840 |    2413.1540 |    2413.6218 |    2421.9512 |    2421.3008 |    2421.3433 |    2421.5085 |    2421.3232 |    2421.4842 |    2421.5118 |    2421.4633 |    2414.4822 |    2414.6922 |    2414.8190 |    2414.2478 |    2414.8107 |    2414.6116 |    2414.8683 |    2414.8817 |    2427.6624 |    2428.4460 |    2426.7873 |    2426.9320 |    2427.1961 |    2427.7630 |    2427.6649 |    2427.8031 |    2409.8202 |    2409.2500 |    2409.4351 |    2409.7589 |    2409.2134 |    2409.3829 |    2409.5478 |    2409.2212 |    2417.6213 |    2417.5634 |    2417.5217 |    2417.5349 |    2417.5572 |    2418.0297 |    2417.5527 |    2418.0149 |    2415.4706 |    2415.8769 |    2415.9530 |    2415.9051 |    2416.0386 |    2416.4165 |    2415.9316 |    2415.4620 |
|              CPI              |     0.3822 |     0.3823 |     0.3823 |     0.3823 |     0.3823 |     0.3823 |     0.3822 |     0.3822 |     0.3806 |     0.3806 |      0.3806 |      0.3806 |      0.3806 |      0.3806 |      0.3805 |      0.3806 |      0.3830 |      0.3830 |      0.3830 |      0.3830 |      0.3829 |      0.3829 |      0.3829 |      0.3829 |      0.3816 |      0.3816 |      0.3816 |      0.3816 |      0.3815 |      0.3816 |      0.3816 |      0.3816 |      0.3803 |      0.3804 |      0.3803 |      0.3802 |      0.3803 |      0.3803 |      0.3802 |      0.3802 |      0.3817 |      0.3817 |      0.3818 |      0.3817 |      0.3817 |      0.3817 |      0.3817 |      0.3817 |      0.3820 |      0.3826 |      0.3825 |      0.3824 |      0.3825 |      0.3826 |      0.3824 |      0.3825 |      0.3814 |      0.3815 |      0.3814 |      0.3814 |      0.3815 |      0.3815 |      0.3814 |      0.3821 |      0.3813 |      0.3809 |      0.3807 |      0.3809 |      0.3807 |      0.3808 |      0.3807 |      0.3806 |      0.3825 |      0.3826 |      0.3824 |      0.3825 |      0.3824 |      0.3825 |      0.3824 |      0.3823 |      0.3822 |      0.3824 |      0.3823 |      0.3822 |      0.3823 |      0.3822 |      0.3822 |      0.3822 |      0.3819 |      0.3824 |      0.3820 |      0.3819 |      0.3820 |      0.3821 |      0.3818 |      0.3830 |      0.3833 |      0.3827 |      0.3824 |      0.3825 |       0.3825 |       0.3827 |       0.3825 |       0.3824 |       0.3821 |       0.3833 |       0.3827 |       0.3826 |       0.3821 |       0.3822 |       0.3838 |       0.3831 |       0.3830 |       0.3842 |       0.3832 |       0.3831 |       0.3831 |       0.3832 |       0.3831 |       0.3829 |       0.3813 |       0.3815 |       0.3813 |       0.3813 |       0.3813 |       0.3814 |       0.3814 |       0.3818 |       0.3816 |       0.3819 |       0.3816 |       0.3816 |       0.3815 |       0.3817 |       0.3815 |       0.3815 |       0.3821 |       0.3823 |       0.3820 |       0.3820 |       0.3821 |       0.3821 |       0.3820 |       0.3820 |       0.3841 |       0.3843 |       0.3841 |       0.3841 |       0.3843 |       0.3841 |       0.3841 |       0.3841 |       0.3822 |       0.3824 |       0.3822 |       0.3822 |       0.3822 |       0.3823 |       0.3822 |       0.3827 |       0.3815 |       0.3814 |       0.3812 |       0.3814 |       0.3814 |       0.3816 |       0.3813 |       0.3814 |       0.3825 |       0.3827 |       0.3827 |       0.3825 |       0.3824 |       0.3832 |       0.3824 |       0.3831 |       0.3806 |       0.3809 |       0.3806 |       0.3807 |       0.3806 |       0.3807 |       0.3805 |       0.3806 |       0.3827 |       0.3831 |       0.3828 |       0.3827 |       0.3826 |       0.3828 |       0.3827 |       0.3831 |       0.3807 |       0.3809 |       0.3812 |       0.3808 |       0.3807 |       0.3808 |       0.3806 |       0.3806 |       0.3818 |       0.3819 |       0.3817 |       0.3818 |       0.3817 |       0.3819 |       0.3817 |       0.3816 |       0.3829 |       0.3832 |       0.3829 |       0.3829 |       0.3830 |       0.3829 |       0.3829 |       0.3835 |       0.3818 |       0.3820 |       0.3818 |       0.3819 |       0.3818 |       0.3820 |       0.3817 |       0.3825 |       0.3837 |       0.3841 |       0.3844 |       0.3839 |       0.3840 |       0.3841 |       0.3838 |       0.3839 |       0.3810 |       0.3813 |       0.3811 |       0.3811 |       0.3811 |       0.3812 |       0.3811 |       0.3811 |       0.3823 |       0.3826 |       0.3824 |       0.3823 |       0.3824 |       0.3825 |       0.3823 |       0.3823 |       0.3820 |       0.3821 |       0.3820 |       0.3820 |       0.3818 |       0.3821 |       0.3819 |       0.3827 |
|    L2 bandwidth [MBytes/s]    | 36432.1639 | 36448.2204 | 36432.9758 | 36434.1071 | 36428.5327 | 36439.5921 | 36437.0602 | 36443.0978 | 36439.8363 | 36445.8556 |  36439.1413 |  36439.9635 |  36440.0323 |  36440.2998 |  36431.3213 |  36428.4910 |  36437.0929 |  36440.6356 |  36437.9706 |  36436.2261 |  36436.7349 |  36437.8349 |  36437.3600 |  36438.1934 |  36438.8565 |  36444.6786 |  36441.0483 |  36442.2168 |  36442.5560 |  36445.5413 |  36433.4533 |  36442.5367 |  36439.8853 |  36442.5770 |  36439.3492 |  36445.0174 |  36443.5586 |  36456.9003 |  36438.7270 |  36443.0154 |  36443.0008 |  36456.1394 |  36434.0398 |  36442.2544 |  36440.4110 |  36454.5425 |  36432.9592 |  36440.0789 |  36440.8106 |  36454.0894 |  36442.3412 |  36442.4684 |  36443.4182 |  36442.8548 |  36441.9633 |  36433.9594 |  36434.9117 |  36455.7357 |  36440.5402 |  36439.8820 |  36429.5035 |  36455.5841 |  36438.6373 |  36450.6214 |  36371.7608 |  36466.0314 |  36442.7779 |  36420.5960 |  36439.9462 |  36463.2607 |  36442.2281 |  36443.6599 |  36433.2153 |  36445.9191 |  36430.6357 |  36433.4376 |  36434.2750 |  36456.0427 |  36439.8033 |  36433.3369 |  36438.9662 |  36464.8335 |  36433.7194 |  36441.8572 |  36433.4773 |  36443.6557 |  36438.0491 |  36440.1011 |  36433.9604 |  36426.4678 |  36433.9557 |  36440.9344 |  36429.0846 |  36455.6082 |  36442.6380 |  36399.0721 |  36441.8344 |  36482.7399 |  36442.9047 |  36432.3350 |   36432.7373 |   36460.0176 |   36433.3071 |   36440.4092 |   36432.8208 |   36466.9320 |   36371.8809 |   36373.9144 |   36430.5522 |   36451.1779 |   36372.8967 |   36435.7930 |   36442.8128 |   36464.8268 |   36431.7058 |   36433.5482 |   36432.1634 |   36459.4263 |   36430.7692 |   36442.6333 |   36431.9150 |   36478.8722 |   36438.2320 |   36430.2480 |   36438.3724 |   36459.4462 |   36418.3044 |   36450.2460 |   36438.3135 |   36460.3545 |   36439.5156 |   36442.4222 |   36442.1216 |   36468.4850 |   36443.0931 |   36442.7662 |   36431.7851 |   36469.3641 |   36442.5546 |   36442.4825 |   36434.6492 |   36464.8429 |   36434.3586 |   36442.5796 |   36443.4663 |   36478.0935 |   36441.1130 |   36441.7574 |   36422.4172 |   36436.2484 |   36442.4872 |   36441.1154 |   36441.5817 |   36477.6878 |   36440.5397 |   36442.2955 |   36436.2479 |   36463.5724 |   36442.3948 |   36449.9939 |   36420.0446 |   36478.0142 |   36442.6135 |   36419.4057 |   36419.7196 |   36447.2688 |   36432.6122 |   36421.2027 |   36433.0640 |   36469.7698 |   36412.2883 |   36420.1875 |   36441.6627 |   36386.3450 |   36443.2147 |   36372.0163 |   36442.6696 |   36469.5130 |   36437.6210 |   36432.9440 |   36437.2045 |   36466.8412 |   36441.2706 |   36433.7720 |   36443.7367 |   36459.6071 |   36429.0700 |   36443.1798 |   36443.2406 |   36467.2298 |   36442.6253 |   36445.0532 |   36420.8011 |   36469.9467 |   36371.9764 |   36423.1482 |   36429.1660 |   36460.5345 |   36440.0468 |   36437.8198 |   36433.2393 |   36464.6296 |   36432.8469 |   36433.0400 |   36442.9089 |   36457.6431 |   36432.8026 |   36442.0679 |   36442.6875 |   36467.9444 |   36439.2442 |   36442.3445 |   36429.1415 |   36439.5260 |   36438.9008 |   36372.8336 |   36443.0022 |   36455.8752 |   36435.1293 |   36434.0972 |   36443.0347 |   36450.8344 |   36441.8889 |   36449.3856 |   36439.0180 |   36472.4855 |   36371.6054 |   36422.8695 |   36419.5769 |   36446.1909 |   36440.5900 |   36420.7702 |   36443.5436 |   36470.3319 |   36442.1551 |   36442.5362 |   36439.0855 |   36470.0045 |   36434.1118 |   36433.5790 |   36443.3410 |   36471.8153 |   36432.1649 |   36431.9969 |   36431.7835 |   36457.4219 |   36431.1762 |   36432.9851 |   36432.2823 |   36473.4057 |   36431.4136 |   36430.6769 |   36443.8296 |   36455.8095 |   36431.3651 |   36438.5956 |
|    L2 data volume [GBytes]    |    68.7524 |    68.7615 |    68.7506 |    68.7515 |    68.7514 |    68.7620 |    68.7484 |    68.7519 |    68.7508 |    68.7572 |     68.7484 |     68.7517 |     68.7523 |     68.7584 |     68.7463 |     68.7523 |     68.7503 |     68.7572 |     68.7523 |     68.7489 |     68.7499 |     68.7520 |     68.7511 |     68.7526 |     68.7510 |     68.7553 |     68.7482 |     68.7507 |     68.7514 |     68.7570 |     68.7504 |     68.7514 |     68.7512 |     68.7781 |     68.7511 |     68.7557 |     68.7530 |     68.7780 |     68.7514 |     68.7517 |     68.7516 |     68.7765 |     68.7516 |     68.7502 |     68.7508 |     68.7835 |     68.7495 |     68.7514 |     68.7528 |     68.7784 |     68.7527 |     68.7510 |     68.7528 |     68.7770 |     68.7521 |     68.7524 |     68.7532 |     68.7836 |     68.7528 |     68.7520 |     68.7519 |     68.7853 |     68.7500 |     68.7672 |     68.7508 |     68.8019 |     68.7512 |     68.7512 |     68.7527 |     68.7913 |     68.7516 |     68.7529 |     68.7521 |     68.7841 |     68.7509 |     68.7522 |     68.7534 |     68.7852 |     68.7512 |     68.7501 |     68.7503 |     68.7990 |     68.7507 |     68.7496 |     68.7503 |     68.7532 |     68.7504 |     68.7530 |     68.7530 |     68.8067 |     68.7530 |     68.7519 |     68.7523 |     68.7939 |     68.7513 |     68.7743 |     68.7554 |     68.8298 |     68.7519 |     68.7512 |      68.7520 |      68.8025 |      68.7521 |      68.7524 |      68.7527 |      68.8127 |      68.7508 |      68.7519 |      68.7526 |      68.7872 |      68.7527 |      68.7546 |      68.7518 |      68.8166 |      68.7526 |      68.7520 |      68.7522 |      68.8042 |      68.7501 |      68.7514 |      68.7511 |      68.8292 |      68.7526 |      68.7525 |      68.7528 |      68.7927 |      68.7509 |      68.7652 |      68.7523 |      68.8228 |      68.7523 |      68.7521 |      68.7515 |      68.8012 |      68.7519 |      68.7527 |      68.7513 |      68.8237 |      68.7506 |      68.7508 |      68.7523 |      68.7926 |      68.7517 |      68.7510 |      68.7526 |      68.8181 |      68.7518 |      68.7504 |      68.7524 |      68.7505 |      68.7507 |      68.7531 |      68.7520 |      68.8184 |      68.7525 |      68.7515 |      68.7502 |      68.7928 |      68.7504 |      68.7647 |      68.7527 |      68.8239 |      68.7511 |      68.7517 |      68.7519 |      68.8017 |      68.7498 |      68.7530 |      68.7512 |      68.8204 |      68.7517 |      68.7497 |      68.7514 |      68.7841 |      68.7524 |      68.7510 |      68.7527 |      68.8199 |      68.7512 |      68.7492 |      68.7506 |      68.8006 |      68.7484 |      68.7529 |      68.7526 |      68.8264 |      68.7523 |      68.7518 |      68.7533 |      68.7988 |      68.7523 |      68.7594 |      68.7524 |      68.8289 |      68.7505 |      68.7514 |      68.7520 |      68.8026 |      68.7498 |      68.7517 |      68.7520 |      68.8109 |      68.7513 |      68.7513 |      68.7516 |      68.7978 |      68.7508 |      68.7512 |      68.7519 |      68.8241 |      68.7517 |      68.7519 |      68.7518 |      68.7526 |      68.7514 |      68.7525 |      68.7524 |      68.8034 |      68.7533 |      68.7514 |      68.7517 |      68.7924 |      68.7510 |      68.7704 |      68.7446 |      68.8239 |      68.7503 |      68.7497 |      68.7528 |      68.8009 |      68.7510 |      68.7515 |      68.7526 |      68.8248 |      68.7513 |      68.7511 |      68.7521 |      68.8026 |      68.7514 |      68.7505 |      68.7528 |      68.8248 |      68.7530 |      68.7510 |      68.7529 |      68.8013 |      68.7509 |      68.7528 |      68.7537 |      68.8253 |      68.7514 |      68.7522 |      68.7532 |      68.7959 |      68.7512 |      68.7635 |
| Prefetch bandwidth [MBytes/s] | 77980.7369 | 73195.6530 | 78367.1808 | 75078.7304 | 78163.2134 | 77887.1582 | 76816.1122 | 77247.0610 | 76245.8333 | 76506.7454 |  76526.5590 |  77426.8280 |  77326.5251 |  77747.0509 |  77160.3515 |  77596.9578 |  78482.3319 |  77484.9401 |  77584.6897 |  78013.9801 |  78539.7977 |  78224.4421 |  77167.2785 |  77873.5879 |  69644.3501 |  72839.2175 |  77712.0855 |  71350.0833 |  72872.6280 |  72856.6497 |  72398.3566 |  72282.9560 |  76860.3398 |  74419.3830 |  78315.3472 |  77954.6094 |  77314.6298 |  77250.2359 |  77942.5897 |  76869.9994 |  76891.6160 |  77077.6023 |  78022.3252 |  73835.2720 |  74459.3280 |  75174.3205 |  74794.1457 |  75961.5370 |  77669.1626 |  77166.7451 |  77055.2312 |  77212.4022 |  77491.0212 |  76272.4359 |  76899.0013 |  76635.7269 |  75849.5845 |  75724.5598 |  74258.2918 |  76493.4267 |  76811.0009 |  67364.8381 |  77475.0357 |  52901.5523 |  77625.1898 |  75881.4209 |  76853.5461 |  74475.1788 |  77388.4266 |  76447.5880 |  77724.2689 |  77363.8355 |  77880.8301 |  77612.5212 |  76663.8861 |  77526.4758 |  75797.8838 |  75512.1489 |  76972.4774 |  77089.5617 |  77473.3771 |  74896.9976 |  77348.3356 |  77280.6390 |  73691.6243 |  72189.2543 |  75071.2173 |  78524.7859 |  75397.5911 |  76768.3815 |  75411.5181 |  76140.8156 |  76824.0633 |  75390.7899 |  76700.4191 |  53044.3975 |  67267.3068 |  77076.9861 |  77118.1810 |  78250.2771 |   77393.3084 |   72764.9077 |   77024.5651 |   76423.2746 |   76799.2268 |   64370.7407 |   77736.5404 |   76770.0069 |   77176.7788 |   77653.5911 |   64452.9933 |   63539.3168 |   77046.3768 |   64280.8639 |   77330.1328 |   77640.6797 |   77793.7873 |   76622.8011 |   77047.7732 |   76615.3239 |   74983.5050 |   75688.6643 |   77516.8047 |   77861.2967 |   76209.7343 |   77075.3709 |   77919.4877 |   53171.1128 |   73527.4426 |   77120.9076 |   72306.2791 |   76573.0787 |   72423.7647 |   76889.7144 |   75360.2819 |   72042.9388 |   77261.2038 |   76791.6166 |   76151.5213 |   77191.3773 |   76962.4452 |   74105.2685 |   70417.2532 |   76611.3610 |   76786.6610 |   75143.7537 |   77266.1287 |   76820.9445 |   76914.2861 |   70628.1026 |   77984.0662 |   77524.9776 |   75831.9718 |   77414.8802 |   77493.8051 |   77086.4520 |   77380.9058 |   76588.6385 |   77280.3350 |   53314.8785 |   76765.0398 |   76753.1412 |   77556.1843 |   76752.6656 |   77871.8961 |   78159.2557 |   71995.0526 |   76983.8715 |   76789.5812 |   77299.5254 |   76851.7248 |   77466.4109 |   77245.7776 |   76952.9053 |   77459.2682 |   76665.3582 |   77670.7885 |   64961.3296 |   77615.9676 |   71595.0495 |   77888.5831 |   77603.2264 |   77715.2986 |   76734.2047 |   77526.2422 |   75489.8013 |   72299.2861 |   77329.3020 |   78018.8987 |   76016.4869 |   74334.3336 |   52786.9908 |   75979.8254 |   74440.6706 |   76973.0114 |   76911.5166 |   77529.6074 |   78146.1949 |   76233.0263 |   77492.5541 |   77924.6026 |   77555.9018 |   77817.1185 |   77952.6830 |   77446.1895 |   77326.2281 |   77309.5150 |   76722.1927 |   77654.6645 |   76119.4246 |   77506.3321 |   76965.9338 |   77553.5097 |   74001.7554 |   76153.3444 |   69422.6522 |   77191.7673 |   76533.8954 |   77765.3077 |   74654.1177 |   76671.5489 |   75534.4565 |   77264.6041 |   53784.0419 |   77142.9386 |   74129.5257 |   77551.2522 |   77361.4786 |   76489.1395 |   73973.6839 |   76403.9835 |   77429.3203 |   76818.2377 |   77115.9806 |   77816.3742 |   77510.4258 |   78168.5751 |   77129.3916 |   78271.4722 |   78164.1390 |   77666.5497 |   77566.8934 |   78171.2614 |   77009.9231 |   78081.1544 |   77486.7908 |   78185.1018 |   77843.2476 |   73929.6119 |   77479.8248 |   75394.3465 |   77614.0305 |   76581.4053 |   76030.4212 |   76287.2658 |   54160.7595 |
| Prefetch data volume [GBytes] |   147.1603 |   138.0876 |   147.8822 |   141.6742 |   147.5171 |   146.9741 |   144.9343 |   145.7308 |   143.8525 |   144.3343 |    144.3799 |    146.0820 |    145.8939 |    146.6992 |    145.6024 |    146.4504 |    148.0821 |    146.2008 |    146.3891 |    147.1990 |    148.1912 |    147.5962 |    145.6015 |    146.9341 |    131.4014 |    137.4161 |    146.6085 |    134.6068 |    137.4792 |    137.4490 |    136.6166 |    136.3668 |    145.0125 |    140.4518 |    147.7597 |    147.0660 |    145.8587 |    145.7369 |    147.0596 |    145.0193 |    145.0600 |    145.4111 |    147.2294 |    139.2941 |    140.4798 |    141.8411 |    141.1376 |    143.3165 |    146.5382 |    145.5914 |    145.3736 |    145.6660 |    146.1916 |    143.9455 |    145.0790 |    144.6149 |    143.1292 |    142.8748 |    140.1039 |    144.3220 |    144.9622 |    127.1057 |    146.1748 |     99.8033 |    146.7292 |    143.1685 |    144.9883 |    140.5869 |    146.0118 |    144.2254 |    146.6340 |    145.9510 |    146.9667 |    146.4776 |    144.6780 |    146.2973 |    143.0346 |    142.4761 |    145.2245 |    145.4689 |    146.1709 |    141.3099 |    145.9569 |    145.7942 |    139.0568 |    136.1895 |    141.6425 |    148.1558 |    142.2796 |    145.0094 |    142.3060 |    143.6523 |    144.9894 |    142.2669 |    144.7001 |    100.2249 |    126.9143 |    145.4164 |    145.4884 |    147.6655 |     146.0484 |     137.3123 |     145.3506 |     144.1885 |     144.9285 |     121.4669 |     146.9390 |     145.1064 |     145.6498 |     146.5405 |     121.8302 |     119.8991 |     145.3532 |     121.3112 |     145.9347 |     146.5120 |     146.8069 |     144.5983 |     145.4003 |     144.5397 |     141.5023 |     142.8113 |     146.2608 |     146.9427 |     143.7944 |     145.4280 |     147.0973 |     100.3100 |     138.7326 |     145.5739 |     136.4239 |     144.4625 |     136.6342 |     145.0595 |     142.1714 |     135.9158 |     145.8015 |     144.9185 |     143.6634 |     145.6259 |     145.2283 |     139.8031 |     132.8776 |     144.5318 |     144.8623 |     141.7632 |     145.7745 |     144.9291 |     145.1866 |     133.2660 |     147.1212 |     146.2656 |     143.0673 |     146.0500 |     146.2079 |     145.4301 |     146.0072 |     144.4935 |     145.7932 |     100.5812 |     144.9148 |     144.8118 |     146.3142 |     144.8918 |     147.0038 |     147.5417 |     135.8575 |     145.3238 |     144.9062 |     145.8682 |     145.1072 |     146.2319 |     145.7331 |     145.4705 |     146.1317 |     144.9142 |     146.5336 |     122.5855 |     146.4474 |     135.1003 |     146.9620 |     146.4111 |     146.6140 |     144.8024 |     146.2565 |     142.5053 |     136.4498 |     145.8854 |     147.1894 |     143.4121 |     140.2383 |      99.5911 |     143.4289 |     140.4902 |     145.4948 |     145.1763 |     146.3200 |     147.4652 |     143.8253 |     146.2147 |     147.0490 |     146.3526 |     146.8463 |     147.1013 |     146.1065 |     145.9192 |     145.8876 |     144.7432 |     146.5015 |     143.6564 |     146.2351 |     145.2034 |     146.3648 |     139.6236 |     143.6830 |     131.2238 |     145.6279 |     144.4429 |     146.7437 |     140.8728 |     144.6449 |     142.5535 |     145.7668 |     101.4763 |     145.5352 |     139.8830 |     146.5889 |     146.0230 |     144.3960 |     139.6430 |     144.1484 |     146.1633 |     144.9216 |     145.5290 |     146.8074 |     146.2282 |     147.4859 |     145.5086 |     147.6988 |     147.4965 |     146.5231 |     146.3741 |     147.5209 |     145.3259 |     147.3523 |     146.2306 |     147.5466 |     146.8983 |     139.5174 |     146.2044 |     142.2801 |     146.4737 |     144.4749 |     143.4773 |     143.9651 |     102.2070 |
+-------------------------------+------------+------------+------------+------------+------------+------------+------------+------------+------------+------------+-------------+-------------+-------------+-------------+-------------+-------------+-------------+-------------+-------------+-------------+-------------+-------------+-------------+-------------+-------------+-------------+-------------+-------------+-------------+-------------+-------------+-------------+-------------+-------------+-------------+-------------+-------------+-------------+-------------+-------------+-------------+-------------+-------------+-------------+-------------+-------------+-------------+-------------+-------------+-------------+-------------+-------------+-------------+-------------+-------------+-------------+-------------+-------------+-------------+-------------+-------------+-------------+-------------+-------------+-------------+-------------+-------------+-------------+-------------+-------------+-------------+-------------+-------------+-------------+-------------+-------------+-------------+-------------+-------------+-------------+-------------+-------------+-------------+-------------+-------------+-------------+-------------+-------------+-------------+-------------+-------------+-------------+-------------+-------------+-------------+-------------+-------------+-------------+-------------+-------------+--------------+--------------+--------------+--------------+--------------+--------------+--------------+--------------+--------------+--------------+--------------+--------------+--------------+--------------+--------------+--------------+--------------+--------------+--------------+--------------+--------------+--------------+--------------+--------------+--------------+--------------+--------------+--------------+--------------+--------------+--------------+--------------+--------------+--------------+--------------+--------------+--------------+--------------+--------------+--------------+--------------+--------------+--------------+--------------+--------------+--------------+--------------+--------------+--------------+--------------+--------------+--------------+--------------+--------------+--------------+--------------+--------------+--------------+--------------+--------------+--------------+--------------+--------------+--------------+--------------+--------------+--------------+--------------+--------------+--------------+--------------+--------------+--------------+--------------+--------------+--------------+--------------+--------------+--------------+--------------+--------------+--------------+--------------+--------------+--------------+--------------+--------------+--------------+--------------+--------------+--------------+--------------+--------------+--------------+--------------+--------------+--------------+--------------+--------------+--------------+--------------+--------------+--------------+--------------+--------------+--------------+--------------+--------------+--------------+--------------+--------------+--------------+--------------+--------------+--------------+--------------+--------------+--------------+--------------+--------------+--------------+--------------+--------------+--------------+--------------+--------------+--------------+--------------+--------------+--------------+--------------+--------------+--------------+--------------+--------------+--------------+--------------+--------------+--------------+--------------+--------------+--------------+--------------+--------------+--------------+--------------+--------------+--------------+--------------+--------------+--------------+--------------+--------------+--------------+--------------+--------------+
+------------------------------------+--------------+------------+------------+------------+
|               Metric               |      Sum     |     Min    |     Max    |     Avg    |
+------------------------------------+--------------+------------+------------+------------+
|      Runtime (RDTSC) [s] STAT      |     483.0818 |     1.8865 |     1.8904 |     1.8870 |
|      Runtime unhalted [s] STAT     |     433.2091 |     1.6827 |     1.7035 |     1.6922 |
|          Clock [MHz] STAT          |  617884.0202 |  2400.2911 |  2430.8654 |  2413.6095 |
|              CPI STAT              |      97.8062 |     0.3802 |     0.3844 |     0.3821 |
|    L2 bandwidth [MBytes/s] STAT    | 9.328565e+06 | 36371.6054 | 36482.7399 | 36439.7078 |
|    L2 data volume [GBytes] STAT    |   17603.3035 |    68.7446 |    68.8298 |    68.7629 |
| Prefetch bandwidth [MBytes/s] STAT | 1.933847e+07 | 52786.9908 | 78539.7977 | 75540.8903 |
| Prefetch data volume [GBytes] STAT |   36492.2750 |    99.5911 |   148.1912 |   142.5479 |
+------------------------------------+--------------+------------+------------+------------+
