--------------------------------------------------------------------------------
CPU name:	AMD EPYC 9755 128-Core Processor               
CPU type:	AMD K1A (Zen5) architecture
CPU clock:	2.70 GHz
--------------------------------------------------------------------------------
Region bench, Group 1: L2BW
+-------------------+------------+------------+------------+------------+------------+------------+------------+------------+------------+------------+-------------+-------------+-------------+-------------+-------------+-------------+-------------+-------------+-------------+-------------+-------------+-------------+-------------+-------------+-------------+-------------+-------------+-------------+-------------+-------------+-------------+-------------+-------------+-------------+-------------+-------------+-------------+-------------+-------------+-------------+-------------+-------------+-------------+-------------+-------------+-------------+-------------+-------------+-------------+-------------+-------------+-------------+-------------+-------------+-------------+-------------+-------------+-------------+-------------+-------------+-------------+-------------+-------------+-------------+-------------+-------------+-------------+-------------+-------------+-------------+-------------+-------------+-------------+-------------+-------------+-------------+-------------+-------------+-------------+-------------+-------------+-------------+-------------+-------------+-------------+-------------+-------------+-------------+-------------+-------------+-------------+-------------+-------------+-------------+-------------+-------------+-------------+-------------+-------------+-------------+--------------+--------------+--------------+--------------+--------------+--------------+--------------+--------------+--------------+--------------+--------------+--------------+--------------+--------------+--------------+--------------+--------------+--------------+--------------+--------------+--------------+--------------+--------------+--------------+--------------+--------------+--------------+--------------+--------------+--------------+--------------+--------------+--------------+--------------+--------------+--------------+--------------+--------------+--------------+--------------+--------------+--------------+--------------+--------------+--------------+--------------+--------------+--------------+--------------+--------------+--------------+--------------+--------------+--------------+--------------+--------------+--------------+--------------+--------------+--------------+--------------+--------------+--------------+--------------+--------------+--------------+--------------+--------------+--------------+--------------+--------------+--------------+--------------+--------------+--------------+--------------+--------------+--------------+--------------+--------------+--------------+--------------+--------------+--------------+--------------+--------------+--------------+--------------+--------------+--------------+--------------+--------------+--------------+--------------+--------------+--------------+--------------+--------------+--------------+--------------+--------------+--------------+--------------+--------------+--------------+--------------+--------------+--------------+--------------+--------------+--------------+--------------+--------------+--------------+--------------+--------------+--------------+--------------+--------------+--------------+--------------+--------------+--------------+--------------+--------------+--------------+--------------+--------------+--------------+--------------+--------------+--------------+--------------+--------------+--------------+--------------+--------------+--------------+--------------+--------------+--------------+--------------+--------------+--------------+--------------+--------------+--------------+--------------+--------------+--------------+--------------+--------------+--------------+--------------+--------------+--------------+
|    Region Info    | HWThread 0 | HWThread 1 | HWThread 2 | HWThread 3 | HWThread 4 | HWThread 5 | HWThread 6 | HWThread 7 | HWThread 8 | HWThread 9 | HWThread 10 | HWThread 11 | HWThread 12 | HWThread 13 | HWThread 14 | HWThread 15 | HWThread 16 | HWThread 17 | HWThread 18 | HWThread 19 | HWThread 20 | HWThread 21 | HWThread 22 | HWThread 23 | HWThread 24 | HWThread 25 | HWThread 26 | HWThread 27 | HWThread 28 | HWThread 29 | HWThread 30 | HWThread 31 | HWThread 32 | HWThread 33 | HWThread 34 | HWThread 35 | HWThread 36 | HWThread 37 | HWThread 38 | HWThread 39 | HWThread 40 | HWThread 41 | HWThread 42 | HWThread 43 | HWThread 44 | HWThread 45 | HWThread 46 | HWThread 47 | HWThread 48 | HWThread 49 | HWThread 50 | HWThread 51 | HWThread 52 | HWThread 53 | HWThread 54 | HWThread 55 | HWThread 56 | HWThread 57 | HWThread 58 | HWThread 59 | HWThread 60 | HWThread 61 | HWThread 62 | HWThread 63 | HWThread 64 | HWThread 65 | HWThread 66 | HWThread 67 | HWThread 68 | HWThread 69 | HWThread 70 | HWThread 71 | HWThread 72 | HWThread 73 | HWThread 74 | HWThread 75 | HWThread 76 | HWThread 77 | HWThread 78 | HWThread 79 | HWThread 80 | HWThread 81 | HWThread 82 | HWThread 83 | HWThread 84 | HWThread 85 | HWThread 86 | HWThread 87 | HWThread 88 | HWThread 89 | HWThread 90 | HWThread 91 | HWThread 92 | HWThread 93 | HWThread 94 | HWThread 95 | HWThread 96 | HWThread 97 | HWThread 98 | HWThread 99 | HWThread 100 | HWThread 101 | HWThread 102 | HWThread 103 | HWThread 104 | HWThread 105 | HWThread 106 | HWThread 107 | HWThread 108 | HWThread 109 | HWThread 110 | HWThread 111 | HWThread 112 | HWThread 113 | HWThread 114 | HWThread 115 | HWThread 116 | HWThread 117 | HWThread 118 | HWThread 119 | HWThread 120 | HWThread 121 | HWThread 122 | HWThread 123 | HWThread 124 | HWThread 125 | HWThread 126 | HWThread 127 | HWThread 128 | HWThread 129 | HWThread 130 | HWThread 131 | HWThread 132 | HWThread 133 | HWThread 134 | HWThread 135 | HWThread 136 | HWThread 137 | HWThread 138 | HWThread 139 | HWThread 140 | HWThread 141 | HWThread 142 | HWThread 143 | HWThread 144 | HWThread 145 | HWThread 146 | HWThread 147 | HWThread 148 | HWThread 149 | HWThread 150 | HWThread 151 | HWThread 152 | HWThread 153 | HWThread 154 | HWThread 155 | HWThread 156 | HWThread 157 | HWThread 158 | HWThread 159 | HWThread 160 | HWThread 161 | HWThread 162 | HWThread 163 | HWThread 164 | HWThread 165 | HWThread 166 | HWThread 167 | HWThread 168 | HWThread 169 | HWThread 170 | HWThread 171 | HWThread 172 | HWThread 173 | HWThread 174 | HWThread 175 | HWThread 176 | HWThread 177 | HWThread 178 | HWThread 179 | HWThread 180 | HWThread 181 | HWThread 182 | HWThread 183 | HWThread 184 | HWThread 185 | HWThread 186 | HWThread 187 | HWThread 188 | HWThread 189 | HWThread 190 | HWThread 191 | HWThread 192 | HWThread 193 | HWThread 194 | HWThread 195 | HWThread 196 | HWThread 197 | HWThread 198 | HWThread 199 | HWThread 200 | HWThread 201 | HWThread 202 | HWThread 203 | HWThread 204 | HWThread 205 | HWThread 206 | HWThread 207 | HWThread 208 | HWThread 209 | HWThread 210 | HWThread 211 | HWThread 212 | HWThread 213 | HWThread 214 | HWThread 215 | HWThread 216 | HWThread 217 | HWThread 218 | HWThread 219 | HWThread 220 | HWThread 221 | HWThread 222 | HWThread 223 | HWThread 224 | HWThread 225 | HWThread 226 | HWThread 227 | HWThread 228 | HWThread 229 | HWThread 230 | HWThread 231 | HWThread 232 | HWThread 233 | HWThread 234 | HWThread 235 | HWThread 236 | HWThread 237 | HWThread 238 | HWThread 239 | HWThread 240 | HWThread 241 | HWThread 242 | HWThread 243 | HWThread 244 | HWThread 245 | HWThread 246 | HWThread 247 | HWThread 248 | HWThread 249 | HWThread 250 | HWThread 251 | HWThread 252 | HWThread 253 | HWThread 254 | HWThread 255 |
+-------------------+------------+------------+------------+------------+------------+------------+------------+------------+------------+------------+-------------+-------------+-------------+-------------+-------------+-------------+-------------+-------------+-------------+-------------+-------------+-------------+-------------+-------------+-------------+-------------+-------------+-------------+-------------+-------------+-------------+-------------+-------------+-------------+-------------+-------------+-------------+-------------+-------------+-------------+-------------+-------------+-------------+-------------+-------------+-------------+-------------+-------------+-------------+-------------+-------------+-------------+-------------+-------------+-------------+-------------+-------------+-------------+-------------+-------------+-------------+-------------+-------------+-------------+-------------+-------------+-------------+-------------+-------------+-------------+-------------+-------------+-------------+-------------+-------------+-------------+-------------+-------------+-------------+-------------+-------------+-------------+-------------+-------------+-------------+-------------+-------------+-------------+-------------+-------------+-------------+-------------+-------------+-------------+-------------+-------------+-------------+-------------+-------------+-------------+--------------+--------------+--------------+--------------+--------------+--------------+--------------+--------------+--------------+--------------+--------------+--------------+--------------+--------------+--------------+--------------+--------------+--------------+--------------+--------------+--------------+--------------+--------------+--------------+--------------+--------------+--------------+--------------+--------------+--------------+--------------+--------------+--------------+--------------+--------------+--------------+--------------+--------------+--------------+--------------+--------------+--------------+--------------+--------------+--------------+--------------+--------------+--------------+--------------+--------------+--------------+--------------+--------------+--------------+--------------+--------------+--------------+--------------+--------------+--------------+--------------+--------------+--------------+--------------+--------------+--------------+--------------+--------------+--------------+--------------+--------------+--------------+--------------+--------------+--------------+--------------+--------------+--------------+--------------+--------------+--------------+--------------+--------------+--------------+--------------+--------------+--------------+--------------+--------------+--------------+--------------+--------------+--------------+--------------+--------------+--------------+--------------+--------------+--------------+--------------+--------------+--------------+--------------+--------------+--------------+--------------+--------------+--------------+--------------+--------------+--------------+--------------+--------------+--------------+--------------+--------------+--------------+--------------+--------------+--------------+--------------+--------------+--------------+--------------+--------------+--------------+--------------+--------------+--------------+--------------+--------------+--------------+--------------+--------------+--------------+--------------+--------------+--------------+--------------+--------------+--------------+--------------+--------------+--------------+--------------+--------------+--------------+--------------+--------------+--------------+--------------+--------------+--------------+--------------+--------------+--------------+
| RDTSC Runtime [s] |   1.861131 |   1.860933 |   1.861388 |   1.860959 |   1.861387 |   1.862019 |   1.861126 |   1.862031 |   1.860930 |   1.861123 |    1.860929 |    1.860995 |    1.860974 |    1.861109 |    1.861140 |    1.861111 |    1.861186 |    1.861139 |    1.861091 |    1.861562 |    1.861065 |    1.861063 |    1.861137 |    1.861076 |    1.861385 |    1.861384 |    1.862041 |    1.861071 |    1.861426 |    1.861381 |    1.861134 |    1.860926 |    1.862856 |    1.862152 |    1.862805 |    1.862230 |    1.862574 |    1.861084 |    1.862085 |    1.862845 |    1.862651 |    1.861130 |    1.861089 |    1.861089 |    1.862657 |    1.862041 |    1.862692 |    1.862845 |    1.862663 |    1.861011 |    1.861133 |    1.861134 |    1.862157 |    1.861113 |    1.861681 |    1.861024 |    1.862846 |    1.862784 |    1.861502 |    1.861001 |    1.862198 |    1.862925 |    1.862775 |    1.861088 |    1.861502 |    1.861113 |    1.861451 |    1.861518 |    1.861011 |    1.860959 |    1.861130 |    1.861092 |    1.861400 |    1.862629 |    1.861000 |    1.862784 |    1.861000 |    1.863272 |    1.861663 |    1.860958 |    1.861517 |    1.861061 |    1.861134 |    1.861681 |    1.861385 |    1.861098 |    1.860956 |    1.860930 |    1.861668 |    1.863239 |    1.861429 |    1.860927 |    1.861124 |    1.861052 |    1.861412 |    1.861132 |    1.861121 |    1.861453 |    1.861556 |    1.861171 |     1.861408 |     1.860995 |     1.861474 |     1.861551 |     1.861009 |     1.861115 |     1.861590 |     1.860952 |     1.861006 |     1.861379 |     1.861591 |     1.861559 |     1.860958 |     1.861063 |     1.861135 |     1.860992 |     1.861561 |     1.861384 |     1.860967 |     1.861265 |     1.861581 |     1.860995 |     1.860995 |     1.861131 |     1.860964 |     1.862024 |     1.860964 |     1.861459 |     1.861134 |     1.860967 |     1.861383 |     1.861662 |     1.861093 |     1.861653 |     1.861084 |     1.861063 |     1.864595 |     1.861111 |     1.861111 |     1.861396 |     1.860993 |     1.861175 |     1.861622 |     1.861408 |     1.861131 |     1.860932 |     1.860950 |     1.861540 |     1.861058 |     1.861596 |     1.861630 |     1.861534 |     1.862186 |     1.860956 |     1.861012 |     1.862013 |     1.861133 |     1.860939 |     1.862167 |     1.860971 |     1.861382 |     1.861382 |     1.861382 |     1.861508 |     1.861105 |     1.861640 |     1.861038 |     1.860965 |     1.862626 |     1.861460 |     1.864771 |     1.862093 |     1.864692 |     1.861126 |     1.863239 |     1.860936 |     1.861420 |     1.861028 |     1.861125 |     1.861110 |     1.860938 |     1.861418 |     1.861418 |     1.861415 |     1.861605 |     1.861575 |     1.861654 |     1.860996 |     1.861638 |     1.860930 |     1.861603 |     1.860994 |     1.861082 |     1.860954 |     1.861172 |     1.860955 |     1.860933 |     1.861599 |     1.861600 |     1.860990 |     1.861112 |     1.861112 |     1.861990 |     1.861677 |     1.861077 |     1.861401 |     1.861697 |     1.861152 |     1.862105 |     1.861537 |     1.860994 |     1.862000 |     1.861419 |     1.861056 |     1.860996 |     1.861128 |     1.861688 |     1.862019 |     1.860959 |     1.860962 |     1.860960 |     1.860951 |     1.860994 |     1.861053 |     1.861127 |     1.861579 |     1.861175 |     1.861534 |     1.861126 |     1.860956 |     1.861122 |     1.861139 |     1.861151 |     1.861115 |     1.861532 |     1.861052 |     1.861469 |     1.861378 |     1.860992 |     1.861056 |     1.861115 |     1.860956 |     1.861549 |     1.861377 |     1.861121 |     1.861121 |     1.861558 |     1.861641 |     1.861129 |     1.861006 |     1.860949 |     1.860929 |     1.861559 |     1.861548 |     1.861575 |     1.860927 |
|     call count    |          1 |          1 |          1 |          1 |          1 |          1 |          1 |          1 |          1 |          1 |           1 |           1 |           1 |           1 |           1 |           1 |           1 |           1 |           1 |           1 |           1 |           1 |           1 |           1 |           1 |           1 |           1 |           1 |           1 |           1 |           1 |           1 |           1 |           1 |           1 |           1 |           1 |           1 |           1 |           1 |           1 |           1 |           1 |           1 |           1 |           1 |           1 |           1 |           1 |           1 |           1 |           1 |           1 |           1 |           1 |           1 |           1 |           1 |           1 |           1 |           1 |           1 |           1 |           1 |           1 |           1 |           1 |           1 |           1 |           1 |           1 |           1 |           1 |           1 |           1 |           1 |           1 |           1 |           1 |           1 |           1 |           1 |           1 |           1 |           1 |           1 |           1 |           1 |           1 |           1 |           1 |           1 |           1 |           1 |           1 |           1 |           1 |           1 |           1 |           1 |            1 |            1 |            1 |            1 |            1 |            1 |            1 |            1 |            1 |            1 |            1 |            1 |            1 |            1 |            1 |            1 |            1 |            1 |            1 |            1 |            1 |            1 |            1 |            1 |            1 |            1 |            1 |            1 |            1 |            1 |            1 |            1 |            1 |            1 |            1 |            1 |            1 |            1 |            1 |            1 |            1 |            1 |            1 |            1 |            1 |            1 |            1 |            1 |            1 |            1 |            1 |            1 |            1 |            1 |            1 |            1 |            1 |            1 |            1 |            1 |            1 |            1 |            1 |            1 |            1 |            1 |            1 |            1 |            1 |            1 |            1 |            1 |            1 |            1 |            1 |            1 |            1 |            1 |            1 |            1 |            1 |            1 |            1 |            1 |            1 |            1 |            1 |            1 |            1 |            1 |            1 |            1 |            1 |            1 |            1 |            1 |            1 |            1 |            1 |            1 |            1 |            1 |            1 |            1 |            1 |            1 |            1 |            1 |            1 |            1 |            1 |            1 |            1 |            1 |            1 |            1 |            1 |            1 |            1 |            1 |            1 |            1 |            1 |            1 |            1 |            1 |            1 |            1 |            1 |            1 |            1 |            1 |            1 |            1 |            1 |            1 |            1 |            1 |            1 |            1 |            1 |            1 |            1 |            1 |            1 |            1 |            1 |            1 |            1 |            1 |            1 |            1 |            1 |            1 |            1 |            1 |
+-------------------+------------+------------+------------+------------+------------+------------+------------+------------+------------+------------+-------------+-------------+-------------+-------------+-------------+-------------+-------------+-------------+-------------+-------------+-------------+-------------+-------------+-------------+-------------+-------------+-------------+-------------+-------------+-------------+-------------+-------------+-------------+-------------+-------------+-------------+-------------+-------------+-------------+-------------+-------------+-------------+-------------+-------------+-------------+-------------+-------------+-------------+-------------+-------------+-------------+-------------+-------------+-------------+-------------+-------------+-------------+-------------+-------------+-------------+-------------+-------------+-------------+-------------+-------------+-------------+-------------+-------------+-------------+-------------+-------------+-------------+-------------+-------------+-------------+-------------+-------------+-------------+-------------+-------------+-------------+-------------+-------------+-------------+-------------+-------------+-------------+-------------+-------------+-------------+-------------+-------------+-------------+-------------+-------------+-------------+-------------+-------------+-------------+-------------+--------------+--------------+--------------+--------------+--------------+--------------+--------------+--------------+--------------+--------------+--------------+--------------+--------------+--------------+--------------+--------------+--------------+--------------+--------------+--------------+--------------+--------------+--------------+--------------+--------------+--------------+--------------+--------------+--------------+--------------+--------------+--------------+--------------+--------------+--------------+--------------+--------------+--------------+--------------+--------------+--------------+--------------+--------------+--------------+--------------+--------------+--------------+--------------+--------------+--------------+--------------+--------------+--------------+--------------+--------------+--------------+--------------+--------------+--------------+--------------+--------------+--------------+--------------+--------------+--------------+--------------+--------------+--------------+--------------+--------------+--------------+--------------+--------------+--------------+--------------+--------------+--------------+--------------+--------------+--------------+--------------+--------------+--------------+--------------+--------------+--------------+--------------+--------------+--------------+--------------+--------------+--------------+--------------+--------------+--------------+--------------+--------------+--------------+--------------+--------------+--------------+--------------+--------------+--------------+--------------+--------------+--------------+--------------+--------------+--------------+--------------+--------------+--------------+--------------+--------------+--------------+--------------+--------------+--------------+--------------+--------------+--------------+--------------+--------------+--------------+--------------+--------------+--------------+--------------+--------------+--------------+--------------+--------------+--------------+--------------+--------------+--------------+--------------+--------------+--------------+--------------+--------------+--------------+--------------+--------------+--------------+--------------+--------------+--------------+--------------+--------------+--------------+--------------+--------------+--------------+--------------+
+----------------------------+---------+-------------+-------------+-------------+-------------+-------------+-------------+-------------+-------------+-------------+-------------+-------------+-------------+-------------+-------------+-------------+-------------+-------------+-------------+-------------+-------------+-------------+-------------+-------------+-------------+-------------+-------------+-------------+-------------+-------------+-------------+-------------+-------------+-------------+-------------+-------------+-------------+-------------+-------------+-------------+-------------+-------------+-------------+-------------+-------------+-------------+-------------+-------------+-------------+-------------+-------------+-------------+-------------+-------------+-------------+-------------+-------------+-------------+-------------+-------------+-------------+-------------+-------------+-------------+-------------+-------------+-------------+-------------+-------------+-------------+-------------+-------------+-------------+-------------+-------------+-------------+-------------+-------------+-------------+-------------+-------------+-------------+-------------+-------------+-------------+-------------+-------------+-------------+-------------+-------------+-------------+-------------+-------------+-------------+-------------+-------------+-------------+-------------+-------------+-------------+-------------+--------------+--------------+--------------+--------------+--------------+--------------+--------------+--------------+--------------+--------------+--------------+--------------+--------------+--------------+--------------+--------------+--------------+--------------+--------------+--------------+--------------+--------------+--------------+--------------+--------------+--------------+--------------+--------------+--------------+--------------+--------------+--------------+--------------+--------------+--------------+--------------+--------------+--------------+--------------+--------------+--------------+--------------+--------------+--------------+--------------+--------------+--------------+--------------+--------------+--------------+--------------+--------------+--------------+--------------+--------------+--------------+--------------+--------------+--------------+--------------+--------------+--------------+--------------+--------------+--------------+--------------+--------------+--------------+--------------+--------------+--------------+--------------+--------------+--------------+--------------+--------------+--------------+--------------+--------------+--------------+--------------+--------------+--------------+--------------+--------------+--------------+--------------+--------------+--------------+--------------+--------------+--------------+--------------+--------------+--------------+--------------+--------------+--------------+--------------+--------------+--------------+--------------+--------------+--------------+--------------+--------------+--------------+--------------+--------------+--------------+--------------+--------------+--------------+--------------+--------------+--------------+--------------+--------------+--------------+--------------+--------------+--------------+--------------+--------------+--------------+--------------+--------------+--------------+--------------+--------------+--------------+--------------+--------------+--------------+--------------+--------------+--------------+--------------+--------------+--------------+--------------+--------------+--------------+--------------+--------------+--------------+--------------+--------------+--------------+--------------+--------------+--------------+--------------+--------------+--------------+--------------+
|            Event           | Counter |  HWThread 0 |  HWThread 1 |  HWThread 2 |  HWThread 3 |  HWThread 4 |  HWThread 5 |  HWThread 6 |  HWThread 7 |  HWThread 8 |  HWThread 9 | HWThread 10 | HWThread 11 | HWThread 12 | HWThread 13 | HWThread 14 | HWThread 15 | HWThread 16 | HWThread 17 | HWThread 18 | HWThread 19 | HWThread 20 | HWThread 21 | HWThread 22 | HWThread 23 | HWThread 24 | HWThread 25 | HWThread 26 | HWThread 27 | HWThread 28 | HWThread 29 | HWThread 30 | HWThread 31 | HWThread 32 | HWThread 33 | HWThread 34 | HWThread 35 | HWThread 36 | HWThread 37 | HWThread 38 | HWThread 39 | HWThread 40 | HWThread 41 | HWThread 42 | HWThread 43 | HWThread 44 | HWThread 45 | HWThread 46 | HWThread 47 | HWThread 48 | HWThread 49 | HWThread 50 | HWThread 51 | HWThread 52 | HWThread 53 | HWThread 54 | HWThread 55 | HWThread 56 | HWThread 57 | HWThread 58 | HWThread 59 | HWThread 60 | HWThread 61 | HWThread 62 | HWThread 63 | HWThread 64 | HWThread 65 | HWThread 66 | HWThread 67 | HWThread 68 | HWThread 69 | HWThread 70 | HWThread 71 | HWThread 72 | HWThread 73 | HWThread 74 | HWThread 75 | HWThread 76 | HWThread 77 | HWThread 78 | HWThread 79 | HWThread 80 | HWThread 81 | HWThread 82 | HWThread 83 | HWThread 84 | HWThread 85 | HWThread 86 | HWThread 87 | HWThread 88 | HWThread 89 | HWThread 90 | HWThread 91 | HWThread 92 | HWThread 93 | HWThread 94 | HWThread 95 | HWThread 96 | HWThread 97 | HWThread 98 | HWThread 99 | HWThread 100 | HWThread 101 | HWThread 102 | HWThread 103 | HWThread 104 | HWThread 105 | HWThread 106 | HWThread 107 | HWThread 108 | HWThread 109 | HWThread 110 | HWThread 111 | HWThread 112 | HWThread 113 | HWThread 114 | HWThread 115 | HWThread 116 | HWThread 117 | HWThread 118 | HWThread 119 | HWThread 120 | HWThread 121 | HWThread 122 | HWThread 123 | HWThread 124 | HWThread 125 | HWThread 126 | HWThread 127 | HWThread 128 | HWThread 129 | HWThread 130 | HWThread 131 | HWThread 132 | HWThread 133 | HWThread 134 | HWThread 135 | HWThread 136 | HWThread 137 | HWThread 138 | HWThread 139 | HWThread 140 | HWThread 141 | HWThread 142 | HWThread 143 | HWThread 144 | HWThread 145 | HWThread 146 | HWThread 147 | HWThread 148 | HWThread 149 | HWThread 150 | HWThread 151 | HWThread 152 | HWThread 153 | HWThread 154 | HWThread 155 | HWThread 156 | HWThread 157 | HWThread 158 | HWThread 159 | HWThread 160 | HWThread 161 | HWThread 162 | HWThread 163 | HWThread 164 | HWThread 165 | HWThread 166 | HWThread 167 | HWThread 168 | HWThread 169 | HWThread 170 | HWThread 171 | HWThread 172 | HWThread 173 | HWThread 174 | HWThread 175 | HWThread 176 | HWThread 177 | HWThread 178 | HWThread 179 | HWThread 180 | HWThread 181 | HWThread 182 | HWThread 183 | HWThread 184 | HWThread 185 | HWThread 186 | HWThread 187 | HWThread 188 | HWThread 189 | HWThread 190 | HWThread 191 | HWThread 192 | HWThread 193 | HWThread 194 | HWThread 195 | HWThread 196 | HWThread 197 | HWThread 198 | HWThread 199 | HWThread 200 | HWThread 201 | HWThread 202 | HWThread 203 | HWThread 204 | HWThread 205 | HWThread 206 | HWThread 207 | HWThread 208 | HWThread 209 | HWThread 210 | HWThread 211 | HWThread 212 | HWThread 213 | HWThread 214 | HWThread 215 | HWThread 216 | HWThread 217 | HWThread 218 | HWThread 219 | HWThread 220 | HWThread 221 | HWThread 222 | HWThread 223 | HWThread 224 | HWThread 225 | HWThread 226 | HWThread 227 | HWThread 228 | HWThread 229 | HWThread 230 | HWThread 231 | HWThread 232 | HWThread 233 | HWThread 234 | HWThread 235 | HWThread 236 | HWThread 237 | HWThread 238 | HWThread 239 | HWThread 240 | HWThread 241 | HWThread 242 | HWThread 243 | HWThread 244 | HWThread 245 | HWThread 246 | HWThread 247 | HWThread 248 | HWThread 249 | HWThread 250 | HWThread 251 | HWThread 252 | HWThread 253 | HWThread 254 | HWThread 255 |
+----------------------------+---------+-------------+-------------+-------------+-------------+-------------+-------------+-------------+-------------+-------------+-------------+-------------+-------------+-------------+-------------+-------------+-------------+-------------+-------------+-------------+-------------+-------------+-------------+-------------+-------------+-------------+-------------+-------------+-------------+-------------+-------------+-------------+-------------+-------------+-------------+-------------+-------------+-------------+-------------+-------------+-------------+-------------+-------------+-------------+-------------+-------------+-------------+-------------+-------------+-------------+-------------+-------------+-------------+-------------+-------------+-------------+-------------+-------------+-------------+-------------+-------------+-------------+-------------+-------------+-------------+-------------+-------------+-------------+-------------+-------------+-------------+-------------+-------------+-------------+-------------+-------------+-------------+-------------+-------------+-------------+-------------+-------------+-------------+-------------+-------------+-------------+-------------+-------------+-------------+-------------+-------------+-------------+-------------+-------------+-------------+-------------+-------------+-------------+-------------+-------------+-------------+--------------+--------------+--------------+--------------+--------------+--------------+--------------+--------------+--------------+--------------+--------------+--------------+--------------+--------------+--------------+--------------+--------------+--------------+--------------+--------------+--------------+--------------+--------------+--------------+--------------+--------------+--------------+--------------+--------------+--------------+--------------+--------------+--------------+--------------+--------------+--------------+--------------+--------------+--------------+--------------+--------------+--------------+--------------+--------------+--------------+--------------+--------------+--------------+--------------+--------------+--------------+--------------+--------------+--------------+--------------+--------------+--------------+--------------+--------------+--------------+--------------+--------------+--------------+--------------+--------------+--------------+--------------+--------------+--------------+--------------+--------------+--------------+--------------+--------------+--------------+--------------+--------------+--------------+--------------+--------------+--------------+--------------+--------------+--------------+--------------+--------------+--------------+--------------+--------------+--------------+--------------+--------------+--------------+--------------+--------------+--------------+--------------+--------------+--------------+--------------+--------------+--------------+--------------+--------------+--------------+--------------+--------------+--------------+--------------+--------------+--------------+--------------+--------------+--------------+--------------+--------------+--------------+--------------+--------------+--------------+--------------+--------------+--------------+--------------+--------------+--------------+--------------+--------------+--------------+--------------+--------------+--------------+--------------+--------------+--------------+--------------+--------------+--------------+--------------+--------------+--------------+--------------+--------------+--------------+--------------+--------------+--------------+--------------+--------------+--------------+--------------+--------------+--------------+--------------+--------------+--------------+
|      ACTUAL_CPU_CLOCK      |  FIXC1  |  4502101000 |  4501233000 |  4502470000 |  4502212000 |  4503399000 |  4504677000 |  4502173000 |  4503508000 |  4479741000 |  4478711000 |  4478737000 |  4479822000 |  4480127000 |  4478706000 |  4479726000 |  4478645000 |  4512684000 |  4512225000 |  4512907000 |  4513866000 |  4511852000 |  4511079000 |  4511652000 |  4512895000 |  4494393000 |  4493910000 |  4494295000 |  4494922000 |  4495960000 |  4492830000 |  4494593000 |  4491639000 |  4482236000 |  4481951000 |  4482985000 |  4482771000 |  4482245000 |  4480046000 |  4482766000 |  4482873000 |  4502108000 |  4499478000 |  4500733000 |  4500343000 |  4501198000 |  4501886000 |  4501272000 |  4501200000 |  4501976000 |  4500713000 |  4498976000 |  4500235000 |  4500653000 |  4500814000 |  4501488000 |  4499617000 |  4492016000 |  4491895000 |  4491746000 |  4489756000 |  4491898000 |  4493741000 |  4493172000 |  4489911000 |  4485243000 |  4483317000 |  4485141000 |  4484970000 |  4483835000 |  4483457000 |  4483503000 |  4483399000 |  4508741000 |  4508684000 |  4507052000 |  4508855000 |  4507174000 |  4508992000 |  4507833000 |  4506978000 |  4507255000 |  4502962000 |  4505556000 |  4506818000 |  4507181000 |  4505237000 |  4502953000 |  4505503000 |  4501684000 |  4501783000 |  4501804000 |  4500507000 |  4500149000 |  4500913000 |  4501417000 |  4499458000 |  4501503000 |  4501442000 |  4502092000 |  4499769000 |   4501395000 |   4499818000 |   4502966000 |   4502899000 |   4501577000 |   4499338000 |   4500357000 |   4499611000 |   4501155000 |   4500589000 |   4500321000 |   4500381000 |   4506421000 |   4506171000 |   4507455000 |   4507935000 |   4507471000 |   4507772000 |   4506318000 |   4508523000 |   4491859000 |   4490403000 |   4489598000 |   4489230000 |   4490153000 |   4491212000 |   4489813000 |   4491790000 |   4497892000 |   4497085000 |   4498338000 |   4498077000 |   4497618000 |   4499054000 |   4497359000 |   4498151000 |   4505406000 |   4502132000 |   4502311000 |   4504464000 |   4502039000 |   4502419000 |   4504569000 |   4504450000 |   4525005000 |   4524372000 |   4523067000 |   4523750000 |   4523118000 |   4523934000 |   4525360000 |   4523696000 |   4508060000 |   4508340000 |   4506248000 |   4510045000 |   4506559000 |   4506312000 |   4508058000 |   4506163000 |   4495731000 |   4496334000 |   4494508000 |   4495645000 |   4494010000 |   4495525000 |   4493839000 |   4494491000 |   4511428000 |   4509285000 |   4512449000 |   4510996000 |   4512182000 |   4510014000 |   4511987000 |   4509723000 |   4488150000 |   4487595000 |   4486788000 |   4488780000 |   4487055000 |   4488498000 |   4488581000 |   4488604000 |   4514139000 |   4513952000 |   4513660000 |   4513566000 |   4513646000 |   4512521000 |   4513367000 |   4512608000 |   4485331000 |   4485599000 |   4485466000 |   4485827000 |   4485496000 |   4486444000 |   4486549000 |   4485807000 |   4498185000 |   4497006000 |   4499590000 |   4500065000 |   4497159000 |   4499958000 |   4499687000 |   4498604000 |   4518522000 |   4518479000 |   4517491000 |   4518501000 |   4518354000 |   4517254000 |   4516531000 |   4516773000 |   4503336000 |   4503475000 |   4501520000 |   4501411000 |   4501764000 |   4504083000 |   4502062000 |   4504501000 |   4524581000 |   4525561000 |   4524442000 |   4524968000 |   4524442000 |   4524213000 |   4524359000 |   4524716000 |   4497582000 |   4496263000 |   4497912000 |   4496840000 |   4496923000 |   4497642000 |   4496016000 |   4496839000 |   4506882000 |   4506180000 |   4508250000 |   4508194000 |   4505790000 |   4506940000 |   4507829000 |   4508551000 |   4500855000 |   4499902000 |   4499708000 |   4500850000 |   4501498000 |   4500465000 |   4500836000 |   4500501000 |
|        MAX_CPU_CLOCK       |  FIXC2  |  5029115000 |  5026842000 |  5028420000 |  5028549000 |  5030070000 |  5031393000 |  5029267000 |  5030101000 |  5028195000 |  5027251000 |  5026577000 |  5028867000 |  5028184000 |  5027235000 |  5027653000 |  5027083000 |  5028498000 |  5027306000 |  5028808000 |  5029607000 |  5028618000 |  5027183000 |  5026766000 |  5029091000 |  5028461000 |  5028280000 |  5029592000 |  5028540000 |  5029976000 |  5025374000 |  5028249000 |  5024620000 |  5032384000 |  5032001000 |  5032171000 |  5031689000 |  5032478000 |  5029033000 |  5031896000 |  5032152000 |  5032144000 |  5028603000 |  5028897000 |  5028477000 |  5032155000 |  5031407000 |  5032173000 |  5032156000 |  5032194000 |  5029054000 |  5027349000 |  5028632000 |  5029888000 |  5028948000 |  5030302000 |  5028546000 |  5030496000 |  5030398000 |  5028578000 |  5026924000 |  5030118000 |  5031930000 |  5032315000 |  5027159000 |  5029775000 |  5029071000 |  5030538000 |  5030413000 |  5028866000 |  5029325000 |  5028655000 |  5029132000 |  5029896000 |  5032252000 |  5028363000 |  5032428000 |  5028499000 |  5032730000 |  5029927000 |  5028783000 |  5030507000 |  5024426000 |  5028420000 |  5030056000 |  5030026000 |  5029006000 |  5024409000 |  5028389000 |  5029874000 |  5032476000 |  5029994000 |  5028394000 |  5028689000 |  5028706000 |  5030507000 |  5028923000 |  5029061000 |  5028533000 |  5030358000 |  5026849000 |   5029193000 |   5026870000 |   5030054000 |   5030244000 |   5028439000 |   5026461000 |   5027925000 |   5026680000 |   5027598000 |   5028041000 |   5027909000 |   5028037000 |   5027519000 |   5027144000 |   5028349000 |   5028863000 |   5028219000 |   5028388000 |   5027500000 |   5029847000 |   5030559000 |   5028459000 |   5028233000 |   5029019000 |   5028202000 |   5031677000 |   5028846000 |   5030246000 |   5028429000 |   5029362000 |   5030095000 |   5029810000 |   5028554000 |   5029899000 |   5029560000 |   5028606000 |   5032468000 |   5027175000 |   5027251000 |   5029840000 |   5026937000 |   5026768000 |   5029980000 |   5029823000 |   5028863000 |   5029184000 |   5027322000 |   5026301000 |   5025121000 |   5026101000 |   5029764000 |   5026069000 |   5028702000 |   5028029000 |   5027548000 |   5031027000 |   5026469000 |   5024855000 |   5028647000 |   5026642000 |   5030117000 |   5029780000 |   5028294000 |   5028878000 |   5027616000 |   5029895000 |   5027118000 |   5029025000 |   5032369000 |   5029182000 |   5032712000 |   5031495000 |   5032375000 |   5028864000 |   5032126000 |   5029612000 |   5026500000 |   5026843000 |   5024749000 |   5028535000 |   5024774000 |   5028034000 |   5028246000 |   5028378000 |   5029690000 |   5029606000 |   5030170000 |   5028749000 |   5030155000 |   5028707000 |   5029839000 |   5028314000 |   5025376000 |   5024976000 |   5025794000 |   5026370000 |   5025850000 |   5026079000 |   5026464000 |   5025231000 |   5028468000 |   5027355000 |   5031460000 |   5029698000 |   5027128000 |   5030000000 |   5030270000 |   5028309000 |   5029721000 |   5027992000 |   5028347000 |   5029473000 |   5028717000 |   5026895000 |   5026743000 |   5026385000 |   5026709000 |   5028001000 |   5026450000 |   5024937000 |   5024916000 |   5028292000 |   5025101000 |   5028639000 |   5026866000 |   5028649000 |   5024826000 |   5025549000 |   5024864000 |   5024190000 |   5025511000 |   5026427000 |   5028548000 |   5028241000 |   5029789000 |   5028516000 |   5028978000 |   5030028000 |   5028460000 |   5028523000 |   5028158000 |   5027274000 |   5030074000 |   5029859000 |   5026330000 |   5028277000 |   5029605000 |   5030262000 |   5029458000 |   5027012000 |   5026789000 |   5029416000 |   5029693000 |   5028150000 |   5028289000 |   5028234000 |
|    RETIRED_INSTRUCTIONS    |   PMC0  | 11836650000 | 11841500000 | 11840870000 | 11841310000 | 11841710000 | 11841730000 | 11840210000 | 11841710000 | 11837230000 | 11837230000 | 11836410000 | 11837160000 | 11837190000 | 11837160000 | 11836340000 | 11836960000 | 11843120000 | 11842980000 | 11842360000 | 11843850000 | 11842950000 | 11843030000 | 11842000000 | 11842810000 | 11840280000 | 11840040000 | 11840170000 | 11839890000 | 11840070000 | 11840030000 | 11838780000 | 11840010000 | 11838430000 | 11838370000 | 11835910000 | 11835960000 | 11838080000 | 11837540000 | 11835440000 | 11838140000 | 11841350000 | 11841030000 | 11838690000 | 11841130000 | 11841530000 | 11841300000 | 11841120000 | 11841470000 | 11841880000 | 11841320000 | 11838960000 | 11841310000 | 11841800000 | 11841180000 | 11838640000 | 11840980000 | 11838210000 | 11838230000 | 11835260000 | 11837600000 | 11838160000 | 11838340000 | 11834240000 | 11816040000 | 11837250000 | 11837450000 | 11833440000 | 11837690000 | 11837020000 | 11837000000 | 11833510000 | 11837140000 | 11842170000 | 11842650000 | 11837720000 | 11842680000 | 11841690000 | 11842810000 | 11838550000 | 11841560000 | 11841640000 | 11841050000 | 11837820000 | 11841930000 | 11841430000 | 11841130000 | 11837530000 | 11841060000 | 11838480000 | 11839690000 | 11834410000 | 11838310000 | 11838020000 | 11838330000 | 11834050000 | 11817220000 | 11840610000 | 11840720000 | 11835250000 | 11840910000 |  11840780000 |  11840500000 |  11835540000 |  11840600000 |  11840470000 |  11840600000 |  11835570000 |  11840460000 |  11840340000 |  11840380000 |  11840630000 |  11840580000 |  11841870000 |  11841740000 |  11836650000 |  11841890000 |  11842510000 |  11842080000 |  11836780000 |  11841860000 |  11837030000 |  11836940000 |  11831530000 |  11836660000 |  11836450000 |  11837060000 |  11832280000 |  11817950000 |  11838920000 |  11838700000 |  11833280000 |  11839440000 |  11838710000 |  11839230000 |  11833140000 |  11838620000 |  11841980000 |  11840090000 |  11834180000 |  11840070000 |  11840040000 |  11839920000 |  11836170000 |  11840010000 |  11843700000 |  11843510000 |  11837740000 |  11844010000 |  11843730000 |  11844100000 |  11839110000 |  11843470000 |  11839900000 |  11839380000 |  11833580000 |  11840200000 |  11839350000 |  11839310000 |  11835090000 |  11815600000 |  11838600000 |  11838670000 |  11832800000 |  11838990000 |  11838480000 |  11839100000 |  11834270000 |  11838290000 |  11842280000 |  11841490000 |  11837350000 |  11841880000 |  11843010000 |  11841510000 |  11842130000 |  11841160000 |  11837420000 |  11837360000 |  11831430000 |  11837060000 |  11837230000 |  11837300000 |  11831950000 |  11837180000 |  11840430000 |  11840590000 |  11835040000 |  11840380000 |  11840640000 |  11840370000 |  11835150000 |  11820940000 |  11836940000 |  11837020000 |  11831530000 |  11837040000 |  11837050000 |  11837560000 |  11832230000 |  11836920000 |  11839120000 |  11839110000 |  11834170000 |  11839680000 |  11839120000 |  11839200000 |  11834680000 |  11838870000 |  11843550000 |  11843150000 |  11836770000 |  11843460000 |  11843120000 |  11842690000 |  11837550000 |  11842460000 |  11837740000 |  11838400000 |  11831860000 |  11837410000 |  11837290000 |  11837460000 |  11832030000 |  11811680000 |  11843720000 |  11844510000 |  11838440000 |  11844170000 |  11843800000 |  11843660000 |  11838910000 |  11843780000 |  11838770000 |  11838620000 |  11833290000 |  11838800000 |  11838690000 |  11838570000 |  11838650000 |  11838520000 |  11841410000 |  11841570000 |  11836570000 |  11840550000 |  11841480000 |  11841520000 |  11837070000 |  11842010000 |  11837960000 |  11838060000 |  11832040000 |  11837980000 |  11838310000 |  11838310000 |  11833000000 |  11818030000 |
|     CPU_CLOCKS_UNHALTED    |   PMC1  |  4469064000 |  4471802000 |  4472016000 |  4471154000 |  4472312000 |  4472825000 |  4469652000 |  4472427000 |  4448756000 |  4449204000 |  4448957000 |  4449120000 |  4448687000 |  4448730000 |  4448822000 |  4448373000 |  4481245000 |  4480952000 |  4481394000 |  4481707000 |  4480332000 |  4479878000 |  4479778000 |  4479802000 |  4464183000 |  4462987000 |  4465444000 |  4462650000 |  4463937000 |  4463371000 |  4462436000 |  4462288000 |  4453442000 |  4452857000 |  4453277000 |  4449868000 |  4452050000 |  4448196000 |  4450374000 |  4453535000 |  4470173000 |  4467267000 |  4466244000 |  4467393000 |  4470458000 |  4468609000 |  4468582000 |  4470014000 |  4471840000 |  4469042000 |  4468542000 |  4468396000 |  4470698000 |  4468411000 |  4469149000 |  4467597000 |  4460206000 |  4460678000 |  4457411000 |  4456444000 |  4459094000 |  4459789000 |  4459666000 |  4455861000 |  4449595000 |  4448569000 |  4449151000 |  4449732000 |  4447304000 |  4447251000 |  4447509000 |  4448084000 |  4472902000 |  4475482000 |  4471556000 |  4475639000 |  4471410000 |  4475827000 |  4472741000 |  4470742000 |  4470918000 |  4469017000 |  4470157000 |  4471045000 |  4470545000 |  4469737000 |  4469100000 |  4468823000 |  4463417000 |  4467114000 |  4462426000 |  4461342000 |  4461858000 |  4461386000 |  4462520000 |  4461609000 |  4469138000 |  4470007000 |  4469564000 |  4469667000 |   4469814000 |   4468233000 |   4469407000 |   4468717000 |   4466926000 |   4467830000 |   4468801000 |   4466965000 |   4466756000 |   4467752000 |   4467626000 |   4468514000 |   4473761000 |   4473732000 |   4473466000 |   4473976000 |   4475215000 |   4474427000 |   4472194000 |   4474042000 |   4455291000 |   4454224000 |   4453650000 |   4454182000 |   4452902000 |   4456256000 |   4453075000 |   4453733000 |   4457157000 |   4456236000 |   4457071000 |   4458044000 |   4456077000 |   4457338000 |   4456034000 |   4456199000 |   4470979000 |   4463415000 |   4463594000 |   4463939000 |   4463063000 |   4463137000 |   4463488000 |   4463788000 |   4483846000 |   4484021000 |   4483492000 |   4485368000 |   4483952000 |   4484898000 |   4483756000 |   4483947000 |   4468273000 |   4466577000 |   4465853000 |   4468915000 |   4466701000 |   4466549000 |   4468542000 |   4465519000 |   4455753000 |   4455853000 |   4454658000 |   4456040000 |   4454893000 |   4456447000 |   4454620000 |   4453876000 |   4472473000 |   4469966000 |   4476836000 |   4471397000 |   4477141000 |   4469330000 |   4473272000 |   4468616000 |   4449310000 |   4448285000 |   4448292000 |   4448221000 |   4447938000 |   4448606000 |   4449072000 |   4448408000 |   4473038000 |   4473471000 |   4474006000 |   4472367000 |   4473305000 |   4471278000 |   4473129000 |   4470716000 |   4446692000 |   4446171000 |   4446405000 |   4446233000 |   4446284000 |   4447397000 |   4446842000 |   4446065000 |   4457816000 |   4457748000 |   4460033000 |   4458861000 |   4457412000 |   4457476000 |   4458344000 |   4457321000 |   4480388000 |   4479059000 |   4477486000 |   4479762000 |   4478752000 |   4477243000 |   4477090000 |   4477394000 |   4462537000 |   4463514000 |   4461140000 |   4460522000 |   4460621000 |   4461034000 |   4460647000 |   4460421000 |   4485906000 |   4486421000 |   4485522000 |   4486463000 |   4485118000 |   4484849000 |   4485040000 |   4485269000 |   4457247000 |   4456479000 |   4457987000 |   4456518000 |   4456743000 |   4457190000 |   4456429000 |   4456246000 |   4472144000 |   4471628000 |   4472702000 |   4467246000 |   4471541000 |   4472042000 |   4472924000 |   4473038000 |   4459654000 |   4459739000 |   4459007000 |   4460138000 |   4460324000 |   4461061000 |   4460807000 |   4459496000 |
| REQUESTS_TO_L2_GRP1_RD_ANY |   PMC2  |  1074264000 |  1074214000 |  1074397000 |  1074238000 |  1074243000 |  1074213000 |  1074351000 |  1074265000 |  1074229000 |  1074232000 |  1074405000 |  1074194000 |  1074228000 |  1074222000 |  1074396000 |  1074221000 |  1074253000 |  1074189000 |  1074370000 |  1074197000 |  1074203000 |  1074199000 |  1074371000 |  1074184000 |  1074240000 |  1074201000 |  1074359000 |  1074245000 |  1074205000 |  1074216000 |  1074405000 |  1074259000 |  1074273000 |  1074240000 |  1074732000 |  1074303000 |  1074249000 |  1074266000 |  1074722000 |  1074257000 |  1074242000 |  1074241000 |  1074669000 |  1074237000 |  1074237000 |  1074237000 |  1074210000 |  1074246000 |  1074242000 |  1074248000 |  1074702000 |  1074234000 |  1074224000 |  1074266000 |  1074706000 |  1074253000 |  1074252000 |  1074275000 |  1074633000 |  1074251000 |  1074238000 |  1074245000 |  1074652000 |  1074539000 |  1074254000 |  1074249000 |  1075065000 |  1074236000 |  1074237000 |  1074250000 |  1074843000 |  1074257000 |  1074243000 |  1074250000 |  1075061000 |  1074235000 |  1074258000 |  1074217000 |  1074866000 |  1074242000 |  1074261000 |  1074235000 |  1074937000 |  1074232000 |  1074240000 |  1074254000 |  1074754000 |  1074252000 |  1074263000 |  1074278000 |  1074998000 |  1074252000 |  1074225000 |  1074278000 |  1074924000 |  1074582000 |  1074209000 |  1074252000 |  1075378000 |  1074259000 |   1074273000 |   1074235000 |   1074788000 |   1074245000 |   1074256000 |   1074247000 |   1075268000 |   1074238000 |   1074243000 |   1074271000 |   1074188000 |   1074259000 |   1074261000 |   1074262000 |   1075306000 |   1074231000 |   1074232000 |   1074241000 |   1074866000 |   1074255000 |   1074260000 |   1074261000 |   1075434000 |   1074260000 |   1074279000 |   1074255000 |   1074941000 |   1074490000 |   1074275000 |   1074272000 |   1075289000 |   1074253000 |   1074271000 |   1074269000 |   1074747000 |   1074245000 |   1074256000 |   1074238000 |   1075264000 |   1074239000 |   1074239000 |   1074250000 |   1074948000 |   1074263000 |   1074241000 |   1074243000 |   1075397000 |   1074233000 |   1074257000 |   1074259000 |   1074951000 |   1074269000 |   1074272000 |   1074276000 |   1075351000 |   1074240000 |   1074268000 |   1074272000 |   1075028000 |   1074490000 |   1074265000 |   1074266000 |   1075368000 |   1074244000 |   1074238000 |   1074240000 |   1074840000 |   1074256000 |   1074256000 |   1074237000 |   1075331000 |   1074227000 |   1074244000 |   1074234000 |   1074228000 |   1074271000 |   1074242000 |   1074254000 |   1075283000 |   1074233000 |   1074253000 |   1074256000 |   1074890000 |   1074238000 |   1074241000 |   1074236000 |   1075278000 |   1074240000 |   1074264000 |   1074233000 |   1074997000 |   1074388000 |   1074276000 |   1074267000 |   1075284000 |   1074236000 |   1074245000 |   1074265000 |   1074976000 |   1074229000 |   1074244000 |   1074227000 |   1075383000 |   1074237000 |   1074240000 |   1074238000 |   1074996000 |   1074222000 |   1074258000 |   1074240000 |   1075455000 |   1074248000 |   1074257000 |   1074254000 |   1075018000 |   1074240000 |   1074256000 |   1074266000 |   1075324000 |   1074267000 |   1074259000 |   1074247000 |   1075091000 |   1074619000 |   1074138000 |   1074241000 |   1075294000 |   1074212000 |   1074228000 |   1074258000 |   1074908000 |   1074255000 |   1074246000 |   1074264000 |   1075284000 |   1074242000 |   1074236000 |   1074242000 |   1074209000 |   1074264000 |   1074231000 |   1074247000 |   1075153000 |   1074225000 |   1074245000 |   1074259000 |   1074869000 |   1074234000 |   1074233000 |   1074230000 |   1075417000 |   1074215000 |   1074240000 |   1074242000 |   1075159000 |   1074433000 |
|     L2_PF_HIT_IN_L2_ALL    |   PMC3  |  2311438000 |  2256802000 |  2283146000 |  2212690000 |  2291996000 |  2289369000 |  2174765000 |  2292768000 |  2277148000 |  2299404000 |  2268480000 |  2260712000 |  2267146000 |  2302175000 |  2281423000 |  2264585000 |  2269550000 |  2270282000 |  2285315000 |  2292680000 |  2281537000 |  2245129000 |  2290416000 |  2294168000 |  2285536000 |  2248620000 |  2254645000 |  2276405000 |  2273085000 |  2286927000 |  2261426000 |  2246497000 |  2288657000 |  2297678000 |  2271781000 |  2304601000 |  2289491000 |  2297856000 |  2272457000 |  2307674000 |  2289474000 |  2266835000 |  2269528000 |  2288117000 |  2274667000 |  2287713000 |  2278757000 |  2296121000 |  2268604000 |  2233191000 |  2274566000 |  2269461000 |  2270556000 |  2294761000 |  2283790000 |  2294510000 |  2284075000 |  2165736000 |  2282114000 |  2300343000 |  2224731000 |  2298509000 |  2273387000 |  1553319000 |  2264795000 |  2231849000 |  2257898000 |  2281243000 |  2230312000 |  2253822000 |  2266189000 |  2243173000 |  2283715000 |  2264015000 |  2210331000 |  2291102000 |  2265291000 |  2265292000 |  2285898000 |  2268763000 |  2246703000 |  2279934000 |  2220118000 |  2250955000 |  2289804000 |  2294947000 |  2251165000 |  2275319000 |  2292159000 |  2259308000 |  2105844000 |  2262472000 |  2270557000 |  2198676000 |  2261952000 |  1596058000 |  2108523000 |  2134508000 |  2042678000 |  2116543000 |   2076138000 |   2059293000 |   2107849000 |   2154393000 |   2267809000 |   2288861000 |   2251280000 |   2230354000 |   2255387000 |   2277530000 |   2283249000 |   2281669000 |   2228043000 |   2256860000 |   2259824000 |   2283989000 |   2260421000 |   2243160000 |   2091611000 |   2275810000 |   2249516000 |   2269670000 |   2125698000 |   2291555000 |   2278052000 |   2282820000 |   2286349000 |   1526958000 |   1973017000 |   2253377000 |   2249058000 |   2284726000 |   2192297000 |   2269870000 |   2219714000 |   2184103000 |   2273145000 |   2259519000 |   2109563000 |   2282537000 |   2226770000 |   2207245000 |   2252956000 |   2283303000 |   2247297000 |   2136223000 |   2230277000 |   2258628000 |   2155857000 |   2263870000 |   2261257000 |   2240775000 |   2284330000 |   2226848000 |   2264073000 |   2255130000 |   2139708000 |   2268684000 |   2256319000 |   1639524000 |   2233020000 |   2280793000 |   2259430000 |   2259588000 |   2243794000 |   2071299000 |   2111483000 |   2196805000 |   2277913000 |   2286222000 |   2280385000 |   2273511000 |   2275839000 |   2287394000 |   2139629000 |   2194693000 |   2297844000 |   2281201000 |   2278975000 |   2173838000 |   2272868000 |   2223862000 |   2287549000 |   2294817000 |   2285056000 |   2278889000 |   2279625000 |   2284552000 |   2311294000 |   2150431000 |   2281760000 |   1571203000 |   2243311000 |   2223229000 |   2219238000 |   2239389000 |   2232693000 |   2264461000 |   2273140000 |   2237641000 |   2274347000 |   2220899000 |   2259895000 |   2267763000 |   2053022000 |   2278810000 |   2177607000 |   2214106000 |   2234966000 |   2308698000 |   2250368000 |   2212981000 |   2277440000 |   2254307000 |   2268426000 |   2291594000 |   2231351000 |   2218442000 |   2262585000 |   2248926000 |   2273836000 |   2176580000 |   2123695000 |   1603922000 |   2238344000 |   2257935000 |   2167361000 |   2165719000 |   2264141000 |   2261025000 |   2080559000 |   2285852000 |   2268732000 |   2260015000 |   2273580000 |   2257796000 |   2287257000 |   2300087000 |   2144717000 |   2135390000 |   2237387000 |   2063968000 |   2020024000 |   2278901000 |   2252411000 |   2170086000 |   2277481000 |   2226718000 |   2141160000 |   2163802000 |   2261720000 |   2144613000 |   2277389000 |   2239418000 |   2275429000 |   1570720000 |
+----------------------------+---------+-------------+-------------+-------------+-------------+-------------+-------------+-------------+-------------+-------------+-------------+-------------+-------------+-------------+-------------+-------------+-------------+-------------+-------------+-------------+-------------+-------------+-------------+-------------+-------------+-------------+-------------+-------------+-------------+-------------+-------------+-------------+-------------+-------------+-------------+-------------+-------------+-------------+-------------+-------------+-------------+-------------+-------------+-------------+-------------+-------------+-------------+-------------+-------------+-------------+-------------+-------------+-------------+-------------+-------------+-------------+-------------+-------------+-------------+-------------+-------------+-------------+-------------+-------------+-------------+-------------+-------------+-------------+-------------+-------------+-------------+-------------+-------------+-------------+-------------+-------------+-------------+-------------+-------------+-------------+-------------+-------------+-------------+-------------+-------------+-------------+-------------+-------------+-------------+-------------+-------------+-------------+-------------+-------------+-------------+-------------+-------------+-------------+-------------+-------------+-------------+--------------+--------------+--------------+--------------+--------------+--------------+--------------+--------------+--------------+--------------+--------------+--------------+--------------+--------------+--------------+--------------+--------------+--------------+--------------+--------------+--------------+--------------+--------------+--------------+--------------+--------------+--------------+--------------+--------------+--------------+--------------+--------------+--------------+--------------+--------------+--------------+--------------+--------------+--------------+--------------+--------------+--------------+--------------+--------------+--------------+--------------+--------------+--------------+--------------+--------------+--------------+--------------+--------------+--------------+--------------+--------------+--------------+--------------+--------------+--------------+--------------+--------------+--------------+--------------+--------------+--------------+--------------+--------------+--------------+--------------+--------------+--------------+--------------+--------------+--------------+--------------+--------------+--------------+--------------+--------------+--------------+--------------+--------------+--------------+--------------+--------------+--------------+--------------+--------------+--------------+--------------+--------------+--------------+--------------+--------------+--------------+--------------+--------------+--------------+--------------+--------------+--------------+--------------+--------------+--------------+--------------+--------------+--------------+--------------+--------------+--------------+--------------+--------------+--------------+--------------+--------------+--------------+--------------+--------------+--------------+--------------+--------------+--------------+--------------+--------------+--------------+--------------+--------------+--------------+--------------+--------------+--------------+--------------+--------------+--------------+--------------+--------------+--------------+--------------+--------------+--------------+--------------+--------------+--------------+--------------+--------------+--------------+--------------+--------------+--------------+--------------+--------------+--------------+--------------+--------------+--------------+
+---------------------------------+---------+---------------+-------------+-------------+--------------+
|              Event              | Counter |      Sum      |     Min     |     Max     |      Avg     |
+---------------------------------+---------+---------------+-------------+-------------+--------------+
|      ACTUAL_CPU_CLOCK STAT      |  FIXC1  | 1152298547000 |  4478645000 |  4525561000 | 4.501166e+09 |
|        MAX_CPU_CLOCK STAT       |  FIXC2  | 1287338134000 |  5024190000 |  5032730000 | 5.028665e+09 |
|    RETIRED_INSTRUCTIONS STAT    |   PMC0  | 3030631420000 | 11811680000 | 11844510000 | 1.183840e+10 |
|     CPU_CLOCKS_UNHALTED STAT    |   PMC1  | 1142971808000 |  4446065000 |  4486463000 |   4464733625 |
| REQUESTS_TO_L2_GRP1_RD_ANY STAT |   PMC2  |  275051553000 |  1074138000 |  1075455000 | 1.074420e+09 |
|     L2_PF_HIT_IN_L2_ALL STAT    |   PMC3  |  569558351000 |  1526958000 |  2311438000 | 2.224837e+09 |
+---------------------------------+---------+---------------+-------------+-------------+--------------+
+-------------------------------+------------+------------+------------+------------+------------+------------+------------+------------+------------+------------+-------------+-------------+-------------+-------------+-------------+-------------+-------------+-------------+-------------+-------------+-------------+-------------+-------------+-------------+-------------+-------------+-------------+-------------+-------------+-------------+-------------+-------------+-------------+-------------+-------------+-------------+-------------+-------------+-------------+-------------+-------------+-------------+-------------+-------------+-------------+-------------+-------------+-------------+-------------+-------------+-------------+-------------+-------------+-------------+-------------+-------------+-------------+-------------+-------------+-------------+-------------+-------------+-------------+-------------+-------------+-------------+-------------+-------------+-------------+-------------+-------------+-------------+-------------+-------------+-------------+-------------+-------------+-------------+-------------+-------------+-------------+-------------+-------------+-------------+-------------+-------------+-------------+-------------+-------------+-------------+-------------+-------------+-------------+-------------+-------------+-------------+-------------+-------------+-------------+-------------+--------------+--------------+--------------+--------------+--------------+--------------+--------------+--------------+--------------+--------------+--------------+--------------+--------------+--------------+--------------+--------------+--------------+--------------+--------------+--------------+--------------+--------------+--------------+--------------+--------------+--------------+--------------+--------------+--------------+--------------+--------------+--------------+--------------+--------------+--------------+--------------+--------------+--------------+--------------+--------------+--------------+--------------+--------------+--------------+--------------+--------------+--------------+--------------+--------------+--------------+--------------+--------------+--------------+--------------+--------------+--------------+--------------+--------------+--------------+--------------+--------------+--------------+--------------+--------------+--------------+--------------+--------------+--------------+--------------+--------------+--------------+--------------+--------------+--------------+--------------+--------------+--------------+--------------+--------------+--------------+--------------+--------------+--------------+--------------+--------------+--------------+--------------+--------------+--------------+--------------+--------------+--------------+--------------+--------------+--------------+--------------+--------------+--------------+--------------+--------------+--------------+--------------+--------------+--------------+--------------+--------------+--------------+--------------+--------------+--------------+--------------+--------------+--------------+--------------+--------------+--------------+--------------+--------------+--------------+--------------+--------------+--------------+--------------+--------------+--------------+--------------+--------------+--------------+--------------+--------------+--------------+--------------+--------------+--------------+--------------+--------------+--------------+--------------+--------------+--------------+--------------+--------------+--------------+--------------+--------------+--------------+--------------+--------------+--------------+--------------+--------------+--------------+--------------+--------------+--------------+--------------+
|             Metric            | HWThread 0 | HWThread 1 | HWThread 2 | HWThread 3 | HWThread 4 | HWThread 5 | HWThread 6 | HWThread 7 | HWThread 8 | HWThread 9 | HWThread 10 | HWThread 11 | HWThread 12 | HWThread 13 | HWThread 14 | HWThread 15 | HWThread 16 | HWThread 17 | HWThread 18 | HWThread 19 | HWThread 20 | HWThread 21 | HWThread 22 | HWThread 23 | HWThread 24 | HWThread 25 | HWThread 26 | HWThread 27 | HWThread 28 | HWThread 29 | HWThread 30 | HWThread 31 | HWThread 32 | HWThread 33 | HWThread 34 | HWThread 35 | HWThread 36 | HWThread 37 | HWThread 38 | HWThread 39 | HWThread 40 | HWThread 41 | HWThread 42 | HWThread 43 | HWThread 44 | HWThread 45 | HWThread 46 | HWThread 47 | HWThread 48 | HWThread 49 | HWThread 50 | HWThread 51 | HWThread 52 | HWThread 53 | HWThread 54 | HWThread 55 | HWThread 56 | HWThread 57 | HWThread 58 | HWThread 59 | HWThread 60 | HWThread 61 | HWThread 62 | HWThread 63 | HWThread 64 | HWThread 65 | HWThread 66 | HWThread 67 | HWThread 68 | HWThread 69 | HWThread 70 | HWThread 71 | HWThread 72 | HWThread 73 | HWThread 74 | HWThread 75 | HWThread 76 | HWThread 77 | HWThread 78 | HWThread 79 | HWThread 80 | HWThread 81 | HWThread 82 | HWThread 83 | HWThread 84 | HWThread 85 | HWThread 86 | HWThread 87 | HWThread 88 | HWThread 89 | HWThread 90 | HWThread 91 | HWThread 92 | HWThread 93 | HWThread 94 | HWThread 95 | HWThread 96 | HWThread 97 | HWThread 98 | HWThread 99 | HWThread 100 | HWThread 101 | HWThread 102 | HWThread 103 | HWThread 104 | HWThread 105 | HWThread 106 | HWThread 107 | HWThread 108 | HWThread 109 | HWThread 110 | HWThread 111 | HWThread 112 | HWThread 113 | HWThread 114 | HWThread 115 | HWThread 116 | HWThread 117 | HWThread 118 | HWThread 119 | HWThread 120 | HWThread 121 | HWThread 122 | HWThread 123 | HWThread 124 | HWThread 125 | HWThread 126 | HWThread 127 | HWThread 128 | HWThread 129 | HWThread 130 | HWThread 131 | HWThread 132 | HWThread 133 | HWThread 134 | HWThread 135 | HWThread 136 | HWThread 137 | HWThread 138 | HWThread 139 | HWThread 140 | HWThread 141 | HWThread 142 | HWThread 143 | HWThread 144 | HWThread 145 | HWThread 146 | HWThread 147 | HWThread 148 | HWThread 149 | HWThread 150 | HWThread 151 | HWThread 152 | HWThread 153 | HWThread 154 | HWThread 155 | HWThread 156 | HWThread 157 | HWThread 158 | HWThread 159 | HWThread 160 | HWThread 161 | HWThread 162 | HWThread 163 | HWThread 164 | HWThread 165 | HWThread 166 | HWThread 167 | HWThread 168 | HWThread 169 | HWThread 170 | HWThread 171 | HWThread 172 | HWThread 173 | HWThread 174 | HWThread 175 | HWThread 176 | HWThread 177 | HWThread 178 | HWThread 179 | HWThread 180 | HWThread 181 | HWThread 182 | HWThread 183 | HWThread 184 | HWThread 185 | HWThread 186 | HWThread 187 | HWThread 188 | HWThread 189 | HWThread 190 | HWThread 191 | HWThread 192 | HWThread 193 | HWThread 194 | HWThread 195 | HWThread 196 | HWThread 197 | HWThread 198 | HWThread 199 | HWThread 200 | HWThread 201 | HWThread 202 | HWThread 203 | HWThread 204 | HWThread 205 | HWThread 206 | HWThread 207 | HWThread 208 | HWThread 209 | HWThread 210 | HWThread 211 | HWThread 212 | HWThread 213 | HWThread 214 | HWThread 215 | HWThread 216 | HWThread 217 | HWThread 218 | HWThread 219 | HWThread 220 | HWThread 221 | HWThread 222 | HWThread 223 | HWThread 224 | HWThread 225 | HWThread 226 | HWThread 227 | HWThread 228 | HWThread 229 | HWThread 230 | HWThread 231 | HWThread 232 | HWThread 233 | HWThread 234 | HWThread 235 | HWThread 236 | HWThread 237 | HWThread 238 | HWThread 239 | HWThread 240 | HWThread 241 | HWThread 242 | HWThread 243 | HWThread 244 | HWThread 245 | HWThread 246 | HWThread 247 | HWThread 248 | HWThread 249 | HWThread 250 | HWThread 251 | HWThread 252 | HWThread 253 | HWThread 254 | HWThread 255 |
+-------------------------------+------------+------------+------------+------------+------------+------------+------------+------------+------------+------------+-------------+-------------+-------------+-------------+-------------+-------------+-------------+-------------+-------------+-------------+-------------+-------------+-------------+-------------+-------------+-------------+-------------+-------------+-------------+-------------+-------------+-------------+-------------+-------------+-------------+-------------+-------------+-------------+-------------+-------------+-------------+-------------+-------------+-------------+-------------+-------------+-------------+-------------+-------------+-------------+-------------+-------------+-------------+-------------+-------------+-------------+-------------+-------------+-------------+-------------+-------------+-------------+-------------+-------------+-------------+-------------+-------------+-------------+-------------+-------------+-------------+-------------+-------------+-------------+-------------+-------------+-------------+-------------+-------------+-------------+-------------+-------------+-------------+-------------+-------------+-------------+-------------+-------------+-------------+-------------+-------------+-------------+-------------+-------------+-------------+-------------+-------------+-------------+-------------+-------------+--------------+--------------+--------------+--------------+--------------+--------------+--------------+--------------+--------------+--------------+--------------+--------------+--------------+--------------+--------------+--------------+--------------+--------------+--------------+--------------+--------------+--------------+--------------+--------------+--------------+--------------+--------------+--------------+--------------+--------------+--------------+--------------+--------------+--------------+--------------+--------------+--------------+--------------+--------------+--------------+--------------+--------------+--------------+--------------+--------------+--------------+--------------+--------------+--------------+--------------+--------------+--------------+--------------+--------------+--------------+--------------+--------------+--------------+--------------+--------------+--------------+--------------+--------------+--------------+--------------+--------------+--------------+--------------+--------------+--------------+--------------+--------------+--------------+--------------+--------------+--------------+--------------+--------------+--------------+--------------+--------------+--------------+--------------+--------------+--------------+--------------+--------------+--------------+--------------+--------------+--------------+--------------+--------------+--------------+--------------+--------------+--------------+--------------+--------------+--------------+--------------+--------------+--------------+--------------+--------------+--------------+--------------+--------------+--------------+--------------+--------------+--------------+--------------+--------------+--------------+--------------+--------------+--------------+--------------+--------------+--------------+--------------+--------------+--------------+--------------+--------------+--------------+--------------+--------------+--------------+--------------+--------------+--------------+--------------+--------------+--------------+--------------+--------------+--------------+--------------+--------------+--------------+--------------+--------------+--------------+--------------+--------------+--------------+--------------+--------------+--------------+--------------+--------------+--------------+--------------+--------------+
|      Runtime (RDTSC) [s]      |     1.8611 |     1.8609 |     1.8614 |     1.8610 |     1.8614 |     1.8620 |     1.8611 |     1.8620 |     1.8609 |     1.8611 |      1.8609 |      1.8610 |      1.8610 |      1.8611 |      1.8611 |      1.8611 |      1.8612 |      1.8611 |      1.8611 |      1.8616 |      1.8611 |      1.8611 |      1.8611 |      1.8611 |      1.8614 |      1.8614 |      1.8620 |      1.8611 |      1.8614 |      1.8614 |      1.8611 |      1.8609 |      1.8629 |      1.8622 |      1.8628 |      1.8622 |      1.8626 |      1.8611 |      1.8621 |      1.8628 |      1.8627 |      1.8611 |      1.8611 |      1.8611 |      1.8627 |      1.8620 |      1.8627 |      1.8628 |      1.8627 |      1.8610 |      1.8611 |      1.8611 |      1.8622 |      1.8611 |      1.8617 |      1.8610 |      1.8628 |      1.8628 |      1.8615 |      1.8610 |      1.8622 |      1.8629 |      1.8628 |      1.8611 |      1.8615 |      1.8611 |      1.8615 |      1.8615 |      1.8610 |      1.8610 |      1.8611 |      1.8611 |      1.8614 |      1.8626 |      1.8610 |      1.8628 |      1.8610 |      1.8633 |      1.8617 |      1.8610 |      1.8615 |      1.8611 |      1.8611 |      1.8617 |      1.8614 |      1.8611 |      1.8610 |      1.8609 |      1.8617 |      1.8632 |      1.8614 |      1.8609 |      1.8611 |      1.8611 |      1.8614 |      1.8611 |      1.8611 |      1.8615 |      1.8616 |      1.8612 |       1.8614 |       1.8610 |       1.8615 |       1.8616 |       1.8610 |       1.8611 |       1.8616 |       1.8610 |       1.8610 |       1.8614 |       1.8616 |       1.8616 |       1.8610 |       1.8611 |       1.8611 |       1.8610 |       1.8616 |       1.8614 |       1.8610 |       1.8613 |       1.8616 |       1.8610 |       1.8610 |       1.8611 |       1.8610 |       1.8620 |       1.8610 |       1.8615 |       1.8611 |       1.8610 |       1.8614 |       1.8617 |       1.8611 |       1.8617 |       1.8611 |       1.8611 |       1.8646 |       1.8611 |       1.8611 |       1.8614 |       1.8610 |       1.8612 |       1.8616 |       1.8614 |       1.8611 |       1.8609 |       1.8610 |       1.8615 |       1.8611 |       1.8616 |       1.8616 |       1.8615 |       1.8622 |       1.8610 |       1.8610 |       1.8620 |       1.8611 |       1.8609 |       1.8622 |       1.8610 |       1.8614 |       1.8614 |       1.8614 |       1.8615 |       1.8611 |       1.8616 |       1.8610 |       1.8610 |       1.8626 |       1.8615 |       1.8648 |       1.8621 |       1.8647 |       1.8611 |       1.8632 |       1.8609 |       1.8614 |       1.8610 |       1.8611 |       1.8611 |       1.8609 |       1.8614 |       1.8614 |       1.8614 |       1.8616 |       1.8616 |       1.8617 |       1.8610 |       1.8616 |       1.8609 |       1.8616 |       1.8610 |       1.8611 |       1.8610 |       1.8612 |       1.8610 |       1.8609 |       1.8616 |       1.8616 |       1.8610 |       1.8611 |       1.8611 |       1.8620 |       1.8617 |       1.8611 |       1.8614 |       1.8617 |       1.8612 |       1.8621 |       1.8615 |       1.8610 |       1.8620 |       1.8614 |       1.8611 |       1.8610 |       1.8611 |       1.8617 |       1.8620 |       1.8610 |       1.8610 |       1.8610 |       1.8610 |       1.8610 |       1.8611 |       1.8611 |       1.8616 |       1.8612 |       1.8615 |       1.8611 |       1.8610 |       1.8611 |       1.8611 |       1.8612 |       1.8611 |       1.8615 |       1.8611 |       1.8615 |       1.8614 |       1.8610 |       1.8611 |       1.8611 |       1.8610 |       1.8615 |       1.8614 |       1.8611 |       1.8611 |       1.8616 |       1.8616 |       1.8611 |       1.8610 |       1.8609 |       1.8609 |       1.8616 |       1.8615 |       1.8616 |       1.8609 |
|      Runtime unhalted [s]     |     1.6698 |     1.6694 |     1.6699 |     1.6698 |     1.6702 |     1.6707 |     1.6698 |     1.6703 |     1.6615 |     1.6611 |      1.6611 |      1.6615 |      1.6616 |      1.6611 |      1.6615 |      1.6611 |      1.6737 |      1.6735 |      1.6738 |      1.6741 |      1.6734 |      1.6731 |      1.6733 |      1.6738 |      1.6669 |      1.6667 |      1.6669 |      1.6671 |      1.6675 |      1.6663 |      1.6670 |      1.6659 |      1.6624 |      1.6623 |      1.6627 |      1.6626 |      1.6624 |      1.6616 |      1.6626 |      1.6626 |      1.6698 |      1.6688 |      1.6692 |      1.6691 |      1.6694 |      1.6697 |      1.6694 |      1.6694 |      1.6697 |      1.6692 |      1.6686 |      1.6691 |      1.6692 |      1.6693 |      1.6695 |      1.6688 |      1.6660 |      1.6660 |      1.6659 |      1.6652 |      1.6660 |      1.6667 |      1.6664 |      1.6652 |      1.6635 |      1.6628 |      1.6635 |      1.6634 |      1.6630 |      1.6628 |      1.6629 |      1.6628 |      1.6722 |      1.6722 |      1.6716 |      1.6723 |      1.6716 |      1.6723 |      1.6719 |      1.6716 |      1.6717 |      1.6701 |      1.6710 |      1.6715 |      1.6716 |      1.6709 |      1.6701 |      1.6710 |      1.6696 |      1.6696 |      1.6696 |      1.6692 |      1.6690 |      1.6693 |      1.6695 |      1.6688 |      1.6695 |      1.6695 |      1.6697 |      1.6689 |       1.6695 |       1.6689 |       1.6701 |       1.6700 |       1.6696 |       1.6687 |       1.6691 |       1.6688 |       1.6694 |       1.6692 |       1.6691 |       1.6691 |       1.6714 |       1.6713 |       1.6717 |       1.6719 |       1.6717 |       1.6719 |       1.6713 |       1.6721 |       1.6660 |       1.6654 |       1.6651 |       1.6650 |       1.6653 |       1.6657 |       1.6652 |       1.6659 |       1.6682 |       1.6679 |       1.6684 |       1.6683 |       1.6681 |       1.6686 |       1.6680 |       1.6683 |       1.6710 |       1.6698 |       1.6698 |       1.6706 |       1.6697 |       1.6699 |       1.6707 |       1.6706 |       1.6782 |       1.6780 |       1.6775 |       1.6778 |       1.6775 |       1.6778 |       1.6784 |       1.6778 |       1.6720 |       1.6721 |       1.6713 |       1.6727 |       1.6714 |       1.6713 |       1.6720 |       1.6713 |       1.6674 |       1.6676 |       1.6669 |       1.6674 |       1.6667 |       1.6673 |       1.6667 |       1.6669 |       1.6732 |       1.6724 |       1.6736 |       1.6730 |       1.6735 |       1.6727 |       1.6734 |       1.6726 |       1.6646 |       1.6644 |       1.6641 |       1.6648 |       1.6642 |       1.6647 |       1.6647 |       1.6647 |       1.6742 |       1.6741 |       1.6740 |       1.6740 |       1.6740 |       1.6736 |       1.6739 |       1.6736 |       1.6635 |       1.6636 |       1.6636 |       1.6637 |       1.6636 |       1.6639 |       1.6640 |       1.6637 |       1.6683 |       1.6679 |       1.6688 |       1.6690 |       1.6679 |       1.6690 |       1.6689 |       1.6685 |       1.6758 |       1.6758 |       1.6755 |       1.6758 |       1.6758 |       1.6754 |       1.6751 |       1.6752 |       1.6702 |       1.6703 |       1.6695 |       1.6695 |       1.6696 |       1.6705 |       1.6697 |       1.6706 |       1.6781 |       1.6785 |       1.6780 |       1.6782 |       1.6780 |       1.6780 |       1.6780 |       1.6781 |       1.6681 |       1.6676 |       1.6682 |       1.6678 |       1.6678 |       1.6681 |       1.6675 |       1.6678 |       1.6715 |       1.6713 |       1.6720 |       1.6720 |       1.6711 |       1.6715 |       1.6719 |       1.6721 |       1.6693 |       1.6689 |       1.6689 |       1.6693 |       1.6695 |       1.6691 |       1.6693 |       1.6692 |
|          Clock [MHz]          |  2413.7220 |  2414.3479 |  2414.2535 |  2414.0532 |  2413.9595 |  2414.0096 |  2413.6877 |  2414.0031 |  2402.1735 |  2402.0722 |   2402.4082 |   2401.8960 |   2402.3858 |   2402.0772 |   2402.4245 |   2402.1171 |   2419.6928 |   2420.0203 |   2419.6632 |   2419.7929 |   2419.1889 |   2419.4649 |   2419.9729 |   2419.5206 |   2409.9029 |   2409.7307 |   2409.3085 |   2410.1487 |   2410.0170 |   2410.5447 |   2410.1118 |   2410.2673 |   2401.5107 |   2401.5408 |   2402.0137 |   2402.1291 |   2401.4707 |   2401.9368 |   2402.0276 |   2401.9628 |   2412.2729 |   2412.5614 |   2413.0932 |   2413.0856 |   2411.7800 |   2412.5073 |   2411.8110 |   2411.7806 |   2412.1782 |   2413.0071 |   2412.8939 |   2412.9533 |   2412.5749 |   2413.1121 |   2412.8239 |   2412.6632 |   2407.6540 |   2407.6360 |   2408.4275 |   2408.1526 |   2407.7717 |   2407.8922 |   2407.4031 |   2408.1232 |   2404.3684 |   2403.6723 |   2403.9490 |   2403.9171 |   2404.0481 |   2403.6260 |   2403.9709 |   2403.6871 |   2416.9066 |   2415.7445 |   2416.7378 |   2415.7516 |   2416.7378 |   2415.6801 |   2416.4050 |   2416.4963 |   2415.8166 |   2416.4366 |   2415.9082 |   2415.7989 |   2416.0079 |   2415.4557 |   2416.4400 |   2415.8947 |   2413.1343 |   2411.9396 |   2413.1410 |   2413.2134 |   2412.8799 |   2413.2814 |   2412.6875 |   2412.3971 |   2413.4273 |   2413.6480 |   2413.1208 |   2413.5593 |    2413.3061 |    2413.5755 |    2413.7351 |    2413.6080 |    2413.7655 |    2413.5144 |    2413.3581 |    2413.5556 |    2413.9430 |    2413.4268 |    2413.3464 |    2413.3172 |    2416.8051 |    2416.8513 |    2416.9606 |    2416.9709 |    2417.0317 |    2417.1118 |    2416.7590 |    2416.8133 |    2407.5397 |    2407.7644 |    2407.4410 |    2406.8674 |    2407.7534 |    2406.6580 |    2407.2628 |    2407.6525 |    2411.7944 |    2410.9144 |    2411.2347 |    2411.2314 |    2411.5876 |    2411.7125 |    2410.9663 |    2411.8484 |    2413.8846 |    2414.6701 |    2414.7296 |    2414.6408 |    2414.7345 |    2415.0196 |    2414.6299 |    2414.6415 |    2426.1232 |    2425.6289 |    2425.8274 |    2426.6866 |    2426.9173 |    2426.8819 |    2425.8789 |    2426.7696 |    2417.1153 |    2417.5890 |    2416.6984 |    2417.0621 |    2417.3840 |    2418.0279 |    2417.1407 |    2417.0884 |    2409.8267 |    2410.3114 |    2410.0446 |    2410.3743 |    2410.1025 |    2409.8227 |    2410.2496 |    2409.6852 |    2417.1585 |    2417.5414 |    2417.5408 |    2417.3469 |    2417.5596 |    2418.0851 |    2417.5748 |    2417.5695 |    2407.4943 |    2407.0323 |    2407.6024 |    2406.8578 |    2407.7337 |    2406.9464 |    2406.8894 |    2406.8386 |    2419.8993 |    2419.8395 |    2419.4116 |    2420.0449 |    2419.4113 |    2419.5048 |    2419.4138 |    2419.7406 |    2406.5203 |    2406.8556 |    2406.3925 |    2406.3104 |    2406.3818 |    2406.7807 |    2406.6527 |    2406.8451 |    2411.9328 |    2411.8345 |    2411.2515 |    2412.3508 |    2412.0254 |    2412.1486 |    2411.8739 |    2412.2338 |    2422.2340 |    2423.0439 |    2422.3430 |    2422.3422 |    2422.6275 |    2422.9156 |    2422.6010 |    2422.9034 |    2415.5398 |    2414.9936 |    2414.6901 |    2415.3587 |    2415.5582 |    2415.1799 |    2415.6292 |    2415.2373 |    2426.8596 |    2426.5245 |    2427.7702 |    2427.7032 |    2427.7519 |    2427.9547 |    2427.3948 |    2427.1439 |    2411.5711 |    2411.0111 |    2411.1530 |    2411.1886 |    2411.0116 |    2410.8937 |    2410.7736 |    2411.1847 |    2416.7452 |    2416.7936 |    2416.5579 |    2416.6312 |    2417.0383 |    2416.7191 |    2416.5575 |    2416.6289 |    2412.8894 |    2413.5523 |    2413.5553 |    2412.9069 |    2413.1214 |    2413.3080 |    2413.4402 |    2413.2870 |
|              CPI              |     0.3776 |     0.3776 |     0.3777 |     0.3776 |     0.3777 |     0.3777 |     0.3775 |     0.3777 |     0.3758 |     0.3759 |      0.3759 |      0.3759 |      0.3758 |      0.3758 |      0.3759 |      0.3758 |      0.3784 |      0.3784 |      0.3784 |      0.3784 |      0.3783 |      0.3783 |      0.3783 |      0.3783 |      0.3770 |      0.3769 |      0.3771 |      0.3769 |      0.3770 |      0.3770 |      0.3769 |      0.3769 |      0.3762 |      0.3761 |      0.3763 |      0.3760 |      0.3761 |      0.3758 |      0.3760 |      0.3762 |      0.3775 |      0.3773 |      0.3773 |      0.3773 |      0.3775 |      0.3774 |      0.3774 |      0.3775 |      0.3776 |      0.3774 |      0.3774 |      0.3774 |      0.3775 |      0.3774 |      0.3775 |      0.3773 |      0.3768 |      0.3768 |      0.3766 |      0.3765 |      0.3767 |      0.3767 |      0.3768 |      0.3771 |      0.3759 |      0.3758 |      0.3760 |      0.3759 |      0.3757 |      0.3757 |      0.3758 |      0.3758 |      0.3777 |      0.3779 |      0.3777 |      0.3779 |      0.3776 |      0.3779 |      0.3778 |      0.3775 |      0.3776 |      0.3774 |      0.3776 |      0.3776 |      0.3775 |      0.3775 |      0.3775 |      0.3774 |      0.3770 |      0.3773 |      0.3771 |      0.3769 |      0.3769 |      0.3769 |      0.3771 |      0.3776 |      0.3774 |      0.3775 |      0.3776 |      0.3775 |       0.3775 |       0.3774 |       0.3776 |       0.3774 |       0.3773 |       0.3773 |       0.3776 |       0.3773 |       0.3772 |       0.3773 |       0.3773 |       0.3774 |       0.3778 |       0.3778 |       0.3779 |       0.3778 |       0.3779 |       0.3778 |       0.3778 |       0.3778 |       0.3764 |       0.3763 |       0.3764 |       0.3763 |       0.3762 |       0.3765 |       0.3763 |       0.3769 |       0.3765 |       0.3764 |       0.3767 |       0.3765 |       0.3764 |       0.3765 |       0.3766 |       0.3764 |       0.3776 |       0.3770 |       0.3772 |       0.3770 |       0.3769 |       0.3770 |       0.3771 |       0.3770 |       0.3786 |       0.3786 |       0.3787 |       0.3787 |       0.3786 |       0.3787 |       0.3787 |       0.3786 |       0.3774 |       0.3773 |       0.3774 |       0.3774 |       0.3773 |       0.3773 |       0.3776 |       0.3779 |       0.3764 |       0.3764 |       0.3765 |       0.3764 |       0.3763 |       0.3764 |       0.3764 |       0.3762 |       0.3777 |       0.3775 |       0.3782 |       0.3776 |       0.3780 |       0.3774 |       0.3777 |       0.3774 |       0.3759 |       0.3758 |       0.3760 |       0.3758 |       0.3758 |       0.3758 |       0.3760 |       0.3758 |       0.3778 |       0.3778 |       0.3780 |       0.3777 |       0.3778 |       0.3776 |       0.3780 |       0.3782 |       0.3757 |       0.3756 |       0.3758 |       0.3756 |       0.3756 |       0.3757 |       0.3758 |       0.3756 |       0.3765 |       0.3765 |       0.3769 |       0.3766 |       0.3765 |       0.3765 |       0.3767 |       0.3765 |       0.3783 |       0.3782 |       0.3783 |       0.3782 |       0.3782 |       0.3781 |       0.3782 |       0.3781 |       0.3770 |       0.3770 |       0.3770 |       0.3768 |       0.3768 |       0.3769 |       0.3770 |       0.3776 |       0.3788 |       0.3788 |       0.3789 |       0.3788 |       0.3787 |       0.3787 |       0.3788 |       0.3787 |       0.3765 |       0.3764 |       0.3767 |       0.3764 |       0.3765 |       0.3765 |       0.3764 |       0.3764 |       0.3777 |       0.3776 |       0.3779 |       0.3773 |       0.3776 |       0.3777 |       0.3779 |       0.3777 |       0.3767 |       0.3767 |       0.3769 |       0.3768 |       0.3768 |       0.3768 |       0.3770 |       0.3773 |
|    L2 bandwidth [MBytes/s]    | 36941.4598 | 36943.6707 | 36940.9323 | 36943.9800 | 36935.6571 | 36922.0894 | 36944.5508 | 36923.6388 | 36944.2462 | 36940.5182 |  36950.3189 |  36941.7521 |  36943.3383 |  36940.4522 |  36945.8203 |  36940.3781 |  36939.9899 |  36938.7219 |  36945.8989 |  36930.6034 |  36940.6721 |  36940.5743 |  36945.0202 |  36939.8004 |  36935.5937 |  36934.2726 |  36926.6713 |  36941.9974 |  36933.5767 |  36934.8478 |  36946.2489 |  36945.3573 |  36907.5613 |  36920.3803 |  36924.3415 |  36920.9990 |  36912.3246 |  36942.4615 |  36938.2751 |  36907.2295 |  36910.5581 |  36940.6887 |  36956.2208 |  36941.3650 |  36910.2674 |  36922.4781 |  36908.6462 |  36906.8516 |  36910.3203 |  36943.2916 |  36956.4819 |  36940.3686 |  36919.7313 |  36941.8859 |  36945.7410 |  36943.2055 |  36907.0379 |  36909.0566 |  36946.7838 |  36943.5933 |  36919.3995 |  36905.2324 |  36922.1876 |  36951.7701 |  36933.7535 |  36941.3013 |  36962.6490 |  36932.8172 |  36942.9133 |  36944.3926 |  36961.3901 |  36941.9932 |  36935.3992 |  36911.2690 |  36971.4691 |  36907.6823 |  36943.8538 |  36897.3977 |  36951.5987 |  36944.1374 |  36933.6965 |  36941.8520 |  36964.5431 |  36929.4460 |  36935.5937 |  36941.7709 |  36961.7852 |  36945.0372 |  36930.7696 |  36900.1465 |  36960.7823 |  36945.0967 |  36940.2576 |  36943.5094 |  36958.5755 |  36952.3752 |  36939.7669 |  36934.6570 |  36971.3251 |  36940.4939 |   36936.2719 |   36943.1621 |   36952.6687 |   36932.4719 |   36943.6064 |   36941.1928 |   36966.8681 |   36944.1189 |   36943.2189 |   36936.7786 |   36929.7187 |   36932.7945 |   36944.7908 |   36942.7408 |   36977.2123 |   36943.0841 |   36931.8266 |   36935.6479 |   36965.4185 |   36938.4908 |   36932.3924 |   36944.0563 |   36984.3960 |   36941.3222 |   36945.2907 |   36923.4339 |   36968.0574 |   36942.7207 |   36941.7785 |   36944.9904 |   36971.7011 |   36930.5449 |   36942.4548 |   36931.2734 |   36959.0024 |   36942.1562 |   36872.5562 |   36940.9627 |   36976.2448 |   36935.3410 |   36943.3394 |   36940.1050 |   36955.2315 |   36935.9281 |   36940.6689 |   36944.6879 |   36984.0178 |   36932.2776 |   36942.6681 |   36932.0604 |   36955.1758 |   36933.6343 |   36920.8060 |   36945.3464 |   36981.2038 |   36923.1364 |   36941.5576 |   36945.5463 |   36947.1653 |   36952.4082 |   36936.5128 |   36936.5471 |   36974.4373 |   36933.2906 |   36941.0818 |   36930.5344 |   36963.1141 |   36944.4799 |   36911.5346 |   36934.0023 |   36905.9708 |   36921.1033 |   36870.2263 |   36940.5274 |   36898.4290 |   36945.5715 |   36934.9679 |   36943.1604 |   36976.6201 |   36940.8106 |   36944.9127 |   36935.4890 |   36957.2874 |   36934.9296 |   36931.2631 |   36931.6863 |   36965.9410 |   36943.3142 |   36931.3991 |   36944.3837 |   36957.2933 |   36948.4437 |   36942.8451 |   36945.0766 |   36975.7207 |   36943.9906 |   36944.7369 |   36932.2072 |   36956.6309 |   36943.0550 |   36941.1492 |   36940.5646 |   36962.8795 |   36929.6973 |   36941.7063 |   36935.2074 |   36955.3928 |   36939.5987 |   36921.9308 |   36932.5778 |   36985.1380 |   36923.6692 |   36935.5035 |   36942.6046 |   36970.0698 |   36940.6940 |   36930.1322 |   36923.9111 |   36981.3284 |   36944.9177 |   36944.6823 |   36944.4483 |   36972.6200 |   36955.2162 |   36937.2063 |   36931.7789 |   36976.0049 |   36931.6746 |   36940.3211 |   36944.7273 |   36963.7842 |   36940.9915 |   36940.4438 |   36941.7774 |   36968.5700 |   36942.2714 |   36933.7894 |   36935.8013 |   36942.3275 |   36942.9485 |   36940.6426 |   36944.3490 |   36963.7286 |   36935.2367 |   36941.0049 |   36941.4863 |   36953.7860 |   36930.3083 |   36940.4335 |   36942.7718 |   36984.7255 |   36943.7845 |   36932.1413 |   36932.4283 |   36963.4186 |   36951.3216 |
|    L2 data volume [GBytes]    |    68.7529 |    68.7497 |    68.7614 |    68.7512 |    68.7516 |    68.7496 |    68.7585 |    68.7530 |    68.7507 |    68.7508 |     68.7619 |     68.7484 |     68.7506 |     68.7502 |     68.7613 |     68.7501 |     68.7522 |     68.7481 |     68.7597 |     68.7486 |     68.7490 |     68.7487 |     68.7597 |     68.7478 |     68.7514 |     68.7489 |     68.7590 |     68.7517 |     68.7491 |     68.7498 |     68.7619 |     68.7526 |     68.7535 |     68.7514 |     68.7828 |     68.7554 |     68.7519 |     68.7530 |     68.7822 |     68.7524 |     68.7515 |     68.7514 |     68.7788 |     68.7512 |     68.7512 |     68.7512 |     68.7494 |     68.7517 |     68.7515 |     68.7519 |     68.7809 |     68.7510 |     68.7503 |     68.7530 |     68.7812 |     68.7522 |     68.7521 |     68.7536 |     68.7765 |     68.7521 |     68.7512 |     68.7517 |     68.7777 |     68.7705 |     68.7523 |     68.7519 |     68.8042 |     68.7511 |     68.7512 |     68.7520 |     68.7900 |     68.7524 |     68.7516 |     68.7520 |     68.8039 |     68.7510 |     68.7525 |     68.7499 |     68.7914 |     68.7515 |     68.7527 |     68.7510 |     68.7960 |     68.7508 |     68.7514 |     68.7523 |     68.7843 |     68.7521 |     68.7528 |     68.7538 |     68.7999 |     68.7521 |     68.7504 |     68.7538 |     68.7951 |     68.7732 |     68.7494 |     68.7521 |     68.8242 |     68.7526 |      68.7535 |      68.7510 |      68.7864 |      68.7517 |      68.7524 |      68.7518 |      68.8172 |      68.7512 |      68.7516 |      68.7533 |      68.7480 |      68.7526 |      68.7527 |      68.7528 |      68.8196 |      68.7508 |      68.7508 |      68.7514 |      68.7914 |      68.7523 |      68.7526 |      68.7527 |      68.8278 |      68.7526 |      68.7539 |      68.7523 |      68.7962 |      68.7674 |      68.7536 |      68.7534 |      68.8185 |      68.7522 |      68.7533 |      68.7532 |      68.7838 |      68.7517 |      68.7524 |      68.7512 |      68.8169 |      68.7513 |      68.7513 |      68.7520 |      68.7967 |      68.7528 |      68.7514 |      68.7516 |      68.8254 |      68.7509 |      68.7524 |      68.7526 |      68.7969 |      68.7532 |      68.7534 |      68.7537 |      68.8225 |      68.7514 |      68.7532 |      68.7534 |      68.8018 |      68.7674 |      68.7530 |      68.7530 |      68.8236 |      68.7516 |      68.7512 |      68.7514 |      68.7898 |      68.7524 |      68.7524 |      68.7512 |      68.8212 |      68.7505 |      68.7516 |      68.7510 |      68.7506 |      68.7533 |      68.7515 |      68.7523 |      68.8181 |      68.7509 |      68.7522 |      68.7524 |      68.7930 |      68.7512 |      68.7514 |      68.7511 |      68.8178 |      68.7514 |      68.7529 |      68.7509 |      68.7998 |      68.7608 |      68.7537 |      68.7531 |      68.8182 |      68.7511 |      68.7517 |      68.7530 |      68.7985 |      68.7507 |      68.7516 |      68.7505 |      68.8245 |      68.7512 |      68.7514 |      68.7512 |      68.7997 |      68.7502 |      68.7525 |      68.7514 |      68.8291 |      68.7519 |      68.7524 |      68.7523 |      68.8012 |      68.7514 |      68.7524 |      68.7530 |      68.8207 |      68.7531 |      68.7526 |      68.7518 |      68.8058 |      68.7756 |      68.7448 |      68.7514 |      68.8188 |      68.7496 |      68.7506 |      68.7525 |      68.7941 |      68.7523 |      68.7517 |      68.7529 |      68.8182 |      68.7515 |      68.7511 |      68.7515 |      68.7494 |      68.7529 |      68.7508 |      68.7518 |      68.8098 |      68.7504 |      68.7517 |      68.7526 |      68.7916 |      68.7510 |      68.7509 |      68.7507 |      68.8267 |      68.7498 |      68.7514 |      68.7515 |      68.8102 |      68.7637 |
| Prefetch bandwidth [MBytes/s] | 79485.0185 | 77614.4697 | 78501.2818 | 76096.3353 | 78805.6132 | 78688.5719 | 74785.3504 | 78804.8921 | 78314.3224 | 79071.5369 |  78016.2596 |  77746.3497 |  77968.4961 |  79167.4211 |  78452.4926 |  77874.6888 |  78042.2806 |  78069.4231 |  78588.3979 |  78821.7207 |  78459.5745 |  77207.6260 |  78761.8665 |  78893.4745 |  78583.5837 |  77314.3424 |  77494.1476 |  78282.8382 |  78153.7595 |  78631.5795 |  77765.0959 |  77260.3575 |  78628.7550 |  78968.5224 |  78051.1025 |  79203.1403 |  78669.3168 |  79019.9604 |  78104.5162 |  79282.5683 |  78665.4805 |  77951.2662 |  78045.5916 |  78684.8388 |  78156.4657 |  78630.7240 |  78295.5250 |  78885.6529 |  77947.8929 |  76799.2365 |  78216.9915 |  78041.4006 |  78036.1613 |  78912.2982 |  78511.0661 |  78907.4402 |  78471.7577 |  74408.5756 |  78460.9933 |  79109.0128 |  76459.5301 |  78964.3040 |  78107.5374 |  53416.2898 |  77865.5516 |  76748.8788 |  77630.5538 |  78430.3735 |  76700.2280 |  77510.9006 |  77929.0517 |  77139.1592 |  78520.3395 |  77791.6375 |  76013.5325 |  78715.7974 |  77903.6131 |  77808.6549 |  78584.2937 |  78024.7765 |  77242.9110 |  78404.6176 |  76344.6114 |  77382.2798 |  78730.3304 |  78919.3304 |  77419.6488 |  78251.4205 |  78799.3219 |  77604.4898 |  72403.5222 |  77809.7196 |  78079.5089 |  75610.6030 |  77771.5670 |  54884.7218 |  72507.6295 |  73388.1070 |  70226.9456 |  72781.4650 |   71382.9703 |   70819.5089 |   72470.7065 |   74067.8886 |   77989.8302 |   78709.3242 |   77397.2357 |   76704.1041 |   77562.7634 |   78308.5659 |   78496.2626 |   78443.2919 |   76624.3795 |   77611.0427 |   77709.9652 |   78546.9771 |   77712.7067 |   77126.6112 |   71932.0138 |   78254.2196 |   77336.9647 |   78054.4171 |   73103.1905 |   78801.2880 |   78343.9809 |   78463.2636 |   78629.3211 |   52499.3094 |   67847.3920 |   77495.2635 |   77329.4438 |   78544.0451 |   75389.5738 |   78033.7045 |   76332.7695 |   75109.0060 |   78022.9916 |   77700.4789 |   72543.7827 |   78480.0053 |   76579.1596 |   75900.2673 |   77453.5239 |   78505.8364 |   77279.3576 |   73467.6345 |   76701.5385 |   77651.9398 |   74137.8549 |   77829.8191 |   77738.5667 |   77038.3995 |   78508.3338 |   76583.3647 |   77861.2239 |   77511.9830 |   73579.5411 |   78022.8562 |   77546.4370 |   56384.2940 |   76778.0499 |   78420.6316 |   77686.1063 |   77686.2802 |   77159.9754 |   71207.7179 |   72612.6559 |   75549.7927 |   78269.2994 |   78604.0033 |   78264.1086 |   78140.4065 |   78111.3964 |   78658.4122 |   73493.6613 |   75478.3356 |   79005.2841 |   78449.5795 |   78368.9435 |   74754.1156 |   78166.7912 |   76461.6910 |   78651.4023 |   78901.4207 |   78557.7950 |   78347.0427 |   78369.0202 |   78566.1699 |   79458.4210 |   73956.3466 |   78444.5663 |   54034.0227 |   77144.3193 |   76458.9861 |   76312.7922 |   77014.7027 |   76785.3286 |   77850.0117 |   78148.3455 |   76953.1400 |   78210.3431 |   76372.3709 |   77676.7222 |   77960.2649 |   70600.7371 |   78351.6502 |   74860.1131 |   76137.1366 |   76815.1227 |   79373.4812 |   77390.6590 |   76063.7938 |   78303.7887 |   77523.5393 |   78011.5938 |   78802.7562 |   76708.0542 |   76250.7192 |   77812.2678 |   77342.3982 |   78199.1574 |   74854.8027 |   73034.3462 |   55157.4877 |   76971.6500 |   77626.4881 |   74528.7810 |   74457.9556 |   77858.7930 |   77758.7434 |   71545.9685 |   78604.8371 |   78015.6194 |   77717.3684 |   78166.3275 |   77643.6897 |   78639.2081 |   79084.1882 |   73757.3767 |   73434.0933 |   76939.2370 |   70981.7707 |   69448.3659 |   78355.7893 |   77455.6324 |   74624.6504 |   78299.3514 |   76550.7163 |   73629.6302 |   74413.1550 |   77782.9376 |   73756.2970 |   78296.1464 |   76991.1665 |   78228.0897 |   54019.3570 |
| Prefetch data volume [GBytes] |   147.9320 |   144.4353 |   146.1213 |   141.6122 |   146.6877 |   146.5196 |   139.1850 |   146.7372 |   145.7375 |   147.1619 |    145.1827 |    144.6856 |    145.0973 |    147.3392 |    146.0111 |    144.9334 |    145.2512 |    145.2980 |    146.2602 |    146.7315 |    146.0184 |    143.6883 |    146.5866 |    146.8268 |    146.2743 |    143.9117 |    144.2973 |    145.6899 |    145.4774 |    146.3633 |    144.7313 |    143.7758 |    146.4740 |    147.0514 |    145.3940 |    147.4945 |    146.5274 |    147.0628 |    145.4372 |    147.6911 |    146.5263 |    145.0774 |    145.2498 |    146.4395 |    145.5787 |    146.4136 |    145.8404 |    146.9517 |    145.1907 |    142.9242 |    145.5722 |    145.2455 |    145.3156 |    146.8647 |    146.1626 |    146.8486 |    146.1808 |    138.6071 |    146.0553 |    147.2220 |    142.3828 |    147.1046 |    145.4968 |     99.4124 |    144.9469 |    142.8383 |    144.5055 |    145.9996 |    142.7400 |    144.2446 |    145.0361 |    143.5631 |    146.1578 |    144.8970 |    141.4612 |    146.6305 |    144.9786 |    144.9787 |    146.2975 |    145.2008 |    143.7890 |    145.9158 |    142.0876 |    144.0611 |    146.5475 |    146.8766 |    144.0746 |    145.6204 |    146.6982 |    144.5957 |    134.7740 |    144.7982 |    145.3156 |    140.7153 |    144.7649 |    102.1477 |    134.9455 |    136.6085 |    130.7314 |    135.4588 |     132.8728 |     131.7948 |     134.9023 |     137.8812 |     145.1398 |     146.4871 |     144.0819 |     142.7427 |     144.3448 |     145.7619 |     146.1279 |     146.0268 |     142.5948 |     144.4390 |     144.6287 |     146.1753 |     144.6669 |     143.5622 |     133.8631 |     145.6518 |     143.9690 |     145.2589 |     136.0447 |     146.6595 |     145.7953 |     146.1005 |     146.3263 |      97.7253 |     126.2731 |     144.2161 |     143.9397 |     146.2225 |     140.3070 |     145.2717 |     142.0617 |     139.7826 |     145.4813 |     144.6092 |     135.0120 |     146.0824 |     142.5133 |     141.2637 |     144.1892 |     146.1314 |     143.8270 |     136.7183 |     142.7377 |     144.5522 |     137.9748 |     144.8877 |     144.7204 |     143.4096 |     146.1971 |     142.5183 |     144.9007 |     144.3283 |     136.9413 |     145.1958 |     144.4044 |     104.9295 |     142.9133 |     145.9708 |     144.6035 |     144.6136 |     143.6028 |     132.5631 |     135.1349 |     140.5955 |     145.7864 |     146.3182 |     145.9446 |     145.5047 |     145.6537 |     146.3932 |     136.9363 |     140.4604 |     147.0620 |     145.9969 |     145.8544 |     139.1256 |     145.4636 |     142.3272 |     146.4031 |     146.8683 |     146.2436 |     145.8489 |     145.8960 |     146.2113 |     147.9228 |     137.6276 |     146.0326 |     100.5570 |     143.5719 |     142.2867 |     142.0312 |     143.3209 |     142.8924 |     144.9255 |     145.4810 |     143.2090 |     145.5582 |     142.1375 |     144.6333 |     145.1368 |     131.3934 |     145.8438 |     139.3668 |     141.7028 |     143.0378 |     147.7567 |     144.0236 |     141.6308 |     145.7562 |     144.2756 |     145.1793 |     146.6620 |     142.8065 |     141.9803 |     144.8054 |     143.9313 |     145.5255 |     139.3011 |     135.9165 |     102.6510 |     143.2540 |     144.5078 |     138.7111 |     138.6060 |     144.9050 |     144.7056 |     133.1558 |     146.2945 |     145.1988 |     144.6410 |     145.5091 |     144.4989 |     146.3844 |     147.2056 |     137.2619 |     136.6650 |     143.1928 |     132.0940 |     129.2815 |     145.8497 |     144.1543 |     138.8855 |     145.7588 |     142.5100 |     137.0342 |     138.4833 |     144.7501 |     137.2552 |     145.7529 |     143.3228 |     145.6275 |     100.5261 |
+-------------------------------+------------+------------+------------+------------+------------+------------+------------+------------+------------+------------+-------------+-------------+-------------+-------------+-------------+-------------+-------------+-------------+-------------+-------------+-------------+-------------+-------------+-------------+-------------+-------------+-------------+-------------+-------------+-------------+-------------+-------------+-------------+-------------+-------------+-------------+-------------+-------------+-------------+-------------+-------------+-------------+-------------+-------------+-------------+-------------+-------------+-------------+-------------+-------------+-------------+-------------+-------------+-------------+-------------+-------------+-------------+-------------+-------------+-------------+-------------+-------------+-------------+-------------+-------------+-------------+-------------+-------------+-------------+-------------+-------------+-------------+-------------+-------------+-------------+-------------+-------------+-------------+-------------+-------------+-------------+-------------+-------------+-------------+-------------+-------------+-------------+-------------+-------------+-------------+-------------+-------------+-------------+-------------+-------------+-------------+-------------+-------------+-------------+-------------+--------------+--------------+--------------+--------------+--------------+--------------+--------------+--------------+--------------+--------------+--------------+--------------+--------------+--------------+--------------+--------------+--------------+--------------+--------------+--------------+--------------+--------------+--------------+--------------+--------------+--------------+--------------+--------------+--------------+--------------+--------------+--------------+--------------+--------------+--------------+--------------+--------------+--------------+--------------+--------------+--------------+--------------+--------------+--------------+--------------+--------------+--------------+--------------+--------------+--------------+--------------+--------------+--------------+--------------+--------------+--------------+--------------+--------------+--------------+--------------+--------------+--------------+--------------+--------------+--------------+--------------+--------------+--------------+--------------+--------------+--------------+--------------+--------------+--------------+--------------+--------------+--------------+--------------+--------------+--------------+--------------+--------------+--------------+--------------+--------------+--------------+--------------+--------------+--------------+--------------+--------------+--------------+--------------+--------------+--------------+--------------+--------------+--------------+--------------+--------------+--------------+--------------+--------------+--------------+--------------+--------------+--------------+--------------+--------------+--------------+--------------+--------------+--------------+--------------+--------------+--------------+--------------+--------------+--------------+--------------+--------------+--------------+--------------+--------------+--------------+--------------+--------------+--------------+--------------+--------------+--------------+--------------+--------------+--------------+--------------+--------------+--------------+--------------+--------------+--------------+--------------+--------------+--------------+--------------+--------------+--------------+--------------+--------------+--------------+--------------+--------------+--------------+--------------+--------------+--------------+--------------+
+------------------------------------+--------------+------------+------------+------------+
|               Metric               |      Sum     |     Min    |     Max    |     Avg    |
+------------------------------------+--------------+------------+------------+------------+
|      Runtime (RDTSC) [s] STAT      |     476.5288 |     1.8609 |     1.8648 |     1.8614 |
|      Runtime unhalted [s] STAT     |     427.3679 |     1.6611 |     1.6785 |     1.6694 |
|          Clock [MHz] STAT          |  617839.9960 |  2401.4707 |  2427.9547 |  2413.4375 |
|              CPI STAT              |      96.5479 |     0.3756 |     0.3789 |     0.3771 |
|    L2 bandwidth [MBytes/s] STAT    | 9.456830e+06 | 36870.2263 | 36985.1380 | 36940.7413 |
|    L2 data volume [GBytes] STAT    |   17603.2998 |    68.7448 |    68.8291 |    68.7629 |
| Prefetch bandwidth [MBytes/s] STAT | 1.958251e+07 | 52499.3094 | 79485.0185 | 76494.1696 |
| Prefetch data volume [GBytes] STAT |   36451.7345 |    97.7253 |   147.9320 |   142.3896 |
+------------------------------------+--------------+------------+------------+------------+
