--------------------------------------------------------------------------------
CPU name:	AMD EPYC 9755 128-Core Processor               
CPU type:	AMD K1A (Zen5) architecture
CPU clock:	2.70 GHz
--------------------------------------------------------------------------------
Region bench, Group 1: L2BW
+-------------------+------------+------------+------------+------------+------------+------------+------------+------------+------------+------------+-------------+-------------+-------------+-------------+-------------+-------------+-------------+-------------+-------------+-------------+-------------+-------------+-------------+-------------+-------------+-------------+-------------+-------------+-------------+-------------+-------------+-------------+-------------+-------------+-------------+-------------+-------------+-------------+-------------+-------------+-------------+-------------+-------------+-------------+-------------+-------------+-------------+-------------+-------------+-------------+-------------+-------------+-------------+-------------+-------------+-------------+-------------+-------------+-------------+-------------+-------------+-------------+-------------+-------------+-------------+-------------+-------------+-------------+-------------+-------------+-------------+-------------+-------------+-------------+-------------+-------------+-------------+-------------+-------------+-------------+-------------+-------------+-------------+-------------+-------------+-------------+-------------+-------------+-------------+-------------+-------------+-------------+-------------+-------------+-------------+-------------+-------------+-------------+-------------+-------------+--------------+--------------+--------------+--------------+--------------+--------------+--------------+--------------+--------------+--------------+--------------+--------------+--------------+--------------+--------------+--------------+--------------+--------------+--------------+--------------+--------------+--------------+--------------+--------------+--------------+--------------+--------------+--------------+--------------+--------------+--------------+--------------+--------------+--------------+--------------+--------------+--------------+--------------+--------------+--------------+--------------+--------------+--------------+--------------+--------------+--------------+--------------+--------------+--------------+--------------+--------------+--------------+--------------+--------------+--------------+--------------+--------------+--------------+--------------+--------------+--------------+--------------+--------------+--------------+--------------+--------------+--------------+--------------+--------------+--------------+--------------+--------------+--------------+--------------+--------------+--------------+--------------+--------------+--------------+--------------+--------------+--------------+--------------+--------------+--------------+--------------+--------------+--------------+--------------+--------------+--------------+--------------+--------------+--------------+--------------+--------------+--------------+--------------+--------------+--------------+--------------+--------------+--------------+--------------+--------------+--------------+--------------+--------------+--------------+--------------+--------------+--------------+--------------+--------------+--------------+--------------+--------------+--------------+--------------+--------------+--------------+--------------+--------------+--------------+--------------+--------------+--------------+--------------+--------------+--------------+--------------+--------------+--------------+--------------+--------------+--------------+--------------+--------------+--------------+--------------+--------------+--------------+--------------+--------------+--------------+--------------+--------------+--------------+--------------+--------------+--------------+--------------+--------------+--------------+--------------+--------------+
|    Region Info    | HWThread 0 | HWThread 1 | HWThread 2 | HWThread 3 | HWThread 4 | HWThread 5 | HWThread 6 | HWThread 7 | HWThread 8 | HWThread 9 | HWThread 10 | HWThread 11 | HWThread 12 | HWThread 13 | HWThread 14 | HWThread 15 | HWThread 16 | HWThread 17 | HWThread 18 | HWThread 19 | HWThread 20 | HWThread 21 | HWThread 22 | HWThread 23 | HWThread 24 | HWThread 25 | HWThread 26 | HWThread 27 | HWThread 28 | HWThread 29 | HWThread 30 | HWThread 31 | HWThread 32 | HWThread 33 | HWThread 34 | HWThread 35 | HWThread 36 | HWThread 37 | HWThread 38 | HWThread 39 | HWThread 40 | HWThread 41 | HWThread 42 | HWThread 43 | HWThread 44 | HWThread 45 | HWThread 46 | HWThread 47 | HWThread 48 | HWThread 49 | HWThread 50 | HWThread 51 | HWThread 52 | HWThread 53 | HWThread 54 | HWThread 55 | HWThread 56 | HWThread 57 | HWThread 58 | HWThread 59 | HWThread 60 | HWThread 61 | HWThread 62 | HWThread 63 | HWThread 64 | HWThread 65 | HWThread 66 | HWThread 67 | HWThread 68 | HWThread 69 | HWThread 70 | HWThread 71 | HWThread 72 | HWThread 73 | HWThread 74 | HWThread 75 | HWThread 76 | HWThread 77 | HWThread 78 | HWThread 79 | HWThread 80 | HWThread 81 | HWThread 82 | HWThread 83 | HWThread 84 | HWThread 85 | HWThread 86 | HWThread 87 | HWThread 88 | HWThread 89 | HWThread 90 | HWThread 91 | HWThread 92 | HWThread 93 | HWThread 94 | HWThread 95 | HWThread 96 | HWThread 97 | HWThread 98 | HWThread 99 | HWThread 100 | HWThread 101 | HWThread 102 | HWThread 103 | HWThread 104 | HWThread 105 | HWThread 106 | HWThread 107 | HWThread 108 | HWThread 109 | HWThread 110 | HWThread 111 | HWThread 112 | HWThread 113 | HWThread 114 | HWThread 115 | HWThread 116 | HWThread 117 | HWThread 118 | HWThread 119 | HWThread 120 | HWThread 121 | HWThread 122 | HWThread 123 | HWThread 124 | HWThread 125 | HWThread 126 | HWThread 127 | HWThread 128 | HWThread 129 | HWThread 130 | HWThread 131 | HWThread 132 | HWThread 133 | HWThread 134 | HWThread 135 | HWThread 136 | HWThread 137 | HWThread 138 | HWThread 139 | HWThread 140 | HWThread 141 | HWThread 142 | HWThread 143 | HWThread 144 | HWThread 145 | HWThread 146 | HWThread 147 | HWThread 148 | HWThread 149 | HWThread 150 | HWThread 151 | HWThread 152 | HWThread 153 | HWThread 154 | HWThread 155 | HWThread 156 | HWThread 157 | HWThread 158 | HWThread 159 | HWThread 160 | HWThread 161 | HWThread 162 | HWThread 163 | HWThread 164 | HWThread 165 | HWThread 166 | HWThread 167 | HWThread 168 | HWThread 169 | HWThread 170 | HWThread 171 | HWThread 172 | HWThread 173 | HWThread 174 | HWThread 175 | HWThread 176 | HWThread 177 | HWThread 178 | HWThread 179 | HWThread 180 | HWThread 181 | HWThread 182 | HWThread 183 | HWThread 184 | HWThread 185 | HWThread 186 | HWThread 187 | HWThread 188 | HWThread 189 | HWThread 190 | HWThread 191 | HWThread 192 | HWThread 193 | HWThread 194 | HWThread 195 | HWThread 196 | HWThread 197 | HWThread 198 | HWThread 199 | HWThread 200 | HWThread 201 | HWThread 202 | HWThread 203 | HWThread 204 | HWThread 205 | HWThread 206 | HWThread 207 | HWThread 208 | HWThread 209 | HWThread 210 | HWThread 211 | HWThread 212 | HWThread 213 | HWThread 214 | HWThread 215 | HWThread 216 | HWThread 217 | HWThread 218 | HWThread 219 | HWThread 220 | HWThread 221 | HWThread 222 | HWThread 223 | HWThread 224 | HWThread 225 | HWThread 226 | HWThread 227 | HWThread 228 | HWThread 229 | HWThread 230 | HWThread 231 | HWThread 232 | HWThread 233 | HWThread 234 | HWThread 235 | HWThread 236 | HWThread 237 | HWThread 238 | HWThread 239 | HWThread 240 | HWThread 241 | HWThread 242 | HWThread 243 | HWThread 244 | HWThread 245 | HWThread 246 | HWThread 247 | HWThread 248 | HWThread 249 | HWThread 250 | HWThread 251 | HWThread 252 | HWThread 253 | HWThread 254 | HWThread 255 |
+-------------------+------------+------------+------------+------------+------------+------------+------------+------------+------------+------------+-------------+-------------+-------------+-------------+-------------+-------------+-------------+-------------+-------------+-------------+-------------+-------------+-------------+-------------+-------------+-------------+-------------+-------------+-------------+-------------+-------------+-------------+-------------+-------------+-------------+-------------+-------------+-------------+-------------+-------------+-------------+-------------+-------------+-------------+-------------+-------------+-------------+-------------+-------------+-------------+-------------+-------------+-------------+-------------+-------------+-------------+-------------+-------------+-------------+-------------+-------------+-------------+-------------+-------------+-------------+-------------+-------------+-------------+-------------+-------------+-------------+-------------+-------------+-------------+-------------+-------------+-------------+-------------+-------------+-------------+-------------+-------------+-------------+-------------+-------------+-------------+-------------+-------------+-------------+-------------+-------------+-------------+-------------+-------------+-------------+-------------+-------------+-------------+-------------+-------------+--------------+--------------+--------------+--------------+--------------+--------------+--------------+--------------+--------------+--------------+--------------+--------------+--------------+--------------+--------------+--------------+--------------+--------------+--------------+--------------+--------------+--------------+--------------+--------------+--------------+--------------+--------------+--------------+--------------+--------------+--------------+--------------+--------------+--------------+--------------+--------------+--------------+--------------+--------------+--------------+--------------+--------------+--------------+--------------+--------------+--------------+--------------+--------------+--------------+--------------+--------------+--------------+--------------+--------------+--------------+--------------+--------------+--------------+--------------+--------------+--------------+--------------+--------------+--------------+--------------+--------------+--------------+--------------+--------------+--------------+--------------+--------------+--------------+--------------+--------------+--------------+--------------+--------------+--------------+--------------+--------------+--------------+--------------+--------------+--------------+--------------+--------------+--------------+--------------+--------------+--------------+--------------+--------------+--------------+--------------+--------------+--------------+--------------+--------------+--------------+--------------+--------------+--------------+--------------+--------------+--------------+--------------+--------------+--------------+--------------+--------------+--------------+--------------+--------------+--------------+--------------+--------------+--------------+--------------+--------------+--------------+--------------+--------------+--------------+--------------+--------------+--------------+--------------+--------------+--------------+--------------+--------------+--------------+--------------+--------------+--------------+--------------+--------------+--------------+--------------+--------------+--------------+--------------+--------------+--------------+--------------+--------------+--------------+--------------+--------------+--------------+--------------+--------------+--------------+--------------+--------------+
| RDTSC Runtime [s] |   2.866670 |   2.866418 |   2.866700 |   2.866443 |   2.866228 |   2.866215 |   2.866325 |   2.866690 |   2.866488 |   2.866316 |    2.866695 |    2.866375 |    2.866308 |    2.866307 |    2.870065 |    2.866322 |    2.866799 |    2.867204 |    2.866746 |    2.866314 |    2.866314 |    2.866745 |    2.866268 |    2.867117 |    2.867894 |    2.868326 |    2.867294 |    2.867124 |    2.866256 |    2.866215 |    2.866258 |    2.867479 |    2.867146 |    2.866319 |    2.866384 |    2.866254 |    2.867146 |    2.866252 |    2.867116 |    2.866213 |    2.867507 |    2.866256 |    2.866729 |    2.866411 |    2.866442 |    2.866711 |    2.866330 |    2.867945 |    2.867158 |    2.866477 |    2.866327 |    2.866493 |    2.866314 |    2.867158 |    2.866771 |    2.866494 |    2.866211 |    2.866213 |    2.866214 |    2.866726 |    2.866214 |    2.866271 |    2.866218 |    2.866316 |    2.866230 |    2.866761 |    2.866298 |    2.866229 |    2.866853 |    2.866761 |    2.866449 |    2.866227 |    2.866312 |    2.866209 |    2.866265 |    2.866414 |    2.866717 |    2.866887 |    2.866234 |    2.866505 |    2.867850 |    2.866729 |    2.866238 |    2.866857 |    2.866314 |    2.866446 |    2.866454 |    2.866303 |    2.866320 |    2.866227 |    2.866721 |    2.866815 |    2.866815 |    2.866213 |    2.866722 |    2.866219 |    2.866429 |    2.866669 |    2.866753 |    2.866214 |     2.866213 |     2.867132 |     2.866746 |     2.866425 |     2.867113 |     2.866737 |     2.866213 |     2.866229 |     2.866726 |     2.866442 |     2.866229 |     2.866291 |     2.866208 |     2.866671 |     2.866729 |     2.866222 |     2.866248 |     2.866265 |     2.866699 |     2.866202 |     2.866780 |     2.867116 |     2.866446 |     2.867144 |     2.866233 |     2.866439 |     2.866776 |     2.866424 |     2.866668 |     2.866799 |     2.866799 |     2.866446 |     2.866677 |     2.866370 |     2.866693 |     2.866798 |     2.867776 |     2.866765 |     2.866746 |     2.866723 |     2.866777 |     2.866795 |     2.866775 |     2.866301 |     2.870067 |     2.866770 |     2.869978 |     2.866667 |     2.867132 |     2.867131 |     2.866315 |     2.867193 |     2.866791 |     2.866317 |     2.866957 |     2.866397 |     2.866210 |     2.866317 |     2.866723 |     2.866435 |     2.866406 |     2.866321 |     2.866536 |     2.866321 |     2.866833 |     2.866212 |     2.867398 |     2.867285 |     2.866417 |     2.866339 |     2.866451 |     2.866311 |     2.866717 |     2.866718 |     2.866212 |     2.866423 |     2.866254 |     2.866772 |     2.866271 |     2.866221 |     2.866272 |     2.866219 |     2.866219 |     2.866427 |     2.866209 |     2.866707 |     2.866707 |     2.866777 |     2.866777 |     2.866687 |     2.866372 |     2.866206 |     2.866424 |     2.866404 |     2.866889 |     2.866269 |     2.866691 |     2.866763 |     2.866317 |     2.866682 |     2.867116 |     2.866333 |     2.866660 |     2.867408 |     2.867154 |     2.866660 |     2.866660 |     2.867115 |     2.869923 |     2.866216 |     2.866254 |     2.870066 |     2.866256 |     2.866211 |     2.866329 |     2.866405 |     2.866256 |     2.866333 |     2.866205 |     2.869923 |     2.866453 |     2.866205 |     2.866693 |     2.867128 |     2.866695 |     2.867113 |     2.866224 |     2.866310 |     2.866207 |     2.866439 |     2.866443 |     2.866784 |     2.866448 |     2.867132 |     2.866448 |     2.867133 |     2.867167 |     2.867181 |     2.866209 |     2.866209 |     2.866779 |     2.867112 |     2.867383 |     2.866797 |     2.866959 |     2.867120 |     2.866775 |     2.866776 |     2.867146 |     2.867749 |     2.867862 |     2.867118 |     2.866263 |     2.867953 |     2.866431 |     2.866722 |
|     call count    |          1 |          1 |          1 |          1 |          1 |          1 |          1 |          1 |          1 |          1 |           1 |           1 |           1 |           1 |           1 |           1 |           1 |           1 |           1 |           1 |           1 |           1 |           1 |           1 |           1 |           1 |           1 |           1 |           1 |           1 |           1 |           1 |           1 |           1 |           1 |           1 |           1 |           1 |           1 |           1 |           1 |           1 |           1 |           1 |           1 |           1 |           1 |           1 |           1 |           1 |           1 |           1 |           1 |           1 |           1 |           1 |           1 |           1 |           1 |           1 |           1 |           1 |           1 |           1 |           1 |           1 |           1 |           1 |           1 |           1 |           1 |           1 |           1 |           1 |           1 |           1 |           1 |           1 |           1 |           1 |           1 |           1 |           1 |           1 |           1 |           1 |           1 |           1 |           1 |           1 |           1 |           1 |           1 |           1 |           1 |           1 |           1 |           1 |           1 |           1 |            1 |            1 |            1 |            1 |            1 |            1 |            1 |            1 |            1 |            1 |            1 |            1 |            1 |            1 |            1 |            1 |            1 |            1 |            1 |            1 |            1 |            1 |            1 |            1 |            1 |            1 |            1 |            1 |            1 |            1 |            1 |            1 |            1 |            1 |            1 |            1 |            1 |            1 |            1 |            1 |            1 |            1 |            1 |            1 |            1 |            1 |            1 |            1 |            1 |            1 |            1 |            1 |            1 |            1 |            1 |            1 |            1 |            1 |            1 |            1 |            1 |            1 |            1 |            1 |            1 |            1 |            1 |            1 |            1 |            1 |            1 |            1 |            1 |            1 |            1 |            1 |            1 |            1 |            1 |            1 |            1 |            1 |            1 |            1 |            1 |            1 |            1 |            1 |            1 |            1 |            1 |            1 |            1 |            1 |            1 |            1 |            1 |            1 |            1 |            1 |            1 |            1 |            1 |            1 |            1 |            1 |            1 |            1 |            1 |            1 |            1 |            1 |            1 |            1 |            1 |            1 |            1 |            1 |            1 |            1 |            1 |            1 |            1 |            1 |            1 |            1 |            1 |            1 |            1 |            1 |            1 |            1 |            1 |            1 |            1 |            1 |            1 |            1 |            1 |            1 |            1 |            1 |            1 |            1 |            1 |            1 |            1 |            1 |            1 |            1 |            1 |            1 |            1 |            1 |            1 |            1 |
+-------------------+------------+------------+------------+------------+------------+------------+------------+------------+------------+------------+-------------+-------------+-------------+-------------+-------------+-------------+-------------+-------------+-------------+-------------+-------------+-------------+-------------+-------------+-------------+-------------+-------------+-------------+-------------+-------------+-------------+-------------+-------------+-------------+-------------+-------------+-------------+-------------+-------------+-------------+-------------+-------------+-------------+-------------+-------------+-------------+-------------+-------------+-------------+-------------+-------------+-------------+-------------+-------------+-------------+-------------+-------------+-------------+-------------+-------------+-------------+-------------+-------------+-------------+-------------+-------------+-------------+-------------+-------------+-------------+-------------+-------------+-------------+-------------+-------------+-------------+-------------+-------------+-------------+-------------+-------------+-------------+-------------+-------------+-------------+-------------+-------------+-------------+-------------+-------------+-------------+-------------+-------------+-------------+-------------+-------------+-------------+-------------+-------------+-------------+--------------+--------------+--------------+--------------+--------------+--------------+--------------+--------------+--------------+--------------+--------------+--------------+--------------+--------------+--------------+--------------+--------------+--------------+--------------+--------------+--------------+--------------+--------------+--------------+--------------+--------------+--------------+--------------+--------------+--------------+--------------+--------------+--------------+--------------+--------------+--------------+--------------+--------------+--------------+--------------+--------------+--------------+--------------+--------------+--------------+--------------+--------------+--------------+--------------+--------------+--------------+--------------+--------------+--------------+--------------+--------------+--------------+--------------+--------------+--------------+--------------+--------------+--------------+--------------+--------------+--------------+--------------+--------------+--------------+--------------+--------------+--------------+--------------+--------------+--------------+--------------+--------------+--------------+--------------+--------------+--------------+--------------+--------------+--------------+--------------+--------------+--------------+--------------+--------------+--------------+--------------+--------------+--------------+--------------+--------------+--------------+--------------+--------------+--------------+--------------+--------------+--------------+--------------+--------------+--------------+--------------+--------------+--------------+--------------+--------------+--------------+--------------+--------------+--------------+--------------+--------------+--------------+--------------+--------------+--------------+--------------+--------------+--------------+--------------+--------------+--------------+--------------+--------------+--------------+--------------+--------------+--------------+--------------+--------------+--------------+--------------+--------------+--------------+--------------+--------------+--------------+--------------+--------------+--------------+--------------+--------------+--------------+--------------+--------------+--------------+--------------+--------------+--------------+--------------+--------------+--------------+
+----------------------------+---------+------------+------------+------------+------------+------------+------------+------------+------------+------------+------------+-------------+-------------+-------------+-------------+-------------+-------------+-------------+-------------+-------------+-------------+-------------+-------------+-------------+-------------+-------------+-------------+-------------+-------------+-------------+-------------+-------------+-------------+-------------+-------------+-------------+-------------+-------------+-------------+-------------+-------------+-------------+-------------+-------------+-------------+-------------+-------------+-------------+-------------+-------------+-------------+-------------+-------------+-------------+-------------+-------------+-------------+-------------+-------------+-------------+-------------+-------------+-------------+-------------+-------------+-------------+-------------+-------------+-------------+-------------+-------------+-------------+-------------+-------------+-------------+-------------+-------------+-------------+-------------+-------------+-------------+-------------+-------------+-------------+-------------+-------------+-------------+-------------+-------------+-------------+-------------+-------------+-------------+-------------+-------------+-------------+-------------+-------------+-------------+-------------+-------------+--------------+--------------+--------------+--------------+--------------+--------------+--------------+--------------+--------------+--------------+--------------+--------------+--------------+--------------+--------------+--------------+--------------+--------------+--------------+--------------+--------------+--------------+--------------+--------------+--------------+--------------+--------------+--------------+--------------+--------------+--------------+--------------+--------------+--------------+--------------+--------------+--------------+--------------+--------------+--------------+--------------+--------------+--------------+--------------+--------------+--------------+--------------+--------------+--------------+--------------+--------------+--------------+--------------+--------------+--------------+--------------+--------------+--------------+--------------+--------------+--------------+--------------+--------------+--------------+--------------+--------------+--------------+--------------+--------------+--------------+--------------+--------------+--------------+--------------+--------------+--------------+--------------+--------------+--------------+--------------+--------------+--------------+--------------+--------------+--------------+--------------+--------------+--------------+--------------+--------------+--------------+--------------+--------------+--------------+--------------+--------------+--------------+--------------+--------------+--------------+--------------+--------------+--------------+--------------+--------------+--------------+--------------+--------------+--------------+--------------+--------------+--------------+--------------+--------------+--------------+--------------+--------------+--------------+--------------+--------------+--------------+--------------+--------------+--------------+--------------+--------------+--------------+--------------+--------------+--------------+--------------+--------------+--------------+--------------+--------------+--------------+--------------+--------------+--------------+--------------+--------------+--------------+--------------+--------------+--------------+--------------+--------------+--------------+--------------+--------------+--------------+--------------+--------------+--------------+--------------+--------------+
|            Event           | Counter | HWThread 0 | HWThread 1 | HWThread 2 | HWThread 3 | HWThread 4 | HWThread 5 | HWThread 6 | HWThread 7 | HWThread 8 | HWThread 9 | HWThread 10 | HWThread 11 | HWThread 12 | HWThread 13 | HWThread 14 | HWThread 15 | HWThread 16 | HWThread 17 | HWThread 18 | HWThread 19 | HWThread 20 | HWThread 21 | HWThread 22 | HWThread 23 | HWThread 24 | HWThread 25 | HWThread 26 | HWThread 27 | HWThread 28 | HWThread 29 | HWThread 30 | HWThread 31 | HWThread 32 | HWThread 33 | HWThread 34 | HWThread 35 | HWThread 36 | HWThread 37 | HWThread 38 | HWThread 39 | HWThread 40 | HWThread 41 | HWThread 42 | HWThread 43 | HWThread 44 | HWThread 45 | HWThread 46 | HWThread 47 | HWThread 48 | HWThread 49 | HWThread 50 | HWThread 51 | HWThread 52 | HWThread 53 | HWThread 54 | HWThread 55 | HWThread 56 | HWThread 57 | HWThread 58 | HWThread 59 | HWThread 60 | HWThread 61 | HWThread 62 | HWThread 63 | HWThread 64 | HWThread 65 | HWThread 66 | HWThread 67 | HWThread 68 | HWThread 69 | HWThread 70 | HWThread 71 | HWThread 72 | HWThread 73 | HWThread 74 | HWThread 75 | HWThread 76 | HWThread 77 | HWThread 78 | HWThread 79 | HWThread 80 | HWThread 81 | HWThread 82 | HWThread 83 | HWThread 84 | HWThread 85 | HWThread 86 | HWThread 87 | HWThread 88 | HWThread 89 | HWThread 90 | HWThread 91 | HWThread 92 | HWThread 93 | HWThread 94 | HWThread 95 | HWThread 96 | HWThread 97 | HWThread 98 | HWThread 99 | HWThread 100 | HWThread 101 | HWThread 102 | HWThread 103 | HWThread 104 | HWThread 105 | HWThread 106 | HWThread 107 | HWThread 108 | HWThread 109 | HWThread 110 | HWThread 111 | HWThread 112 | HWThread 113 | HWThread 114 | HWThread 115 | HWThread 116 | HWThread 117 | HWThread 118 | HWThread 119 | HWThread 120 | HWThread 121 | HWThread 122 | HWThread 123 | HWThread 124 | HWThread 125 | HWThread 126 | HWThread 127 | HWThread 128 | HWThread 129 | HWThread 130 | HWThread 131 | HWThread 132 | HWThread 133 | HWThread 134 | HWThread 135 | HWThread 136 | HWThread 137 | HWThread 138 | HWThread 139 | HWThread 140 | HWThread 141 | HWThread 142 | HWThread 143 | HWThread 144 | HWThread 145 | HWThread 146 | HWThread 147 | HWThread 148 | HWThread 149 | HWThread 150 | HWThread 151 | HWThread 152 | HWThread 153 | HWThread 154 | HWThread 155 | HWThread 156 | HWThread 157 | HWThread 158 | HWThread 159 | HWThread 160 | HWThread 161 | HWThread 162 | HWThread 163 | HWThread 164 | HWThread 165 | HWThread 166 | HWThread 167 | HWThread 168 | HWThread 169 | HWThread 170 | HWThread 171 | HWThread 172 | HWThread 173 | HWThread 174 | HWThread 175 | HWThread 176 | HWThread 177 | HWThread 178 | HWThread 179 | HWThread 180 | HWThread 181 | HWThread 182 | HWThread 183 | HWThread 184 | HWThread 185 | HWThread 186 | HWThread 187 | HWThread 188 | HWThread 189 | HWThread 190 | HWThread 191 | HWThread 192 | HWThread 193 | HWThread 194 | HWThread 195 | HWThread 196 | HWThread 197 | HWThread 198 | HWThread 199 | HWThread 200 | HWThread 201 | HWThread 202 | HWThread 203 | HWThread 204 | HWThread 205 | HWThread 206 | HWThread 207 | HWThread 208 | HWThread 209 | HWThread 210 | HWThread 211 | HWThread 212 | HWThread 213 | HWThread 214 | HWThread 215 | HWThread 216 | HWThread 217 | HWThread 218 | HWThread 219 | HWThread 220 | HWThread 221 | HWThread 222 | HWThread 223 | HWThread 224 | HWThread 225 | HWThread 226 | HWThread 227 | HWThread 228 | HWThread 229 | HWThread 230 | HWThread 231 | HWThread 232 | HWThread 233 | HWThread 234 | HWThread 235 | HWThread 236 | HWThread 237 | HWThread 238 | HWThread 239 | HWThread 240 | HWThread 241 | HWThread 242 | HWThread 243 | HWThread 244 | HWThread 245 | HWThread 246 | HWThread 247 | HWThread 248 | HWThread 249 | HWThread 250 | HWThread 251 | HWThread 252 | HWThread 253 | HWThread 254 | HWThread 255 |
+----------------------------+---------+------------+------------+------------+------------+------------+------------+------------+------------+------------+------------+-------------+-------------+-------------+-------------+-------------+-------------+-------------+-------------+-------------+-------------+-------------+-------------+-------------+-------------+-------------+-------------+-------------+-------------+-------------+-------------+-------------+-------------+-------------+-------------+-------------+-------------+-------------+-------------+-------------+-------------+-------------+-------------+-------------+-------------+-------------+-------------+-------------+-------------+-------------+-------------+-------------+-------------+-------------+-------------+-------------+-------------+-------------+-------------+-------------+-------------+-------------+-------------+-------------+-------------+-------------+-------------+-------------+-------------+-------------+-------------+-------------+-------------+-------------+-------------+-------------+-------------+-------------+-------------+-------------+-------------+-------------+-------------+-------------+-------------+-------------+-------------+-------------+-------------+-------------+-------------+-------------+-------------+-------------+-------------+-------------+-------------+-------------+-------------+-------------+-------------+--------------+--------------+--------------+--------------+--------------+--------------+--------------+--------------+--------------+--------------+--------------+--------------+--------------+--------------+--------------+--------------+--------------+--------------+--------------+--------------+--------------+--------------+--------------+--------------+--------------+--------------+--------------+--------------+--------------+--------------+--------------+--------------+--------------+--------------+--------------+--------------+--------------+--------------+--------------+--------------+--------------+--------------+--------------+--------------+--------------+--------------+--------------+--------------+--------------+--------------+--------------+--------------+--------------+--------------+--------------+--------------+--------------+--------------+--------------+--------------+--------------+--------------+--------------+--------------+--------------+--------------+--------------+--------------+--------------+--------------+--------------+--------------+--------------+--------------+--------------+--------------+--------------+--------------+--------------+--------------+--------------+--------------+--------------+--------------+--------------+--------------+--------------+--------------+--------------+--------------+--------------+--------------+--------------+--------------+--------------+--------------+--------------+--------------+--------------+--------------+--------------+--------------+--------------+--------------+--------------+--------------+--------------+--------------+--------------+--------------+--------------+--------------+--------------+--------------+--------------+--------------+--------------+--------------+--------------+--------------+--------------+--------------+--------------+--------------+--------------+--------------+--------------+--------------+--------------+--------------+--------------+--------------+--------------+--------------+--------------+--------------+--------------+--------------+--------------+--------------+--------------+--------------+--------------+--------------+--------------+--------------+--------------+--------------+--------------+--------------+--------------+--------------+--------------+--------------+--------------+--------------+
|      ACTUAL_CPU_CLOCK      |  FIXC1  | 6929362000 | 6927185000 | 6928327000 | 6927365000 | 6927052000 | 6927615000 | 6927127000 | 6929188000 | 6895244000 | 6893339000 |  6894870000 |  6893940000 |  6894544000 |  6893954000 |  6897015000 |  6895049000 |  6947034000 |  6947141000 |  6946845000 |  6945303000 |  6944834000 |  6945242000 |  6944969000 |  6946605000 |  6917727000 |  6918038000 |  6917639000 |  6916494000 |  6914148000 |  6915848000 |  6914976000 |  6917736000 |  6895949000 |  6893588000 |  6893065000 |  6893676000 |  6896032000 |  6893980000 |  6895924000 |  6893755000 |  6929427000 |  6927058000 |  6928861000 |  6927285000 |  6927841000 |  6928666000 |  6927512000 |  6929713000 |  6924603000 |  6923305000 |  6923396000 |  6923306000 |  6922965000 |  6924663000 |  6925091000 |  6921875000 |  6912233000 |  6912115000 |  6912350000 |  6913253000 |  6911311000 |  6911706000 |  6912433000 |  6912282000 |  6902383000 |  6903333000 |  6901056000 |  6901169000 |  6903761000 |  6902395000 |  6901997000 |  6901652000 |  6926342000 |  6924763000 |  6924817000 |  6924381000 |  6926710000 |  6925362000 |  6924885000 |  6925282000 |  6932278000 |  6931826000 |  6930217000 |  6931605000 |  6930655000 |  6930041000 |  6930465000 |  6929500000 |  6917733000 |  6917836000 |  6920069000 |  6919976000 |  6919844000 |  6918669000 |  6920046000 |  6917904000 |  6937565000 |  6940648000 |  6940797000 |  6937493000 |   6938795000 |   6940575000 |   6940801000 |   6939467000 |   6927525000 |   6927405000 |   6925862000 |   6924773000 |   6927354000 |   6925362000 |   6925909000 |   6925573000 |   6932760000 |   6934237000 |   6934157000 |   6932841000 |   6932171000 |   6932981000 |   6933992000 |   6932941000 |   6909705000 |   6909667000 |   6909289000 |   6909655000 |   6907622000 |   6908207000 |   6909683000 |   6908045000 |   6910986000 |   6912270000 |   6911616000 |   6910599000 |   6911383000 |   6909642000 |   6911640000 |   6911612000 |   6938837000 |   6937319000 |   6937907000 |   6938446000 |   6938014000 |   6937474000 |   6938007000 |   6937615000 |   6964520000 |   6963214000 |   6963239000 |   6962327000 |   6962425000 |   6963119000 |   6961389000 |   6963516000 |   6938019000 |   6936758000 |   6937571000 |   6937189000 |   6935650000 |   6937477000 |   6937494000 |   6936202000 |   6915140000 |   6915230000 |   6918234000 |   6916752000 |   6917624000 |   6916253000 |   6917844000 |   6918120000 |   6930886000 |   6931416000 |   6930622000 |   6930554000 |   6932258000 |   6933614000 |   6931570000 |   6932433000 |   6912576000 |   6913735000 |   6912808000 |   6912592000 |   6912869000 |   6912536000 |   6912547000 |   6911806000 |   6945348000 |   6946376000 |   6945240000 |   6945505000 |   6945375000 |   6945092000 |   6943784000 |   6945165000 |   6907755000 |   6908141000 |   6909556000 |   6908713000 |   6909784000 |   6908142000 |   6907641000 |   6910233000 |   6920160000 |   6918693000 |   6920022000 |   6920099000 |   6920240000 |   6920238000 |   6920040000 |   6920181000 |   6962417000 |   6960440000 |   6959460000 |   6963055000 |   6961223000 |   6960430000 |   6960072000 |   6959681000 |   6924234000 |   6923731000 |   6924638000 |   6926394000 |   6923039000 |   6923592000 |   6926334000 |   6925053000 |   6969390000 |   6969997000 |   6968001000 |   6968057000 |   6968516000 |   6968253000 |   6968149000 |   6970018000 |   6911753000 |   6913551000 |   6910664000 |   6912055000 |   6912458000 |   6913672000 |   6910484000 |   6912062000 |   6937381000 |   6937645000 |   6939332000 |   6939129000 |   6937658000 |   6939206000 |   6937429000 |   6937415000 |   6930317000 |   6930377000 |   6930335000 |   6930329000 |   6927979000 |   6929959000 |   6928046000 |   6928236000 |
|        MAX_CPU_CLOCK       |  FIXC2  | 7739618000 | 7738814000 | 7740036000 | 7737236000 | 7737848000 | 7738524000 | 7738785000 | 7739433000 | 7738424000 | 7735858000 |  7737107000 |  7737289000 |  7737405000 |  7737208000 |  7741945000 |  7738189000 |  7740050000 |  7741483000 |  7739660000 |  7737517000 |  7737739000 |  7738490000 |  7738025000 |  7740376000 |  7742210000 |  7741783000 |  7742118000 |  7740451000 |  7736802000 |  7738296000 |  7737197000 |  7741228000 |  7740209000 |  7737316000 |  7737141000 |  7736992000 |  7739472000 |  7738319000 |  7740166000 |  7738076000 |  7741309000 |  7738543000 |  7740299000 |  7737794000 |  7737678000 |  7740267000 |  7738158000 |  7741735000 |  7740283000 |  7738211000 |  7738460000 |  7738217000 |  7738655000 |  7740275000 |  7739870000 |  7735174000 |  7738477000 |  7737387000 |  7737865000 |  7740250000 |  7738147000 |  7738644000 |  7737851000 |  7738579000 |  7738370000 |  7739684000 |  7738309000 |  7737591000 |  7740512000 |  7739086000 |  7737647000 |  7738175000 |  7738688000 |  7734340000 |  7734454000 |  7734648000 |  7738800000 |  7736406000 |  7734530000 |  7737184000 |  7741028000 |  7738989000 |  7736857000 |  7739218000 |  7738350000 |  7736697000 |  7736837000 |  7736785000 |  7738327000 |  7738478000 |  7739795000 |  7739746000 |  7740520000 |  7737858000 |  7739942000 |  7737666000 |  7734550000 |  7740392000 |  7739729000 |  7736929000 |   7738615000 |   7740205000 |   7739571000 |   7737618000 |   7739500000 |   7740302000 |   7737992000 |   7737113000 |   7740269000 |   7736897000 |   7738146000 |   7738526000 |   7738335000 |   7740452000 |   7739461000 |   7737563000 |   7738479000 |   7738589000 |   7740389000 |   7737753000 |   7737058000 |   7737017000 |   7737780000 |   7736955000 |   7735030000 |   7735042000 |   7737064000 |   7734546000 |   7740054000 |   7740438000 |   7740460000 |   7737792000 |   7740439000 |   7738435000 |   7739564000 |   7740363000 |   7740847000 |   7736158000 |   7737415000 |   7739009000 |   7737048000 |   7736363000 |   7737077000 |   7737692000 |   7742830000 |   7740551000 |   7741753000 |   7738765000 |   7740712000 |   7741786000 |   7737935000 |   7742234000 |   7738980000 |   7737175000 |   7738643000 |   7737876000 |   7736808000 |   7737484000 |   7738792000 |   7737587000 |   7737265000 |   7737343000 |   7739531000 |   7738788000 |   7740295000 |   7738363000 |   7741509000 |   7740204000 |   7737108000 |   7737123000 |   7736859000 |   7736799000 |   7738574000 |   7740490000 |   7737099000 |   7737968000 |   7738210000 |   7740007000 |   7737689000 |   7738330000 |   7737818000 |   7737622000 |   7738114000 |   7737499000 |   7738062000 |   7739894000 |   7737090000 |   7737364000 |   7737132000 |   7737038000 |   7735535000 |   7737797000 |   7737490000 |   7737462000 |   7739909000 |   7738402000 |   7739791000 |   7737896000 |   7737383000 |   7740175000 |   7741261000 |   7738040000 |   7739225000 |   7741055000 |   7739895000 |   7739586000 |   7739376000 |   7741258000 |   7741518000 |   7737078000 |   7737041000 |   7741969000 |   7737666000 |   7737060000 |   7737116000 |   7737200000 |   7737188000 |   7737363000 |   7738047000 |   7741657000 |   7736936000 |   7736590000 |   7739999000 |   7738863000 |   7739481000 |   7740239000 |   7738125000 |   7738348000 |   7737923000 |   7737549000 |   7737365000 |   7740245000 |   7738157000 |   7739830000 |   7736632000 |   7738718000 |   7740370000 |   7741281000 |   7737051000 |   7738555000 |   7737329000 |   7739021000 |   7740622000 |   7740059000 |   7739117000 |   7741300000 |   7737524000 |   7737534000 |   7740696000 |   7741050000 |   7740966000 |   7740720000 |   7737176000 |   7740159000 |   7737216000 |   7737510000 |
|    RETIRED_INSTRUCTIONS    |   PMC0  | 3963950000 | 3994404000 | 3974477000 | 3972422000 | 3972607000 | 3994415000 | 3998712000 | 3970271000 | 3945661000 | 3933648000 |  3952818000 |  3938148000 |  3937466000 |  3937079000 |  3929028000 |  3930796000 |  3947799000 |  3948728000 |  3959153000 |  3955038000 |  3952747000 |  3952190000 |  3980563000 |  3949084000 |  3934165000 |  3928836000 |  3934417000 |  3934368000 |  3969107000 |  3934318000 |  3942485000 |  3928830000 |  3955175000 |  3979589000 |  3976302000 |  3958252000 |  3963858000 |  3966889000 |  3951349000 |  3957183000 |  3970044000 |  3967116000 |  3957899000 |  3977464000 |  3958685000 |  3987306000 |  3950079000 |  3965339000 |  3988853000 |  3979124000 |  3972646000 |  3960117000 |  3956983000 |  3962337000 |  3958255000 |  3966953000 |  3960578000 |  3937605000 |  3957714000 |  3938146000 |  3943292000 |  3940364000 |  3926859000 |  3907317000 |  3971331000 |  3982370000 |  3975340000 |  3964073000 |  3970515000 |  3981454000 |  3965252000 |  3973353000 |  3962465000 |  3961090000 |  3959532000 |  3953474000 |  3959393000 |  3955662000 |  3962754000 |  3953633000 |  3975319000 |  3981358000 |  3977748000 |  3984263000 |  3977516000 |  3976739000 |  3965020000 |  3975744000 |  3985998000 |  3970742000 |  3971108000 |  3982961000 |  3962184000 |  3974060000 |  3973391000 |  3929302000 |  3972771000 |  3980391000 |  3966410000 |  3994918000 |   3967336000 |   3967729000 |   3980775000 |   3980761000 |   3867873000 |   3818338000 |   3846059000 |   3886085000 |   3850028000 |   3872448000 |   3759125000 |   3781180000 |   3962996000 |   3973768000 |   3965629000 |   3969347000 |   3989307000 |   3994113000 |   3986997000 |   3983201000 |   3963583000 |   3967495000 |   3967010000 |   3968004000 |   3945216000 |   3954459000 |   3948022000 |   3914577000 |   3968317000 |   3981731000 |   3997199000 |   3977969000 |   3974208000 |   3979651000 |   3967953000 |   3965764000 |   4004353000 |   3985769000 |   3978670000 |   4004915000 |   4003348000 |   3988502000 |   3995880000 |   3970929000 |   3975373000 |   3990167000 |   4003106000 |   3998203000 |   3980990000 |   3985493000 |   3974685000 |   3982341000 |   3955635000 |   3967523000 |   3967521000 |   3967887000 |   3975565000 |   3976387000 |   3960185000 |   3919896000 |   3985584000 |   3981957000 |   3972182000 |   3969195000 |   3990336000 |   3991838000 |   3968345000 |   3966896000 |   3992854000 |   3972369000 |   3972535000 |   3986503000 |   3994823000 |   3979753000 |   3980054000 |   3956075000 |   3968689000 |   3983408000 |   3974541000 |   3987380000 |   3970432000 |   3956340000 |   3967006000 |   3985563000 |   3954246000 |   3958025000 |   3959583000 |   3962392000 |   3946363000 |   3947170000 |   3941361000 |   3911938000 |   3957288000 |   3959137000 |   3983683000 |   3959653000 |   3957687000 |   3957497000 |   3956138000 |   3953379000 |   3969417000 |   3967326000 |   3967374000 |   3969069000 |   3969766000 |   3971300000 |   3964617000 |   3980998000 |   3964196000 |   3956513000 |   3963758000 |   3968617000 |   3967127000 |   3985364000 |   3944759000 |   3956426000 |   3933948000 |   3942498000 |   3949658000 |   3924191000 |   3927517000 |   3936257000 |   3921005000 |   3896389000 |   3933544000 |   3959903000 |   3927167000 |   3934616000 |   3946737000 |   3943422000 |   3926471000 |   3937589000 |   3991324000 |   4005184000 |   4008642000 |   4009002000 |   3990289000 |   3994898000 |   3984753000 |   3990852000 |   3943330000 |   3948721000 |   3951913000 |   3955476000 |   3948429000 |   3956049000 |   3945309000 |   3944827000 |   3930861000 |   3909964000 |   3901321000 |   3917489000 |   3868267000 |   3910577000 |   3886548000 |   3861007000 |
|     CPU_CLOCKS_UNHALTED    |   PMC1  | 6851390000 | 6854674000 | 6854440000 | 6854831000 | 6854112000 | 6854248000 | 6854366000 | 6855267000 | 6820126000 | 6820168000 |  6820959000 |  6819884000 |  6819533000 |  6819812000 |  6828159000 |  6819756000 |  6874639000 |  6876021000 |  6874194000 |  6872003000 |  6874131000 |  6874613000 |  6874017000 |  6876119000 |  6846646000 |  6846984000 |  6844605000 |  6844103000 |  6842225000 |  6842608000 |  6842235000 |  6844612000 |  6828633000 |  6826853000 |  6827174000 |  6825844000 |  6828528000 |  6826560000 |  6827042000 |  6826561000 |  6858674000 |  6856137000 |  6857118000 |  6856304000 |  6856429000 |  6857253000 |  6855198000 |  6860300000 |  6856683000 |  6855349000 |  6854997000 |  6855629000 |  6855036000 |  6856802000 |  6855222000 |  6855293000 |  6844872000 |  6847019000 |  6846795000 |  6847751000 |  6846987000 |  6847458000 |  6846499000 |  6847027000 |  6832856000 |  6834634000 |  6832993000 |  6832637000 |  6834278000 |  6833972000 |  6833171000 |  6833048000 |  6857184000 |  6857035000 |  6857532000 |  6857171000 |  6858035000 |  6858037000 |  6856871000 |  6857310000 |  6865426000 |  6862964000 |  6861821000 |  6863221000 |  6861802000 |  6862220000 |  6862194000 |  6862015000 |  6859261000 |  6859097000 |  6859543000 |  6859941000 |  6860297000 |  6858203000 |  6859842000 |  6858523000 |  6873461000 |  6873550000 |  6873568000 |  6872189000 |   6872344000 |   6874345000 |   6873466000 |   6873424000 |   6860154000 |   6859697000 |   6858318000 |   6858457000 |   6859330000 |   6858705000 |   6859107000 |   6858613000 |   6866319000 |   6867564000 |   6867138000 |   6866438000 |   6866539000 |   6866205000 |   6867456000 |   6867005000 |   6849220000 |   6850367000 |   6849127000 |   6849662000 |   6848210000 |   6848322000 |   6848838000 |   6848438000 |   6814682000 |   6814761000 |   6815594000 |   6814151000 |   6814949000 |   6814319000 |   6814560000 |   6814801000 |   6845161000 |   6842572000 |   6842680000 |   6843021000 |   6843732000 |   6842232000 |   6843057000 |   6842123000 |   6873801000 |   6866054000 |   6873296000 |   6865838000 |   6866841000 |   6866752000 |   6865280000 |   6867547000 |   6853044000 |   6852083000 |   6853584000 |   6852312000 |   6852202000 |   6853447000 |   6852607000 |   6852478000 |   6820364000 |   6820230000 |   6820634000 |   6820148000 |   6821323000 |   6820025000 |   6822567000 |   6822053000 |   6835374000 |   6835477000 |   6835392000 |   6834808000 |   6836113000 |   6836083000 |   6834616000 |   6835160000 |   6815088000 |   6815610000 |   6814843000 |   6815296000 |   6815175000 |   6815122000 |   6815210000 |   6815418000 |   6863329000 |   6863938000 |   6864789000 |   6864473000 |   6864709000 |   6864337000 |   6864165000 |   6863380000 |   6810691000 |   6810803000 |   6811736000 |   6810722000 |   6811783000 |   6811676000 |   6810636000 |   6811195000 |   6822255000 |   6821133000 |   6821683000 |   6823047000 |   6822267000 |   6821379000 |   6820873000 |   6822451000 |   6870763000 |   6862816000 |   6861995000 |   6871724000 |   6862402000 |   6862632000 |   6862350000 |   6862148000 |   6840612000 |   6841165000 |   6839771000 |   6849237000 |   6840525000 |   6840189000 |   6841587000 |   6843149000 |   6871011000 |   6872031000 |   6870062000 |   6870846000 |   6869911000 |   6870116000 |   6870156000 |   6871098000 |   6816772000 |   6818383000 |   6816968000 |   6818610000 |   6818417000 |   6818639000 |   6816333000 |   6816414000 |   6838664000 |   6839223000 |   6839652000 |   6838457000 |   6838958000 |   6839108000 |   6838165000 |   6838326000 |   6861986000 |   6864144000 |   6863549000 |   6863909000 |   6860510000 |   6864068000 |   6860781000 |   6861173000 |
| REQUESTS_TO_L2_GRP1_RD_ANY |   PMC2  | 2149193000 | 2148552000 | 2148535000 | 2148568000 | 2148619000 | 2148464000 | 2148443000 | 2148959000 | 2148622000 | 2149081000 |  2148484000 |  2148656000 |  2148691000 |  2148886000 |  2149234000 |  2149160000 |  2148895000 |  2149227000 |  2148675000 |  2148601000 |  2148908000 |  2149288000 |  2148511000 |  2149085000 |  2148721000 |  2149038000 |  2148576000 |  2148681000 |  2148429000 |  2148916000 |  2148641000 |  2149217000 |  2149479000 |  2149015000 |  2148737000 |  2150201000 |  2148924000 |  2149102000 |  2149149000 |  2149320000 |  2148981000 |  2149110000 |  2149134000 |  2148782000 |  2149014000 |  2148872000 |  2149533000 |  2149274000 |  2148840000 |  2148972000 |  2148746000 |  2149366000 |  2149186000 |  2149138000 |  2149806000 |  2149235000 |  2149162000 |  2149491000 |  2149142000 |  2149735000 |  2149210000 |  2149324000 |  2150060000 |  2153428000 |  2148888000 |  2148871000 |  2148693000 |  2148900000 |  2148878000 |  2148828000 |  2148966000 |  2149069000 |  2148951000 |  2149076000 |  2149295000 |  2149356000 |  2149470000 |  2149967000 |  2148863000 |  2149289000 |  2148846000 |  2148942000 |  2148725000 |  2148734000 |  2148779000 |  2148917000 |  2148986000 |  2149096000 |  2149170000 |  2149393000 |  2149582000 |  2149093000 |  2149286000 |  2149196000 |  2149218000 |  2153238000 |  2151374000 |  2149150000 |  2148913000 |  2148776000 |   2148952000 |   2149227000 |   2148906000 |   2149168000 |   2148787000 |   2150561000 |   2149224000 |   2148689000 |   2148823000 |   2148763000 |   2149775000 |   2150133000 |   2149163000 |   2151821000 |   2149045000 |   2148962000 |   2148815000 |   2148906000 |   2148842000 |   2149121000 |   2151336000 |   2151680000 |   2151061000 |   2152186000 |   2151347000 |   2151683000 |   2151444000 |   2161384000 |   2149109000 |   2148968000 |   2148563000 |   2149230000 |   2149052000 |   2148874000 |   2149043000 |   2149249000 |   2148693000 |   2148869000 |   2148863000 |   2148545000 |   2148740000 |   2149073000 |   2148809000 |   2149370000 |   2149039000 |   2148964000 |   2148607000 |   2148685000 |   2148826000 |   2149313000 |   2148909000 |   2149163000 |   2149366000 |   2149318000 |   2149145000 |   2149724000 |   2149317000 |   2149309000 |   2149404000 |   2152199000 |   2148859000 |   2148955000 |   2148933000 |   2148932000 |   2148770000 |   2148707000 |   2148903000 |   2149202000 |   2148713000 |   2149135000 |   2149174000 |   2148734000 |   2148719000 |   2148809000 |   2149130000 |   2149424000 |   2148939000 |   2148903000 |   2148713000 |   2148718000 |   2148962000 |   2149335000 |   2149161000 |   2148981000 |   2149249000 |   2149120000 |   2149106000 |   2148849000 |   2149249000 |   2149286000 |   2149462000 |   2153470000 |   2149309000 |   2149196000 |   2148638000 |   2148932000 |   2149015000 |   2149178000 |   2149027000 |   2149310000 |   2148954000 |   2148971000 |   2148900000 |   2148910000 |   2148959000 |   2148955000 |   2149168000 |   2149014000 |   2149022000 |   2149267000 |   2148739000 |   2148906000 |   2148849000 |   2148818000 |   2149970000 |   2149356000 |   2149478000 |   2149327000 |   2149275000 |   2149463000 |   2149456000 |   2150276000 |   2149824000 |   2153772000 |   2149213000 |   2149143000 |   2149107000 |   2150736000 |   2149043000 |   2149267000 |   2149200000 |   2149231000 |   2148816000 |   2148900000 |   2148772000 |   2148661000 |   2149117000 |   2149327000 |   2149035000 |   2149030000 |   2150535000 |   2149423000 |   2148948000 |   2148987000 |   2149143000 |   2149494000 |   2149035000 |   2149563000 |   2150112000 |   2150798000 |   2150082000 |   2151265000 |   2151469000 |   2150314000 |   2150497000 |   2153801000 |
|     L2_PF_HIT_IN_L2_ALL    |   PMC3  | 1179129000 |  873380800 | 1052671000 | 1029254000 | 1082593000 |  833142500 |  852373400 | 1078242000 | 1085090000 | 1158673000 |   994486000 |  1084826000 |  1127310000 |  1075347000 |  1266785000 |  1175704000 |  1211704000 |  1166614000 |  1060074000 |  1052975000 |  1154407000 |  1095505000 |   922969900 |  1154349000 |  1199787000 |  1207298000 |  1163713000 |  1106499000 |   862956900 |  1115544000 |  1111853000 |  1204930000 |  1178148000 |   912186200 |   926786100 |   975782100 |  1059213000 |   975488100 |  1221923000 |  1088404000 |  1033390000 |  1026642000 |  1126101000 |   893927700 |  1123600000 |   831748600 |  1241629000 |  1042320000 |   882178300 |   926254600 |   974856200 |  1067325000 |  1148972000 |  1031459000 |  1096869000 |  1008330000 |   917580800 |  1114763000 |   923429300 |  1088041000 |   952558900 |  1044273000 |  1217536000 |  1451800000 |  1023777000 |   903480900 |   967620300 |  1033401000 |  1023474000 |   864052900 |  1079616000 |   962559100 |  1053148000 |  1027372000 |  1061399000 |  1072143000 |  1067360000 |  1063311000 |  1038406000 |  1090094000 |  1029417000 |   934492900 |   954335800 |   878898700 |   934627700 |   928162500 |  1124718000 |   957884400 |   852695400 |   950668600 |   958811400 |   824773800 |   983980400 |   901080100 |   913835700 |  1291390000 |   885987900 |   944398500 |  1072633000 |   812780200 |   1031327000 |   1012308000 |    953390800 |    939939700 |    863933900 |    834656700 |    990059400 |    699067200 |    780539500 |    765591200 |    958827100 |    970453500 |   1200932000 |    889430900 |   1121478000 |   1051539000 |    880546500 |    833602000 |    935712000 |    942061900 |    928040200 |    868198100 |    882403100 |    839179000 |   1001233000 |    931077700 |   1008677000 |   1249212000 |   1082793000 |    922739900 |    785742300 |    919038000 |   1019637000 |    873820900 |   1061612000 |   1044968000 |    836702600 |    941304900 |   1071654000 |    768633700 |    806230400 |    899984900 |    905455200 |   1104835000 |   1150218000 |    917894300 |    812029400 |    828528600 |    969810600 |    900192700 |   1066996000 |    956480800 |   1094829000 |    951353800 |    928127100 |    893569000 |    791018300 |    843002600 |    993588900 |   1591166000 |    908122200 |    911796200 |   1008978000 |   1003754000 |    838803600 |    793511100 |   1040995000 |   1051886000 |    870266600 |   1021876000 |   1038141000 |    862840000 |    811672300 |    891531200 |    973530000 |   1168948000 |   1105128000 |    900639100 |    941994600 |    832285400 |   1036787000 |   1116964000 |   1086137000 |    870048000 |   1061198000 |    973629700 |    941628700 |    912062000 |    978009700 |   1071599000 |   1108860000 |   1503925000 |   1105912000 |   1046554000 |    824692800 |   1013708000 |   1079774000 |   1015973000 |   1112171000 |   1083007000 |   1063456000 |    983038500 |   1054313000 |    974549100 |    944493500 |    938301800 |   1033917000 |    896319300 |   1113739000 |   1116471000 |   1001023000 |    980330400 |    963058700 |    817996400 |   1305683000 |   1106031000 |   1103555000 |    986053800 |    920499500 |   1160345000 |    987090800 |   1006016000 |   1180111000 |   1524760000 |   1142066000 |    925524800 |   1198670000 |    959229300 |    870550000 |   1021266000 |   1162005000 |   1054115000 |    954847300 |    828053400 |    790608500 |    778779800 |    972584100 |    875006200 |   1056357000 |    909880000 |    966214800 |   1113375000 |   1095372000 |   1013598000 |   1116802000 |    949753500 |   1107506000 |   1118007000 |    817067600 |    906216200 |    992472100 |    878739900 |   1115479000 |    900753700 |   1026434000 |   1422378000 |
+----------------------------+---------+------------+------------+------------+------------+------------+------------+------------+------------+------------+------------+-------------+-------------+-------------+-------------+-------------+-------------+-------------+-------------+-------------+-------------+-------------+-------------+-------------+-------------+-------------+-------------+-------------+-------------+-------------+-------------+-------------+-------------+-------------+-------------+-------------+-------------+-------------+-------------+-------------+-------------+-------------+-------------+-------------+-------------+-------------+-------------+-------------+-------------+-------------+-------------+-------------+-------------+-------------+-------------+-------------+-------------+-------------+-------------+-------------+-------------+-------------+-------------+-------------+-------------+-------------+-------------+-------------+-------------+-------------+-------------+-------------+-------------+-------------+-------------+-------------+-------------+-------------+-------------+-------------+-------------+-------------+-------------+-------------+-------------+-------------+-------------+-------------+-------------+-------------+-------------+-------------+-------------+-------------+-------------+-------------+-------------+-------------+-------------+-------------+-------------+--------------+--------------+--------------+--------------+--------------+--------------+--------------+--------------+--------------+--------------+--------------+--------------+--------------+--------------+--------------+--------------+--------------+--------------+--------------+--------------+--------------+--------------+--------------+--------------+--------------+--------------+--------------+--------------+--------------+--------------+--------------+--------------+--------------+--------------+--------------+--------------+--------------+--------------+--------------+--------------+--------------+--------------+--------------+--------------+--------------+--------------+--------------+--------------+--------------+--------------+--------------+--------------+--------------+--------------+--------------+--------------+--------------+--------------+--------------+--------------+--------------+--------------+--------------+--------------+--------------+--------------+--------------+--------------+--------------+--------------+--------------+--------------+--------------+--------------+--------------+--------------+--------------+--------------+--------------+--------------+--------------+--------------+--------------+--------------+--------------+--------------+--------------+--------------+--------------+--------------+--------------+--------------+--------------+--------------+--------------+--------------+--------------+--------------+--------------+--------------+--------------+--------------+--------------+--------------+--------------+--------------+--------------+--------------+--------------+--------------+--------------+--------------+--------------+--------------+--------------+--------------+--------------+--------------+--------------+--------------+--------------+--------------+--------------+--------------+--------------+--------------+--------------+--------------+--------------+--------------+--------------+--------------+--------------+--------------+--------------+--------------+--------------+--------------+--------------+--------------+--------------+--------------+--------------+--------------+--------------+--------------+--------------+--------------+--------------+--------------+--------------+--------------+--------------+--------------+--------------+--------------+
+---------------------------------+---------+---------------+------------+------------+--------------+
|              Event              | Counter |      Sum      |     Min    |     Max    |      Avg     |
+---------------------------------+---------+---------------+------------+------------+--------------+
|      ACTUAL_CPU_CLOCK STAT      |  FIXC1  | 1773180447000 | 6893065000 | 6970018000 | 6.926486e+09 |
|        MAX_CPU_CLOCK STAT       |  FIXC2  | 1981079294000 | 7734340000 | 7742830000 | 7.738591e+09 |
|    RETIRED_INSTRUCTIONS STAT    |   PMC0  | 1013367381000 | 3759125000 | 4009002000 | 3.958466e+09 |
|     CPU_CLOCKS_UNHALTED STAT    |   PMC1  | 1752682862000 | 6810636000 | 6876119000 | 6.846417e+09 |
| REQUESTS_TO_L2_GRP1_RD_ANY STAT |   PMC2  |  550234840000 | 2148429000 | 2161384000 | 2.149355e+09 |
|     L2_PF_HIT_IN_L2_ALL STAT    |   PMC3  |  257928061100 |  699067200 | 1591166000 | 1.007531e+09 |
+---------------------------------+---------+---------------+------------+------------+--------------+
+-------------------------------+------------+------------+------------+------------+------------+------------+------------+------------+------------+------------+-------------+-------------+-------------+-------------+-------------+-------------+-------------+-------------+-------------+-------------+-------------+-------------+-------------+-------------+-------------+-------------+-------------+-------------+-------------+-------------+-------------+-------------+-------------+-------------+-------------+-------------+-------------+-------------+-------------+-------------+-------------+-------------+-------------+-------------+-------------+-------------+-------------+-------------+-------------+-------------+-------------+-------------+-------------+-------------+-------------+-------------+-------------+-------------+-------------+-------------+-------------+-------------+-------------+-------------+-------------+-------------+-------------+-------------+-------------+-------------+-------------+-------------+-------------+-------------+-------------+-------------+-------------+-------------+-------------+-------------+-------------+-------------+-------------+-------------+-------------+-------------+-------------+-------------+-------------+-------------+-------------+-------------+-------------+-------------+-------------+-------------+-------------+-------------+-------------+-------------+--------------+--------------+--------------+--------------+--------------+--------------+--------------+--------------+--------------+--------------+--------------+--------------+--------------+--------------+--------------+--------------+--------------+--------------+--------------+--------------+--------------+--------------+--------------+--------------+--------------+--------------+--------------+--------------+--------------+--------------+--------------+--------------+--------------+--------------+--------------+--------------+--------------+--------------+--------------+--------------+--------------+--------------+--------------+--------------+--------------+--------------+--------------+--------------+--------------+--------------+--------------+--------------+--------------+--------------+--------------+--------------+--------------+--------------+--------------+--------------+--------------+--------------+--------------+--------------+--------------+--------------+--------------+--------------+--------------+--------------+--------------+--------------+--------------+--------------+--------------+--------------+--------------+--------------+--------------+--------------+--------------+--------------+--------------+--------------+--------------+--------------+--------------+--------------+--------------+--------------+--------------+--------------+--------------+--------------+--------------+--------------+--------------+--------------+--------------+--------------+--------------+--------------+--------------+--------------+--------------+--------------+--------------+--------------+--------------+--------------+--------------+--------------+--------------+--------------+--------------+--------------+--------------+--------------+--------------+--------------+--------------+--------------+--------------+--------------+--------------+--------------+--------------+--------------+--------------+--------------+--------------+--------------+--------------+--------------+--------------+--------------+--------------+--------------+--------------+--------------+--------------+--------------+--------------+--------------+--------------+--------------+--------------+--------------+--------------+--------------+--------------+--------------+--------------+--------------+--------------+--------------+
|             Metric            | HWThread 0 | HWThread 1 | HWThread 2 | HWThread 3 | HWThread 4 | HWThread 5 | HWThread 6 | HWThread 7 | HWThread 8 | HWThread 9 | HWThread 10 | HWThread 11 | HWThread 12 | HWThread 13 | HWThread 14 | HWThread 15 | HWThread 16 | HWThread 17 | HWThread 18 | HWThread 19 | HWThread 20 | HWThread 21 | HWThread 22 | HWThread 23 | HWThread 24 | HWThread 25 | HWThread 26 | HWThread 27 | HWThread 28 | HWThread 29 | HWThread 30 | HWThread 31 | HWThread 32 | HWThread 33 | HWThread 34 | HWThread 35 | HWThread 36 | HWThread 37 | HWThread 38 | HWThread 39 | HWThread 40 | HWThread 41 | HWThread 42 | HWThread 43 | HWThread 44 | HWThread 45 | HWThread 46 | HWThread 47 | HWThread 48 | HWThread 49 | HWThread 50 | HWThread 51 | HWThread 52 | HWThread 53 | HWThread 54 | HWThread 55 | HWThread 56 | HWThread 57 | HWThread 58 | HWThread 59 | HWThread 60 | HWThread 61 | HWThread 62 | HWThread 63 | HWThread 64 | HWThread 65 | HWThread 66 | HWThread 67 | HWThread 68 | HWThread 69 | HWThread 70 | HWThread 71 | HWThread 72 | HWThread 73 | HWThread 74 | HWThread 75 | HWThread 76 | HWThread 77 | HWThread 78 | HWThread 79 | HWThread 80 | HWThread 81 | HWThread 82 | HWThread 83 | HWThread 84 | HWThread 85 | HWThread 86 | HWThread 87 | HWThread 88 | HWThread 89 | HWThread 90 | HWThread 91 | HWThread 92 | HWThread 93 | HWThread 94 | HWThread 95 | HWThread 96 | HWThread 97 | HWThread 98 | HWThread 99 | HWThread 100 | HWThread 101 | HWThread 102 | HWThread 103 | HWThread 104 | HWThread 105 | HWThread 106 | HWThread 107 | HWThread 108 | HWThread 109 | HWThread 110 | HWThread 111 | HWThread 112 | HWThread 113 | HWThread 114 | HWThread 115 | HWThread 116 | HWThread 117 | HWThread 118 | HWThread 119 | HWThread 120 | HWThread 121 | HWThread 122 | HWThread 123 | HWThread 124 | HWThread 125 | HWThread 126 | HWThread 127 | HWThread 128 | HWThread 129 | HWThread 130 | HWThread 131 | HWThread 132 | HWThread 133 | HWThread 134 | HWThread 135 | HWThread 136 | HWThread 137 | HWThread 138 | HWThread 139 | HWThread 140 | HWThread 141 | HWThread 142 | HWThread 143 | HWThread 144 | HWThread 145 | HWThread 146 | HWThread 147 | HWThread 148 | HWThread 149 | HWThread 150 | HWThread 151 | HWThread 152 | HWThread 153 | HWThread 154 | HWThread 155 | HWThread 156 | HWThread 157 | HWThread 158 | HWThread 159 | HWThread 160 | HWThread 161 | HWThread 162 | HWThread 163 | HWThread 164 | HWThread 165 | HWThread 166 | HWThread 167 | HWThread 168 | HWThread 169 | HWThread 170 | HWThread 171 | HWThread 172 | HWThread 173 | HWThread 174 | HWThread 175 | HWThread 176 | HWThread 177 | HWThread 178 | HWThread 179 | HWThread 180 | HWThread 181 | HWThread 182 | HWThread 183 | HWThread 184 | HWThread 185 | HWThread 186 | HWThread 187 | HWThread 188 | HWThread 189 | HWThread 190 | HWThread 191 | HWThread 192 | HWThread 193 | HWThread 194 | HWThread 195 | HWThread 196 | HWThread 197 | HWThread 198 | HWThread 199 | HWThread 200 | HWThread 201 | HWThread 202 | HWThread 203 | HWThread 204 | HWThread 205 | HWThread 206 | HWThread 207 | HWThread 208 | HWThread 209 | HWThread 210 | HWThread 211 | HWThread 212 | HWThread 213 | HWThread 214 | HWThread 215 | HWThread 216 | HWThread 217 | HWThread 218 | HWThread 219 | HWThread 220 | HWThread 221 | HWThread 222 | HWThread 223 | HWThread 224 | HWThread 225 | HWThread 226 | HWThread 227 | HWThread 228 | HWThread 229 | HWThread 230 | HWThread 231 | HWThread 232 | HWThread 233 | HWThread 234 | HWThread 235 | HWThread 236 | HWThread 237 | HWThread 238 | HWThread 239 | HWThread 240 | HWThread 241 | HWThread 242 | HWThread 243 | HWThread 244 | HWThread 245 | HWThread 246 | HWThread 247 | HWThread 248 | HWThread 249 | HWThread 250 | HWThread 251 | HWThread 252 | HWThread 253 | HWThread 254 | HWThread 255 |
+-------------------------------+------------+------------+------------+------------+------------+------------+------------+------------+------------+------------+-------------+-------------+-------------+-------------+-------------+-------------+-------------+-------------+-------------+-------------+-------------+-------------+-------------+-------------+-------------+-------------+-------------+-------------+-------------+-------------+-------------+-------------+-------------+-------------+-------------+-------------+-------------+-------------+-------------+-------------+-------------+-------------+-------------+-------------+-------------+-------------+-------------+-------------+-------------+-------------+-------------+-------------+-------------+-------------+-------------+-------------+-------------+-------------+-------------+-------------+-------------+-------------+-------------+-------------+-------------+-------------+-------------+-------------+-------------+-------------+-------------+-------------+-------------+-------------+-------------+-------------+-------------+-------------+-------------+-------------+-------------+-------------+-------------+-------------+-------------+-------------+-------------+-------------+-------------+-------------+-------------+-------------+-------------+-------------+-------------+-------------+-------------+-------------+-------------+-------------+--------------+--------------+--------------+--------------+--------------+--------------+--------------+--------------+--------------+--------------+--------------+--------------+--------------+--------------+--------------+--------------+--------------+--------------+--------------+--------------+--------------+--------------+--------------+--------------+--------------+--------------+--------------+--------------+--------------+--------------+--------------+--------------+--------------+--------------+--------------+--------------+--------------+--------------+--------------+--------------+--------------+--------------+--------------+--------------+--------------+--------------+--------------+--------------+--------------+--------------+--------------+--------------+--------------+--------------+--------------+--------------+--------------+--------------+--------------+--------------+--------------+--------------+--------------+--------------+--------------+--------------+--------------+--------------+--------------+--------------+--------------+--------------+--------------+--------------+--------------+--------------+--------------+--------------+--------------+--------------+--------------+--------------+--------------+--------------+--------------+--------------+--------------+--------------+--------------+--------------+--------------+--------------+--------------+--------------+--------------+--------------+--------------+--------------+--------------+--------------+--------------+--------------+--------------+--------------+--------------+--------------+--------------+--------------+--------------+--------------+--------------+--------------+--------------+--------------+--------------+--------------+--------------+--------------+--------------+--------------+--------------+--------------+--------------+--------------+--------------+--------------+--------------+--------------+--------------+--------------+--------------+--------------+--------------+--------------+--------------+--------------+--------------+--------------+--------------+--------------+--------------+--------------+--------------+--------------+--------------+--------------+--------------+--------------+--------------+--------------+--------------+--------------+--------------+--------------+--------------+--------------+
|      Runtime (RDTSC) [s]      |     2.8667 |     2.8664 |     2.8667 |     2.8664 |     2.8662 |     2.8662 |     2.8663 |     2.8667 |     2.8665 |     2.8663 |      2.8667 |      2.8664 |      2.8663 |      2.8663 |      2.8701 |      2.8663 |      2.8668 |      2.8672 |      2.8667 |      2.8663 |      2.8663 |      2.8667 |      2.8663 |      2.8671 |      2.8679 |      2.8683 |      2.8673 |      2.8671 |      2.8663 |      2.8662 |      2.8663 |      2.8675 |      2.8671 |      2.8663 |      2.8664 |      2.8663 |      2.8671 |      2.8663 |      2.8671 |      2.8662 |      2.8675 |      2.8663 |      2.8667 |      2.8664 |      2.8664 |      2.8667 |      2.8663 |      2.8679 |      2.8672 |      2.8665 |      2.8663 |      2.8665 |      2.8663 |      2.8672 |      2.8668 |      2.8665 |      2.8662 |      2.8662 |      2.8662 |      2.8667 |      2.8662 |      2.8663 |      2.8662 |      2.8663 |      2.8662 |      2.8668 |      2.8663 |      2.8662 |      2.8669 |      2.8668 |      2.8664 |      2.8662 |      2.8663 |      2.8662 |      2.8663 |      2.8664 |      2.8667 |      2.8669 |      2.8662 |      2.8665 |      2.8678 |      2.8667 |      2.8662 |      2.8669 |      2.8663 |      2.8664 |      2.8665 |      2.8663 |      2.8663 |      2.8662 |      2.8667 |      2.8668 |      2.8668 |      2.8662 |      2.8667 |      2.8662 |      2.8664 |      2.8667 |      2.8668 |      2.8662 |       2.8662 |       2.8671 |       2.8667 |       2.8664 |       2.8671 |       2.8667 |       2.8662 |       2.8662 |       2.8667 |       2.8664 |       2.8662 |       2.8663 |       2.8662 |       2.8667 |       2.8667 |       2.8662 |       2.8662 |       2.8663 |       2.8667 |       2.8662 |       2.8668 |       2.8671 |       2.8664 |       2.8671 |       2.8662 |       2.8664 |       2.8668 |       2.8664 |       2.8667 |       2.8668 |       2.8668 |       2.8664 |       2.8667 |       2.8664 |       2.8667 |       2.8668 |       2.8678 |       2.8668 |       2.8667 |       2.8667 |       2.8668 |       2.8668 |       2.8668 |       2.8663 |       2.8701 |       2.8668 |       2.8700 |       2.8667 |       2.8671 |       2.8671 |       2.8663 |       2.8672 |       2.8668 |       2.8663 |       2.8670 |       2.8664 |       2.8662 |       2.8663 |       2.8667 |       2.8664 |       2.8664 |       2.8663 |       2.8665 |       2.8663 |       2.8668 |       2.8662 |       2.8674 |       2.8673 |       2.8664 |       2.8663 |       2.8665 |       2.8663 |       2.8667 |       2.8667 |       2.8662 |       2.8664 |       2.8663 |       2.8668 |       2.8663 |       2.8662 |       2.8663 |       2.8662 |       2.8662 |       2.8664 |       2.8662 |       2.8667 |       2.8667 |       2.8668 |       2.8668 |       2.8667 |       2.8664 |       2.8662 |       2.8664 |       2.8664 |       2.8669 |       2.8663 |       2.8667 |       2.8668 |       2.8663 |       2.8667 |       2.8671 |       2.8663 |       2.8667 |       2.8674 |       2.8672 |       2.8667 |       2.8667 |       2.8671 |       2.8699 |       2.8662 |       2.8663 |       2.8701 |       2.8663 |       2.8662 |       2.8663 |       2.8664 |       2.8663 |       2.8663 |       2.8662 |       2.8699 |       2.8665 |       2.8662 |       2.8667 |       2.8671 |       2.8667 |       2.8671 |       2.8662 |       2.8663 |       2.8662 |       2.8664 |       2.8664 |       2.8668 |       2.8664 |       2.8671 |       2.8664 |       2.8671 |       2.8672 |       2.8672 |       2.8662 |       2.8662 |       2.8668 |       2.8671 |       2.8674 |       2.8668 |       2.8670 |       2.8671 |       2.8668 |       2.8668 |       2.8671 |       2.8677 |       2.8679 |       2.8671 |       2.8663 |       2.8680 |       2.8664 |       2.8667 |
|      Runtime unhalted [s]     |     2.5700 |     2.5692 |     2.5696 |     2.5692 |     2.5691 |     2.5693 |     2.5691 |     2.5699 |     2.5573 |     2.5566 |      2.5572 |      2.5568 |      2.5570 |      2.5568 |      2.5580 |      2.5572 |      2.5765 |      2.5766 |      2.5764 |      2.5759 |      2.5757 |      2.5759 |      2.5758 |      2.5764 |      2.5656 |      2.5658 |      2.5656 |      2.5652 |      2.5643 |      2.5649 |      2.5646 |      2.5656 |      2.5576 |      2.5567 |      2.5565 |      2.5567 |      2.5576 |      2.5568 |      2.5576 |      2.5568 |      2.5700 |      2.5691 |      2.5698 |      2.5692 |      2.5694 |      2.5697 |      2.5693 |      2.5701 |      2.5682 |      2.5677 |      2.5677 |      2.5677 |      2.5676 |      2.5682 |      2.5684 |      2.5672 |      2.5636 |      2.5636 |      2.5637 |      2.5640 |      2.5633 |      2.5634 |      2.5637 |      2.5636 |      2.5600 |      2.5603 |      2.5595 |      2.5595 |      2.5605 |      2.5600 |      2.5598 |      2.5597 |      2.5688 |      2.5683 |      2.5683 |      2.5681 |      2.5690 |      2.5685 |      2.5683 |      2.5684 |      2.5710 |      2.5709 |      2.5703 |      2.5708 |      2.5704 |      2.5702 |      2.5704 |      2.5700 |      2.5656 |      2.5657 |      2.5665 |      2.5665 |      2.5664 |      2.5660 |      2.5665 |      2.5657 |      2.5730 |      2.5741 |      2.5742 |      2.5730 |       2.5735 |       2.5741 |       2.5742 |       2.5737 |       2.5693 |       2.5692 |       2.5687 |       2.5683 |       2.5692 |       2.5685 |       2.5687 |       2.5686 |       2.5712 |       2.5718 |       2.5717 |       2.5713 |       2.5710 |       2.5713 |       2.5717 |       2.5713 |       2.5627 |       2.5627 |       2.5625 |       2.5627 |       2.5619 |       2.5621 |       2.5627 |       2.5621 |       2.5631 |       2.5636 |       2.5634 |       2.5630 |       2.5633 |       2.5626 |       2.5634 |       2.5634 |       2.5735 |       2.5729 |       2.5731 |       2.5733 |       2.5732 |       2.5730 |       2.5732 |       2.5730 |       2.5830 |       2.5825 |       2.5825 |       2.5822 |       2.5822 |       2.5825 |       2.5818 |       2.5826 |       2.5732 |       2.5727 |       2.5730 |       2.5729 |       2.5723 |       2.5730 |       2.5730 |       2.5725 |       2.5647 |       2.5647 |       2.5658 |       2.5653 |       2.5656 |       2.5651 |       2.5657 |       2.5658 |       2.5705 |       2.5707 |       2.5704 |       2.5704 |       2.5710 |       2.5715 |       2.5708 |       2.5711 |       2.5637 |       2.5642 |       2.5638 |       2.5637 |       2.5638 |       2.5637 |       2.5637 |       2.5635 |       2.5759 |       2.5763 |       2.5759 |       2.5759 |       2.5759 |       2.5758 |       2.5753 |       2.5758 |       2.5619 |       2.5621 |       2.5626 |       2.5623 |       2.5627 |       2.5621 |       2.5619 |       2.5629 |       2.5665 |       2.5660 |       2.5665 |       2.5665 |       2.5666 |       2.5666 |       2.5665 |       2.5666 |       2.5822 |       2.5815 |       2.5811 |       2.5825 |       2.5818 |       2.5815 |       2.5814 |       2.5812 |       2.5681 |       2.5679 |       2.5682 |       2.5689 |       2.5676 |       2.5678 |       2.5688 |       2.5684 |       2.5848 |       2.5850 |       2.5843 |       2.5843 |       2.5845 |       2.5844 |       2.5843 |       2.5850 |       2.5634 |       2.5641 |       2.5630 |       2.5635 |       2.5637 |       2.5641 |       2.5630 |       2.5635 |       2.5729 |       2.5730 |       2.5737 |       2.5736 |       2.5730 |       2.5736 |       2.5730 |       2.5729 |       2.5703 |       2.5703 |       2.5703 |       2.5703 |       2.5694 |       2.5702 |       2.5695 |       2.5695 |
|          Clock [MHz]          |  2414.0169 |  2413.5093 |  2413.5260 |  2414.0642 |  2413.7642 |  2413.7495 |  2413.4981 |  2414.0140 |  2402.5017 |  2402.6347 |   2402.7803 |   2402.3997 |   2402.5742 |   2402.4298 |   2402.0259 |   2402.5067 |   2420.0384 |   2419.6277 |   2420.0945 |   2420.2274 |   2419.9945 |   2419.9018 |   2419.9521 |   2419.7870 |   2409.1568 |   2409.3980 |   2409.1548 |   2409.2748 |   2409.5935 |   2409.7206 |   2409.7590 |   2409.4655 |   2402.1933 |   2402.2687 |   2402.1408 |   2402.4000 |   2402.4509 |   2402.0939 |   2402.1979 |   2402.0909 |   2413.5123 |   2413.5495 |   2413.6300 |   2413.8622 |   2414.0922 |   2413.5721 |   2413.8278 |   2413.4791 |   2412.1518 |   2412.3454 |   2412.2995 |   2412.3439 |   2412.0885 |   2412.1752 |   2412.4505 |   2412.7941 |   2408.4047 |   2408.7028 |   2408.6359 |   2408.2083 |   2408.1861 |   2408.1691 |   2408.6692 |   2408.3900 |   2405.0059 |   2404.9286 |   2404.5625 |   2404.8250 |   2404.8204 |   2404.7876 |   2405.0962 |   2404.8118 |   2413.2548 |   2414.0610 |   2414.0443 |   2413.8317 |   2413.3481 |   2413.6251 |   2414.0443 |   2413.3545 |   2414.5929 |   2415.0716 |   2415.1764 |   2414.9232 |   2414.8630 |   2415.1650 |   2415.2691 |   2414.9490 |   2410.3678 |   2410.3566 |   2410.7244 |   2410.7072 |   2410.4202 |   2410.8400 |   2410.6706 |   2410.6332 |   2418.4583 |   2417.7069 |   2417.9659 |   2417.6896 |    2417.6165 |    2417.7399 |    2418.0167 |    2418.1622 |    2413.4138 |    2413.1219 |    2413.3046 |    2413.1993 |    2413.1144 |    2413.4719 |    2413.2730 |    2413.0374 |    2415.6012 |    2415.4550 |    2415.7364 |    2415.8704 |    2415.3510 |    2415.5989 |    2415.3893 |    2415.8459 |    2407.9654 |    2407.9649 |    2407.5958 |    2407.9800 |    2407.8706 |    2408.0708 |    2407.9559 |    2408.1688 |    2407.4796 |    2407.8074 |    2407.5728 |    2408.0485 |    2407.4981 |    2407.5150 |    2407.8598 |    2407.6015 |    2416.9340 |    2417.8699 |    2417.6820 |    2417.3718 |    2417.8339 |    2417.8598 |    2417.8224 |    2417.4937 |    2425.2586 |    2425.5177 |    2425.1499 |    2425.7685 |    2425.1925 |    2425.0977 |    2425.7018 |    2425.0957 |    2417.2321 |    2417.3566 |    2417.1813 |    2417.2878 |    2417.0851 |    2417.5106 |    2417.1079 |    2417.0341 |    2409.7950 |    2409.8021 |    2410.1673 |    2409.8824 |    2409.7169 |    2409.8409 |    2409.4157 |    2409.9180 |    2415.3312 |    2415.5112 |    2415.3169 |    2415.3119 |    2415.3516 |    2415.2261 |    2415.5724 |    2415.6018 |    2408.6073 |    2408.4518 |    2408.8503 |    2408.5755 |    2408.8314 |    2408.7764 |    2408.6271 |    2408.5603 |    2420.0726 |    2419.8579 |    2420.3390 |    2420.3456 |    2420.3729 |    2420.3037 |    2420.3180 |    2420.0917 |    2407.1515 |    2407.2947 |    2407.0265 |    2407.2016 |    2407.1427 |    2407.1600 |    2407.1450 |    2407.1796 |    2410.2995 |    2410.7917 |    2410.8855 |    2410.3424 |    2410.7528 |    2410.8483 |    2410.8448 |    2410.3078 |    2424.9372 |    2425.6398 |    2425.3099 |    2425.0181 |    2425.7283 |    2425.6420 |    2425.4996 |    2425.3371 |    2412.9881 |    2412.7582 |    2412.8610 |    2412.3474 |    2412.6502 |    2412.9509 |    2412.8433 |    2412.7512 |    2428.0047 |    2427.9784 |    2427.9462 |    2427.8957 |    2428.1890 |    2428.2147 |    2428.2362 |    2427.9838 |    2408.3370 |    2408.4428 |    2408.4322 |    2408.2677 |    2407.8941 |    2408.0335 |    2408.2391 |    2408.3208 |    2417.5256 |    2417.0890 |    2417.1767 |    2417.2818 |    2417.0635 |    2416.9211 |    2417.4814 |    2417.4733 |    2414.0134 |    2413.9239 |    2413.9355 |    2414.0101 |    2414.2969 |    2414.0562 |    2414.3078 |    2414.2822 |
|              CPI              |     1.7284 |     1.7161 |     1.7246 |     1.7256 |     1.7253 |     1.7160 |     1.7141 |     1.7266 |     1.7285 |     1.7338 |      1.7256 |      1.7317 |      1.7320 |      1.7322 |      1.7379 |      1.7350 |      1.7414 |      1.7413 |      1.7363 |      1.7375 |      1.7391 |      1.7394 |      1.7269 |      1.7412 |      1.7403 |      1.7428 |      1.7397 |      1.7396 |      1.7239 |      1.7392 |      1.7355 |      1.7422 |      1.7265 |      1.7155 |      1.7170 |      1.7245 |      1.7227 |      1.7209 |      1.7278 |      1.7251 |      1.7276 |      1.7282 |      1.7325 |      1.7238 |      1.7320 |      1.7198 |      1.7355 |      1.7301 |      1.7190 |      1.7228 |      1.7255 |      1.7312 |      1.7324 |      1.7305 |      1.7319 |      1.7281 |      1.7283 |      1.7389 |      1.7300 |      1.7388 |      1.7364 |      1.7378 |      1.7435 |      1.7524 |      1.7205 |      1.7162 |      1.7188 |      1.7236 |      1.7213 |      1.7165 |      1.7233 |      1.7197 |      1.7305 |      1.7311 |      1.7319 |      1.7345 |      1.7321 |      1.7337 |      1.7303 |      1.7344 |      1.7270 |      1.7238 |      1.7251 |      1.7226 |      1.7251 |      1.7256 |      1.7307 |      1.7260 |      1.7208 |      1.7274 |      1.7274 |      1.7223 |      1.7314 |      1.7257 |      1.7264 |      1.7455 |      1.7301 |      1.7269 |      1.7329 |      1.7202 |       1.7322 |       1.7326 |       1.7267 |       1.7267 |       1.7736 |       1.7965 |       1.7832 |       1.7649 |       1.7816 |       1.7712 |       1.8247 |       1.8139 |       1.7326 |       1.7282 |       1.7317 |       1.7299 |       1.7212 |       1.7191 |       1.7225 |       1.7240 |       1.7280 |       1.7266 |       1.7265 |       1.7262 |       1.7358 |       1.7318 |       1.7348 |       1.7495 |       1.7173 |       1.7115 |       1.7051 |       1.7130 |       1.7148 |       1.7123 |       1.7174 |       1.7184 |       1.7094 |       1.7168 |       1.7198 |       1.7087 |       1.7095 |       1.7155 |       1.7125 |       1.7231 |       1.7291 |       1.7207 |       1.7170 |       1.7172 |       1.7249 |       1.7229 |       1.7273 |       1.7245 |       1.7325 |       1.7270 |       1.7274 |       1.7269 |       1.7236 |       1.7235 |       1.7304 |       1.7481 |       1.7113 |       1.7128 |       1.7171 |       1.7183 |       1.7095 |       1.7085 |       1.7192 |       1.7197 |       1.7119 |       1.7208 |       1.7207 |       1.7145 |       1.7112 |       1.7177 |       1.7172 |       1.7278 |       1.7172 |       1.7110 |       1.7146 |       1.7092 |       1.7165 |       1.7226 |       1.7180 |       1.7100 |       1.7357 |       1.7342 |       1.7337 |       1.7324 |       1.7395 |       1.7391 |       1.7416 |       1.7545 |       1.7211 |       1.7203 |       1.7099 |       1.7200 |       1.7212 |       1.7212 |       1.7215 |       1.7229 |       1.7187 |       1.7193 |       1.7194 |       1.7191 |       1.7186 |       1.7177 |       1.7204 |       1.7138 |       1.7332 |       1.7346 |       1.7312 |       1.7315 |       1.7298 |       1.7220 |       1.7396 |       1.7344 |       1.7389 |       1.7352 |       1.7317 |       1.7454 |       1.7417 |       1.7377 |       1.7449 |       1.7563 |       1.7468 |       1.7354 |       1.7494 |       1.7463 |       1.7407 |       1.7422 |       1.7497 |       1.7450 |       1.7079 |       1.7024 |       1.7006 |       1.7008 |       1.7088 |       1.7068 |       1.7106 |       1.7080 |       1.7342 |       1.7320 |       1.7307 |       1.7289 |       1.7321 |       1.7288 |       1.7332 |       1.7335 |       1.7457 |       1.7556 |       1.7593 |       1.7521 |       1.7735 |       1.7553 |       1.7653 |       1.7770 |
|    L2 bandwidth [MBytes/s]    | 47981.9275 | 47971.8338 | 47966.7353 | 47971.7727 | 47976.5099 | 47973.2665 | 47970.9565 | 47976.3686 | 47972.2252 | 47985.3526 |  47965.6803 |  47974.8756 |  47976.7785 |  47981.1493 |  47926.0839 |  47987.0161 |  47973.1157 |  47973.7500 |  47969.0911 |  47974.6685 |  47981.5233 |  47982.7930 |  47973.4289 |  47972.0360 |  47950.9159 |  47950.7671 |  47957.7134 |  47962.9008 |  47971.7988 |  47983.3592 |  47976.4990 |  47968.9260 |  47980.3456 |  47983.8287 |  47976.5335 |  48011.3989 |  47967.9570 |  47986.8930 |  47973.4814 |  47992.4137 |  47963.1903 |  47987.0046 |  47979.6228 |  47977.0863 |  47981.7474 |  47974.0748 |  47995.2106 |  47962.4037 |  47965.8812 |  47980.2238 |  47977.6885 |  47988.7528 |  47987.7306 |  47972.5331 |  47993.9221 |  47985.8112 |  47988.9192 |  47996.2320 |  47988.4224 |  47993.0904 |  47989.9407 |  47991.5319 |  48008.8535 |  48082.4138 |  47982.4829 |  47973.2158 |  47976.9905 |  47982.7676 |  47971.8325 |  47972.2558 |  47980.5585 |  47986.5747 |  47982.5169 |  47987.0323 |  47990.9848 |  47989.8521 |  47987.3249 |  47995.5743 |  47981.8577 |  47986.8327 |  47954.4411 |  47975.3364 |  47978.7094 |  47968.5509 |  47978.6430 |  47979.5147 |  47980.9214 |  47985.9052 |  47987.2729 |  47993.8093 |  47989.7583 |  47977.2682 |  47981.5768 |  47989.6449 |  47981.6152 |  48079.7985 |  48034.6578 |  47980.9842 |  47974.2873 |  47980.2499 |   47984.1966 |   47974.9548 |   47974.2482 |   47985.4704 |   47965.4510 |   48011.3467 |   47990.2701 |   47978.0562 |   47972.7299 |   47976.1432 |   48002.3055 |   48009.2607 |   47988.9917 |   48040.5823 |   47977.6358 |   47984.2692 |   47980.5516 |   47982.2989 |   47973.6059 |   47988.1544 |   48027.9282 |   48029.9786 |   48027.3844 |   48040.8044 |   48037.3396 |   48041.3893 |   48030.4063 |   48258.2395 |   47980.0856 |   47974.7454 |   47965.7039 |   47986.5031 |   47978.6624 |   47979.8267 |   47978.1937 |   47981.0353 |   47952.2641 |   47973.1042 |   47973.2882 |   47966.5737 |   47970.0235 |   47977.1564 |   47971.5974 |   47992.0567 |   47921.7022 |   47975.1414 |   47913.5547 |   47970.6363 |   47966.0037 |   47976.8912 |   47981.5289 |   47972.5055 |   47983.7644 |   47990.6277 |   47976.0527 |   47998.3533 |   47992.3969 |   47990.4267 |   47985.7510 |   48052.9773 |   47978.8892 |   47982.4556 |   47978.3655 |   47981.9420 |   47969.7562 |   47978.7427 |   47963.2726 |   47971.8368 |   47975.4453 |   47986.1733 |   47985.1691 |   47977.6884 |   47970.5587 |   47972.5512 |   47988.1879 |   47991.2197 |   47983.2199 |   47973.7461 |   47977.8890 |   47978.8376 |   47983.4321 |   47992.6482 |   47988.7629 |   47981.2617 |   47990.8953 |   47979.6784 |   47979.3659 |   47972.4569 |   47981.3868 |   47983.7192 |   47992.9221 |   48085.1969 |   47988.6353 |   47986.4471 |   47965.8724 |   47982.8125 |   47977.6021 |   47980.0360 |   47984.1302 |   47984.3387 |   47969.1286 |   47982.6119 |   47975.5534 |   47963.2616 |   47968.6044 |   47976.7813 |   47981.5367 |   47970.4846 |   47923.7276 |   47991.1800 |   47978.7542 |   47918.7531 |   47981.1768 |   47981.2379 |   48004.9848 |   47990.0028 |   47995.2216 |   47990.5608 |   47991.5428 |   47933.5620 |   47991.4319 |   48013.8943 |   47995.6298 |   48076.4751 |   47981.9555 |   47973.3976 |   47987.4734 |   48022.4065 |   47986.3290 |   47987.4464 |   47985.8835 |   47980.8678 |   47977.2262 |   47967.6555 |   47976.2438 |   47962.3038 |   47971.9137 |   47976.3670 |   47986.1169 |   47986.0052 |   48010.0629 |   47979.6646 |   47964.5279 |   47975.2030 |   47975.9745 |   47981.1155 |   47976.6427 |   47988.4135 |   47994.4753 |   47999.6931 |   47981.8234 |   48020.6814 |   48039.5609 |   47985.4781 |   48015.0431 |   48083.9314 |
|    L2 data volume [GBytes]    |   137.5484 |   137.5073 |   137.5062 |   137.5084 |   137.5116 |   137.5017 |   137.5004 |   137.5334 |   137.5118 |   137.5412 |    137.5030 |    137.5140 |    137.5162 |    137.5287 |    137.5510 |    137.5462 |    137.5293 |    137.5505 |    137.5152 |    137.5105 |    137.5301 |    137.5544 |    137.5047 |    137.5414 |    137.5181 |    137.5384 |    137.5089 |    137.5156 |    137.4995 |    137.5306 |    137.5130 |    137.5499 |    137.5667 |    137.5370 |    137.5192 |    137.6129 |    137.5311 |    137.5425 |    137.5455 |    137.5565 |    137.5348 |    137.5430 |    137.5446 |    137.5220 |    137.5369 |    137.5278 |    137.5701 |    137.5535 |    137.5258 |    137.5342 |    137.5197 |    137.5594 |    137.5479 |    137.5448 |    137.5876 |    137.5510 |    137.5464 |    137.5674 |    137.5451 |    137.5830 |    137.5494 |    137.5567 |    137.6038 |    137.8194 |    137.5288 |    137.5277 |    137.5164 |    137.5296 |    137.5282 |    137.5250 |    137.5338 |    137.5404 |    137.5329 |    137.5409 |    137.5549 |    137.5588 |    137.5661 |    137.5979 |    137.5272 |    137.5545 |    137.5261 |    137.5323 |    137.5184 |    137.5190 |    137.5219 |    137.5307 |    137.5351 |    137.5421 |    137.5469 |    137.5612 |    137.5732 |    137.5420 |    137.5543 |    137.5485 |    137.5500 |    137.8072 |    137.6879 |    137.5456 |    137.5304 |    137.5217 |     137.5329 |     137.5505 |     137.5300 |     137.5468 |     137.5224 |     137.6359 |     137.5503 |     137.5161 |     137.5247 |     137.5208 |     137.5856 |     137.6085 |     137.5464 |     137.7165 |     137.5389 |     137.5336 |     137.5242 |     137.5300 |     137.5259 |     137.5437 |     137.6855 |     137.7075 |     137.6679 |     137.7399 |     137.6862 |     137.7077 |     137.6924 |     138.3286 |     137.5430 |     137.5340 |     137.5080 |     137.5507 |     137.5393 |     137.5279 |     137.5388 |     137.5519 |     137.5164 |     137.5276 |     137.5272 |     137.5069 |     137.5194 |     137.5407 |     137.5238 |     137.5597 |     137.5385 |     137.5337 |     137.5108 |     137.5158 |     137.5249 |     137.5560 |     137.5302 |     137.5464 |     137.5594 |     137.5564 |     137.5453 |     137.5823 |     137.5563 |     137.5558 |     137.5619 |     137.7407 |     137.5270 |     137.5331 |     137.5317 |     137.5316 |     137.5213 |     137.5172 |     137.5298 |     137.5489 |     137.5176 |     137.5446 |     137.5471 |     137.5190 |     137.5180 |     137.5238 |     137.5443 |     137.5631 |     137.5321 |     137.5298 |     137.5176 |     137.5180 |     137.5336 |     137.5574 |     137.5463 |     137.5348 |     137.5519 |     137.5437 |     137.5428 |     137.5263 |     137.5519 |     137.5543 |     137.5656 |     137.8221 |     137.5558 |     137.5485 |     137.5128 |     137.5316 |     137.5370 |     137.5474 |     137.5377 |     137.5558 |     137.5331 |     137.5341 |     137.5296 |     137.5302 |     137.5334 |     137.5331 |     137.5468 |     137.5369 |     137.5374 |     137.5531 |     137.5193 |     137.5300 |     137.5263 |     137.5244 |     137.5981 |     137.5588 |     137.5666 |     137.5569 |     137.5536 |     137.5656 |     137.5652 |     137.6177 |     137.5887 |     137.8414 |     137.5496 |     137.5452 |     137.5428 |     137.6471 |     137.5388 |     137.5531 |     137.5488 |     137.5508 |     137.5242 |     137.5296 |     137.5214 |     137.5143 |     137.5435 |     137.5569 |     137.5382 |     137.5379 |     137.6342 |     137.5631 |     137.5327 |     137.5352 |     137.5452 |     137.5676 |     137.5382 |     137.5720 |     137.6072 |     137.6511 |     137.6052 |     137.6810 |     137.6940 |     137.6201 |     137.6318 |     137.8433 |
| Prefetch bandwidth [MBytes/s] | 26324.7099 | 19500.4257 | 23501.2188 | 22980.4870 | 24173.2172 | 18603.3218 | 19032.0001 | 24072.1836 | 24226.7751 | 25871.2131 |  22202.2587 |  24221.8356 |  25171.0005 |  24010.7595 |  28248.2243 |  26251.4316 |  27050.7475 |  26040.4547 |  23666.1134 |  23511.1715 |  25775.9785 |  24457.1177 |  20608.7057 |  25767.4647 |  26774.4791 |  26938.0370 |  25974.8850 |  24699.2931 |  19268.7749 |  24909.0930 |  24826.3038 |  26893.1420 |  26298.4417 |  20367.5574 |  20693.0789 |  21788.0392 |  23643.5926 |  21781.4897 |  27275.8661 |  24303.0982 |  23064.2715 |  22923.6635 |  25140.3129 |  19959.2357 |  25086.9894 |  18568.9839 |  27723.3452 |  23260.0277 |  19691.7684 |  20680.5407 |  21766.8106 |  23830.0948 |  25654.6240 |  23023.9757 |  24487.3469 |  22512.9095 |  20488.7816 |  24891.6713 |  20619.3519 |  24290.6451 |  21269.7899 |  23317.2202 |  27186.4541 |  32416.2444 |  22859.8989 |  20170.0726 |  21605.4643 |  23074.8011 |  22848.1670 |  19289.8486 |  24104.8852 |  21492.9880 |  23515.0507 |  22940.3397 |  23699.6705 |  23938.3257 |  23829.0142 |  23737.2118 |  23186.5172 |  24338.3549 |  22972.8500 |  20862.6437 |  21309.2881 |  19620.6217 |  20868.6741 |  20723.3627 |  25111.8462 |  21388.0394 |  19039.2230 |  21227.4849 |  21405.6162 |  18412.6019 |  21966.7979 |  20120.3213 |  20401.5195 |  28835.5356 |  19781.8350 |  21084.2284 |  23946.4342 |  18148.6563 |   23028.6193 |   22596.6966 |   21284.4149 |   20986.4695 |   19284.8240 |   18633.7389 |   22107.1503 |   15609.4648 |   17425.6375 |   17093.6083 |   21409.6412 |   21668.7782 |   26815.7956 |   19857.0319 |   25037.1040 |   23479.8616 |   19661.5841 |   18613.2573 |   20890.0788 |   21035.4893 |   20718.2179 |   19379.9896 |   19701.6788 |   18732.0400 |   22356.4909 |   20788.5020 |   22518.4416 |   27891.7453 |   24173.9720 |   20599.7538 |   17541.3439 |   20519.6372 |   22763.9068 |   19510.5787 |   23700.8874 |   23328.4494 |   18672.6461 |   21014.4583 |   23924.6365 |   17159.8570 |   17998.8697 |   20091.7867 |   20214.0499 |   24669.2305 |   25648.8619 |   20491.7852 |   18108.1115 |   18497.3805 |   21648.0715 |   20094.0706 |   23824.2287 |   21350.0700 |   24441.6339 |   21242.1177 |   20718.8787 |   19951.3243 |   17662.7572 |   18822.8191 |   22182.0140 |   35526.5771 |   20276.1998 |   20358.8352 |   22527.0473 |   22412.0941 |   18725.6915 |   17718.4069 |   23234.8910 |   23478.9022 |   19430.9001 |   22816.5838 |   23178.8452 |   19265.7950 |   18120.7378 |   19903.5960 |   21738.0710 |   26099.6622 |   24676.1773 |   20106.5527 |   21033.4802 |   18584.1446 |   23150.0597 |   24940.7655 |   24252.4273 |   19425.9515 |   23695.6454 |   21736.5433 |   21022.1124 |   20361.5307 |   21833.7948 |   23923.9010 |   24758.4891 |   33581.3965 |   24692.2186 |   23367.0676 |   18410.3184 |   22634.7604 |   24106.3777 |   22681.4257 |   24832.8932 |   24178.6316 |   23738.5526 |   21949.4609 |   23538.2054 |   21751.7502 |   21082.7824 |   20948.1819 |   23082.8518 |   20007.7204 |   24836.6580 |   24929.7834 |   22351.6381 |   21860.5236 |   21503.9260 |   18265.1485 |   29153.5661 |   24695.0393 |   24641.0369 |   22016.7870 |   20553.9967 |   25875.9834 |   22039.0187 |   22463.5098 |   26346.4222 |   34035.6761 |   25497.0354 |   20659.6626 |   26765.1377 |   21418.0166 |   19438.6518 |   22802.1681 |   25944.4615 |   23532.7670 |   21319.1473 |   18483.7732 |   17652.1409 |   17383.8839 |   21709.7164 |   19531.5178 |   23587.5500 |   20316.8436 |   21570.4619 |   24852.8833 |   24448.7074 |   22628.1359 |   24930.7116 |   21200.4464 |   24724.7810 |   24959.2043 |   18238.4596 |   20224.1677 |   22148.2813 |   19615.2909 |   24907.2245 |   20100.8304 |   22917.6199 |   31754.8029 |
| Prefetch data volume [GBytes] |    75.4643 |    55.8964 |    67.3709 |    65.8723 |    69.2860 |    53.3211 |    54.5519 |    69.0075 |    69.4458 |    74.1551 |     63.6471 |     69.4289 |     72.1478 |     68.8222 |     81.0742 |     75.2451 |     77.5491 |     74.6633 |     67.8447 |     67.3904 |     73.8820 |     70.1123 |     59.0701 |     73.8783 |     76.7864 |     77.2671 |     74.4776 |     70.8159 |     55.2292 |     71.3948 |     71.1586 |     77.1155 |     75.4015 |     58.3799 |     59.3143 |     62.4501 |     67.7896 |     62.4312 |     78.2031 |     69.6579 |     66.1370 |     65.7051 |     72.0705 |     57.2114 |     71.9104 |     53.2319 |     79.4643 |     66.7085 |     56.4594 |     59.2803 |     62.3908 |     68.3088 |     73.5342 |     66.0134 |     70.1996 |     64.5331 |     58.7252 |     71.3448 |     59.0995 |     69.6346 |     60.9638 |     66.8335 |     77.9223 |     92.9152 |     65.5217 |     57.8228 |     61.9277 |     66.1377 |     65.5023 |     55.2994 |     69.0954 |     61.6038 |     67.4015 |     65.7518 |     67.9295 |     68.6172 |     68.3110 |     68.0519 |     66.4580 |     69.7660 |     65.8827 |     59.8075 |     61.0775 |     56.2495 |     59.8162 |     59.4024 |     71.9820 |     61.3046 |     54.5725 |     60.8428 |     61.3639 |     52.7855 |     62.9747 |     57.6691 |     58.4855 |     82.6490 |     56.7032 |     60.4415 |     68.6485 |     52.0179 |      66.0049 |      64.7877 |      61.0170 |      60.1561 |      55.2918 |      53.4180 |      63.3638 |      44.7403 |      49.9545 |      48.9978 |      61.3649 |      62.1090 |      76.8596 |      56.9236 |      71.7746 |      67.2985 |      56.3550 |      53.3505 |      59.8856 |      60.2920 |      59.3946 |      55.5647 |      56.4738 |      53.7075 |      64.0789 |      59.5890 |      64.5553 |      79.9496 |      69.2988 |      59.0554 |      50.2875 |      58.8184 |      65.2568 |      55.9245 |      67.9432 |      66.8780 |      53.5490 |      60.2435 |      68.5859 |      49.1926 |      51.5987 |      57.5990 |      57.9491 |      70.7094 |      73.6140 |      58.7452 |      51.9699 |      53.0258 |      62.0679 |      57.6123 |      68.2877 |      61.2148 |      70.0691 |      60.8866 |      59.4001 |      57.1884 |      50.6252 |      53.9522 |      63.5897 |     101.8346 |      58.1198 |      58.3550 |      64.5746 |      64.2403 |      53.6834 |      50.7847 |      66.6237 |      67.3207 |      55.6971 |      65.4001 |      66.4410 |      55.2218 |      51.9470 |      57.0580 |      62.3059 |      74.8127 |      70.7282 |      57.6409 |      60.2877 |      53.2663 |      66.3544 |      71.4857 |      69.5128 |      55.6831 |      67.9167 |      62.3123 |      60.2642 |      58.3720 |      62.5926 |      68.5823 |      70.9670 |      96.2512 |      70.7784 |      66.9795 |      52.7803 |      64.8773 |      69.1055 |      65.0223 |      71.1789 |      69.3124 |      68.0612 |      62.9145 |      67.4760 |      62.3711 |      60.4476 |      60.0513 |      66.1707 |      57.3644 |      71.2793 |      71.4541 |      64.0655 |      62.7411 |      61.6358 |      52.3518 |      83.5637 |      70.7860 |      70.6275 |      63.1074 |      58.9120 |      74.2621 |      63.1738 |      64.3850 |      75.5271 |      97.5846 |      73.0922 |      59.2336 |      76.7149 |      61.3907 |      55.7152 |      65.3610 |      74.3683 |      67.4634 |      61.1102 |      52.9954 |      50.5989 |      49.8419 |      62.2454 |      56.0004 |      67.6068 |      58.2323 |      61.8377 |      71.2560 |      70.1038 |      64.8703 |      71.4753 |      60.7842 |      70.8804 |      71.5524 |      52.2923 |      57.9978 |      63.5182 |      56.2394 |      71.3907 |      57.6482 |      65.6918 |      91.0322 |
+-------------------------------+------------+------------+------------+------------+------------+------------+------------+------------+------------+------------+-------------+-------------+-------------+-------------+-------------+-------------+-------------+-------------+-------------+-------------+-------------+-------------+-------------+-------------+-------------+-------------+-------------+-------------+-------------+-------------+-------------+-------------+-------------+-------------+-------------+-------------+-------------+-------------+-------------+-------------+-------------+-------------+-------------+-------------+-------------+-------------+-------------+-------------+-------------+-------------+-------------+-------------+-------------+-------------+-------------+-------------+-------------+-------------+-------------+-------------+-------------+-------------+-------------+-------------+-------------+-------------+-------------+-------------+-------------+-------------+-------------+-------------+-------------+-------------+-------------+-------------+-------------+-------------+-------------+-------------+-------------+-------------+-------------+-------------+-------------+-------------+-------------+-------------+-------------+-------------+-------------+-------------+-------------+-------------+-------------+-------------+-------------+-------------+-------------+-------------+--------------+--------------+--------------+--------------+--------------+--------------+--------------+--------------+--------------+--------------+--------------+--------------+--------------+--------------+--------------+--------------+--------------+--------------+--------------+--------------+--------------+--------------+--------------+--------------+--------------+--------------+--------------+--------------+--------------+--------------+--------------+--------------+--------------+--------------+--------------+--------------+--------------+--------------+--------------+--------------+--------------+--------------+--------------+--------------+--------------+--------------+--------------+--------------+--------------+--------------+--------------+--------------+--------------+--------------+--------------+--------------+--------------+--------------+--------------+--------------+--------------+--------------+--------------+--------------+--------------+--------------+--------------+--------------+--------------+--------------+--------------+--------------+--------------+--------------+--------------+--------------+--------------+--------------+--------------+--------------+--------------+--------------+--------------+--------------+--------------+--------------+--------------+--------------+--------------+--------------+--------------+--------------+--------------+--------------+--------------+--------------+--------------+--------------+--------------+--------------+--------------+--------------+--------------+--------------+--------------+--------------+--------------+--------------+--------------+--------------+--------------+--------------+--------------+--------------+--------------+--------------+--------------+--------------+--------------+--------------+--------------+--------------+--------------+--------------+--------------+--------------+--------------+--------------+--------------+--------------+--------------+--------------+--------------+--------------+--------------+--------------+--------------+--------------+--------------+--------------+--------------+--------------+--------------+--------------+--------------+--------------+--------------+--------------+--------------+--------------+--------------+--------------+--------------+--------------+--------------+--------------+
+------------------------------------+--------------+------------+------------+------------+
|               Metric               |      Sum     |     Min    |     Max    |     Avg    |
+------------------------------------+--------------+------------+------------+------------+
|      Runtime (RDTSC) [s] STAT      |     733.8732 |     2.8662 |     2.8701 |     2.8667 |
|      Runtime unhalted [s] STAT     |     657.6370 |     2.5565 |     2.5850 |     2.5689 |
|          Clock [MHz] STAT          |  617813.8248 |  2402.0259 |  2428.2362 |  2413.3353 |
|              CPI STAT              |     442.8021 |     1.7006 |     1.8247 |     1.7297 |
|    L2 bandwidth [MBytes/s] STAT    | 1.228419e+07 | 47913.5547 | 48258.2395 | 47985.1063 |
|    L2 data volume [GBytes] STAT    |   35215.0293 |   137.4995 |   138.3286 |   137.5587 |
| Prefetch bandwidth [MBytes/s] STAT | 5.758324e+06 | 15609.4648 | 35526.5771 | 22493.4531 |
| Prefetch data volume [GBytes] STAT |   16507.3959 |    44.7403 |   101.8346 |    64.4820 |
+------------------------------------+--------------+------------+------------+------------+
