--------------------------------------------------------------------------------
CPU name:	AMD EPYC 9755 128-Core Processor               
CPU type:	AMD K1A (Zen5) architecture
CPU clock:	2.70 GHz
--------------------------------------------------------------------------------
Region bench, Group 1: L2BW
+-------------------+------------+------------+------------+------------+------------+------------+------------+------------+------------+------------+-------------+-------------+-------------+-------------+-------------+-------------+-------------+-------------+-------------+-------------+-------------+-------------+-------------+-------------+-------------+-------------+-------------+-------------+-------------+-------------+-------------+-------------+-------------+-------------+-------------+-------------+-------------+-------------+-------------+-------------+-------------+-------------+-------------+-------------+-------------+-------------+-------------+-------------+-------------+-------------+-------------+-------------+-------------+-------------+-------------+-------------+-------------+-------------+-------------+-------------+-------------+-------------+-------------+-------------+-------------+-------------+-------------+-------------+-------------+-------------+-------------+-------------+-------------+-------------+-------------+-------------+-------------+-------------+-------------+-------------+-------------+-------------+-------------+-------------+-------------+-------------+-------------+-------------+-------------+-------------+-------------+-------------+-------------+-------------+-------------+-------------+-------------+-------------+-------------+-------------+--------------+--------------+--------------+--------------+--------------+--------------+--------------+--------------+--------------+--------------+--------------+--------------+--------------+--------------+--------------+--------------+--------------+--------------+--------------+--------------+--------------+--------------+--------------+--------------+--------------+--------------+--------------+--------------+--------------+--------------+--------------+--------------+--------------+--------------+--------------+--------------+--------------+--------------+--------------+--------------+--------------+--------------+--------------+--------------+--------------+--------------+--------------+--------------+--------------+--------------+--------------+--------------+--------------+--------------+--------------+--------------+--------------+--------------+--------------+--------------+--------------+--------------+--------------+--------------+--------------+--------------+--------------+--------------+--------------+--------------+--------------+--------------+--------------+--------------+--------------+--------------+--------------+--------------+--------------+--------------+--------------+--------------+--------------+--------------+--------------+--------------+--------------+--------------+--------------+--------------+--------------+--------------+--------------+--------------+--------------+--------------+--------------+--------------+--------------+--------------+--------------+--------------+--------------+--------------+--------------+--------------+--------------+--------------+--------------+--------------+--------------+--------------+--------------+--------------+--------------+--------------+--------------+--------------+--------------+--------------+--------------+--------------+--------------+--------------+--------------+--------------+--------------+--------------+--------------+--------------+--------------+--------------+--------------+--------------+--------------+--------------+--------------+--------------+--------------+--------------+--------------+--------------+--------------+--------------+--------------+--------------+--------------+--------------+--------------+--------------+--------------+--------------+--------------+--------------+--------------+--------------+
|    Region Info    | HWThread 0 | HWThread 1 | HWThread 2 | HWThread 3 | HWThread 4 | HWThread 5 | HWThread 6 | HWThread 7 | HWThread 8 | HWThread 9 | HWThread 10 | HWThread 11 | HWThread 12 | HWThread 13 | HWThread 14 | HWThread 15 | HWThread 16 | HWThread 17 | HWThread 18 | HWThread 19 | HWThread 20 | HWThread 21 | HWThread 22 | HWThread 23 | HWThread 24 | HWThread 25 | HWThread 26 | HWThread 27 | HWThread 28 | HWThread 29 | HWThread 30 | HWThread 31 | HWThread 32 | HWThread 33 | HWThread 34 | HWThread 35 | HWThread 36 | HWThread 37 | HWThread 38 | HWThread 39 | HWThread 40 | HWThread 41 | HWThread 42 | HWThread 43 | HWThread 44 | HWThread 45 | HWThread 46 | HWThread 47 | HWThread 48 | HWThread 49 | HWThread 50 | HWThread 51 | HWThread 52 | HWThread 53 | HWThread 54 | HWThread 55 | HWThread 56 | HWThread 57 | HWThread 58 | HWThread 59 | HWThread 60 | HWThread 61 | HWThread 62 | HWThread 63 | HWThread 64 | HWThread 65 | HWThread 66 | HWThread 67 | HWThread 68 | HWThread 69 | HWThread 70 | HWThread 71 | HWThread 72 | HWThread 73 | HWThread 74 | HWThread 75 | HWThread 76 | HWThread 77 | HWThread 78 | HWThread 79 | HWThread 80 | HWThread 81 | HWThread 82 | HWThread 83 | HWThread 84 | HWThread 85 | HWThread 86 | HWThread 87 | HWThread 88 | HWThread 89 | HWThread 90 | HWThread 91 | HWThread 92 | HWThread 93 | HWThread 94 | HWThread 95 | HWThread 96 | HWThread 97 | HWThread 98 | HWThread 99 | HWThread 100 | HWThread 101 | HWThread 102 | HWThread 103 | HWThread 104 | HWThread 105 | HWThread 106 | HWThread 107 | HWThread 108 | HWThread 109 | HWThread 110 | HWThread 111 | HWThread 112 | HWThread 113 | HWThread 114 | HWThread 115 | HWThread 116 | HWThread 117 | HWThread 118 | HWThread 119 | HWThread 120 | HWThread 121 | HWThread 122 | HWThread 123 | HWThread 124 | HWThread 125 | HWThread 126 | HWThread 127 | HWThread 128 | HWThread 129 | HWThread 130 | HWThread 131 | HWThread 132 | HWThread 133 | HWThread 134 | HWThread 135 | HWThread 136 | HWThread 137 | HWThread 138 | HWThread 139 | HWThread 140 | HWThread 141 | HWThread 142 | HWThread 143 | HWThread 144 | HWThread 145 | HWThread 146 | HWThread 147 | HWThread 148 | HWThread 149 | HWThread 150 | HWThread 151 | HWThread 152 | HWThread 153 | HWThread 154 | HWThread 155 | HWThread 156 | HWThread 157 | HWThread 158 | HWThread 159 | HWThread 160 | HWThread 161 | HWThread 162 | HWThread 163 | HWThread 164 | HWThread 165 | HWThread 166 | HWThread 167 | HWThread 168 | HWThread 169 | HWThread 170 | HWThread 171 | HWThread 172 | HWThread 173 | HWThread 174 | HWThread 175 | HWThread 176 | HWThread 177 | HWThread 178 | HWThread 179 | HWThread 180 | HWThread 181 | HWThread 182 | HWThread 183 | HWThread 184 | HWThread 185 | HWThread 186 | HWThread 187 | HWThread 188 | HWThread 189 | HWThread 190 | HWThread 191 | HWThread 192 | HWThread 193 | HWThread 194 | HWThread 195 | HWThread 196 | HWThread 197 | HWThread 198 | HWThread 199 | HWThread 200 | HWThread 201 | HWThread 202 | HWThread 203 | HWThread 204 | HWThread 205 | HWThread 206 | HWThread 207 | HWThread 208 | HWThread 209 | HWThread 210 | HWThread 211 | HWThread 212 | HWThread 213 | HWThread 214 | HWThread 215 | HWThread 216 | HWThread 217 | HWThread 218 | HWThread 219 | HWThread 220 | HWThread 221 | HWThread 222 | HWThread 223 | HWThread 224 | HWThread 225 | HWThread 226 | HWThread 227 | HWThread 228 | HWThread 229 | HWThread 230 | HWThread 231 | HWThread 232 | HWThread 233 | HWThread 234 | HWThread 235 | HWThread 236 | HWThread 237 | HWThread 238 | HWThread 239 | HWThread 240 | HWThread 241 | HWThread 242 | HWThread 243 | HWThread 244 | HWThread 245 | HWThread 246 | HWThread 247 | HWThread 248 | HWThread 249 | HWThread 250 | HWThread 251 | HWThread 252 | HWThread 253 | HWThread 254 | HWThread 255 |
+-------------------+------------+------------+------------+------------+------------+------------+------------+------------+------------+------------+-------------+-------------+-------------+-------------+-------------+-------------+-------------+-------------+-------------+-------------+-------------+-------------+-------------+-------------+-------------+-------------+-------------+-------------+-------------+-------------+-------------+-------------+-------------+-------------+-------------+-------------+-------------+-------------+-------------+-------------+-------------+-------------+-------------+-------------+-------------+-------------+-------------+-------------+-------------+-------------+-------------+-------------+-------------+-------------+-------------+-------------+-------------+-------------+-------------+-------------+-------------+-------------+-------------+-------------+-------------+-------------+-------------+-------------+-------------+-------------+-------------+-------------+-------------+-------------+-------------+-------------+-------------+-------------+-------------+-------------+-------------+-------------+-------------+-------------+-------------+-------------+-------------+-------------+-------------+-------------+-------------+-------------+-------------+-------------+-------------+-------------+-------------+-------------+-------------+-------------+--------------+--------------+--------------+--------------+--------------+--------------+--------------+--------------+--------------+--------------+--------------+--------------+--------------+--------------+--------------+--------------+--------------+--------------+--------------+--------------+--------------+--------------+--------------+--------------+--------------+--------------+--------------+--------------+--------------+--------------+--------------+--------------+--------------+--------------+--------------+--------------+--------------+--------------+--------------+--------------+--------------+--------------+--------------+--------------+--------------+--------------+--------------+--------------+--------------+--------------+--------------+--------------+--------------+--------------+--------------+--------------+--------------+--------------+--------------+--------------+--------------+--------------+--------------+--------------+--------------+--------------+--------------+--------------+--------------+--------------+--------------+--------------+--------------+--------------+--------------+--------------+--------------+--------------+--------------+--------------+--------------+--------------+--------------+--------------+--------------+--------------+--------------+--------------+--------------+--------------+--------------+--------------+--------------+--------------+--------------+--------------+--------------+--------------+--------------+--------------+--------------+--------------+--------------+--------------+--------------+--------------+--------------+--------------+--------------+--------------+--------------+--------------+--------------+--------------+--------------+--------------+--------------+--------------+--------------+--------------+--------------+--------------+--------------+--------------+--------------+--------------+--------------+--------------+--------------+--------------+--------------+--------------+--------------+--------------+--------------+--------------+--------------+--------------+--------------+--------------+--------------+--------------+--------------+--------------+--------------+--------------+--------------+--------------+--------------+--------------+--------------+--------------+--------------+--------------+--------------+--------------+
| RDTSC Runtime [s] |   2.776277 |   2.776135 |   2.776378 |   2.777334 |   2.777735 |   2.777321 |   2.775882 |   2.777297 |   2.776824 |   2.775843 |    2.776644 |    2.776125 |    2.776840 |    2.776027 |    2.775899 |    2.776128 |    2.776133 |    2.776191 |    2.775812 |    2.776418 |    2.775893 |    2.776127 |    2.776269 |    2.776347 |    2.776633 |    2.775809 |    2.779485 |    2.776359 |    2.776921 |    2.776369 |    2.776032 |    2.779620 |    2.776364 |    2.776322 |    2.776269 |    2.776392 |    2.776337 |    2.776271 |    2.776443 |    2.776129 |    2.777203 |    2.776633 |    2.776690 |    2.776025 |    2.776134 |    2.776134 |    2.776923 |    2.776376 |    2.776353 |    2.775880 |    2.775801 |    2.776242 |    2.775911 |    2.775816 |    2.775823 |    2.776355 |    2.776453 |    2.776618 |    2.776822 |    2.776278 |    2.776437 |    2.776360 |    2.776133 |    2.776830 |    2.776752 |    2.776915 |    2.776838 |    2.776337 |    2.776136 |    2.776828 |    2.775894 |    2.776829 |    2.776188 |    2.777200 |    2.777711 |    2.776188 |    2.776837 |    2.775913 |    2.775895 |    2.775808 |    2.776820 |    2.775813 |    2.777319 |    2.776153 |    2.776820 |    2.776713 |    2.776134 |    2.776269 |    2.776252 |    2.777261 |    2.777242 |    2.777310 |    2.776133 |    2.777310 |    2.777310 |    2.776240 |    2.779484 |    2.777232 |    2.779621 |    2.779620 |     2.777225 |     2.779620 |     2.779620 |     2.777201 |     2.776770 |     2.776911 |     2.776133 |     2.776372 |     2.776123 |     2.776175 |     2.776413 |     2.775808 |     2.776308 |     2.776822 |     2.777317 |     2.777316 |     2.775900 |     2.776309 |     2.777226 |     2.777696 |     2.775884 |     2.776276 |     2.776693 |     2.775812 |     2.775915 |     2.777232 |     2.776883 |     2.776097 |     2.776028 |     2.775803 |     2.776029 |     2.776283 |     2.776024 |     2.776279 |     2.775841 |     2.775898 |     2.776275 |     2.776330 |     2.775817 |     2.776330 |     2.776275 |     2.775803 |     2.775897 |     2.775930 |     2.776148 |     2.776321 |     2.776359 |     2.776242 |     2.775996 |     2.776246 |     2.776127 |     2.775913 |     2.775820 |     2.776070 |     2.775804 |     2.775825 |     2.775862 |     2.776185 |     2.776139 |     2.775880 |     2.776149 |     2.776137 |     2.775910 |     2.776300 |     2.776300 |     2.776381 |     2.775810 |     2.776130 |     2.776309 |     2.776381 |     2.776335 |     2.775831 |     2.775862 |     2.775862 |     2.775813 |     2.775812 |     2.776216 |     2.776000 |     2.776038 |     2.775897 |     2.775897 |     2.776896 |     2.776254 |     2.776897 |     2.775869 |     2.776623 |     2.776281 |     2.776218 |     2.776281 |     2.776430 |     2.776237 |     2.776217 |     2.776783 |     2.775835 |     2.775911 |     2.776205 |     2.776358 |     2.775806 |     2.777184 |     2.775801 |     2.776034 |     2.775909 |     2.776191 |     2.775805 |     2.776137 |     2.775806 |     2.775805 |     2.776136 |     2.776210 |     2.775885 |     2.776381 |     2.776151 |     2.775821 |     2.775884 |     2.776133 |     2.776128 |     2.775810 |     2.775820 |     2.776320 |     2.776006 |     2.776031 |     2.776808 |     2.775804 |     2.775811 |     2.776136 |     2.775881 |     2.775881 |     2.775880 |     2.776244 |     2.776135 |     2.776244 |     2.776127 |     2.776315 |     2.776817 |     2.776837 |     2.775885 |     2.776314 |     2.775883 |     2.776124 |     2.776276 |     2.775812 |     2.776133 |     2.776132 |     2.776318 |     2.775911 |     2.776242 |     2.776393 |     2.776242 |     2.779173 |     2.775810 |     2.777830 |     2.775820 |     2.776284 |     2.775879 |     2.775904 |     2.776284 |
|     call count    |          1 |          1 |          1 |          1 |          1 |          1 |          1 |          1 |          1 |          1 |           1 |           1 |           1 |           1 |           1 |           1 |           1 |           1 |           1 |           1 |           1 |           1 |           1 |           1 |           1 |           1 |           1 |           1 |           1 |           1 |           1 |           1 |           1 |           1 |           1 |           1 |           1 |           1 |           1 |           1 |           1 |           1 |           1 |           1 |           1 |           1 |           1 |           1 |           1 |           1 |           1 |           1 |           1 |           1 |           1 |           1 |           1 |           1 |           1 |           1 |           1 |           1 |           1 |           1 |           1 |           1 |           1 |           1 |           1 |           1 |           1 |           1 |           1 |           1 |           1 |           1 |           1 |           1 |           1 |           1 |           1 |           1 |           1 |           1 |           1 |           1 |           1 |           1 |           1 |           1 |           1 |           1 |           1 |           1 |           1 |           1 |           1 |           1 |           1 |           1 |            1 |            1 |            1 |            1 |            1 |            1 |            1 |            1 |            1 |            1 |            1 |            1 |            1 |            1 |            1 |            1 |            1 |            1 |            1 |            1 |            1 |            1 |            1 |            1 |            1 |            1 |            1 |            1 |            1 |            1 |            1 |            1 |            1 |            1 |            1 |            1 |            1 |            1 |            1 |            1 |            1 |            1 |            1 |            1 |            1 |            1 |            1 |            1 |            1 |            1 |            1 |            1 |            1 |            1 |            1 |            1 |            1 |            1 |            1 |            1 |            1 |            1 |            1 |            1 |            1 |            1 |            1 |            1 |            1 |            1 |            1 |            1 |            1 |            1 |            1 |            1 |            1 |            1 |            1 |            1 |            1 |            1 |            1 |            1 |            1 |            1 |            1 |            1 |            1 |            1 |            1 |            1 |            1 |            1 |            1 |            1 |            1 |            1 |            1 |            1 |            1 |            1 |            1 |            1 |            1 |            1 |            1 |            1 |            1 |            1 |            1 |            1 |            1 |            1 |            1 |            1 |            1 |            1 |            1 |            1 |            1 |            1 |            1 |            1 |            1 |            1 |            1 |            1 |            1 |            1 |            1 |            1 |            1 |            1 |            1 |            1 |            1 |            1 |            1 |            1 |            1 |            1 |            1 |            1 |            1 |            1 |            1 |            1 |            1 |            1 |            1 |            1 |            1 |            1 |            1 |            1 |
+-------------------+------------+------------+------------+------------+------------+------------+------------+------------+------------+------------+-------------+-------------+-------------+-------------+-------------+-------------+-------------+-------------+-------------+-------------+-------------+-------------+-------------+-------------+-------------+-------------+-------------+-------------+-------------+-------------+-------------+-------------+-------------+-------------+-------------+-------------+-------------+-------------+-------------+-------------+-------------+-------------+-------------+-------------+-------------+-------------+-------------+-------------+-------------+-------------+-------------+-------------+-------------+-------------+-------------+-------------+-------------+-------------+-------------+-------------+-------------+-------------+-------------+-------------+-------------+-------------+-------------+-------------+-------------+-------------+-------------+-------------+-------------+-------------+-------------+-------------+-------------+-------------+-------------+-------------+-------------+-------------+-------------+-------------+-------------+-------------+-------------+-------------+-------------+-------------+-------------+-------------+-------------+-------------+-------------+-------------+-------------+-------------+-------------+-------------+--------------+--------------+--------------+--------------+--------------+--------------+--------------+--------------+--------------+--------------+--------------+--------------+--------------+--------------+--------------+--------------+--------------+--------------+--------------+--------------+--------------+--------------+--------------+--------------+--------------+--------------+--------------+--------------+--------------+--------------+--------------+--------------+--------------+--------------+--------------+--------------+--------------+--------------+--------------+--------------+--------------+--------------+--------------+--------------+--------------+--------------+--------------+--------------+--------------+--------------+--------------+--------------+--------------+--------------+--------------+--------------+--------------+--------------+--------------+--------------+--------------+--------------+--------------+--------------+--------------+--------------+--------------+--------------+--------------+--------------+--------------+--------------+--------------+--------------+--------------+--------------+--------------+--------------+--------------+--------------+--------------+--------------+--------------+--------------+--------------+--------------+--------------+--------------+--------------+--------------+--------------+--------------+--------------+--------------+--------------+--------------+--------------+--------------+--------------+--------------+--------------+--------------+--------------+--------------+--------------+--------------+--------------+--------------+--------------+--------------+--------------+--------------+--------------+--------------+--------------+--------------+--------------+--------------+--------------+--------------+--------------+--------------+--------------+--------------+--------------+--------------+--------------+--------------+--------------+--------------+--------------+--------------+--------------+--------------+--------------+--------------+--------------+--------------+--------------+--------------+--------------+--------------+--------------+--------------+--------------+--------------+--------------+--------------+--------------+--------------+--------------+--------------+--------------+--------------+--------------+--------------+
+----------------------------+---------+------------+------------+------------+------------+------------+------------+------------+------------+------------+------------+-------------+-------------+-------------+-------------+-------------+-------------+-------------+-------------+-------------+-------------+-------------+-------------+-------------+-------------+-------------+-------------+-------------+-------------+-------------+-------------+-------------+-------------+-------------+-------------+-------------+-------------+-------------+-------------+-------------+-------------+-------------+-------------+-------------+-------------+-------------+-------------+-------------+-------------+-------------+-------------+-------------+-------------+-------------+-------------+-------------+-------------+-------------+-------------+-------------+-------------+-------------+-------------+-------------+-------------+-------------+-------------+-------------+-------------+-------------+-------------+-------------+-------------+-------------+-------------+-------------+-------------+-------------+-------------+-------------+-------------+-------------+-------------+-------------+-------------+-------------+-------------+-------------+-------------+-------------+-------------+-------------+-------------+-------------+-------------+-------------+-------------+-------------+-------------+-------------+-------------+--------------+--------------+--------------+--------------+--------------+--------------+--------------+--------------+--------------+--------------+--------------+--------------+--------------+--------------+--------------+--------------+--------------+--------------+--------------+--------------+--------------+--------------+--------------+--------------+--------------+--------------+--------------+--------------+--------------+--------------+--------------+--------------+--------------+--------------+--------------+--------------+--------------+--------------+--------------+--------------+--------------+--------------+--------------+--------------+--------------+--------------+--------------+--------------+--------------+--------------+--------------+--------------+--------------+--------------+--------------+--------------+--------------+--------------+--------------+--------------+--------------+--------------+--------------+--------------+--------------+--------------+--------------+--------------+--------------+--------------+--------------+--------------+--------------+--------------+--------------+--------------+--------------+--------------+--------------+--------------+--------------+--------------+--------------+--------------+--------------+--------------+--------------+--------------+--------------+--------------+--------------+--------------+--------------+--------------+--------------+--------------+--------------+--------------+--------------+--------------+--------------+--------------+--------------+--------------+--------------+--------------+--------------+--------------+--------------+--------------+--------------+--------------+--------------+--------------+--------------+--------------+--------------+--------------+--------------+--------------+--------------+--------------+--------------+--------------+--------------+--------------+--------------+--------------+--------------+--------------+--------------+--------------+--------------+--------------+--------------+--------------+--------------+--------------+--------------+--------------+--------------+--------------+--------------+--------------+--------------+--------------+--------------+--------------+--------------+--------------+--------------+--------------+--------------+--------------+--------------+--------------+
|            Event           | Counter | HWThread 0 | HWThread 1 | HWThread 2 | HWThread 3 | HWThread 4 | HWThread 5 | HWThread 6 | HWThread 7 | HWThread 8 | HWThread 9 | HWThread 10 | HWThread 11 | HWThread 12 | HWThread 13 | HWThread 14 | HWThread 15 | HWThread 16 | HWThread 17 | HWThread 18 | HWThread 19 | HWThread 20 | HWThread 21 | HWThread 22 | HWThread 23 | HWThread 24 | HWThread 25 | HWThread 26 | HWThread 27 | HWThread 28 | HWThread 29 | HWThread 30 | HWThread 31 | HWThread 32 | HWThread 33 | HWThread 34 | HWThread 35 | HWThread 36 | HWThread 37 | HWThread 38 | HWThread 39 | HWThread 40 | HWThread 41 | HWThread 42 | HWThread 43 | HWThread 44 | HWThread 45 | HWThread 46 | HWThread 47 | HWThread 48 | HWThread 49 | HWThread 50 | HWThread 51 | HWThread 52 | HWThread 53 | HWThread 54 | HWThread 55 | HWThread 56 | HWThread 57 | HWThread 58 | HWThread 59 | HWThread 60 | HWThread 61 | HWThread 62 | HWThread 63 | HWThread 64 | HWThread 65 | HWThread 66 | HWThread 67 | HWThread 68 | HWThread 69 | HWThread 70 | HWThread 71 | HWThread 72 | HWThread 73 | HWThread 74 | HWThread 75 | HWThread 76 | HWThread 77 | HWThread 78 | HWThread 79 | HWThread 80 | HWThread 81 | HWThread 82 | HWThread 83 | HWThread 84 | HWThread 85 | HWThread 86 | HWThread 87 | HWThread 88 | HWThread 89 | HWThread 90 | HWThread 91 | HWThread 92 | HWThread 93 | HWThread 94 | HWThread 95 | HWThread 96 | HWThread 97 | HWThread 98 | HWThread 99 | HWThread 100 | HWThread 101 | HWThread 102 | HWThread 103 | HWThread 104 | HWThread 105 | HWThread 106 | HWThread 107 | HWThread 108 | HWThread 109 | HWThread 110 | HWThread 111 | HWThread 112 | HWThread 113 | HWThread 114 | HWThread 115 | HWThread 116 | HWThread 117 | HWThread 118 | HWThread 119 | HWThread 120 | HWThread 121 | HWThread 122 | HWThread 123 | HWThread 124 | HWThread 125 | HWThread 126 | HWThread 127 | HWThread 128 | HWThread 129 | HWThread 130 | HWThread 131 | HWThread 132 | HWThread 133 | HWThread 134 | HWThread 135 | HWThread 136 | HWThread 137 | HWThread 138 | HWThread 139 | HWThread 140 | HWThread 141 | HWThread 142 | HWThread 143 | HWThread 144 | HWThread 145 | HWThread 146 | HWThread 147 | HWThread 148 | HWThread 149 | HWThread 150 | HWThread 151 | HWThread 152 | HWThread 153 | HWThread 154 | HWThread 155 | HWThread 156 | HWThread 157 | HWThread 158 | HWThread 159 | HWThread 160 | HWThread 161 | HWThread 162 | HWThread 163 | HWThread 164 | HWThread 165 | HWThread 166 | HWThread 167 | HWThread 168 | HWThread 169 | HWThread 170 | HWThread 171 | HWThread 172 | HWThread 173 | HWThread 174 | HWThread 175 | HWThread 176 | HWThread 177 | HWThread 178 | HWThread 179 | HWThread 180 | HWThread 181 | HWThread 182 | HWThread 183 | HWThread 184 | HWThread 185 | HWThread 186 | HWThread 187 | HWThread 188 | HWThread 189 | HWThread 190 | HWThread 191 | HWThread 192 | HWThread 193 | HWThread 194 | HWThread 195 | HWThread 196 | HWThread 197 | HWThread 198 | HWThread 199 | HWThread 200 | HWThread 201 | HWThread 202 | HWThread 203 | HWThread 204 | HWThread 205 | HWThread 206 | HWThread 207 | HWThread 208 | HWThread 209 | HWThread 210 | HWThread 211 | HWThread 212 | HWThread 213 | HWThread 214 | HWThread 215 | HWThread 216 | HWThread 217 | HWThread 218 | HWThread 219 | HWThread 220 | HWThread 221 | HWThread 222 | HWThread 223 | HWThread 224 | HWThread 225 | HWThread 226 | HWThread 227 | HWThread 228 | HWThread 229 | HWThread 230 | HWThread 231 | HWThread 232 | HWThread 233 | HWThread 234 | HWThread 235 | HWThread 236 | HWThread 237 | HWThread 238 | HWThread 239 | HWThread 240 | HWThread 241 | HWThread 242 | HWThread 243 | HWThread 244 | HWThread 245 | HWThread 246 | HWThread 247 | HWThread 248 | HWThread 249 | HWThread 250 | HWThread 251 | HWThread 252 | HWThread 253 | HWThread 254 | HWThread 255 |
+----------------------------+---------+------------+------------+------------+------------+------------+------------+------------+------------+------------+------------+-------------+-------------+-------------+-------------+-------------+-------------+-------------+-------------+-------------+-------------+-------------+-------------+-------------+-------------+-------------+-------------+-------------+-------------+-------------+-------------+-------------+-------------+-------------+-------------+-------------+-------------+-------------+-------------+-------------+-------------+-------------+-------------+-------------+-------------+-------------+-------------+-------------+-------------+-------------+-------------+-------------+-------------+-------------+-------------+-------------+-------------+-------------+-------------+-------------+-------------+-------------+-------------+-------------+-------------+-------------+-------------+-------------+-------------+-------------+-------------+-------------+-------------+-------------+-------------+-------------+-------------+-------------+-------------+-------------+-------------+-------------+-------------+-------------+-------------+-------------+-------------+-------------+-------------+-------------+-------------+-------------+-------------+-------------+-------------+-------------+-------------+-------------+-------------+-------------+-------------+--------------+--------------+--------------+--------------+--------------+--------------+--------------+--------------+--------------+--------------+--------------+--------------+--------------+--------------+--------------+--------------+--------------+--------------+--------------+--------------+--------------+--------------+--------------+--------------+--------------+--------------+--------------+--------------+--------------+--------------+--------------+--------------+--------------+--------------+--------------+--------------+--------------+--------------+--------------+--------------+--------------+--------------+--------------+--------------+--------------+--------------+--------------+--------------+--------------+--------------+--------------+--------------+--------------+--------------+--------------+--------------+--------------+--------------+--------------+--------------+--------------+--------------+--------------+--------------+--------------+--------------+--------------+--------------+--------------+--------------+--------------+--------------+--------------+--------------+--------------+--------------+--------------+--------------+--------------+--------------+--------------+--------------+--------------+--------------+--------------+--------------+--------------+--------------+--------------+--------------+--------------+--------------+--------------+--------------+--------------+--------------+--------------+--------------+--------------+--------------+--------------+--------------+--------------+--------------+--------------+--------------+--------------+--------------+--------------+--------------+--------------+--------------+--------------+--------------+--------------+--------------+--------------+--------------+--------------+--------------+--------------+--------------+--------------+--------------+--------------+--------------+--------------+--------------+--------------+--------------+--------------+--------------+--------------+--------------+--------------+--------------+--------------+--------------+--------------+--------------+--------------+--------------+--------------+--------------+--------------+--------------+--------------+--------------+--------------+--------------+--------------+--------------+--------------+--------------+--------------+--------------+
|      ACTUAL_CPU_CLOCK      |  FIXC1  | 6703879000 | 6704163000 | 6702676000 | 6705754000 | 6704905000 | 6705744000 | 6702901000 | 6705457000 | 6680245000 | 6678386000 |  6682239000 |  6680348000 |  6680125000 |  6678213000 |  6678580000 |  6680595000 |  6715276000 |  6714860000 |  6713759000 |  6715413000 |  6713363000 |  6715546000 |  6714868000 |  6715139000 |  6695621000 |  6690980000 |  6694640000 |  6692704000 |  6693898000 |  6692366000 |  6691988000 |  6695013000 |  6664790000 |  6666739000 |  6665925000 |  6665016000 |  6666384000 |  6667408000 |  6665416000 |  6665952000 |  6702286000 |  6702344000 |  6702052000 |  6700385000 |  6702763000 |  6702917000 |  6702416000 |  6700637000 |  6694284000 |  6694211000 |  6694154000 |  6695389000 |  6695281000 |  6693621000 |  6694393000 |  6694276000 |  6682246000 |  6681785000 |  6682498000 |  6681265000 |  6680096000 |  6680209000 |  6681394000 |  6682546000 |  6681484000 |  6679773000 |  6681094000 |  6679428000 |  6678664000 |  6679665000 |  6678575000 |  6680861000 |  6700773000 |  6701996000 |  6701911000 |  6700778000 |  6701173000 |  6699275000 |  6700078000 |  6699323000 |  6698519000 |  6697183000 |  6698832000 |  6697803000 |  6699380000 |  6699118000 |  6698109000 |  6697501000 |  6698150000 |  6698652000 |  6698570000 |  6698727000 |  6697047000 |  6698310000 |  6698687000 |  6698173000 |  6710648000 |  6710055000 |  6709923000 |  6711877000 |   6710074000 |   6710813000 |   6710594000 |   6710037000 |   6699544000 |   6697500000 |   6697565000 |   6698207000 |   6696329000 |   6697593000 |   6699175000 |   6697653000 |   6711646000 |   6712505000 |   6713972000 |   6712357000 |   6709838000 |   6713149000 |   6712364000 |   6712381000 |   6684866000 |   6685855000 |   6687762000 |   6684894000 |   6683915000 |   6686724000 |   6686621000 |   6685603000 |   6689090000 |   6688349000 |   6688233000 |   6689764000 |   6688096000 |   6689737000 |   6688359000 |   6689529000 |   6720245000 |   6720047000 |   6717097000 |   6720056000 |   6718924000 |   6717951000 |   6717377000 |   6717635000 |   6740372000 |   6739621000 |   6738144000 |   6739426000 |   6738338000 |   6740150000 |   6739616000 |   6738249000 |   6715062000 |   6717309000 |   6717408000 |   6716689000 |   6715879000 |   6716716000 |   6716752000 |   6715438000 |   6689687000 |   6688383000 |   6687755000 |   6688992000 |   6688887000 |   6686833000 |   6687575000 |   6688870000 |   6709917000 |   6709736000 |   6710504000 |   6708960000 |   6709084000 |   6709110000 |   6708966000 |   6708618000 |   6681714000 |   6682856000 |   6682938000 |   6682136000 |   6681569000 |   6685219000 |   6683641000 |   6683869000 |   6722260000 |   6724505000 |   6723306000 |   6723241000 |   6723752000 |   6724119000 |   6723315000 |   6724764000 |   6685684000 |   6683572000 |   6684125000 |   6683692000 |   6683412000 |   6682817000 |   6684638000 |   6683725000 |   6692206000 |   6691349000 |   6692940000 |   6691435000 |   6693682000 |   6693280000 |   6691967000 |   6693657000 |   6736315000 |   6735849000 |   6736560000 |   6736338000 |   6734620000 |   6736143000 |   6737243000 |   6735957000 |   6707342000 |   6707499000 |   6709561000 |   6707035000 |   6707124000 |   6709039000 |   6708596000 |   6706805000 |   6743003000 |   6741050000 |   6740758000 |   6740370000 |   6741658000 |   6742049000 |   6741875000 |   6742222000 |   6680315000 |   6680751000 |   6680413000 |   6678573000 |   6680188000 |   6679585000 |   6681229000 |   6680086000 |   6699749000 |   6700025000 |   6702658000 |   6702128000 |   6701558000 |   6701970000 |   6699633000 |   6700839000 |   6701623000 |   6698076000 |   6701544000 |   6698716000 |   6700676000 |   6698813000 |   6698671000 |   6700673000 |
|        MAX_CPU_CLOCK       |  FIXC2  | 7495083000 | 7496033000 | 7494315000 | 7498881000 | 7497417000 | 7498903000 | 7493424000 | 7498429000 | 7496149000 | 7492800000 |  7498255000 |  7495975000 |  7495313000 |  7492379000 |  7493160000 |  7495556000 |  7495798000 |  7494958000 |  7493032000 |  7494667000 |  7493317000 |  7496347000 |  7494984000 |  7495150000 |  7497928000 |  7490728000 |  7497749000 |  7494505000 |  7496120000 |  7493027000 |  7493509000 |  7498165000 |  7492959000 |  7495314000 |  7494895000 |  7494189000 |  7495197000 |  7496044000 |  7494636000 |  7494937000 |  7495411000 |  7496620000 |  7494894000 |  7492635000 |  7495569000 |  7497088000 |  7496326000 |  7492875000 |  7492701000 |  7492558000 |  7493344000 |  7494545000 |  7494057000 |  7492806000 |  7492930000 |  7492691000 |  7496200000 |  7496927000 |  7497745000 |  7495212000 |  7494670000 |  7493276000 |  7496155000 |  7497835000 |  7497160000 |  7496123000 |  7496961000 |  7494965000 |  7495153000 |  7495918000 |  7493120000 |  7497375000 |  7492571000 |  7495030000 |  7494834000 |  7492576000 |  7494598000 |  7490822000 |  7491017000 |  7490829000 |  7496604000 |  7494296000 |  7497388000 |  7495109000 |  7498058000 |  7498168000 |  7496131000 |  7495004000 |  7496269000 |  7497464000 |  7497223000 |  7497367000 |  7494820000 |  7497189000 |  7497381000 |  7496389000 |  7497948000 |  7497004000 |  7495514000 |  7499588000 |   7497083000 |   7498154000 |   7497813000 |   7496957000 |   7496825000 |   7493777000 |   7492445000 |   7494204000 |   7491967000 |   7492600000 |   7495950000 |   7494464000 |   7494895000 |   7496245000 |   7498335000 |   7497076000 |   7493148000 |   7495959000 |   7497096000 |   7497123000 |   7492268000 |   7495002000 |   7496598000 |   7493106000 |   7493019000 |   7496400000 |   7496588000 |   7494845000 |   7492642000 |   7491093000 |   7490927000 |   7493298000 |   7491630000 |   7493147000 |   7491085000 |   7494695000 |   7496170000 |   7496670000 |   7493294000 |   7496668000 |   7495154000 |   7494682000 |   7492671000 |   7493135000 |   7496402000 |   7495186000 |   7493065000 |   7495053000 |   7493335000 |   7496164000 |   7495749000 |   7493310000 |   7493332000 |   7494093000 |   7494114000 |   7494136000 |   7492958000 |   7494731000 |   7494742000 |   7493208000 |   7496142000 |   7494674000 |   7493200000 |   7495002000 |   7494951000 |   7492952000 |   7492904000 |   7494720000 |   7495266000 |   7494264000 |   7496395000 |   7494208000 |   7494310000 |   7494312000 |   7494117000 |   7493215000 |   7493572000 |   7494045000 |   7494207000 |   7493218000 |   7493223000 |   7497318000 |   7494934000 |   7496444000 |   7493442000 |   7498035000 |   7495203000 |   7494704000 |   7495260000 |   7496179000 |   7495157000 |   7497476000 |   7497586000 |   7494189000 |   7494711000 |   7494849000 |   7494706000 |   7493024000 |   7496299000 |   7494257000 |   7493593000 |   7493017000 |   7494838000 |   7493090000 |   7495814000 |   7494537000 |   7492908000 |   7495781000 |   7494955000 |   7494652000 |   7493970000 |   7494935000 |   7493155000 |   7494332000 |   7496363000 |   7494776000 |   7493151000 |   7494453000 |   7496600000 |   7493510000 |   7493649000 |   7495054000 |   7494191000 |   7493301000 |   7496488000 |   7493213000 |   7493103000 |   7493331000 |   7494918000 |   7495061000 |   7495010000 |   7495932000 |   7495411000 |   7495939000 |   7494415000 |   7493044000 |   7493354000 |   7494362000 |   7495658000 |   7495324000 |   7493388000 |   7492897000 |   7496373000 |   7496221000 |   7494466000 |   7496279000 |   7493644000 |   7494865000 |   7499101000 |   7494254000 |   7498885000 |   7494491000 |   7496447000 |   7494650000 |   7494479000 |   7496447000 |
|    RETIRED_INSTRUCTIONS    |   PMC0  | 7777522000 | 7774860000 | 7780709000 | 7774663000 | 7774921000 | 7775147000 | 7780929000 | 7774907000 | 7772368000 | 7769793000 |  7775929000 |  7770905000 |  7772143000 |  7769945000 |  7770999000 |  7771022000 |  7776344000 |  7774632000 |  7780744000 |  7776886000 |  7775177000 |  7774065000 |  7784187000 |  7777754000 |  7775922000 |  7771561000 |  7774311000 |  7772116000 |  7776162000 |  7771137000 |  7780981000 |  7774651000 |  7765462000 |  7766063000 |  7769762000 |  7763726000 |  7767075000 |  7765602000 |  7769371000 |  7768737000 |  7775975000 |  7772349000 |  7776093000 |  7773414000 |  7775550000 |  7775708000 |  7774772000 |  7773769000 |  7773333000 |  7771195000 |  7778310000 |  7770658000 |  7770512000 |  7773200000 |  7780854000 |  7773347000 |  7767633000 |  7771039000 |  7768906000 |  7767851000 |  7769701000 |  7767873000 |  7773604000 |  7745464000 |  7772495000 |  7771263000 |  7771315000 |  7769700000 |  7771570000 |  7770585000 |  7773041000 |  7771208000 |  7772152000 |  7772781000 |  7771657000 |  7771128000 |  7773891000 |  7770726000 |  7774411000 |  7773788000 |  7773114000 |  7771061000 |  7774834000 |  7770797000 |  7774004000 |  7772439000 |  7777679000 |  7771317000 |  7773811000 |  7773901000 |  7772637000 |  7772442000 |  7774325000 |  7772107000 |  7772941000 |  7741025000 |  7705741000 |  7778867000 |  7781303000 |  7782126000 |   7783263000 |   7779679000 |   7788350000 |   7781723000 |   7743513000 |   7576589000 |   7733998000 |   7737997000 |   7739712000 |   7737913000 |   7517460000 |   7517221000 |   7781163000 |   7709548000 |   7782210000 |   7783651000 |   7786308000 |   7780550000 |   7781961000 |   7781416000 |   7764968000 |   7767578000 |   7768255000 |   7763201000 |   7764809000 |   7764344000 |   7767605000 |   7724564000 |   7768331000 |   7767868000 |   7768404000 |   7766386000 |   7773691000 |   7766446000 |   7771392000 |   7766867000 |   7774158000 |   7772536000 |   7774615000 |   7771646000 |   7775689000 |   7771455000 |   7775669000 |   7775899000 |   7774589000 |   7773168000 |   7775620000 |   7775180000 |   7776761000 |   7773746000 |   7775422000 |   7768071000 |   7771249000 |   7773800000 |   7770353000 |   7770283000 |   7772390000 |   7774063000 |   7776298000 |   7744741000 |   7768870000 |   7766841000 |   7766855000 |   7767859000 |   7772032000 |   7769331000 |   7770375000 |   7768684000 |   7770521000 |   7770857000 |   7770418000 |   7768921000 |   7779595000 |   7770914000 |   7771753000 |   7770610000 |   7764224000 |   7763206000 |   7765055000 |   7764558000 |   7765508000 |   7763913000 |   7764578000 |   7766550000 |   7769864000 |   7771306000 |   7771638000 |   7769895000 |   7770779000 |   7769511000 |   7770758000 |   7742078000 |   7767099000 |   7762617000 |   7764732000 |   7763750000 |   7765531000 |   7763907000 |   7771232000 |   7759735000 |   7768736000 |   7765770000 |   7765614000 |   7765947000 |   7767091000 |   7764292000 |   7769798000 |   7768242000 |   7774705000 |   7775085000 |   7774372000 |   7773582000 |   7776490000 |   7775629000 |   7776392000 |   7776244000 |   7767748000 |   7769109000 |   7771964000 |   7767411000 |   7772442000 |   7767192000 |   7771250000 |   7744261000 |   7779525000 |   7764949000 |   7763828000 |   7708254000 |   7760936000 |   7765436000 |   7763217000 |   7762766000 |   7716934000 |   7713987000 |   7709607000 |   7707507000 |   7710751000 |   7660391000 |   7704398000 |   7709541000 |   7696643000 |   7703741000 |   7700140000 |   7693957000 |   7693299000 |   7694335000 |   7696499000 |   7654728000 |   7708214000 |   7707498000 |   7775292000 |   7768695000 |   7768593000 |   7772632000 |   7771970000 |   7737545000 |
|     CPU_CLOCKS_UNHALTED    |   PMC1  | 6653935000 | 6657659000 | 6657986000 | 6660839000 | 6661678000 | 6660298000 | 6656756000 | 6660056000 | 6634322000 | 6632395000 |  6633987000 |  6632883000 |  6634262000 |  6633219000 |  6632222000 |  6632985000 |  6667292000 |  6667731000 |  6666957000 |  6668569000 |  6667573000 |  6667547000 |  6667940000 |  6667511000 |  6647355000 |  6646042000 |  6654058000 |  6647346000 |  6648085000 |  6646549000 |  6646210000 |  6654278000 |  6622422000 |  6622788000 |  6622408000 |  6621343000 |  6622912000 |  6622834000 |  6621506000 |  6622243000 |  6658009000 |  6657771000 |  6657492000 |  6655393000 |  6656265000 |  6656413000 |  6656498000 |  6655582000 |  6649708000 |  6649626000 |  6649213000 |  6650574000 |  6649372000 |  6649303000 |  6648621000 |  6649589000 |  6628875000 |  6630056000 |  6630416000 |  6630147000 |  6629710000 |  6629878000 |  6628753000 |  6630651000 |  6631990000 |  6632642000 |  6632251000 |  6631616000 |  6631030000 |  6632269000 |  6629704000 |  6631940000 |  6652626000 |  6654977000 |  6656090000 |  6652310000 |  6653987000 |  6652722000 |  6651796000 |  6651364000 |  6650308000 |  6648463000 |  6651918000 |  6649069000 |  6650667000 |  6650571000 |  6649154000 |  6648600000 |  6647646000 |  6650218000 |  6649055000 |  6650786000 |  6647335000 |  6649942000 |  6649335000 |  6647169000 |  6674679000 |  6669938000 |  6675189000 |  6674309000 |   6669303000 |   6675245000 |   6675001000 |   6669885000 |   6653527000 |   6654233000 |   6653097000 |   6654147000 |   6653683000 |   6654045000 |   6654309000 |   6652814000 |   6669655000 |   6670289000 |   6672292000 |   6672234000 |   6669054000 |   6670310000 |   6671695000 |   6672491000 |   6634147000 |   6635230000 |   6636705000 |   6634407000 |   6634709000 |   6637607000 |   6636610000 |   6634023000 |   6631572000 |   6631652000 |   6632074000 |   6632618000 |   6632044000 |   6632629000 |   6631060000 |   6631881000 |   6660235000 |   6660414000 |   6659126000 |   6660948000 |   6660309000 |   6659583000 |   6659990000 |   6659505000 |   6680886000 |   6680273000 |   6681326000 |   6680748000 |   6680271000 |   6681166000 |   6680753000 |   6680749000 |   6657053000 |   6657719000 |   6656693000 |   6657276000 |   6656873000 |   6657722000 |   6657033000 |   6656653000 |   6631098000 |   6630953000 |   6630349000 |   6631112000 |   6631530000 |   6631601000 |   6629707000 |   6630840000 |   6652038000 |   6652488000 |   6652080000 |   6650821000 |   6651129000 |   6651252000 |   6651368000 |   6650594000 |   6625635000 |   6624583000 |   6625095000 |   6624971000 |   6624752000 |   6627135000 |   6624992000 |   6626263000 |   6661378000 |   6662400000 |   6662121000 |   6662194000 |   6662715000 |   6662546000 |   6661673000 |   6662136000 |   6627451000 |   6625376000 |   6625462000 |   6626542000 |   6626664000 |   6625468000 |   6627706000 |   6625160000 |   6634989000 |   6634580000 |   6635568000 |   6634854000 |   6635604000 |   6634677000 |   6634322000 |   6635232000 |   6678370000 |   6677748000 |   6679098000 |   6678590000 |   6677684000 |   6678179000 |   6678512000 |   6677798000 |   6647881000 |   6647733000 |   6648802000 |   6648139000 |   6647777000 |   6649912000 |   6648048000 |   6647639000 |   6685869000 |   6685398000 |   6685359000 |   6685022000 |   6686102000 |   6685790000 |   6686323000 |   6686237000 |   6625230000 |   6626350000 |   6626958000 |   6625264000 |   6625339000 |   6624713000 |   6625542000 |   6625347000 |   6649710000 |   6650480000 |   6650358000 |   6651033000 |   6645225000 |   6650964000 |   6651201000 |   6650474000 |   6649967000 |   6642215000 |   6645873000 |   6642480000 |   6643746000 |   6643310000 |   6642909000 |   6643339000 |
| REQUESTS_TO_L2_GRP1_RD_ANY |   PMC2  | 2148246000 | 2148143000 | 2148055000 | 2148080000 | 2148122000 | 2148064000 | 2148030000 | 2148150000 | 2148046000 | 2148103000 |  2148085000 |  2148065000 |  2148112000 |  2148117000 |  2148089000 |  2148138000 |  2148146000 |  2148163000 |  2148079000 |  2148051000 |  2148222000 |  2148109000 |  2148051000 |  2148156000 |  2148055000 |  2148116000 |  2148080000 |  2148070000 |  2148147000 |  2148212000 |  2148019000 |  2148174000 |  2148147000 |  2148049000 |  2148100000 |  2148540000 |  2148094000 |  2148147000 |  2148054000 |  2148131000 |  2148068000 |  2148121000 |  2148076000 |  2148090000 |  2148077000 |  2148100000 |  2148062000 |  2148087000 |  2148076000 |  2148084000 |  2148074000 |  2148078000 |  2148084000 |  2148035000 |  2148060000 |  2148086000 |  2148110000 |  2148082000 |  2148110000 |  2148088000 |  2148136000 |  2148082000 |  2148150000 |  2155071000 |  2148079000 |  2148046000 |  2148047000 |  2148010000 |  2148097000 |  2148048000 |  2147995000 |  2148046000 |  2148076000 |  2148090000 |  2148106000 |  2148007000 |  2148153000 |  2148068000 |  2148146000 |  2148038000 |  2148071000 |  2148123000 |  2148043000 |  2148079000 |  2148034000 |  2148022000 |  2147989000 |  2148152000 |  2148078000 |  2148086000 |  2148159000 |  2148089000 |  2148108000 |  2148188000 |  2148047000 |  2155437000 |  2148251000 |  2148158000 |  2148151000 |  2148056000 |   2148083000 |   2148136000 |   2148068000 |   2148100000 |   2148095000 |   2148253000 |   2148279000 |   2148122000 |   2148155000 |   2148060000 |   2148092000 |   2148202000 |   2148167000 |   2148267000 |   2148195000 |   2148020000 |   2148060000 |   2148116000 |   2148073000 |   2148089000 |   2148249000 |   2148312000 |   2148226000 |   2148386000 |   2148288000 |   2148243000 |   2148210000 |   2154555000 |   2148098000 |   2148039000 |   2148074000 |   2148082000 |   2148114000 |   2148154000 |   2148052000 |   2148061000 |   2148096000 |   2148062000 |   2148060000 |   2148088000 |   2148037000 |   2148145000 |   2148000000 |   2148069000 |   2148061000 |   2148094000 |   2148131000 |   2148000000 |   2148099000 |   2148148000 |   2148038000 |   2148059000 |   2148092000 |   2148112000 |   2148118000 |   2148295000 |   2148109000 |   2148109000 |   2148053000 |   2153737000 |   2148073000 |   2148052000 |   2148097000 |   2148151000 |   2148036000 |   2148045000 |   2148019000 |   2148074000 |   2148090000 |   2148103000 |   2148081000 |   2148117000 |   2148035000 |   2148047000 |   2148089000 |   2148048000 |   2148085000 |   2148238000 |   2148039000 |   2148038000 |   2148032000 |   2148070000 |   2148089000 |   2148082000 |   2148061000 |   2148077000 |   2148121000 |   2148030000 |   2148144000 |   2148112000 |   2148077000 |   2154667000 |   2148105000 |   2148098000 |   2148055000 |   2148078000 |   2148059000 |   2148082000 |   2148050000 |   2148057000 |   2148111000 |   2148050000 |   2148170000 |   2148037000 |   2148119000 |   2148092000 |   2148039000 |   2148062000 |   2148064000 |   2148061000 |   2148071000 |   2148003000 |   2148073000 |   2148117000 |   2148141000 |   2148101000 |   2148125000 |   2148054000 |   2148168000 |   2148099000 |   2148085000 |   2148188000 |   2148083000 |   2153885000 |   2148072000 |   2148095000 |   2148067000 |   2148144000 |   2148228000 |   2148037000 |   2148021000 |   2148062000 |   2148054000 |   2148139000 |   2148165000 |   2148049000 |   2148056000 |   2148185000 |   2148203000 |   2148144000 |   2148058000 |   2148081000 |   2148029000 |   2148273000 |   2148134000 |   2148122000 |   2148118000 |   2148174000 |   2148161000 |   2148409000 |   2148132000 |   2148165000 |   2148201000 |   2148127000 |   2148044000 |   2154743000 |
|     L2_PF_HIT_IN_L2_ALL    |   PMC3  | 1217096000 | 1233642000 | 1230464000 | 1233728000 | 1230498000 | 1231517000 | 1233095000 | 1224826000 | 1221829000 | 1231621000 |  1231241000 |  1234179000 |  1234246000 |  1232809000 |  1223322000 |  1223734000 |  1218232000 |  1228637000 |  1231808000 |  1230969000 |  1228386000 |  1223979000 |  1232394000 |  1221997000 |  1223699000 |  1226547000 |  1226657000 |  1238430000 |  1232212000 |  1231928000 |  1231819000 |  1219708000 |  1214921000 |  1224550000 |  1230261000 |  1201544000 |  1227851000 |  1221497000 |  1226125000 |  1219510000 |  1204344000 |  1221881000 |  1229359000 |  1238993000 |  1231044000 |  1220129000 |  1222982000 |  1217142000 |  1216803000 |  1222129000 |  1231714000 |  1234853000 |  1225374000 |  1216141000 |  1227918000 |  1219334000 |  1220072000 |  1241880000 |  1233965000 |  1240530000 |  1243028000 |  1235644000 |  1240014000 |   942987200 |  1202096000 |  1218439000 |  1232645000 |  1236477000 |  1228051000 |  1221194000 |  1221507000 |  1219502000 |  1212453000 |  1211969000 |  1223859000 |  1228818000 |  1231545000 |  1222056000 |  1225700000 |  1219772000 |  1216777000 |  1231438000 |  1229477000 |  1224464000 |  1217126000 |  1217187000 |  1230345000 |  1212268000 |  1229838000 |  1241431000 |  1235521000 |  1230960000 |  1238337000 |  1235380000 |  1237095000 |   950813100 |  1477133000 |  1241958000 |  1234757000 |  1242729000 |   1238516000 |   1232942000 |   1241187000 |   1228716000 |   1222388000 |   1534852000 |   1227217000 |   1257725000 |   1246937000 |   1245760000 |   1516306000 |   1460884000 |   1225780000 |   1469906000 |   1224039000 |   1244659000 |   1230645000 |   1239848000 |   1217404000 |   1220164000 |   1216821000 |   1247563000 |   1243778000 |   1247195000 |   1245621000 |   1237105000 |   1244605000 |    977581900 |   1204491000 |   1212426000 |   1227027000 |   1205817000 |   1219367000 |   1223106000 |   1224747000 |   1217981000 |   1223519000 |   1216518000 |   1210284000 |   1230729000 |   1232693000 |   1225090000 |   1229325000 |   1220753000 |   1206361000 |   1224587000 |   1221335000 |   1237647000 |   1226156000 |   1202172000 |   1221288000 |   1168231000 |   1216332000 |   1243014000 |   1230304000 |   1234977000 |   1235540000 |   1241901000 |   1236907000 |    970310700 |   1210274000 |   1225642000 |   1224177000 |   1223395000 |   1230202000 |   1229676000 |   1225606000 |   1215669000 |   1203914000 |   1224807000 |   1226246000 |   1230258000 |   1236087000 |   1229312000 |   1218748000 |   1216127000 |   1212339000 |   1218633000 |   1214101000 |   1220739000 |   1225835000 |   1216929000 |   1219571000 |   1189329000 |   1218932000 |   1215519000 |   1226106000 |   1237674000 |   1233955000 |   1229099000 |   1234893000 |    952944200 |   1183455000 |   1221953000 |   1211179000 |   1225366000 |   1224864000 |   1219342000 |   1222800000 |   1168669000 |   1215439000 |   1218015000 |   1223904000 |   1224930000 |   1223763000 |   1221243000 |   1220801000 |   1205855000 |   1209706000 |   1222251000 |   1221544000 |   1220568000 |   1220483000 |   1215644000 |   1218894000 |   1215724000 |   1214906000 |   1221949000 |   1228646000 |   1240209000 |   1227520000 |   1233349000 |   1232489000 |    932718600 |   1205596000 |   1237563000 |   1207901000 |   1386027000 |   1245467000 |   1207565000 |   1229989000 |   1207978000 |   1182496000 |   1234878000 |   1185513000 |   1205715000 |   1220853000 |   1371426000 |   1234193000 |   1205950000 |   1183222000 |   1238896000 |   1177623000 |   1197130000 |   1211924000 |   1183731000 |   1207724000 |   1347720000 |   1437251000 |   1451369000 |   1234346000 |   1236875000 |   1233717000 |   1233790000 |   1230785000 |    957469400 |
+----------------------------+---------+------------+------------+------------+------------+------------+------------+------------+------------+------------+------------+-------------+-------------+-------------+-------------+-------------+-------------+-------------+-------------+-------------+-------------+-------------+-------------+-------------+-------------+-------------+-------------+-------------+-------------+-------------+-------------+-------------+-------------+-------------+-------------+-------------+-------------+-------------+-------------+-------------+-------------+-------------+-------------+-------------+-------------+-------------+-------------+-------------+-------------+-------------+-------------+-------------+-------------+-------------+-------------+-------------+-------------+-------------+-------------+-------------+-------------+-------------+-------------+-------------+-------------+-------------+-------------+-------------+-------------+-------------+-------------+-------------+-------------+-------------+-------------+-------------+-------------+-------------+-------------+-------------+-------------+-------------+-------------+-------------+-------------+-------------+-------------+-------------+-------------+-------------+-------------+-------------+-------------+-------------+-------------+-------------+-------------+-------------+-------------+-------------+-------------+--------------+--------------+--------------+--------------+--------------+--------------+--------------+--------------+--------------+--------------+--------------+--------------+--------------+--------------+--------------+--------------+--------------+--------------+--------------+--------------+--------------+--------------+--------------+--------------+--------------+--------------+--------------+--------------+--------------+--------------+--------------+--------------+--------------+--------------+--------------+--------------+--------------+--------------+--------------+--------------+--------------+--------------+--------------+--------------+--------------+--------------+--------------+--------------+--------------+--------------+--------------+--------------+--------------+--------------+--------------+--------------+--------------+--------------+--------------+--------------+--------------+--------------+--------------+--------------+--------------+--------------+--------------+--------------+--------------+--------------+--------------+--------------+--------------+--------------+--------------+--------------+--------------+--------------+--------------+--------------+--------------+--------------+--------------+--------------+--------------+--------------+--------------+--------------+--------------+--------------+--------------+--------------+--------------+--------------+--------------+--------------+--------------+--------------+--------------+--------------+--------------+--------------+--------------+--------------+--------------+--------------+--------------+--------------+--------------+--------------+--------------+--------------+--------------+--------------+--------------+--------------+--------------+--------------+--------------+--------------+--------------+--------------+--------------+--------------+--------------+--------------+--------------+--------------+--------------+--------------+--------------+--------------+--------------+--------------+--------------+--------------+--------------+--------------+--------------+--------------+--------------+--------------+--------------+--------------+--------------+--------------+--------------+--------------+--------------+--------------+--------------+--------------+--------------+--------------+--------------+--------------+
+---------------------------------+---------+---------------+------------+------------+--------------+
|              Event              | Counter |      Sum      |     Min    |     Max    |      Avg     |
+---------------------------------+---------+---------------+------------+------------+--------------+
|      ACTUAL_CPU_CLOCK STAT      |  FIXC1  | 1715446796000 | 6664790000 | 6743003000 | 6.700964e+09 |
|        MAX_CPU_CLOCK STAT       |  FIXC2  | 1918704489000 | 7490728000 | 7499588000 | 7.494939e+09 |
|    RETIRED_INSTRUCTIONS STAT    |   PMC0  | 1987006451000 | 7517221000 | 7788350000 | 7.761744e+09 |
|     CPU_CLOCKS_UNHALTED STAT    |   PMC1  | 1702211383000 | 6621343000 | 6686323000 | 6.649263e+09 |
| REQUESTS_TO_L2_GRP1_RD_ANY STAT |   PMC2  |  549960197000 | 2147989000 | 2155437000 | 2.148282e+09 |
|     L2_PF_HIT_IN_L2_ALL STAT    |   PMC3  |  313695565100 |  932718600 | 1534852000 | 1.225373e+09 |
+---------------------------------+---------+---------------+------------+------------+--------------+
+-------------------------------+------------+------------+------------+------------+------------+------------+------------+------------+------------+------------+-------------+-------------+-------------+-------------+-------------+-------------+-------------+-------------+-------------+-------------+-------------+-------------+-------------+-------------+-------------+-------------+-------------+-------------+-------------+-------------+-------------+-------------+-------------+-------------+-------------+-------------+-------------+-------------+-------------+-------------+-------------+-------------+-------------+-------------+-------------+-------------+-------------+-------------+-------------+-------------+-------------+-------------+-------------+-------------+-------------+-------------+-------------+-------------+-------------+-------------+-------------+-------------+-------------+-------------+-------------+-------------+-------------+-------------+-------------+-------------+-------------+-------------+-------------+-------------+-------------+-------------+-------------+-------------+-------------+-------------+-------------+-------------+-------------+-------------+-------------+-------------+-------------+-------------+-------------+-------------+-------------+-------------+-------------+-------------+-------------+-------------+-------------+-------------+-------------+-------------+--------------+--------------+--------------+--------------+--------------+--------------+--------------+--------------+--------------+--------------+--------------+--------------+--------------+--------------+--------------+--------------+--------------+--------------+--------------+--------------+--------------+--------------+--------------+--------------+--------------+--------------+--------------+--------------+--------------+--------------+--------------+--------------+--------------+--------------+--------------+--------------+--------------+--------------+--------------+--------------+--------------+--------------+--------------+--------------+--------------+--------------+--------------+--------------+--------------+--------------+--------------+--------------+--------------+--------------+--------------+--------------+--------------+--------------+--------------+--------------+--------------+--------------+--------------+--------------+--------------+--------------+--------------+--------------+--------------+--------------+--------------+--------------+--------------+--------------+--------------+--------------+--------------+--------------+--------------+--------------+--------------+--------------+--------------+--------------+--------------+--------------+--------------+--------------+--------------+--------------+--------------+--------------+--------------+--------------+--------------+--------------+--------------+--------------+--------------+--------------+--------------+--------------+--------------+--------------+--------------+--------------+--------------+--------------+--------------+--------------+--------------+--------------+--------------+--------------+--------------+--------------+--------------+--------------+--------------+--------------+--------------+--------------+--------------+--------------+--------------+--------------+--------------+--------------+--------------+--------------+--------------+--------------+--------------+--------------+--------------+--------------+--------------+--------------+--------------+--------------+--------------+--------------+--------------+--------------+--------------+--------------+--------------+--------------+--------------+--------------+--------------+--------------+--------------+--------------+--------------+--------------+
|             Metric            | HWThread 0 | HWThread 1 | HWThread 2 | HWThread 3 | HWThread 4 | HWThread 5 | HWThread 6 | HWThread 7 | HWThread 8 | HWThread 9 | HWThread 10 | HWThread 11 | HWThread 12 | HWThread 13 | HWThread 14 | HWThread 15 | HWThread 16 | HWThread 17 | HWThread 18 | HWThread 19 | HWThread 20 | HWThread 21 | HWThread 22 | HWThread 23 | HWThread 24 | HWThread 25 | HWThread 26 | HWThread 27 | HWThread 28 | HWThread 29 | HWThread 30 | HWThread 31 | HWThread 32 | HWThread 33 | HWThread 34 | HWThread 35 | HWThread 36 | HWThread 37 | HWThread 38 | HWThread 39 | HWThread 40 | HWThread 41 | HWThread 42 | HWThread 43 | HWThread 44 | HWThread 45 | HWThread 46 | HWThread 47 | HWThread 48 | HWThread 49 | HWThread 50 | HWThread 51 | HWThread 52 | HWThread 53 | HWThread 54 | HWThread 55 | HWThread 56 | HWThread 57 | HWThread 58 | HWThread 59 | HWThread 60 | HWThread 61 | HWThread 62 | HWThread 63 | HWThread 64 | HWThread 65 | HWThread 66 | HWThread 67 | HWThread 68 | HWThread 69 | HWThread 70 | HWThread 71 | HWThread 72 | HWThread 73 | HWThread 74 | HWThread 75 | HWThread 76 | HWThread 77 | HWThread 78 | HWThread 79 | HWThread 80 | HWThread 81 | HWThread 82 | HWThread 83 | HWThread 84 | HWThread 85 | HWThread 86 | HWThread 87 | HWThread 88 | HWThread 89 | HWThread 90 | HWThread 91 | HWThread 92 | HWThread 93 | HWThread 94 | HWThread 95 | HWThread 96 | HWThread 97 | HWThread 98 | HWThread 99 | HWThread 100 | HWThread 101 | HWThread 102 | HWThread 103 | HWThread 104 | HWThread 105 | HWThread 106 | HWThread 107 | HWThread 108 | HWThread 109 | HWThread 110 | HWThread 111 | HWThread 112 | HWThread 113 | HWThread 114 | HWThread 115 | HWThread 116 | HWThread 117 | HWThread 118 | HWThread 119 | HWThread 120 | HWThread 121 | HWThread 122 | HWThread 123 | HWThread 124 | HWThread 125 | HWThread 126 | HWThread 127 | HWThread 128 | HWThread 129 | HWThread 130 | HWThread 131 | HWThread 132 | HWThread 133 | HWThread 134 | HWThread 135 | HWThread 136 | HWThread 137 | HWThread 138 | HWThread 139 | HWThread 140 | HWThread 141 | HWThread 142 | HWThread 143 | HWThread 144 | HWThread 145 | HWThread 146 | HWThread 147 | HWThread 148 | HWThread 149 | HWThread 150 | HWThread 151 | HWThread 152 | HWThread 153 | HWThread 154 | HWThread 155 | HWThread 156 | HWThread 157 | HWThread 158 | HWThread 159 | HWThread 160 | HWThread 161 | HWThread 162 | HWThread 163 | HWThread 164 | HWThread 165 | HWThread 166 | HWThread 167 | HWThread 168 | HWThread 169 | HWThread 170 | HWThread 171 | HWThread 172 | HWThread 173 | HWThread 174 | HWThread 175 | HWThread 176 | HWThread 177 | HWThread 178 | HWThread 179 | HWThread 180 | HWThread 181 | HWThread 182 | HWThread 183 | HWThread 184 | HWThread 185 | HWThread 186 | HWThread 187 | HWThread 188 | HWThread 189 | HWThread 190 | HWThread 191 | HWThread 192 | HWThread 193 | HWThread 194 | HWThread 195 | HWThread 196 | HWThread 197 | HWThread 198 | HWThread 199 | HWThread 200 | HWThread 201 | HWThread 202 | HWThread 203 | HWThread 204 | HWThread 205 | HWThread 206 | HWThread 207 | HWThread 208 | HWThread 209 | HWThread 210 | HWThread 211 | HWThread 212 | HWThread 213 | HWThread 214 | HWThread 215 | HWThread 216 | HWThread 217 | HWThread 218 | HWThread 219 | HWThread 220 | HWThread 221 | HWThread 222 | HWThread 223 | HWThread 224 | HWThread 225 | HWThread 226 | HWThread 227 | HWThread 228 | HWThread 229 | HWThread 230 | HWThread 231 | HWThread 232 | HWThread 233 | HWThread 234 | HWThread 235 | HWThread 236 | HWThread 237 | HWThread 238 | HWThread 239 | HWThread 240 | HWThread 241 | HWThread 242 | HWThread 243 | HWThread 244 | HWThread 245 | HWThread 246 | HWThread 247 | HWThread 248 | HWThread 249 | HWThread 250 | HWThread 251 | HWThread 252 | HWThread 253 | HWThread 254 | HWThread 255 |
+-------------------------------+------------+------------+------------+------------+------------+------------+------------+------------+------------+------------+-------------+-------------+-------------+-------------+-------------+-------------+-------------+-------------+-------------+-------------+-------------+-------------+-------------+-------------+-------------+-------------+-------------+-------------+-------------+-------------+-------------+-------------+-------------+-------------+-------------+-------------+-------------+-------------+-------------+-------------+-------------+-------------+-------------+-------------+-------------+-------------+-------------+-------------+-------------+-------------+-------------+-------------+-------------+-------------+-------------+-------------+-------------+-------------+-------------+-------------+-------------+-------------+-------------+-------------+-------------+-------------+-------------+-------------+-------------+-------------+-------------+-------------+-------------+-------------+-------------+-------------+-------------+-------------+-------------+-------------+-------------+-------------+-------------+-------------+-------------+-------------+-------------+-------------+-------------+-------------+-------------+-------------+-------------+-------------+-------------+-------------+-------------+-------------+-------------+-------------+--------------+--------------+--------------+--------------+--------------+--------------+--------------+--------------+--------------+--------------+--------------+--------------+--------------+--------------+--------------+--------------+--------------+--------------+--------------+--------------+--------------+--------------+--------------+--------------+--------------+--------------+--------------+--------------+--------------+--------------+--------------+--------------+--------------+--------------+--------------+--------------+--------------+--------------+--------------+--------------+--------------+--------------+--------------+--------------+--------------+--------------+--------------+--------------+--------------+--------------+--------------+--------------+--------------+--------------+--------------+--------------+--------------+--------------+--------------+--------------+--------------+--------------+--------------+--------------+--------------+--------------+--------------+--------------+--------------+--------------+--------------+--------------+--------------+--------------+--------------+--------------+--------------+--------------+--------------+--------------+--------------+--------------+--------------+--------------+--------------+--------------+--------------+--------------+--------------+--------------+--------------+--------------+--------------+--------------+--------------+--------------+--------------+--------------+--------------+--------------+--------------+--------------+--------------+--------------+--------------+--------------+--------------+--------------+--------------+--------------+--------------+--------------+--------------+--------------+--------------+--------------+--------------+--------------+--------------+--------------+--------------+--------------+--------------+--------------+--------------+--------------+--------------+--------------+--------------+--------------+--------------+--------------+--------------+--------------+--------------+--------------+--------------+--------------+--------------+--------------+--------------+--------------+--------------+--------------+--------------+--------------+--------------+--------------+--------------+--------------+--------------+--------------+--------------+--------------+--------------+--------------+
|      Runtime (RDTSC) [s]      |     2.7763 |     2.7761 |     2.7764 |     2.7773 |     2.7777 |     2.7773 |     2.7759 |     2.7773 |     2.7768 |     2.7758 |      2.7766 |      2.7761 |      2.7768 |      2.7760 |      2.7759 |      2.7761 |      2.7761 |      2.7762 |      2.7758 |      2.7764 |      2.7759 |      2.7761 |      2.7763 |      2.7763 |      2.7766 |      2.7758 |      2.7795 |      2.7764 |      2.7769 |      2.7764 |      2.7760 |      2.7796 |      2.7764 |      2.7763 |      2.7763 |      2.7764 |      2.7763 |      2.7763 |      2.7764 |      2.7761 |      2.7772 |      2.7766 |      2.7767 |      2.7760 |      2.7761 |      2.7761 |      2.7769 |      2.7764 |      2.7764 |      2.7759 |      2.7758 |      2.7762 |      2.7759 |      2.7758 |      2.7758 |      2.7764 |      2.7765 |      2.7766 |      2.7768 |      2.7763 |      2.7764 |      2.7764 |      2.7761 |      2.7768 |      2.7768 |      2.7769 |      2.7768 |      2.7763 |      2.7761 |      2.7768 |      2.7759 |      2.7768 |      2.7762 |      2.7772 |      2.7777 |      2.7762 |      2.7768 |      2.7759 |      2.7759 |      2.7758 |      2.7768 |      2.7758 |      2.7773 |      2.7762 |      2.7768 |      2.7767 |      2.7761 |      2.7763 |      2.7763 |      2.7773 |      2.7772 |      2.7773 |      2.7761 |      2.7773 |      2.7773 |      2.7762 |      2.7795 |      2.7772 |      2.7796 |      2.7796 |       2.7772 |       2.7796 |       2.7796 |       2.7772 |       2.7768 |       2.7769 |       2.7761 |       2.7764 |       2.7761 |       2.7762 |       2.7764 |       2.7758 |       2.7763 |       2.7768 |       2.7773 |       2.7773 |       2.7759 |       2.7763 |       2.7772 |       2.7777 |       2.7759 |       2.7763 |       2.7767 |       2.7758 |       2.7759 |       2.7772 |       2.7769 |       2.7761 |       2.7760 |       2.7758 |       2.7760 |       2.7763 |       2.7760 |       2.7763 |       2.7758 |       2.7759 |       2.7763 |       2.7763 |       2.7758 |       2.7763 |       2.7763 |       2.7758 |       2.7759 |       2.7759 |       2.7761 |       2.7763 |       2.7764 |       2.7762 |       2.7760 |       2.7762 |       2.7761 |       2.7759 |       2.7758 |       2.7761 |       2.7758 |       2.7758 |       2.7759 |       2.7762 |       2.7761 |       2.7759 |       2.7761 |       2.7761 |       2.7759 |       2.7763 |       2.7763 |       2.7764 |       2.7758 |       2.7761 |       2.7763 |       2.7764 |       2.7763 |       2.7758 |       2.7759 |       2.7759 |       2.7758 |       2.7758 |       2.7762 |       2.7760 |       2.7760 |       2.7759 |       2.7759 |       2.7769 |       2.7763 |       2.7769 |       2.7759 |       2.7766 |       2.7763 |       2.7762 |       2.7763 |       2.7764 |       2.7762 |       2.7762 |       2.7768 |       2.7758 |       2.7759 |       2.7762 |       2.7764 |       2.7758 |       2.7772 |       2.7758 |       2.7760 |       2.7759 |       2.7762 |       2.7758 |       2.7761 |       2.7758 |       2.7758 |       2.7761 |       2.7762 |       2.7759 |       2.7764 |       2.7762 |       2.7758 |       2.7759 |       2.7761 |       2.7761 |       2.7758 |       2.7758 |       2.7763 |       2.7760 |       2.7760 |       2.7768 |       2.7758 |       2.7758 |       2.7761 |       2.7759 |       2.7759 |       2.7759 |       2.7762 |       2.7761 |       2.7762 |       2.7761 |       2.7763 |       2.7768 |       2.7768 |       2.7759 |       2.7763 |       2.7759 |       2.7761 |       2.7763 |       2.7758 |       2.7761 |       2.7761 |       2.7763 |       2.7759 |       2.7762 |       2.7764 |       2.7762 |       2.7792 |       2.7758 |       2.7778 |       2.7758 |       2.7763 |       2.7759 |       2.7759 |       2.7763 |
|      Runtime unhalted [s]     |     2.4863 |     2.4864 |     2.4859 |     2.4870 |     2.4867 |     2.4870 |     2.4860 |     2.4869 |     2.4776 |     2.4769 |      2.4783 |      2.4776 |      2.4775 |      2.4768 |      2.4770 |      2.4777 |      2.4906 |      2.4904 |      2.4900 |      2.4906 |      2.4899 |      2.4907 |      2.4904 |      2.4905 |      2.4833 |      2.4816 |      2.4829 |      2.4822 |      2.4826 |      2.4821 |      2.4819 |      2.4830 |      2.4718 |      2.4726 |      2.4723 |      2.4719 |      2.4724 |      2.4728 |      2.4721 |      2.4723 |      2.4857 |      2.4858 |      2.4857 |      2.4850 |      2.4859 |      2.4860 |      2.4858 |      2.4851 |      2.4828 |      2.4828 |      2.4827 |      2.4832 |      2.4831 |      2.4825 |      2.4828 |      2.4828 |      2.4783 |      2.4781 |      2.4784 |      2.4780 |      2.4775 |      2.4776 |      2.4780 |      2.4784 |      2.4780 |      2.4774 |      2.4779 |      2.4773 |      2.4770 |      2.4774 |      2.4770 |      2.4778 |      2.4852 |      2.4856 |      2.4856 |      2.4852 |      2.4853 |      2.4846 |      2.4849 |      2.4846 |      2.4844 |      2.4839 |      2.4845 |      2.4841 |      2.4847 |      2.4846 |      2.4842 |      2.4840 |      2.4842 |      2.4844 |      2.4844 |      2.4844 |      2.4838 |      2.4843 |      2.4844 |      2.4842 |      2.4888 |      2.4886 |      2.4886 |      2.4893 |       2.4886 |       2.4889 |       2.4888 |       2.4886 |       2.4847 |       2.4840 |       2.4840 |       2.4842 |       2.4835 |       2.4840 |       2.4846 |       2.4840 |       2.4892 |       2.4895 |       2.4901 |       2.4895 |       2.4885 |       2.4898 |       2.4895 |       2.4895 |       2.4793 |       2.4797 |       2.4804 |       2.4793 |       2.4789 |       2.4800 |       2.4799 |       2.4796 |       2.4809 |       2.4806 |       2.4805 |       2.4811 |       2.4805 |       2.4811 |       2.4806 |       2.4810 |       2.4924 |       2.4923 |       2.4912 |       2.4923 |       2.4919 |       2.4916 |       2.4913 |       2.4914 |       2.4999 |       2.4996 |       2.4990 |       2.4995 |       2.4991 |       2.4998 |       2.4996 |       2.4991 |       2.4905 |       2.4913 |       2.4914 |       2.4911 |       2.4908 |       2.4911 |       2.4911 |       2.4906 |       2.4811 |       2.4806 |       2.4804 |       2.4808 |       2.4808 |       2.4800 |       2.4803 |       2.4808 |       2.4886 |       2.4885 |       2.4888 |       2.4882 |       2.4883 |       2.4883 |       2.4882 |       2.4881 |       2.4781 |       2.4785 |       2.4786 |       2.4783 |       2.4781 |       2.4794 |       2.4788 |       2.4789 |       2.4932 |       2.4940 |       2.4935 |       2.4935 |       2.4937 |       2.4938 |       2.4935 |       2.4941 |       2.4796 |       2.4788 |       2.4790 |       2.4789 |       2.4787 |       2.4785 |       2.4792 |       2.4789 |       2.4820 |       2.4817 |       2.4823 |       2.4817 |       2.4826 |       2.4824 |       2.4819 |       2.4825 |       2.4984 |       2.4982 |       2.4985 |       2.4984 |       2.4977 |       2.4983 |       2.4987 |       2.4982 |       2.4876 |       2.4877 |       2.4884 |       2.4875 |       2.4875 |       2.4883 |       2.4881 |       2.4874 |       2.5008 |       2.5001 |       2.5000 |       2.4999 |       2.5003 |       2.5005 |       2.5004 |       2.5006 |       2.4776 |       2.4778 |       2.4776 |       2.4770 |       2.4776 |       2.4773 |       2.4779 |       2.4775 |       2.4848 |       2.4849 |       2.4859 |       2.4857 |       2.4855 |       2.4856 |       2.4848 |       2.4852 |       2.4855 |       2.4842 |       2.4855 |       2.4844 |       2.4852 |       2.4845 |       2.4844 |       2.4851 |
|          Clock [MHz]          |  2411.6578 |  2411.4543 |  2411.4721 |  2411.1105 |  2411.2760 |  2411.0999 |  2411.8398 |  2411.1491 |  2402.8139 |  2403.2189 |   2402.8561 |   2402.9068 |   2403.0388 |   2403.2917 |   2403.1733 |   2403.1299 |   2415.5273 |   2415.6484 |   2415.8731 |   2415.9411 |   2415.6388 |   2415.4475 |   2415.6429 |   2415.6869 |   2407.7731 |   2408.4169 |   2407.4778 |   2407.8234 |   2407.7341 |   2408.1767 |   2407.8858 |   2407.4784 |   2398.2755 |   2398.2231 |   2398.0644 |   2397.9632 |   2398.1328 |   2398.2302 |   2397.9641 |   2398.0606 |   2410.9792 |   2410.6113 |   2411.0613 |   2411.1884 |   2411.1000 |   2410.6669 |   2410.7317 |   2411.2018 |   2408.9717 |   2408.9914 |   2408.7182 |   2408.7765 |   2408.8945 |   2408.6993 |   2408.9373 |   2408.9720 |   2403.5173 |   2403.1185 |   2403.1127 |   2403.4813 |   2403.2345 |   2403.7223 |   2403.2253 |   2403.1011 |   2402.9355 |   2402.6525 |   2402.8590 |   2402.8996 |   2402.5645 |   2402.6794 |   2403.1843 |   2402.6426 |   2411.3486 |   2410.9975 |   2411.0299 |   2411.3488 |   2410.8403 |   2411.3724 |   2411.5987 |   2411.3875 |   2409.2407 |   2409.5020 |   2409.1013 |   2409.4637 |   2409.0831 |   2408.9535 |   2409.2452 |   2409.3888 |   2409.2156 |   2409.0121 |   2409.0601 |   2409.0703 |   2409.2846 |   2408.9775 |   2409.0514 |   2409.1853 |   2413.1704 |   2413.2610 |   2413.6933 |   2413.0846 |    2413.2424 |    2413.1635 |    2413.1945 |    2413.2697 |    2409.5383 |    2409.7829 |    2410.2347 |    2409.9000 |    2409.9437 |    2410.1949 |    2409.6868 |    2409.6171 |    2414.5125 |    2414.3866 |    2414.2412 |    2414.0658 |    2414.4248 |    2414.7104 |    2414.0618 |    2414.0593 |    2405.7216 |    2405.1998 |    2405.3737 |    2405.4626 |    2405.1383 |    2405.0638 |    2404.9665 |    2405.1596 |    2407.1215 |    2407.3526 |    2407.3642 |    2407.1533 |    2407.0890 |    2407.1921 |    2407.3587 |    2406.6201 |    2417.1948 |    2416.9623 |    2416.9898 |    2416.9662 |    2417.0472 |    2416.8494 |    2417.2915 |    2417.2346 |    2424.3592 |    2424.4823 |    2424.6371 |    2424.4552 |    2424.6196 |    2424.3563 |    2424.2984 |    2424.5956 |    2416.2453 |    2416.8083 |    2416.8372 |    2416.5714 |    2416.6599 |    2416.3893 |    2416.3987 |    2416.4205 |    2406.2124 |    2406.2146 |    2406.4619 |    2406.3283 |    2406.3069 |    2406.2098 |    2406.4922 |    2406.3750 |    2413.7710 |    2414.0286 |    2413.6186 |    2413.7674 |    2413.7792 |    2413.7879 |    2413.7989 |    2413.9642 |    2404.1688 |    2404.4280 |    2404.4055 |    2404.4343 |    2404.2286 |    2404.2281 |    2404.4252 |    2404.0229 |    2418.7998 |    2418.1254 |    2418.6078 |    2418.7454 |    2418.7498 |    2418.5853 |    2418.6258 |    2418.3988 |    2404.3094 |    2404.6394 |    2404.6708 |    2404.4708 |    2404.4159 |    2404.7416 |    2404.3459 |    2404.6726 |    2407.9372 |    2407.8140 |    2407.8013 |    2407.8214 |    2407.7547 |    2408.0203 |    2408.0714 |    2407.7563 |    2423.3677 |    2423.2981 |    2423.7744 |    2423.3825 |    2423.3400 |    2423.5073 |    2423.2463 |    2423.2968 |    2413.5257 |    2413.1629 |    2413.2134 |    2413.2996 |    2413.2869 |    2413.5234 |    2413.6419 |    2413.2842 |    2425.2777 |    2425.6349 |    2425.5654 |    2425.3520 |    2425.3018 |    2425.3962 |    2425.3501 |    2425.1766 |    2403.0757 |    2403.0633 |    2403.4303 |    2403.2080 |    2403.6897 |    2403.1494 |    2403.3253 |    2403.0212 |    2410.7172 |    2410.9745 |    2410.8036 |    2410.6619 |    2411.0213 |    2410.5864 |    2410.5932 |    2410.6343 |    2409.5545 |    2409.8368 |    2409.5955 |    2409.9908 |    2410.0669 |    2409.9746 |    2409.9785 |    2410.0659 |
|              CPI              |     0.8555 |     0.8563 |     0.8557 |     0.8567 |     0.8568 |     0.8566 |     0.8555 |     0.8566 |     0.8536 |     0.8536 |      0.8531 |      0.8536 |      0.8536 |      0.8537 |      0.8535 |      0.8536 |      0.8574 |      0.8576 |      0.8569 |      0.8575 |      0.8575 |      0.8577 |      0.8566 |      0.8573 |      0.8549 |      0.8552 |      0.8559 |      0.8553 |      0.8549 |      0.8553 |      0.8542 |      0.8559 |      0.8528 |      0.8528 |      0.8523 |      0.8529 |      0.8527 |      0.8528 |      0.8523 |      0.8524 |      0.8562 |      0.8566 |      0.8561 |      0.8562 |      0.8561 |      0.8561 |      0.8562 |      0.8562 |      0.8555 |      0.8557 |      0.8548 |      0.8559 |      0.8557 |      0.8554 |      0.8545 |      0.8554 |      0.8534 |      0.8532 |      0.8535 |      0.8535 |      0.8533 |      0.8535 |      0.8527 |      0.8561 |      0.8533 |      0.8535 |      0.8534 |      0.8535 |      0.8532 |      0.8535 |      0.8529 |      0.8534 |      0.8560 |      0.8562 |      0.8565 |      0.8560 |      0.8559 |      0.8561 |      0.8556 |      0.8556 |      0.8556 |      0.8555 |      0.8556 |      0.8556 |      0.8555 |      0.8557 |      0.8549 |      0.8555 |      0.8551 |      0.8555 |      0.8554 |      0.8557 |      0.8550 |      0.8556 |      0.8554 |      0.8587 |      0.8662 |      0.8574 |      0.8578 |      0.8576 |       0.8569 |       0.8580 |       0.8570 |       0.8571 |       0.8592 |       0.8783 |       0.8602 |       0.8599 |       0.8597 |       0.8599 |       0.8852 |       0.8850 |       0.8572 |       0.8652 |       0.8574 |       0.8572 |       0.8565 |       0.8573 |       0.8573 |       0.8575 |       0.8544 |       0.8542 |       0.8543 |       0.8546 |       0.8545 |       0.8549 |       0.8544 |       0.8588 |       0.8537 |       0.8537 |       0.8537 |       0.8540 |       0.8531 |       0.8540 |       0.8533 |       0.8539 |       0.8567 |       0.8569 |       0.8565 |       0.8571 |       0.8566 |       0.8569 |       0.8565 |       0.8564 |       0.8593 |       0.8594 |       0.8593 |       0.8592 |       0.8590 |       0.8595 |       0.8592 |       0.8600 |       0.8566 |       0.8564 |       0.8567 |       0.8568 |       0.8565 |       0.8564 |       0.8561 |       0.8595 |       0.8535 |       0.8538 |       0.8537 |       0.8537 |       0.8533 |       0.8536 |       0.8532 |       0.8535 |       0.8561 |       0.8561 |       0.8561 |       0.8561 |       0.8549 |       0.8559 |       0.8558 |       0.8559 |       0.8534 |       0.8533 |       0.8532 |       0.8532 |       0.8531 |       0.8536 |       0.8532 |       0.8532 |       0.8573 |       0.8573 |       0.8572 |       0.8574 |       0.8574 |       0.8575 |       0.8573 |       0.8605 |       0.8533 |       0.8535 |       0.8533 |       0.8535 |       0.8533 |       0.8534 |       0.8529 |       0.8538 |       0.8541 |       0.8543 |       0.8545 |       0.8544 |       0.8543 |       0.8545 |       0.8539 |       0.8541 |       0.8590 |       0.8589 |       0.8591 |       0.8591 |       0.8587 |       0.8589 |       0.8588 |       0.8587 |       0.8558 |       0.8557 |       0.8555 |       0.8559 |       0.8553 |       0.8562 |       0.8555 |       0.8584 |       0.8594 |       0.8610 |       0.8611 |       0.8673 |       0.8615 |       0.8610 |       0.8613 |       0.8613 |       0.8585 |       0.8590 |       0.8596 |       0.8596 |       0.8592 |       0.8648 |       0.8600 |       0.8594 |       0.8640 |       0.8633 |       0.8637 |       0.8644 |       0.8638 |       0.8644 |       0.8642 |       0.8688 |       0.8627 |       0.8618 |       0.8547 |       0.8550 |       0.8552 |       0.8547 |       0.8547 |       0.8586 |
|    L2 bandwidth [MBytes/s]    | 49522.3438 | 49522.5023 | 49516.1394 | 49499.6713 | 49493.4931 | 49499.5343 | 49524.4106 | 49501.9438 | 49507.9789 | 49526.7895 |  49512.0873 |  49520.8825 |  49509.2148 |  49523.8296 |  49525.4676 |  49522.5119 |  49522.6072 |  49521.9644 |  49526.7893 |  49515.3338 |  49528.6411 |  49521.8612 |  49517.9912 |  49519.0205 |  49511.5919 |  49527.6959 |  49461.3642 |  49516.8240 |  49508.5773 |  49519.9190 |  49521.4810 |  49461.1263 |  49518.5098 |  49516.9998 |  49519.1208 |  49527.0697 |  49517.7696 |  49520.1686 |  49514.9571 |  49522.3327 |  49501.7296 |  49513.1132 |  49511.0596 |  49523.2428 |  49520.9986 |  49521.5289 |  49506.5826 |  49516.9127 |  49517.0693 |  49525.6913 |  49526.8703 |  49519.0952 |  49525.1382 |  49525.7034 |  49526.1549 |  49517.2642 |  49516.0696 |  49512.4817 |  49509.4896 |  49518.6836 |  49516.9543 |  49517.0828 |  49522.6994 |  49669.7832 |  49510.0232 |  49506.3565 |  49507.7523 |  49515.8333 |  49521.4240 |  49507.9537 |  49523.3896 |  49507.8898 |  49520.0123 |  49502.2901 |  49493.5521 |  49518.4217 |  49510.2132 |  49524.7337 |  49526.8531 |  49525.9153 |  49508.6264 |  49527.7859 |  49499.0860 |  49520.7058 |  49507.7736 |  49509.4048 |  49518.9699 |  49520.3195 |  49518.9169 |  49501.1106 |  49503.1315 |  49500.3064 |  49521.7311 |  49502.5878 |  49499.3386 |  49688.7762 |  49465.3195 |  49503.2867 |  49460.5790 |  49458.4094 |   49501.6832 |   49460.2514 |   49458.6857 |   49502.5027 |   49510.0711 |   49511.1986 |   49525.6733 |   49517.7908 |   49522.9930 |   49519.8754 |   49516.3681 |   49529.6966 |   49519.9697 |   49513.1082 |   49502.6243 |   49498.6094 |   49524.7812 |   49518.7762 |   49501.4349 |   49493.4276 |   49529.4241 |   49523.8831 |   49514.4634 |   49533.8676 |   49529.7702 |   49505.2455 |   49510.7068 |   49671.0021 |   49523.3737 |   49526.0276 |   49522.8025 |   49518.4562 |   49523.8139 |   49520.1873 |   49525.6493 |   49524.8399 |   49518.9216 |   49517.1568 |   49526.2620 |   49517.7562 |   49517.5615 |   49528.4716 |   49523.4513 |   49524.4534 |   49520.3800 |   49518.0550 |   49518.2302 |   49517.2971 |   49523.9676 |   49520.6376 |   49520.2244 |   49524.5262 |   49526.9463 |   49522.9472 |   49527.8312 |   49531.5375 |   49526.5889 |   49520.8266 |   49520.3561 |   49656.0255 |   49520.6388 |   49520.3688 |   49525.4558 |   49519.7435 |   49517.0925 |   49515.8554 |   49525.4416 |   49521.0008 |   49518.1768 |   49517.1923 |   49517.5056 |   49527.3264 |   49524.8827 |   49525.1594 |   49527.0020 |   49526.0745 |   49519.7204 |   49527.1009 |   49521.8351 |   49524.3275 |   49524.1891 |   49507.2484 |   49519.1348 |   49507.5071 |   49525.3573 |   49512.2773 |   49519.3909 |   49518.4168 |   49519.9211 |   49516.5259 |   49519.1614 |   49671.4371 |   49510.0697 |   49526.8170 |   49524.4696 |   49519.7552 |   49516.5883 |   49526.9655 |   49501.6535 |   49526.4783 |   49523.5664 |   49524.3900 |   49522.1258 |   49525.9458 |   49521.9134 |   49527.1961 |   49525.9919 |   49520.6171 |   49519.3433 |   49525.0718 |   49516.4547 |   49518.9894 |   49526.4904 |   49526.3808 |   49522.4919 |   49521.6589 |   49527.8856 |   49526.0701 |   49519.7787 |   49523.7892 |   49523.0205 |   49511.5370 |   49527.0242 |   49660.6721 |   49520.8477 |   49525.9271 |   49525.2815 |   49527.0747 |   49522.5175 |   49520.0586 |   49517.7456 |   49520.7777 |   49517.2399 |   49510.2472 |   49510.4898 |   49524.7952 |   49517.3039 |   49527.9664 |   49524.0818 |   49520.0103 |   49526.3051 |   49521.1087 |   49519.9277 |   49522.2348 |   49526.2910 |   49520.1096 |   49517.3241 |   49521.3083 |   49468.7823 |   49534.4336 |   49492.0308 |   49528.6294 |   49521.1816 |   49526.7006 |   49524.3409 |   49671.9903 |
|    L2 data volume [GBytes]    |   137.4877 |   137.4812 |   137.4755 |   137.4771 |   137.4798 |   137.4761 |   137.4739 |   137.4816 |   137.4749 |   137.4786 |    137.4774 |    137.4762 |    137.4792 |    137.4795 |    137.4777 |    137.4808 |    137.4813 |    137.4824 |    137.4771 |    137.4753 |    137.4862 |    137.4790 |    137.4753 |    137.4820 |    137.4755 |    137.4794 |    137.4771 |    137.4765 |    137.4814 |    137.4856 |    137.4732 |    137.4831 |    137.4814 |    137.4751 |    137.4784 |    137.5066 |    137.4780 |    137.4814 |    137.4755 |    137.4804 |    137.4764 |    137.4797 |    137.4769 |    137.4778 |    137.4769 |    137.4784 |    137.4760 |    137.4776 |    137.4769 |    137.4774 |    137.4767 |    137.4770 |    137.4774 |    137.4742 |    137.4758 |    137.4775 |    137.4790 |    137.4772 |    137.4790 |    137.4776 |    137.4807 |    137.4772 |    137.4816 |    137.9245 |    137.4771 |    137.4749 |    137.4750 |    137.4726 |    137.4782 |    137.4751 |    137.4717 |    137.4749 |    137.4769 |    137.4778 |    137.4788 |    137.4724 |    137.4818 |    137.4764 |    137.4813 |    137.4744 |    137.4765 |    137.4799 |    137.4748 |    137.4771 |    137.4742 |    137.4734 |    137.4713 |    137.4817 |    137.4770 |    137.4775 |    137.4822 |    137.4777 |    137.4789 |    137.4840 |    137.4750 |    137.9480 |    137.4881 |    137.4821 |    137.4817 |    137.4756 |     137.4773 |     137.4807 |     137.4764 |     137.4784 |     137.4781 |     137.4882 |     137.4899 |     137.4798 |     137.4819 |     137.4758 |     137.4779 |     137.4849 |     137.4827 |     137.4891 |     137.4845 |     137.4733 |     137.4758 |     137.4794 |     137.4767 |     137.4777 |     137.4879 |     137.4920 |     137.4865 |     137.4967 |     137.4904 |     137.4876 |     137.4854 |     137.8915 |     137.4783 |     137.4745 |     137.4767 |     137.4772 |     137.4793 |     137.4819 |     137.4753 |     137.4759 |     137.4781 |     137.4760 |     137.4758 |     137.4776 |     137.4744 |     137.4813 |     137.4720 |     137.4764 |     137.4759 |     137.4780 |     137.4804 |     137.4720 |     137.4783 |     137.4815 |     137.4744 |     137.4758 |     137.4779 |     137.4792 |     137.4796 |     137.4909 |     137.4790 |     137.4790 |     137.4754 |     137.8392 |     137.4767 |     137.4753 |     137.4782 |     137.4817 |     137.4743 |     137.4749 |     137.4732 |     137.4767 |     137.4778 |     137.4786 |     137.4772 |     137.4795 |     137.4742 |     137.4750 |     137.4777 |     137.4751 |     137.4774 |     137.4872 |     137.4745 |     137.4744 |     137.4740 |     137.4765 |     137.4777 |     137.4772 |     137.4759 |     137.4769 |     137.4797 |     137.4739 |     137.4812 |     137.4792 |     137.4769 |     137.8987 |     137.4787 |     137.4783 |     137.4755 |     137.4770 |     137.4758 |     137.4772 |     137.4752 |     137.4756 |     137.4791 |     137.4752 |     137.4829 |     137.4744 |     137.4796 |     137.4779 |     137.4745 |     137.4760 |     137.4761 |     137.4759 |     137.4765 |     137.4722 |     137.4767 |     137.4795 |     137.4810 |     137.4785 |     137.4800 |     137.4755 |     137.4828 |     137.4783 |     137.4774 |     137.4840 |     137.4773 |     137.8486 |     137.4766 |     137.4781 |     137.4763 |     137.4812 |     137.4866 |     137.4744 |     137.4733 |     137.4760 |     137.4755 |     137.4809 |     137.4826 |     137.4751 |     137.4756 |     137.4838 |     137.4850 |     137.4812 |     137.4757 |     137.4772 |     137.4739 |     137.4895 |     137.4806 |     137.4798 |     137.4796 |     137.4831 |     137.4823 |     137.4982 |     137.4804 |     137.4826 |     137.4849 |     137.4801 |     137.4748 |     137.9036 |
| Prefetch bandwidth [MBytes/s] | 28057.0505 | 28439.9311 | 28364.1838 | 28429.6350 | 28351.1105 | 28378.8183 | 28429.9116 | 28224.8762 | 28160.6094 | 28396.3264 |  28379.3760 |  28452.4133 |  28446.6314 |  28421.8331 |  28204.4152 |  28211.5868 |  28084.6948 |  28323.9763 |  28400.9551 |  28375.4161 |  28321.2300 |  28217.2451 |  28409.7888 |  28169.3203 |  28205.6491 |  28279.6864 |  28244.8180 |  28548.0084 |  28398.9238 |  28398.0235 |  28398.9579 |  28083.4474 |  28006.0338 |  28228.4260 |  28360.6178 |  27697.3914 |  28304.3679 |  28158.5652 |  28263.5012 |  28114.1979 |  27753.8286 |  28163.7451 |  28335.5276 |  28564.4229 |  28380.0479 |  28128.4174 |  28186.1787 |  28057.1104 |  28049.5283 |  28177.1028 |  28398.9004 |  28466.7518 |  28251.6032 |  28039.6914 |  28311.1538 |  28107.8522 |  28123.8717 |  28624.8667 |  28440.3394 |  28597.2514 |  28653.1954 |  28483.7759 |  28586.8494 |  21733.8407 |  27706.5233 |  28081.5567 |  28409.7524 |  28503.2141 |  28311.0280 |  28145.9334 |  28162.6200 |  28106.9263 |  27950.9140 |  27929.5751 |  28198.3892 |  28328.1795 |  28384.4100 |  28175.0847 |  28259.2821 |  28123.4898 |  28044.2117 |  28392.4140 |  28331.8294 |  28228.1618 |  28052.2555 |  28054.7424 |  28363.9334 |  27945.8338 |  28351.0402 |  28607.8925 |  28471.8955 |  28366.0953 |  28548.1884 |  28467.9492 |  28507.4695 |  21918.8681 |  34012.2526 |  28620.3356 |  28429.9363 |  28613.4997 |   28541.0883 |   28388.1567 |   28577.9956 |   28315.4961 |   28174.0411 |   35374.0282 |   28291.8318 |   28992.6566 |   28746.5534 |   28718.8812 |   34952.8633 |   33682.6524 |   28256.9225 |   33878.2911 |   28206.5375 |   28681.7114 |   28373.2411 |   28581.2105 |   28054.5609 |   28113.4062 |   28054.6824 |   28759.4000 |   28667.8405 |   28755.7226 |   28718.3664 |   28508.5006 |   28684.9392 |   22537.1237 |   27768.9649 |   27954.1682 |   28288.5114 |   27796.9818 |   28111.9644 |   28195.5754 |   28237.8594 |   28081.2854 |   28205.1367 |   28043.1908 |   27904.6407 |   28370.7830 |   28416.6201 |   28246.1544 |   28342.8384 |   28144.8711 |   27810.8746 |   28229.2890 |   28153.9383 |   28531.1612 |   28268.7670 |   27713.3251 |   28155.2076 |   26934.1237 |   28044.0547 |   28656.6607 |   28366.3602 |   28473.8872 |   28486.4882 |   28629.8154 |   28515.1601 |   22371.2426 |   27901.0730 |   28255.4816 |   28224.0159 |   28202.0243 |   28358.9410 |   28345.9885 |   28257.9802 |   28025.6386 |   27752.8532 |   28233.7503 |   28267.3899 |   28365.0237 |   28499.0997 |   28342.8960 |   28099.8295 |   28039.4090 |   27948.0040 |   28095.2853 |   27990.4180 |   28144.8829 |   28262.3743 |   28046.9474 |   28114.3382 |   27410.8316 |   28103.5049 |   28017.2051 |   28264.7124 |   28532.0303 |   28445.6509 |   28332.1877 |   28467.7252 |   21968.1778 |   27276.5715 |   28173.5017 |   27924.3304 |   28248.4269 |   28235.2982 |   28113.5958 |   28179.3356 |   26945.3091 |   28021.3052 |   28081.9580 |   28214.8656 |   28242.4450 |   28212.1639 |   28157.4260 |   28147.2452 |   27799.3297 |   27887.3659 |   28179.8648 |   28158.5330 |   28138.3657 |   28139.7511 |   28027.5458 |   28099.9563 |   28026.9267 |   28011.2774 |   28173.5617 |   28322.8677 |   28592.6529 |   28299.8569 |   28426.2851 |   28416.7384 |   21505.0630 |   27793.3588 |   28532.9349 |   27849.0555 |   31955.8943 |   28711.4130 |   27838.7614 |   28354.6028 |   27848.3628 |   27259.0625 |   28461.4334 |   27323.4734 |   27798.6156 |   28143.2835 |   31619.2231 |   28452.7463 |   27800.1179 |   27280.7409 |   28561.0754 |   27148.5189 |   27596.3776 |   27941.5068 |   27288.2494 |   27839.8397 |   31068.6460 |   33097.6388 |   33463.2471 |   28438.7972 |   28517.6993 |   28440.1336 |   28445.9661 |   28376.4280 |   22071.9644 |
| Prefetch data volume [GBytes] |    77.8941 |    78.9531 |    78.7497 |    78.9586 |    78.7519 |    78.8171 |    78.9181 |    78.3889 |    78.1971 |    78.8237 |     78.7994 |     78.9875 |     78.9917 |     78.8998 |     78.2926 |     78.3190 |     77.9668 |     78.6328 |     78.8357 |     78.7820 |     78.6167 |     78.3347 |     78.8732 |     78.2078 |     78.3167 |     78.4990 |     78.5060 |     79.2595 |     78.8616 |     78.8434 |     78.8364 |     78.0613 |     77.7549 |     78.3712 |     78.7367 |     76.8988 |     78.5825 |     78.1758 |     78.4720 |     78.0486 |     77.0780 |     78.2004 |     78.6790 |     79.2956 |     78.7868 |     78.0883 |     78.2708 |     77.8971 |     77.8754 |     78.2163 |     78.8297 |     79.0306 |     78.4239 |     77.8330 |     78.5868 |     78.0374 |     78.0846 |     79.4803 |     78.9738 |     79.3939 |     79.5538 |     79.0812 |     79.3609 |     60.3512 |     76.9341 |     77.9801 |     78.8893 |     79.1345 |     78.5953 |     78.1564 |     78.1764 |     78.0481 |     77.5970 |     77.5660 |     78.3270 |     78.6444 |     78.8189 |     78.2116 |     78.4448 |     78.0654 |     77.8737 |     78.8120 |     78.6865 |     78.3657 |     77.8961 |     77.9000 |     78.7421 |     77.5852 |     78.7096 |     79.4516 |     79.0733 |     78.7814 |     79.2536 |     79.0643 |     79.1741 |     60.8520 |     94.5365 |     79.4853 |     79.0244 |     79.5347 |      79.2650 |      78.9083 |      79.4360 |      78.6378 |      78.2328 |      98.2305 |      78.5419 |      80.4944 |      79.8040 |      79.7286 |      97.0436 |      93.4966 |      78.4499 |      94.0740 |      78.3385 |      79.6582 |      78.7613 |      79.3503 |      77.9139 |      78.0905 |      77.8765 |      79.8440 |      79.6018 |      79.8205 |      79.7197 |      79.1747 |      79.6547 |      62.5652 |      77.0874 |      77.5953 |      78.5297 |      77.1723 |      78.0395 |      78.2788 |      78.3838 |      77.9508 |      78.3052 |      77.8572 |      77.4582 |      78.7667 |      78.8924 |      78.4058 |      78.6768 |      78.1282 |      77.2071 |      78.3736 |      78.1654 |      79.2094 |      78.4740 |      76.9390 |      78.1624 |      74.7668 |      77.8452 |      79.5529 |      78.7395 |      79.0385 |      79.0746 |      79.4817 |      79.1620 |      62.0999 |      77.4575 |      78.4411 |      78.3473 |      78.2973 |      78.7329 |      78.6993 |      78.4388 |      77.8028 |      77.0505 |      78.3876 |      78.4797 |      78.7365 |      79.1096 |      78.6760 |      77.9999 |      77.8321 |      77.5897 |      77.9925 |      77.7025 |      78.1273 |      78.4534 |      77.8835 |      78.0525 |      76.1171 |      78.0116 |      77.7932 |      78.4708 |      79.2111 |      78.9731 |      78.6623 |      79.0332 |      60.9884 |      75.7411 |      78.2050 |      77.5155 |      78.4234 |      78.3913 |      78.0379 |      78.2592 |      74.7948 |      77.7881 |      77.9530 |      78.3299 |      78.3955 |      78.3208 |      78.1596 |      78.1313 |      77.1747 |      77.4212 |      78.2241 |      78.1788 |      78.1164 |      78.1109 |      77.8012 |      78.0092 |      77.8063 |      77.7540 |      78.2047 |      78.6333 |      79.3734 |      78.5613 |      78.9343 |      78.8793 |      59.6940 |      77.1581 |      79.2040 |      77.3057 |      88.7057 |      79.7099 |      77.2842 |      78.7193 |      77.3106 |      75.6797 |      79.0322 |      75.8728 |      77.1658 |      78.1346 |      87.7713 |      78.9884 |      77.1808 |      75.7262 |      79.2893 |      75.3679 |      76.6163 |      77.5631 |      75.7588 |      77.2943 |      86.2541 |      91.9841 |      92.8876 |      78.9981 |      79.1600 |      78.9579 |      78.9626 |      78.7702 |      61.2780 |
+-------------------------------+------------+------------+------------+------------+------------+------------+------------+------------+------------+------------+-------------+-------------+-------------+-------------+-------------+-------------+-------------+-------------+-------------+-------------+-------------+-------------+-------------+-------------+-------------+-------------+-------------+-------------+-------------+-------------+-------------+-------------+-------------+-------------+-------------+-------------+-------------+-------------+-------------+-------------+-------------+-------------+-------------+-------------+-------------+-------------+-------------+-------------+-------------+-------------+-------------+-------------+-------------+-------------+-------------+-------------+-------------+-------------+-------------+-------------+-------------+-------------+-------------+-------------+-------------+-------------+-------------+-------------+-------------+-------------+-------------+-------------+-------------+-------------+-------------+-------------+-------------+-------------+-------------+-------------+-------------+-------------+-------------+-------------+-------------+-------------+-------------+-------------+-------------+-------------+-------------+-------------+-------------+-------------+-------------+-------------+-------------+-------------+-------------+-------------+--------------+--------------+--------------+--------------+--------------+--------------+--------------+--------------+--------------+--------------+--------------+--------------+--------------+--------------+--------------+--------------+--------------+--------------+--------------+--------------+--------------+--------------+--------------+--------------+--------------+--------------+--------------+--------------+--------------+--------------+--------------+--------------+--------------+--------------+--------------+--------------+--------------+--------------+--------------+--------------+--------------+--------------+--------------+--------------+--------------+--------------+--------------+--------------+--------------+--------------+--------------+--------------+--------------+--------------+--------------+--------------+--------------+--------------+--------------+--------------+--------------+--------------+--------------+--------------+--------------+--------------+--------------+--------------+--------------+--------------+--------------+--------------+--------------+--------------+--------------+--------------+--------------+--------------+--------------+--------------+--------------+--------------+--------------+--------------+--------------+--------------+--------------+--------------+--------------+--------------+--------------+--------------+--------------+--------------+--------------+--------------+--------------+--------------+--------------+--------------+--------------+--------------+--------------+--------------+--------------+--------------+--------------+--------------+--------------+--------------+--------------+--------------+--------------+--------------+--------------+--------------+--------------+--------------+--------------+--------------+--------------+--------------+--------------+--------------+--------------+--------------+--------------+--------------+--------------+--------------+--------------+--------------+--------------+--------------+--------------+--------------+--------------+--------------+--------------+--------------+--------------+--------------+--------------+--------------+--------------+--------------+--------------+--------------+--------------+--------------+--------------+--------------+--------------+--------------+--------------+--------------+
+------------------------------------+--------------+------------+------------+------------+
|               Metric               |      Sum     |     Min    |     Max    |     Avg    |
+------------------------------------+--------------+------------+------------+------------+
|      Runtime (RDTSC) [s] STAT      |     710.7564 |     2.7758 |     2.7796 |     2.7764 |
|      Runtime unhalted [s] STAT     |     636.2254 |     2.4718 |     2.5008 |     2.4853 |
|          Clock [MHz] STAT          |  617127.7775 |  2397.9632 |  2425.6349 |  2410.6554 |
|              CPI STAT              |     219.3117 |     0.8523 |     0.8852 |     0.8567 |
|    L2 bandwidth [MBytes/s] STAT    | 1.267737e+07 | 49458.4094 | 49688.7762 | 49520.9800 |
|    L2 data volume [GBytes] STAT    |   35197.4526 |   137.4713 |   137.9480 |   137.4900 |
| Prefetch bandwidth [MBytes/s] STAT | 7.231117e+06 | 21505.0630 | 35374.0282 | 28246.5494 |
| Prefetch data volume [GBytes] STAT |   20076.5161 |    59.6940 |    98.2305 |    78.4239 |
+------------------------------------+--------------+------------+------------+------------+
