--------------------------------------------------------------------------------
CPU name:	AMD EPYC 9755 128-Core Processor               
CPU type:	AMD K1A (Zen5) architecture
CPU clock:	2.70 GHz
--------------------------------------------------------------------------------
Region bench, Group 1: L2BW
+-------------------+------------+------------+------------+------------+------------+------------+------------+------------+------------+------------+-------------+-------------+-------------+-------------+-------------+-------------+-------------+-------------+-------------+-------------+-------------+-------------+-------------+-------------+-------------+-------------+-------------+-------------+-------------+-------------+-------------+-------------+-------------+-------------+-------------+-------------+-------------+-------------+-------------+-------------+-------------+-------------+-------------+-------------+-------------+-------------+-------------+-------------+-------------+-------------+-------------+-------------+-------------+-------------+-------------+-------------+-------------+-------------+-------------+-------------+-------------+-------------+-------------+-------------+-------------+-------------+-------------+-------------+-------------+-------------+-------------+-------------+-------------+-------------+-------------+-------------+-------------+-------------+-------------+-------------+-------------+-------------+-------------+-------------+-------------+-------------+-------------+-------------+-------------+-------------+-------------+-------------+-------------+-------------+-------------+-------------+-------------+-------------+-------------+-------------+--------------+--------------+--------------+--------------+--------------+--------------+--------------+--------------+--------------+--------------+--------------+--------------+--------------+--------------+--------------+--------------+--------------+--------------+--------------+--------------+--------------+--------------+--------------+--------------+--------------+--------------+--------------+--------------+--------------+--------------+--------------+--------------+--------------+--------------+--------------+--------------+--------------+--------------+--------------+--------------+--------------+--------------+--------------+--------------+--------------+--------------+--------------+--------------+--------------+--------------+--------------+--------------+--------------+--------------+--------------+--------------+--------------+--------------+--------------+--------------+--------------+--------------+--------------+--------------+--------------+--------------+--------------+--------------+--------------+--------------+--------------+--------------+--------------+--------------+--------------+--------------+--------------+--------------+--------------+--------------+--------------+--------------+--------------+--------------+--------------+--------------+--------------+--------------+--------------+--------------+--------------+--------------+--------------+--------------+--------------+--------------+--------------+--------------+--------------+--------------+--------------+--------------+--------------+--------------+--------------+--------------+--------------+--------------+--------------+--------------+--------------+--------------+--------------+--------------+--------------+--------------+--------------+--------------+--------------+--------------+--------------+--------------+--------------+--------------+--------------+--------------+--------------+--------------+--------------+--------------+--------------+--------------+--------------+--------------+--------------+--------------+--------------+--------------+--------------+--------------+--------------+--------------+--------------+--------------+--------------+--------------+--------------+--------------+--------------+--------------+--------------+--------------+--------------+--------------+--------------+--------------+
|    Region Info    | HWThread 0 | HWThread 1 | HWThread 2 | HWThread 3 | HWThread 4 | HWThread 5 | HWThread 6 | HWThread 7 | HWThread 8 | HWThread 9 | HWThread 10 | HWThread 11 | HWThread 12 | HWThread 13 | HWThread 14 | HWThread 15 | HWThread 16 | HWThread 17 | HWThread 18 | HWThread 19 | HWThread 20 | HWThread 21 | HWThread 22 | HWThread 23 | HWThread 24 | HWThread 25 | HWThread 26 | HWThread 27 | HWThread 28 | HWThread 29 | HWThread 30 | HWThread 31 | HWThread 32 | HWThread 33 | HWThread 34 | HWThread 35 | HWThread 36 | HWThread 37 | HWThread 38 | HWThread 39 | HWThread 40 | HWThread 41 | HWThread 42 | HWThread 43 | HWThread 44 | HWThread 45 | HWThread 46 | HWThread 47 | HWThread 48 | HWThread 49 | HWThread 50 | HWThread 51 | HWThread 52 | HWThread 53 | HWThread 54 | HWThread 55 | HWThread 56 | HWThread 57 | HWThread 58 | HWThread 59 | HWThread 60 | HWThread 61 | HWThread 62 | HWThread 63 | HWThread 64 | HWThread 65 | HWThread 66 | HWThread 67 | HWThread 68 | HWThread 69 | HWThread 70 | HWThread 71 | HWThread 72 | HWThread 73 | HWThread 74 | HWThread 75 | HWThread 76 | HWThread 77 | HWThread 78 | HWThread 79 | HWThread 80 | HWThread 81 | HWThread 82 | HWThread 83 | HWThread 84 | HWThread 85 | HWThread 86 | HWThread 87 | HWThread 88 | HWThread 89 | HWThread 90 | HWThread 91 | HWThread 92 | HWThread 93 | HWThread 94 | HWThread 95 | HWThread 96 | HWThread 97 | HWThread 98 | HWThread 99 | HWThread 100 | HWThread 101 | HWThread 102 | HWThread 103 | HWThread 104 | HWThread 105 | HWThread 106 | HWThread 107 | HWThread 108 | HWThread 109 | HWThread 110 | HWThread 111 | HWThread 112 | HWThread 113 | HWThread 114 | HWThread 115 | HWThread 116 | HWThread 117 | HWThread 118 | HWThread 119 | HWThread 120 | HWThread 121 | HWThread 122 | HWThread 123 | HWThread 124 | HWThread 125 | HWThread 126 | HWThread 127 | HWThread 128 | HWThread 129 | HWThread 130 | HWThread 131 | HWThread 132 | HWThread 133 | HWThread 134 | HWThread 135 | HWThread 136 | HWThread 137 | HWThread 138 | HWThread 139 | HWThread 140 | HWThread 141 | HWThread 142 | HWThread 143 | HWThread 144 | HWThread 145 | HWThread 146 | HWThread 147 | HWThread 148 | HWThread 149 | HWThread 150 | HWThread 151 | HWThread 152 | HWThread 153 | HWThread 154 | HWThread 155 | HWThread 156 | HWThread 157 | HWThread 158 | HWThread 159 | HWThread 160 | HWThread 161 | HWThread 162 | HWThread 163 | HWThread 164 | HWThread 165 | HWThread 166 | HWThread 167 | HWThread 168 | HWThread 169 | HWThread 170 | HWThread 171 | HWThread 172 | HWThread 173 | HWThread 174 | HWThread 175 | HWThread 176 | HWThread 177 | HWThread 178 | HWThread 179 | HWThread 180 | HWThread 181 | HWThread 182 | HWThread 183 | HWThread 184 | HWThread 185 | HWThread 186 | HWThread 187 | HWThread 188 | HWThread 189 | HWThread 190 | HWThread 191 | HWThread 192 | HWThread 193 | HWThread 194 | HWThread 195 | HWThread 196 | HWThread 197 | HWThread 198 | HWThread 199 | HWThread 200 | HWThread 201 | HWThread 202 | HWThread 203 | HWThread 204 | HWThread 205 | HWThread 206 | HWThread 207 | HWThread 208 | HWThread 209 | HWThread 210 | HWThread 211 | HWThread 212 | HWThread 213 | HWThread 214 | HWThread 215 | HWThread 216 | HWThread 217 | HWThread 218 | HWThread 219 | HWThread 220 | HWThread 221 | HWThread 222 | HWThread 223 | HWThread 224 | HWThread 225 | HWThread 226 | HWThread 227 | HWThread 228 | HWThread 229 | HWThread 230 | HWThread 231 | HWThread 232 | HWThread 233 | HWThread 234 | HWThread 235 | HWThread 236 | HWThread 237 | HWThread 238 | HWThread 239 | HWThread 240 | HWThread 241 | HWThread 242 | HWThread 243 | HWThread 244 | HWThread 245 | HWThread 246 | HWThread 247 | HWThread 248 | HWThread 249 | HWThread 250 | HWThread 251 | HWThread 252 | HWThread 253 | HWThread 254 | HWThread 255 |
+-------------------+------------+------------+------------+------------+------------+------------+------------+------------+------------+------------+-------------+-------------+-------------+-------------+-------------+-------------+-------------+-------------+-------------+-------------+-------------+-------------+-------------+-------------+-------------+-------------+-------------+-------------+-------------+-------------+-------------+-------------+-------------+-------------+-------------+-------------+-------------+-------------+-------------+-------------+-------------+-------------+-------------+-------------+-------------+-------------+-------------+-------------+-------------+-------------+-------------+-------------+-------------+-------------+-------------+-------------+-------------+-------------+-------------+-------------+-------------+-------------+-------------+-------------+-------------+-------------+-------------+-------------+-------------+-------------+-------------+-------------+-------------+-------------+-------------+-------------+-------------+-------------+-------------+-------------+-------------+-------------+-------------+-------------+-------------+-------------+-------------+-------------+-------------+-------------+-------------+-------------+-------------+-------------+-------------+-------------+-------------+-------------+-------------+-------------+--------------+--------------+--------------+--------------+--------------+--------------+--------------+--------------+--------------+--------------+--------------+--------------+--------------+--------------+--------------+--------------+--------------+--------------+--------------+--------------+--------------+--------------+--------------+--------------+--------------+--------------+--------------+--------------+--------------+--------------+--------------+--------------+--------------+--------------+--------------+--------------+--------------+--------------+--------------+--------------+--------------+--------------+--------------+--------------+--------------+--------------+--------------+--------------+--------------+--------------+--------------+--------------+--------------+--------------+--------------+--------------+--------------+--------------+--------------+--------------+--------------+--------------+--------------+--------------+--------------+--------------+--------------+--------------+--------------+--------------+--------------+--------------+--------------+--------------+--------------+--------------+--------------+--------------+--------------+--------------+--------------+--------------+--------------+--------------+--------------+--------------+--------------+--------------+--------------+--------------+--------------+--------------+--------------+--------------+--------------+--------------+--------------+--------------+--------------+--------------+--------------+--------------+--------------+--------------+--------------+--------------+--------------+--------------+--------------+--------------+--------------+--------------+--------------+--------------+--------------+--------------+--------------+--------------+--------------+--------------+--------------+--------------+--------------+--------------+--------------+--------------+--------------+--------------+--------------+--------------+--------------+--------------+--------------+--------------+--------------+--------------+--------------+--------------+--------------+--------------+--------------+--------------+--------------+--------------+--------------+--------------+--------------+--------------+--------------+--------------+--------------+--------------+--------------+--------------+--------------+--------------+
| RDTSC Runtime [s] |   2.280777 |   2.281537 |   2.280453 |   2.280778 |   2.281065 |   2.280454 |   2.280500 |   2.280450 |   2.280502 |   2.281456 |    2.280619 |    2.280459 |    2.281327 |    2.280777 |    2.280777 |    2.281535 |    2.280897 |    2.280945 |    2.280874 |    2.280898 |    2.280780 |    2.280897 |    2.280462 |    2.280780 |    2.280484 |    2.280973 |    2.280953 |    2.280797 |    2.281013 |    2.281247 |    2.281328 |    2.280954 |    2.284229 |    2.280880 |    2.281803 |    2.281515 |    2.281504 |    2.282411 |    2.280813 |    2.280822 |    2.281008 |    2.280886 |    2.280764 |    2.280954 |    2.281414 |    2.280939 |    2.280497 |    2.281008 |    2.281951 |    2.281057 |    2.281935 |    2.280569 |    2.281450 |    2.281533 |    2.281268 |    2.280814 |    2.280768 |    2.280768 |    2.280513 |    2.280481 |    2.280899 |    2.280457 |    2.280899 |    2.283224 |    2.281061 |    2.280462 |    2.280462 |    2.280766 |    2.281060 |    2.280457 |    2.280765 |    2.280483 |    2.280781 |    2.280887 |    2.280490 |    2.280462 |    2.280458 |    2.281544 |    2.280450 |    2.280880 |    2.280563 |    2.280752 |    2.280772 |    2.281537 |    2.280773 |    2.280452 |    2.281061 |    2.281061 |    2.280490 |    2.280455 |    2.280455 |    2.281017 |    2.281012 |    2.281549 |    2.281012 |    2.280492 |    2.280461 |    2.280815 |    2.280457 |    2.280502 |     2.280465 |     2.280885 |     2.280504 |     2.280893 |     2.280622 |     2.281530 |     2.284332 |     2.280565 |     2.281970 |     2.280775 |     2.281248 |     2.284332 |     2.280899 |     2.280479 |     2.280856 |     2.280938 |     2.280856 |     2.280452 |     2.280481 |     2.280773 |     2.280470 |     2.280470 |     2.280972 |     2.280984 |     2.280978 |     2.280812 |     2.280470 |     2.280810 |     2.280895 |     2.280941 |     2.280455 |     2.280896 |     2.280648 |     2.280778 |     2.280941 |     2.281532 |     2.280777 |     2.280753 |     2.280949 |     2.280462 |     2.280650 |     2.280459 |     2.280883 |     2.281426 |     2.281058 |     2.280494 |     2.280815 |     2.280882 |     2.280478 |     2.280478 |     2.280863 |     2.280879 |     2.280816 |     2.280453 |     2.280948 |     2.280450 |     2.280808 |     2.280948 |     2.280808 |     2.280453 |     2.280647 |     2.283159 |     2.280763 |     2.280865 |     2.281548 |     2.280845 |     2.280481 |     2.282360 |     2.280475 |     2.280847 |     2.280777 |     2.280774 |     2.281029 |     2.280455 |     2.280455 |     2.280814 |     2.280989 |     2.280456 |     2.280884 |     2.281001 |     2.281019 |     2.280901 |     2.280780 |     2.280820 |     2.280484 |     2.280483 |     2.282697 |     2.281534 |     2.281539 |     2.284389 |     2.280848 |     2.280483 |     2.280571 |     2.280971 |     2.280573 |     2.280952 |     2.280752 |     2.280752 |     2.280959 |     2.280571 |     2.280874 |     2.280890 |     2.280492 |     2.280981 |     2.280932 |     2.280845 |     2.280978 |     2.280748 |     2.281070 |     2.280973 |     2.280456 |     2.280841 |     2.280981 |     2.280974 |     2.281059 |     2.280450 |     2.280443 |     2.280976 |     2.280974 |     2.280946 |     2.280979 |     2.280947 |     2.280487 |     2.280945 |     2.280808 |     2.281027 |     2.280473 |     2.280843 |     2.280564 |     2.280568 |     2.280866 |     2.280492 |     2.280766 |     2.280565 |     2.280766 |     2.280766 |     2.284125 |     2.281430 |     2.280497 |     2.281016 |     2.280475 |     2.280626 |     2.280473 |     2.281261 |     2.280494 |     2.280777 |     2.280777 |     2.280625 |     2.280452 |     2.280452 |     2.281582 |     2.280853 |     2.281556 |     2.281561 |     2.280452 |     2.280853 |
|     call count    |          1 |          1 |          1 |          1 |          1 |          1 |          1 |          1 |          1 |          1 |           1 |           1 |           1 |           1 |           1 |           1 |           1 |           1 |           1 |           1 |           1 |           1 |           1 |           1 |           1 |           1 |           1 |           1 |           1 |           1 |           1 |           1 |           1 |           1 |           1 |           1 |           1 |           1 |           1 |           1 |           1 |           1 |           1 |           1 |           1 |           1 |           1 |           1 |           1 |           1 |           1 |           1 |           1 |           1 |           1 |           1 |           1 |           1 |           1 |           1 |           1 |           1 |           1 |           1 |           1 |           1 |           1 |           1 |           1 |           1 |           1 |           1 |           1 |           1 |           1 |           1 |           1 |           1 |           1 |           1 |           1 |           1 |           1 |           1 |           1 |           1 |           1 |           1 |           1 |           1 |           1 |           1 |           1 |           1 |           1 |           1 |           1 |           1 |           1 |           1 |            1 |            1 |            1 |            1 |            1 |            1 |            1 |            1 |            1 |            1 |            1 |            1 |            1 |            1 |            1 |            1 |            1 |            1 |            1 |            1 |            1 |            1 |            1 |            1 |            1 |            1 |            1 |            1 |            1 |            1 |            1 |            1 |            1 |            1 |            1 |            1 |            1 |            1 |            1 |            1 |            1 |            1 |            1 |            1 |            1 |            1 |            1 |            1 |            1 |            1 |            1 |            1 |            1 |            1 |            1 |            1 |            1 |            1 |            1 |            1 |            1 |            1 |            1 |            1 |            1 |            1 |            1 |            1 |            1 |            1 |            1 |            1 |            1 |            1 |            1 |            1 |            1 |            1 |            1 |            1 |            1 |            1 |            1 |            1 |            1 |            1 |            1 |            1 |            1 |            1 |            1 |            1 |            1 |            1 |            1 |            1 |            1 |            1 |            1 |            1 |            1 |            1 |            1 |            1 |            1 |            1 |            1 |            1 |            1 |            1 |            1 |            1 |            1 |            1 |            1 |            1 |            1 |            1 |            1 |            1 |            1 |            1 |            1 |            1 |            1 |            1 |            1 |            1 |            1 |            1 |            1 |            1 |            1 |            1 |            1 |            1 |            1 |            1 |            1 |            1 |            1 |            1 |            1 |            1 |            1 |            1 |            1 |            1 |            1 |            1 |            1 |            1 |            1 |            1 |            1 |            1 |
+-------------------+------------+------------+------------+------------+------------+------------+------------+------------+------------+------------+-------------+-------------+-------------+-------------+-------------+-------------+-------------+-------------+-------------+-------------+-------------+-------------+-------------+-------------+-------------+-------------+-------------+-------------+-------------+-------------+-------------+-------------+-------------+-------------+-------------+-------------+-------------+-------------+-------------+-------------+-------------+-------------+-------------+-------------+-------------+-------------+-------------+-------------+-------------+-------------+-------------+-------------+-------------+-------------+-------------+-------------+-------------+-------------+-------------+-------------+-------------+-------------+-------------+-------------+-------------+-------------+-------------+-------------+-------------+-------------+-------------+-------------+-------------+-------------+-------------+-------------+-------------+-------------+-------------+-------------+-------------+-------------+-------------+-------------+-------------+-------------+-------------+-------------+-------------+-------------+-------------+-------------+-------------+-------------+-------------+-------------+-------------+-------------+-------------+-------------+--------------+--------------+--------------+--------------+--------------+--------------+--------------+--------------+--------------+--------------+--------------+--------------+--------------+--------------+--------------+--------------+--------------+--------------+--------------+--------------+--------------+--------------+--------------+--------------+--------------+--------------+--------------+--------------+--------------+--------------+--------------+--------------+--------------+--------------+--------------+--------------+--------------+--------------+--------------+--------------+--------------+--------------+--------------+--------------+--------------+--------------+--------------+--------------+--------------+--------------+--------------+--------------+--------------+--------------+--------------+--------------+--------------+--------------+--------------+--------------+--------------+--------------+--------------+--------------+--------------+--------------+--------------+--------------+--------------+--------------+--------------+--------------+--------------+--------------+--------------+--------------+--------------+--------------+--------------+--------------+--------------+--------------+--------------+--------------+--------------+--------------+--------------+--------------+--------------+--------------+--------------+--------------+--------------+--------------+--------------+--------------+--------------+--------------+--------------+--------------+--------------+--------------+--------------+--------------+--------------+--------------+--------------+--------------+--------------+--------------+--------------+--------------+--------------+--------------+--------------+--------------+--------------+--------------+--------------+--------------+--------------+--------------+--------------+--------------+--------------+--------------+--------------+--------------+--------------+--------------+--------------+--------------+--------------+--------------+--------------+--------------+--------------+--------------+--------------+--------------+--------------+--------------+--------------+--------------+--------------+--------------+--------------+--------------+--------------+--------------+--------------+--------------+--------------+--------------+--------------+--------------+
+----------------------------+---------+------------+------------+------------+------------+------------+------------+------------+------------+------------+------------+-------------+-------------+-------------+-------------+-------------+-------------+-------------+-------------+-------------+-------------+-------------+-------------+-------------+-------------+-------------+-------------+-------------+-------------+-------------+-------------+-------------+-------------+-------------+-------------+-------------+-------------+-------------+-------------+-------------+-------------+-------------+-------------+-------------+-------------+-------------+-------------+-------------+-------------+-------------+-------------+-------------+-------------+-------------+-------------+-------------+-------------+-------------+-------------+-------------+-------------+-------------+-------------+-------------+-------------+-------------+-------------+-------------+-------------+-------------+-------------+-------------+-------------+-------------+-------------+-------------+-------------+-------------+-------------+-------------+-------------+-------------+-------------+-------------+-------------+-------------+-------------+-------------+-------------+-------------+-------------+-------------+-------------+-------------+-------------+-------------+-------------+-------------+-------------+-------------+-------------+--------------+--------------+--------------+--------------+--------------+--------------+--------------+--------------+--------------+--------------+--------------+--------------+--------------+--------------+--------------+--------------+--------------+--------------+--------------+--------------+--------------+--------------+--------------+--------------+--------------+--------------+--------------+--------------+--------------+--------------+--------------+--------------+--------------+--------------+--------------+--------------+--------------+--------------+--------------+--------------+--------------+--------------+--------------+--------------+--------------+--------------+--------------+--------------+--------------+--------------+--------------+--------------+--------------+--------------+--------------+--------------+--------------+--------------+--------------+--------------+--------------+--------------+--------------+--------------+--------------+--------------+--------------+--------------+--------------+--------------+--------------+--------------+--------------+--------------+--------------+--------------+--------------+--------------+--------------+--------------+--------------+--------------+--------------+--------------+--------------+--------------+--------------+--------------+--------------+--------------+--------------+--------------+--------------+--------------+--------------+--------------+--------------+--------------+--------------+--------------+--------------+--------------+--------------+--------------+--------------+--------------+--------------+--------------+--------------+--------------+--------------+--------------+--------------+--------------+--------------+--------------+--------------+--------------+--------------+--------------+--------------+--------------+--------------+--------------+--------------+--------------+--------------+--------------+--------------+--------------+--------------+--------------+--------------+--------------+--------------+--------------+--------------+--------------+--------------+--------------+--------------+--------------+--------------+--------------+--------------+--------------+--------------+--------------+--------------+--------------+--------------+--------------+--------------+--------------+--------------+--------------+
|            Event           | Counter | HWThread 0 | HWThread 1 | HWThread 2 | HWThread 3 | HWThread 4 | HWThread 5 | HWThread 6 | HWThread 7 | HWThread 8 | HWThread 9 | HWThread 10 | HWThread 11 | HWThread 12 | HWThread 13 | HWThread 14 | HWThread 15 | HWThread 16 | HWThread 17 | HWThread 18 | HWThread 19 | HWThread 20 | HWThread 21 | HWThread 22 | HWThread 23 | HWThread 24 | HWThread 25 | HWThread 26 | HWThread 27 | HWThread 28 | HWThread 29 | HWThread 30 | HWThread 31 | HWThread 32 | HWThread 33 | HWThread 34 | HWThread 35 | HWThread 36 | HWThread 37 | HWThread 38 | HWThread 39 | HWThread 40 | HWThread 41 | HWThread 42 | HWThread 43 | HWThread 44 | HWThread 45 | HWThread 46 | HWThread 47 | HWThread 48 | HWThread 49 | HWThread 50 | HWThread 51 | HWThread 52 | HWThread 53 | HWThread 54 | HWThread 55 | HWThread 56 | HWThread 57 | HWThread 58 | HWThread 59 | HWThread 60 | HWThread 61 | HWThread 62 | HWThread 63 | HWThread 64 | HWThread 65 | HWThread 66 | HWThread 67 | HWThread 68 | HWThread 69 | HWThread 70 | HWThread 71 | HWThread 72 | HWThread 73 | HWThread 74 | HWThread 75 | HWThread 76 | HWThread 77 | HWThread 78 | HWThread 79 | HWThread 80 | HWThread 81 | HWThread 82 | HWThread 83 | HWThread 84 | HWThread 85 | HWThread 86 | HWThread 87 | HWThread 88 | HWThread 89 | HWThread 90 | HWThread 91 | HWThread 92 | HWThread 93 | HWThread 94 | HWThread 95 | HWThread 96 | HWThread 97 | HWThread 98 | HWThread 99 | HWThread 100 | HWThread 101 | HWThread 102 | HWThread 103 | HWThread 104 | HWThread 105 | HWThread 106 | HWThread 107 | HWThread 108 | HWThread 109 | HWThread 110 | HWThread 111 | HWThread 112 | HWThread 113 | HWThread 114 | HWThread 115 | HWThread 116 | HWThread 117 | HWThread 118 | HWThread 119 | HWThread 120 | HWThread 121 | HWThread 122 | HWThread 123 | HWThread 124 | HWThread 125 | HWThread 126 | HWThread 127 | HWThread 128 | HWThread 129 | HWThread 130 | HWThread 131 | HWThread 132 | HWThread 133 | HWThread 134 | HWThread 135 | HWThread 136 | HWThread 137 | HWThread 138 | HWThread 139 | HWThread 140 | HWThread 141 | HWThread 142 | HWThread 143 | HWThread 144 | HWThread 145 | HWThread 146 | HWThread 147 | HWThread 148 | HWThread 149 | HWThread 150 | HWThread 151 | HWThread 152 | HWThread 153 | HWThread 154 | HWThread 155 | HWThread 156 | HWThread 157 | HWThread 158 | HWThread 159 | HWThread 160 | HWThread 161 | HWThread 162 | HWThread 163 | HWThread 164 | HWThread 165 | HWThread 166 | HWThread 167 | HWThread 168 | HWThread 169 | HWThread 170 | HWThread 171 | HWThread 172 | HWThread 173 | HWThread 174 | HWThread 175 | HWThread 176 | HWThread 177 | HWThread 178 | HWThread 179 | HWThread 180 | HWThread 181 | HWThread 182 | HWThread 183 | HWThread 184 | HWThread 185 | HWThread 186 | HWThread 187 | HWThread 188 | HWThread 189 | HWThread 190 | HWThread 191 | HWThread 192 | HWThread 193 | HWThread 194 | HWThread 195 | HWThread 196 | HWThread 197 | HWThread 198 | HWThread 199 | HWThread 200 | HWThread 201 | HWThread 202 | HWThread 203 | HWThread 204 | HWThread 205 | HWThread 206 | HWThread 207 | HWThread 208 | HWThread 209 | HWThread 210 | HWThread 211 | HWThread 212 | HWThread 213 | HWThread 214 | HWThread 215 | HWThread 216 | HWThread 217 | HWThread 218 | HWThread 219 | HWThread 220 | HWThread 221 | HWThread 222 | HWThread 223 | HWThread 224 | HWThread 225 | HWThread 226 | HWThread 227 | HWThread 228 | HWThread 229 | HWThread 230 | HWThread 231 | HWThread 232 | HWThread 233 | HWThread 234 | HWThread 235 | HWThread 236 | HWThread 237 | HWThread 238 | HWThread 239 | HWThread 240 | HWThread 241 | HWThread 242 | HWThread 243 | HWThread 244 | HWThread 245 | HWThread 246 | HWThread 247 | HWThread 248 | HWThread 249 | HWThread 250 | HWThread 251 | HWThread 252 | HWThread 253 | HWThread 254 | HWThread 255 |
+----------------------------+---------+------------+------------+------------+------------+------------+------------+------------+------------+------------+------------+-------------+-------------+-------------+-------------+-------------+-------------+-------------+-------------+-------------+-------------+-------------+-------------+-------------+-------------+-------------+-------------+-------------+-------------+-------------+-------------+-------------+-------------+-------------+-------------+-------------+-------------+-------------+-------------+-------------+-------------+-------------+-------------+-------------+-------------+-------------+-------------+-------------+-------------+-------------+-------------+-------------+-------------+-------------+-------------+-------------+-------------+-------------+-------------+-------------+-------------+-------------+-------------+-------------+-------------+-------------+-------------+-------------+-------------+-------------+-------------+-------------+-------------+-------------+-------------+-------------+-------------+-------------+-------------+-------------+-------------+-------------+-------------+-------------+-------------+-------------+-------------+-------------+-------------+-------------+-------------+-------------+-------------+-------------+-------------+-------------+-------------+-------------+-------------+-------------+-------------+--------------+--------------+--------------+--------------+--------------+--------------+--------------+--------------+--------------+--------------+--------------+--------------+--------------+--------------+--------------+--------------+--------------+--------------+--------------+--------------+--------------+--------------+--------------+--------------+--------------+--------------+--------------+--------------+--------------+--------------+--------------+--------------+--------------+--------------+--------------+--------------+--------------+--------------+--------------+--------------+--------------+--------------+--------------+--------------+--------------+--------------+--------------+--------------+--------------+--------------+--------------+--------------+--------------+--------------+--------------+--------------+--------------+--------------+--------------+--------------+--------------+--------------+--------------+--------------+--------------+--------------+--------------+--------------+--------------+--------------+--------------+--------------+--------------+--------------+--------------+--------------+--------------+--------------+--------------+--------------+--------------+--------------+--------------+--------------+--------------+--------------+--------------+--------------+--------------+--------------+--------------+--------------+--------------+--------------+--------------+--------------+--------------+--------------+--------------+--------------+--------------+--------------+--------------+--------------+--------------+--------------+--------------+--------------+--------------+--------------+--------------+--------------+--------------+--------------+--------------+--------------+--------------+--------------+--------------+--------------+--------------+--------------+--------------+--------------+--------------+--------------+--------------+--------------+--------------+--------------+--------------+--------------+--------------+--------------+--------------+--------------+--------------+--------------+--------------+--------------+--------------+--------------+--------------+--------------+--------------+--------------+--------------+--------------+--------------+--------------+--------------+--------------+--------------+--------------+--------------+--------------+
|      ACTUAL_CPU_CLOCK      |  FIXC1  | 5513007000 | 5513092000 | 5510966000 | 5512901000 | 5510657000 | 5511823000 | 5510495000 | 5510935000 | 5487650000 | 5488854000 |  5487009000 |  5486348000 |  5488361000 |  5489021000 |  5488968000 |  5487527000 |  5511758000 |  5511531000 |  5511497000 |  5511522000 |  5511059000 |  5511471000 |  5509412000 |  5511068000 |  5496514000 |  5498824000 |  5498713000 |  5496512000 |  5498922000 |  5499365000 |  5499298000 |  5498806000 |  5478052000 |  5475128000 |  5477259000 |  5477521000 |  5477392000 |  5477639000 |  5476176000 |  5474892000 |  5492424000 |  5493856000 |  5492516000 |  5493957000 |  5494712000 |  5493667000 |  5491826000 |  5493970000 |  5499107000 |  5496972000 |  5499094000 |  5496337000 |  5499081000 |  5499090000 |  5498960000 |  5496914000 |  5486473000 |  5487443000 |  5484115000 |  5483809000 |  5486079000 |  5485329000 |  5486160000 |  5486952000 |  5488832000 |  5487380000 |  5487245000 |  5488889000 |  5487223000 |  5487234000 |  5488823000 |  5487494000 |  5510990000 |  5508832000 |  5507563000 |  5508512000 |  5508123000 |  5510479000 |  5508200000 |  5510414000 |  5506364000 |  5506884000 |  5508691000 |  5507268000 |  5508633000 |  5505999000 |  5506918000 |  5506917000 |  5500516000 |  5499626000 |  5501005000 |  5501435000 |  5501231000 |  5503077000 |  5502805000 |  5500710000 |  5503185000 |  5502598000 |  5502958000 |  5502485000 |   5501662000 |   5504777000 |   5501902000 |   5504858000 |   5493313000 |   5496054000 |   5496576000 |   5493420000 |   5496098000 |   5495794000 |   5495571000 |   5496587000 |   5513272000 |   5512216000 |   5513159000 |   5513663000 |   5513451000 |   5511168000 |   5512195000 |   5514028000 |   5487700000 |   5487940000 |   5490178000 |   5490159000 |   5490129000 |   5489736000 |   5488721000 |   5489596000 |   5498343000 |   5498221000 |   5496675000 |   5498315000 |   5496407000 |   5498740000 |   5498321000 |   5498773000 |   5520783000 |   5521717000 |   5521404000 |   5520002000 |   5519893000 |   5519164000 |   5521149000 |   5521641000 |   5539486000 |   5539250000 |   5540429000 |   5540783000 |   5538583000 |   5538655000 |   5540936000 |   5540736000 |   5516399000 |   5514587000 |   5516812000 |   5515001000 |   5516480000 |   5516962000 |   5516309000 |   5515516000 |   5488379000 |   5491892000 |   5489702000 |   5491192000 |   5490594000 |   5490572000 |   5489196000 |   5492161000 |   5507343000 |   5509800000 |   5508902000 |   5509890000 |   5508312000 |   5507899000 |   5507786000 |   5508931000 |   5481622000 |   5479869000 |   5481506000 |   5481434000 |   5480212000 |   5481309000 |   5479925000 |   5481213000 |   5521867000 |   5520146000 |   5522869000 |   5521540000 |   5521357000 |   5523585000 |   5521747000 |   5520643000 |   5489056000 |   5490731000 |   5487121000 |   5489505000 |   5491324000 |   5491555000 |   5490737000 |   5489072000 |   5497691000 |   5498083000 |   5496169000 |   5497845000 |   5497869000 |   5497578000 |   5497928000 |   5496821000 |   5529413000 |   5530554000 |   5529840000 |   5531296000 |   5530874000 |   5530785000 |   5529379000 |   5528503000 |   5507789000 |   5510675000 |   5510800000 |   5510122000 |   5510213000 |   5509999000 |   5508858000 |   5509885000 |   5534782000 |   5532835000 |   5531922000 |   5533579000 |   5532397000 |   5531972000 |   5533110000 |   5531826000 |   5492578000 |   5490294000 |   5492573000 |   5492580000 |   5494250000 |   5492552000 |   5490134000 |   5493551000 |   5497392000 |   5496647000 |   5497616000 |   5499213000 |   5496724000 |   5496860000 |   5499502000 |   5496648000 |   5501465000 |   5501289000 |   5503092000 |   5503277000 |   5504252000 |   5503008000 |   5501317000 |   5503282000 |
|        MAX_CPU_CLOCK       |  FIXC2  | 6156006000 | 6156146000 | 6154267000 | 6155980000 | 6154687000 | 6155573000 | 6154407000 | 6153793000 | 6155860000 | 6159844000 |  6154928000 |  6154590000 |  6158376000 |  6157428000 |  6157358000 |  6157299000 |  6156666000 |  6156532000 |  6156509000 |  6156390000 |  6156146000 |  6156107000 |  6154624000 |  6156161000 |  6155460000 |  6157490000 |  6157434000 |  6156420000 |  6157606000 |  6159180000 |  6159265000 |  6157663000 |  6160617000 |  6156341000 |  6159948000 |  6159708000 |  6159365000 |  6160088000 |  6157082000 |  6155975000 |  6156787000 |  6157630000 |  6155470000 |  6157690000 |  6159797000 |  6156723000 |  6155859000 |  6157735000 |  6156532000 |  6153451000 |  6156487000 |  6152554000 |  6156407000 |  6156478000 |  6155928000 |  6152774000 |  6156924000 |  6157414000 |  6154962000 |  6154596000 |  6156654000 |  6155597000 |  6156675000 |  6159368000 |  6155976000 |  6155383000 |  6154685000 |  6156057000 |  6155935000 |  6155464000 |  6156043000 |  6155528000 |  6157504000 |  6154226000 |  6154871000 |  6155432000 |  6154151000 |  6157288000 |  6154441000 |  6157450000 |  6154982000 |  6156732000 |  6157107000 |  6157487000 |  6157002000 |  6155509000 |  6156799000 |  6156807000 |  6152420000 |  6152145000 |  6153080000 |  6155859000 |  6155888000 |  6156152000 |  6156504000 |  6154893000 |  6154983000 |  6156366000 |  6155622000 |  6155184000 |   6155541000 |   6157351000 |   6155905000 |   6157530000 |   6154705000 |   6158371000 |   6159523000 |   6152717000 |   6158881000 |   6156020000 |   6156805000 |   6159727000 |   6156432000 |   6156116000 |   6156516000 |   6157628000 |   6157453000 |   6154607000 |   6156081000 |   6157073000 |   6154629000 |   6155696000 |   6157715000 |   6156828000 |   6157673000 |   6157394000 |   6155794000 |   6156478000 |   6157605000 |   6156721000 |   6155317000 |   6157569000 |   6156047000 |   6157224000 |   6157588000 |   6157266000 |   6157024000 |   6156767000 |   6157488000 |   6155408000 |   6155259000 |   6155411000 |   6157249000 |   6157623000 |   6157077000 |   6155845000 |   6157562000 |   6157744000 |   6155764000 |   6155871000 |   6157052000 |   6157700000 |   6155916000 |   6154363000 |   6156209000 |   6152629000 |   6156393000 |   6156683000 |   6156149000 |   6154568000 |   6154737000 |   6160564000 |   6157124000 |   6157424000 |   6156780000 |   6157985000 |   6155548000 |   6159861000 |   6155619000 |   6156829000 |   6157062000 |   6157051000 |   6156969000 |   6155102000 |   6155061000 |   6156963000 |   6157405000 |   6155783000 |   6157256000 |   6157978000 |   6156544000 |   6157884000 |   6156347000 |   6157143000 |   6156949000 |   6155432000 |   6160447000 |   6157613000 |   6157441000 |   6161331000 |   6156812000 |   6156845000 |   6155679000 |   6157853000 |   6152732000 |   6155189000 |   6156583000 |   6157023000 |   6157876000 |   6155640000 |   6157627000 |   6157237000 |   6155649000 |   6157781000 |   6157839000 |   6157663000 |   6157900000 |   6156577000 |   6156827000 |   6156735000 |   6155712000 |   6157194000 |   6157663000 |   6157638000 |   6156348000 |   6155568000 |   6155394000 |   6157830000 |   6157973000 |   6157585000 |   6156833000 |   6156745000 |   6155492000 |   6156664000 |   6157412000 |   6154397000 |   6153143000 |   6154754000 |   6154641000 |   6152871000 |   6153897000 |   6152712000 |   6155980000 |   6155033000 |   6155887000 |   6156038000 |   6159979000 |   6156968000 |   6154828000 |   6157407000 |   6154245000 |   6156077000 |   6155781000 |   6159368000 |   6155830000 |   6156158000 |   6157441000 |   6156057000 |   6154711000 |   6154456000 |   6156348000 |   6156406000 |   6157084000 |   6156274000 |   6154539000 |   6156484000 |
|    RETIRED_INSTRUCTIONS    |   PMC0  | 7569437000 | 7562519000 | 7563404000 | 7561879000 | 7561430000 | 7560475000 | 7561361000 | 7562898000 | 7557507000 | 7557366000 |  7561080000 |  7555932000 |  7566533000 |  7555639000 |  7557910000 |  7557372000 |  7564595000 |  7562297000 |  7563369000 |  7563270000 |  7565349000 |  7562935000 |  7565865000 |  7562084000 |  7558692000 |  7558018000 |  7562325000 |  7557291000 |  7558359000 |  7557708000 |  7564219000 |  7557975000 |  7560269000 |  7554876000 |  7555103000 |  7553002000 |  7558071000 |  7552895000 |  7554163000 |  7554373000 |  7560400000 |  7557569000 |  7559576000 |  7558764000 |  7568188000 |  7557492000 |  7561523000 |  7559507000 |  7559567000 |  7559748000 |  7561188000 |  7557942000 |  7560054000 |  7559289000 |  7569096000 |  7559965000 |  7554204000 |  7555274000 |  7556804000 |  7554078000 |  7559310000 |  7553910000 |  7559788000 |  7526159000 |  7557417000 |  7558616000 |  7557748000 |  7556149000 |  7560184000 |  7555951000 |  7562809000 |  7558302000 |  7561258000 |  7560538000 |  7561712000 |  7558824000 |  7560120000 |  7560301000 |  7562830000 |  7560047000 |  7559379000 |  7559906000 |  7558937000 |  7559128000 |  7559856000 |  7557768000 |  7563699000 |  7558863000 |  7558552000 |  7557525000 |  7556063000 |  7556664000 |  7557906000 |  7556822000 |  7565726000 |  7527788000 |  7559663000 |  7557992000 |  7560980000 |  7557494000 |   7559127000 |   7557737000 |   7562158000 |   7558322000 |   7557563000 |   7556332000 |   7559556000 |   7556231000 |   7558810000 |   7556592000 |   7563526000 |   7562461000 |   7562924000 |   7565108000 |   7562976000 |   7562359000 |   7562767000 |   7562128000 |   7567694000 |   7561892000 |   7555512000 |   7555497000 |   7557987000 |   7558375000 |   7561626000 |   7554330000 |   7559177000 |   7526039000 |   7569056000 |   7556247000 |   7560561000 |   7554271000 |   7554548000 |   7555289000 |   7556656000 |   7556575000 |   7561035000 |   7558502000 |   7559842000 |   7560510000 |   7564555000 |   7557808000 |   7562976000 |   7559541000 |   7564589000 |   7563552000 |   7563001000 |   7561973000 |   7564135000 |   7563171000 |   7564992000 |   7563315000 |   7557977000 |   7558509000 |   7560074000 |   7558209000 |   7563020000 |   7557644000 |   7566909000 |   7536063000 |   7554082000 |   7553707000 |   7553357000 |   7552305000 |   7555544000 |   7552231000 |   7554237000 |   7554668000 |   7563026000 |   7558620000 |   7557548000 |   7557600000 |   7561191000 |   7557138000 |   7563969000 |   7557453000 |   7552081000 |   7552798000 |   7554046000 |   7552292000 |   7559491000 |   7550397000 |   7554597000 |   7554052000 |   7558088000 |   7558927000 |   7565405000 |   7562825000 |   7565385000 |   7560936000 |   7563570000 |   7530973000 |   7554711000 |   7552202000 |   7552909000 |   7552817000 |   7557725000 |   7554770000 |   7556998000 |   7553705000 |   7555628000 |   7555196000 |   7558123000 |   7556557000 |   7559463000 |   7554404000 |   7561050000 |   7554933000 |   7562331000 |   7561135000 |   7566123000 |   7559187000 |   7564375000 |   7560472000 |   7563891000 |   7561716000 |   7554239000 |   7555170000 |   7555116000 |   7552999000 |   7555299000 |   7552993000 |   7560962000 |   7517221000 |   7559301000 |   7558280000 |   7562542000 |   7557916000 |   7560255000 |   7557049000 |   7564094000 |   7557683000 |   7551851000 |   7555302000 |   7553044000 |   7552932000 |   7559783000 |   7553993000 |   7555461000 |   7551803000 |   7553556000 |   7552869000 |   7555032000 |   7552052000 |   7552365000 |   7550939000 |   7554481000 |   7552306000 |   7552746000 |   7552554000 |   7556378000 |   7554837000 |   7553627000 |   7552510000 |   7564257000 |   7528531000 |
|     CPU_CLOCKS_UNHALTED    |   PMC1  | 5465735000 | 5476520000 | 5473526000 | 5474968000 | 5475352000 | 5474408000 | 5474084000 | 5474247000 | 5447584000 | 5449740000 |  5447954000 |  5447416000 |  5449830000 |  5448613000 |  5448513000 |  5449675000 |  5472362000 |  5472346000 |  5471977000 |  5472742000 |  5472330000 |  5472654000 |  5471005000 |  5472263000 |  5457523000 |  5458682000 |  5458419000 |  5458250000 |  5458398000 |  5458861000 |  5459283000 |  5457982000 |  5446544000 |  5438775000 |  5441094000 |  5439770000 |  5440051000 |  5442590000 |  5437437000 |  5438678000 |  5453456000 |  5453457000 |  5453151000 |  5453446000 |  5454824000 |  5454014000 |  5451465000 |  5453607000 |  5462437000 |  5460623000 |  5462670000 |  5459471000 |  5461729000 |  5462109000 |  5460911000 |  5459909000 |  5441268000 |  5442919000 |  5442303000 |  5442047000 |  5443295000 |  5442403000 |  5443352000 |  5448319000 |  5445752000 |  5445181000 |  5444920000 |  5445944000 |  5446287000 |  5445057000 |  5445609000 |  5444808000 |  5467132000 |  5467541000 |  5466413000 |  5466768000 |  5466354000 |  5469056000 |  5466276000 |  5467283000 |  5463247000 |  5464123000 |  5463908000 |  5465602000 |  5463787000 |  5463115000 |  5464137000 |  5463804000 |  5457344000 |  5456934000 |  5457019000 |  5458375000 |  5458647000 |  5458867000 |  5457885000 |  5457152000 |  5461072000 |  5461725000 |  5460962000 |  5461058000 |   5460764000 |   5461822000 |   5460797000 |   5461878000 |   5452969000 |   5455608000 |   5462012000 |   5453551000 |   5456303000 |   5454135000 |   5454908000 |   5461808000 |   5472213000 |   5471489000 |   5472320000 |   5472160000 |   5472489000 |   5471277000 |   5471402000 |   5471877000 |   5444449000 |   5444007000 |   5445199000 |   5445878000 |   5445376000 |   5445362000 |   5444073000 |   5445242000 |   5448555000 |   5448404000 |   5447372000 |   5448421000 |   5448043000 |   5448388000 |   5447834000 |   5449964000 |   5471393000 |   5471515000 |   5471186000 |   5471105000 |   5471285000 |   5470814000 |   5471990000 |   5472845000 |   5490638000 |   5489085000 |   5490243000 |   5490277000 |   5489683000 |   5489732000 |   5490381000 |   5490611000 |   5466337000 |   5465657000 |   5466455000 |   5465219000 |   5466429000 |   5466775000 |   5466671000 |   5465325000 |   5440565000 |   5446085000 |   5441026000 |   5441507000 |   5442730000 |   5441275000 |   5440207000 |   5444378000 |   5457715000 |   5458340000 |   5458189000 |   5458642000 |   5459221000 |   5457870000 |   5457907000 |   5458190000 |   5431158000 |   5430262000 |   5431219000 |   5431617000 |   5431378000 |   5431392000 |   5431036000 |   5430679000 |   5469081000 |   5468276000 |   5473948000 |   5471731000 |   5470493000 |   5477837000 |   5469292000 |   5468129000 |   5438636000 |   5439579000 |   5439156000 |   5440076000 |   5439489000 |   5439703000 |   5439498000 |   5438928000 |   5446988000 |   5447134000 |   5446419000 |   5447619000 |   5446910000 |   5447229000 |   5447450000 |   5446697000 |   5481119000 |   5480828000 |   5479785000 |   5480763000 |   5481007000 |   5481078000 |   5481109000 |   5479531000 |   5458266000 |   5458953000 |   5459592000 |   5459095000 |   5459324000 |   5458847000 |   5458039000 |   5458368000 |   5483292000 |   5483457000 |   5482381000 |   5483410000 |   5482490000 |   5482893000 |   5483178000 |   5482436000 |   5441690000 |   5441397000 |   5441899000 |   5441789000 |   5449475000 |   5443026000 |   5441083000 |   5442122000 |   5447274000 |   5447894000 |   5447694000 |   5449337000 |   5447339000 |   5447834000 |   5447964000 |   5447519000 |   5447573000 |   5447802000 |   5450020000 |   5448910000 |   5449729000 |   5449914000 |   5447212000 |   5448040000 |
| REQUESTS_TO_L2_GRP1_RD_ANY |   PMC2  | 2148248000 | 2148173000 | 2148116000 | 2148011000 | 2148085000 | 2148081000 | 2148146000 | 2148116000 | 2148077000 | 2148087000 |  2148068000 |  2148112000 |  2148071000 |  2148146000 |  2148067000 |  2148097000 |  2148069000 |  2148130000 |  2148117000 |  2148072000 |  2148096000 |  2148104000 |  2148075000 |  2148133000 |  2148081000 |  2148113000 |  2148077000 |  2148095000 |  2148113000 |  2148100000 |  2148058000 |  2148108000 |  2148107000 |  2148053000 |  2148097000 |  2148516000 |  2148081000 |  2148188000 |  2148032000 |  2148109000 |  2148075000 |  2148094000 |  2148148000 |  2148034000 |  2148057000 |  2148081000 |  2148090000 |  2148147000 |  2148072000 |  2148090000 |  2148070000 |  2148146000 |  2148066000 |  2148092000 |  2148049000 |  2148119000 |  2148112000 |  2148076000 |  2148107000 |  2148088000 |  2148101000 |  2148113000 |  2148116000 |  2157484000 |  2148092000 |  2148058000 |  2148077000 |  2148046000 |  2148082000 |  2148177000 |  2148037000 |  2148049000 |  2148062000 |  2148045000 |  2148034000 |  2148005000 |  2148074000 |  2148052000 |  2148022000 |  2148113000 |  2148089000 |  2148108000 |  2148131000 |  2148132000 |  2148189000 |  2148170000 |  2148051000 |  2148059000 |  2148078000 |  2148100000 |  2148118000 |  2148113000 |  2148103000 |  2148262000 |  2148042000 |  2154957000 |  2148105000 |  2148118000 |  2148084000 |  2148093000 |   2148050000 |   2148143000 |   2148061000 |   2148068000 |   2148135000 |   2148066000 |   2148099000 |   2148025000 |   2148085000 |   2148091000 |   2148029000 |   2148034000 |   2148066000 |   2148037000 |   2148152000 |   2148004000 |   2148179000 |   2148094000 |   2148113000 |   2148101000 |   2148108000 |   2148142000 |   2148139000 |   2148087000 |   2148133000 |   2148117000 |   2148051000 |   2156118000 |   2148145000 |   2148042000 |   2148039000 |   2148029000 |   2148103000 |   2148163000 |   2148039000 |   2148043000 |   2148046000 |   2148084000 |   2148048000 |   2148103000 |   2148024000 |   2148092000 |   2148079000 |   2148128000 |   2148052000 |   2148105000 |   2148114000 |   2148039000 |   2148058000 |   2148077000 |   2148044000 |   2148034000 |   2148089000 |   2148078000 |   2148149000 |   2148056000 |   2148122000 |   2148108000 |   2148026000 |   2153905000 |   2148184000 |   2148093000 |   2148090000 |   2148045000 |   2148067000 |   2148094000 |   2148064000 |   2148131000 |   2148058000 |   2148045000 |   2148213000 |   2148026000 |   2148042000 |   2148028000 |   2148025000 |   2148051000 |   2148088000 |   2148052000 |   2148074000 |   2148050000 |   2148066000 |   2148081000 |   2148078000 |   2148082000 |   2148104000 |   2148081000 |   2148099000 |   2148002000 |   2148031000 |   2148046000 |   2148116000 |   2154304000 |   2148198000 |   2148077000 |   2148132000 |   2148135000 |   2148062000 |   2148164000 |   2148074000 |   2148065000 |   2148078000 |   2148051000 |   2148152000 |   2148055000 |   2148026000 |   2148098000 |   2148003000 |   2148085000 |   2148044000 |   2148061000 |   2148136000 |   2148082000 |   2148185000 |   2148131000 |   2148088000 |   2148124000 |   2148112000 |   2148088000 |   2148169000 |   2148084000 |   2148129000 |   2148079000 |   2148119000 |   2157665000 |   2148061000 |   2148053000 |   2148122000 |   2147988000 |   2148037000 |   2148033000 |   2148004000 |   2148134000 |   2148017000 |   2148017000 |   2148120000 |   2148086000 |   2147998000 |   2148034000 |   2148080000 |   2148146000 |   2148034000 |   2148092000 |   2148103000 |   2148056000 |   2148042000 |   2148126000 |   2148024000 |   2148034000 |   2148084000 |   2148173000 |   2148197000 |   2148037000 |   2148209000 |   2148052000 |   2148087000 |   2153776000 |
|     L2_PF_HIT_IN_L2_ALL    |   PMC3  | 1215972000 | 1230807000 | 1230275000 | 1241472000 | 1233397000 | 1231377000 | 1227018000 | 1225332000 | 1219697000 | 1228727000 |  1231693000 |  1236690000 |  1236133000 |  1226085000 |  1221778000 |  1224477000 |  1219739000 |  1229842000 |  1234224000 |  1244604000 |  1232253000 |  1233889000 |  1232574000 |  1227662000 |  1217345000 |  1231398000 |  1230022000 |  1240090000 |  1225536000 |  1229637000 |  1232380000 |  1223208000 |  1218875000 |  1226589000 |  1221794000 |  1207573000 |  1225765000 |  1226893000 |  1225433000 |  1222503000 |  1220854000 |  1214800000 |  1228361000 |  1237672000 |  1232902000 |  1226282000 |  1221217000 |  1226504000 |  1218686000 |  1232706000 |  1226193000 |  1239611000 |  1230554000 |  1232084000 |  1226065000 |  1228367000 |  1217502000 |  1239774000 |  1236228000 |  1245617000 |  1241595000 |  1234874000 |  1239173000 |   975816900 |  1215947000 |  1230852000 |  1214779000 |  1232627000 |  1230835000 |  1228792000 |  1225677000 |  1229861000 |  1221573000 |  1224020000 |  1229274000 |  1234478000 |  1231261000 |  1218380000 |  1225977000 |  1228422000 |  1211773000 |  1230372000 |  1215610000 |  1224077000 |  1229082000 |  1221492000 |  1213116000 |  1220715000 |  1223226000 |  1232020000 |  1230013000 |  1246664000 |  1231264000 |  1236117000 |  1241901000 |   938124600 |  1214470000 |  1224488000 |  1223636000 |  1233264000 |   1221834000 |   1221229000 |   1231877000 |   1228177000 |   1209330000 |   1221521000 |   1215449000 |   1239494000 |   1227682000 |   1227395000 |   1217485000 |   1226535000 |   1207765000 |   1233736000 |   1221663000 |   1244324000 |   1232707000 |   1233589000 |   1219429000 |   1219555000 |   1225214000 |   1240244000 |   1234670000 |   1233043000 |   1246153000 |   1241894000 |   1221407000 |    950536600 |   1218195000 |   1224676000 |   1224006000 |   1232774000 |   1226394000 |   1225825000 |   1221837000 |   1218040000 |   1215905000 |   1223253000 |   1216039000 |   1234918000 |   1232216000 |   1224492000 |   1217963000 |   1216406000 |   1216362000 |   1227207000 |   1215714000 |   1229438000 |   1226945000 |   1232472000 |   1218318000 |   1226490000 |   1221792000 |   1232840000 |   1226686000 |   1228322000 |   1235922000 |   1226702000 |   1233941000 |    957036400 |   1210100000 |   1227497000 |   1220057000 |   1226761000 |   1221053000 |   1221826000 |   1222711000 |   1223965000 |   1218972000 |   1223033000 |   1221844000 |   1227037000 |   1222777000 |   1226092000 |   1224295000 |   1216214000 |   1216985000 |   1218238000 |   1214264000 |   1239207000 |   1232357000 |   1227379000 |   1219572000 |   1221399000 |   1208145000 |   1230723000 |   1223528000 |   1249108000 |   1236115000 |   1238359000 |   1216627000 |    944606100 |   1201324000 |   1220903000 |   1217773000 |   1230763000 |   1227908000 |   1227018000 |   1217694000 |   1224316000 |   1209648000 |   1226275000 |   1217920000 |   1228198000 |   1227360000 |   1224823000 |   1217473000 |   1217463000 |   1212988000 |   1217605000 |   1216673000 |   1234298000 |   1224667000 |   1223707000 |   1215857000 |   1216833000 |   1215947000 |   1227839000 |   1219959000 |   1234701000 |   1228812000 |   1228422000 |   1226180000 |    993904100 |   1201890000 |   1213640000 |   1214495000 |   1221099000 |   1214417000 |   1212932000 |   1215397000 |   1216760000 |   1203215000 |   1215968000 |   1214011000 |   1220114000 |   1223561000 |   1217434000 |   1209429000 |   1217069000 |   1203354000 |   1215710000 |   1215174000 |   1226214000 |   1217400000 |   1214014000 |   1211363000 |   1206592000 |   1214890000 |   1221892000 |   1223257000 |   1232363000 |   1229293000 |   1225277000 |   1230782000 |    951140100 |
+----------------------------+---------+------------+------------+------------+------------+------------+------------+------------+------------+------------+------------+-------------+-------------+-------------+-------------+-------------+-------------+-------------+-------------+-------------+-------------+-------------+-------------+-------------+-------------+-------------+-------------+-------------+-------------+-------------+-------------+-------------+-------------+-------------+-------------+-------------+-------------+-------------+-------------+-------------+-------------+-------------+-------------+-------------+-------------+-------------+-------------+-------------+-------------+-------------+-------------+-------------+-------------+-------------+-------------+-------------+-------------+-------------+-------------+-------------+-------------+-------------+-------------+-------------+-------------+-------------+-------------+-------------+-------------+-------------+-------------+-------------+-------------+-------------+-------------+-------------+-------------+-------------+-------------+-------------+-------------+-------------+-------------+-------------+-------------+-------------+-------------+-------------+-------------+-------------+-------------+-------------+-------------+-------------+-------------+-------------+-------------+-------------+-------------+-------------+-------------+--------------+--------------+--------------+--------------+--------------+--------------+--------------+--------------+--------------+--------------+--------------+--------------+--------------+--------------+--------------+--------------+--------------+--------------+--------------+--------------+--------------+--------------+--------------+--------------+--------------+--------------+--------------+--------------+--------------+--------------+--------------+--------------+--------------+--------------+--------------+--------------+--------------+--------------+--------------+--------------+--------------+--------------+--------------+--------------+--------------+--------------+--------------+--------------+--------------+--------------+--------------+--------------+--------------+--------------+--------------+--------------+--------------+--------------+--------------+--------------+--------------+--------------+--------------+--------------+--------------+--------------+--------------+--------------+--------------+--------------+--------------+--------------+--------------+--------------+--------------+--------------+--------------+--------------+--------------+--------------+--------------+--------------+--------------+--------------+--------------+--------------+--------------+--------------+--------------+--------------+--------------+--------------+--------------+--------------+--------------+--------------+--------------+--------------+--------------+--------------+--------------+--------------+--------------+--------------+--------------+--------------+--------------+--------------+--------------+--------------+--------------+--------------+--------------+--------------+--------------+--------------+--------------+--------------+--------------+--------------+--------------+--------------+--------------+--------------+--------------+--------------+--------------+--------------+--------------+--------------+--------------+--------------+--------------+--------------+--------------+--------------+--------------+--------------+--------------+--------------+--------------+--------------+--------------+--------------+--------------+--------------+--------------+--------------+--------------+--------------+--------------+--------------+--------------+--------------+--------------+--------------+
+---------------------------------+---------+---------------+------------+------------+--------------+
|              Event              | Counter |      Sum      |     Min    |     Max    |      Avg     |
+---------------------------------+---------+---------------+------------+------------+--------------+
|      ACTUAL_CPU_CLOCK STAT      |  FIXC1  | 1408786705000 | 5474892000 | 5540936000 | 5.503073e+09 |
|        MAX_CPU_CLOCK STAT       |  FIXC2  | 1576048190000 | 6152145000 | 6161331000 | 6.156438e+09 |
|    RETIRED_INSTRUCTIONS STAT    |   PMC0  | 1934799956000 | 7517221000 | 7569437000 | 7.557812e+09 |
|     CPU_CLOCKS_UNHALTED STAT    |   PMC1  | 1397177173000 | 5430262000 | 5490638000 | 5.457723e+09 |
| REQUESTS_TO_L2_GRP1_RD_ANY STAT |   PMC2  |  549962386000 | 2147988000 | 2157665000 | 2.148291e+09 |
|     L2_PF_HIT_IN_L2_ALL STAT    |   PMC3  |  311717682800 |  938124600 | 1249108000 | 1.217647e+09 |
+---------------------------------+---------+---------------+------------+------------+--------------+
+-------------------------------+------------+------------+------------+------------+------------+------------+------------+------------+------------+------------+-------------+-------------+-------------+-------------+-------------+-------------+-------------+-------------+-------------+-------------+-------------+-------------+-------------+-------------+-------------+-------------+-------------+-------------+-------------+-------------+-------------+-------------+-------------+-------------+-------------+-------------+-------------+-------------+-------------+-------------+-------------+-------------+-------------+-------------+-------------+-------------+-------------+-------------+-------------+-------------+-------------+-------------+-------------+-------------+-------------+-------------+-------------+-------------+-------------+-------------+-------------+-------------+-------------+-------------+-------------+-------------+-------------+-------------+-------------+-------------+-------------+-------------+-------------+-------------+-------------+-------------+-------------+-------------+-------------+-------------+-------------+-------------+-------------+-------------+-------------+-------------+-------------+-------------+-------------+-------------+-------------+-------------+-------------+-------------+-------------+-------------+-------------+-------------+-------------+-------------+--------------+--------------+--------------+--------------+--------------+--------------+--------------+--------------+--------------+--------------+--------------+--------------+--------------+--------------+--------------+--------------+--------------+--------------+--------------+--------------+--------------+--------------+--------------+--------------+--------------+--------------+--------------+--------------+--------------+--------------+--------------+--------------+--------------+--------------+--------------+--------------+--------------+--------------+--------------+--------------+--------------+--------------+--------------+--------------+--------------+--------------+--------------+--------------+--------------+--------------+--------------+--------------+--------------+--------------+--------------+--------------+--------------+--------------+--------------+--------------+--------------+--------------+--------------+--------------+--------------+--------------+--------------+--------------+--------------+--------------+--------------+--------------+--------------+--------------+--------------+--------------+--------------+--------------+--------------+--------------+--------------+--------------+--------------+--------------+--------------+--------------+--------------+--------------+--------------+--------------+--------------+--------------+--------------+--------------+--------------+--------------+--------------+--------------+--------------+--------------+--------------+--------------+--------------+--------------+--------------+--------------+--------------+--------------+--------------+--------------+--------------+--------------+--------------+--------------+--------------+--------------+--------------+--------------+--------------+--------------+--------------+--------------+--------------+--------------+--------------+--------------+--------------+--------------+--------------+--------------+--------------+--------------+--------------+--------------+--------------+--------------+--------------+--------------+--------------+--------------+--------------+--------------+--------------+--------------+--------------+--------------+--------------+--------------+--------------+--------------+--------------+--------------+--------------+--------------+--------------+--------------+
|             Metric            | HWThread 0 | HWThread 1 | HWThread 2 | HWThread 3 | HWThread 4 | HWThread 5 | HWThread 6 | HWThread 7 | HWThread 8 | HWThread 9 | HWThread 10 | HWThread 11 | HWThread 12 | HWThread 13 | HWThread 14 | HWThread 15 | HWThread 16 | HWThread 17 | HWThread 18 | HWThread 19 | HWThread 20 | HWThread 21 | HWThread 22 | HWThread 23 | HWThread 24 | HWThread 25 | HWThread 26 | HWThread 27 | HWThread 28 | HWThread 29 | HWThread 30 | HWThread 31 | HWThread 32 | HWThread 33 | HWThread 34 | HWThread 35 | HWThread 36 | HWThread 37 | HWThread 38 | HWThread 39 | HWThread 40 | HWThread 41 | HWThread 42 | HWThread 43 | HWThread 44 | HWThread 45 | HWThread 46 | HWThread 47 | HWThread 48 | HWThread 49 | HWThread 50 | HWThread 51 | HWThread 52 | HWThread 53 | HWThread 54 | HWThread 55 | HWThread 56 | HWThread 57 | HWThread 58 | HWThread 59 | HWThread 60 | HWThread 61 | HWThread 62 | HWThread 63 | HWThread 64 | HWThread 65 | HWThread 66 | HWThread 67 | HWThread 68 | HWThread 69 | HWThread 70 | HWThread 71 | HWThread 72 | HWThread 73 | HWThread 74 | HWThread 75 | HWThread 76 | HWThread 77 | HWThread 78 | HWThread 79 | HWThread 80 | HWThread 81 | HWThread 82 | HWThread 83 | HWThread 84 | HWThread 85 | HWThread 86 | HWThread 87 | HWThread 88 | HWThread 89 | HWThread 90 | HWThread 91 | HWThread 92 | HWThread 93 | HWThread 94 | HWThread 95 | HWThread 96 | HWThread 97 | HWThread 98 | HWThread 99 | HWThread 100 | HWThread 101 | HWThread 102 | HWThread 103 | HWThread 104 | HWThread 105 | HWThread 106 | HWThread 107 | HWThread 108 | HWThread 109 | HWThread 110 | HWThread 111 | HWThread 112 | HWThread 113 | HWThread 114 | HWThread 115 | HWThread 116 | HWThread 117 | HWThread 118 | HWThread 119 | HWThread 120 | HWThread 121 | HWThread 122 | HWThread 123 | HWThread 124 | HWThread 125 | HWThread 126 | HWThread 127 | HWThread 128 | HWThread 129 | HWThread 130 | HWThread 131 | HWThread 132 | HWThread 133 | HWThread 134 | HWThread 135 | HWThread 136 | HWThread 137 | HWThread 138 | HWThread 139 | HWThread 140 | HWThread 141 | HWThread 142 | HWThread 143 | HWThread 144 | HWThread 145 | HWThread 146 | HWThread 147 | HWThread 148 | HWThread 149 | HWThread 150 | HWThread 151 | HWThread 152 | HWThread 153 | HWThread 154 | HWThread 155 | HWThread 156 | HWThread 157 | HWThread 158 | HWThread 159 | HWThread 160 | HWThread 161 | HWThread 162 | HWThread 163 | HWThread 164 | HWThread 165 | HWThread 166 | HWThread 167 | HWThread 168 | HWThread 169 | HWThread 170 | HWThread 171 | HWThread 172 | HWThread 173 | HWThread 174 | HWThread 175 | HWThread 176 | HWThread 177 | HWThread 178 | HWThread 179 | HWThread 180 | HWThread 181 | HWThread 182 | HWThread 183 | HWThread 184 | HWThread 185 | HWThread 186 | HWThread 187 | HWThread 188 | HWThread 189 | HWThread 190 | HWThread 191 | HWThread 192 | HWThread 193 | HWThread 194 | HWThread 195 | HWThread 196 | HWThread 197 | HWThread 198 | HWThread 199 | HWThread 200 | HWThread 201 | HWThread 202 | HWThread 203 | HWThread 204 | HWThread 205 | HWThread 206 | HWThread 207 | HWThread 208 | HWThread 209 | HWThread 210 | HWThread 211 | HWThread 212 | HWThread 213 | HWThread 214 | HWThread 215 | HWThread 216 | HWThread 217 | HWThread 218 | HWThread 219 | HWThread 220 | HWThread 221 | HWThread 222 | HWThread 223 | HWThread 224 | HWThread 225 | HWThread 226 | HWThread 227 | HWThread 228 | HWThread 229 | HWThread 230 | HWThread 231 | HWThread 232 | HWThread 233 | HWThread 234 | HWThread 235 | HWThread 236 | HWThread 237 | HWThread 238 | HWThread 239 | HWThread 240 | HWThread 241 | HWThread 242 | HWThread 243 | HWThread 244 | HWThread 245 | HWThread 246 | HWThread 247 | HWThread 248 | HWThread 249 | HWThread 250 | HWThread 251 | HWThread 252 | HWThread 253 | HWThread 254 | HWThread 255 |
+-------------------------------+------------+------------+------------+------------+------------+------------+------------+------------+------------+------------+-------------+-------------+-------------+-------------+-------------+-------------+-------------+-------------+-------------+-------------+-------------+-------------+-------------+-------------+-------------+-------------+-------------+-------------+-------------+-------------+-------------+-------------+-------------+-------------+-------------+-------------+-------------+-------------+-------------+-------------+-------------+-------------+-------------+-------------+-------------+-------------+-------------+-------------+-------------+-------------+-------------+-------------+-------------+-------------+-------------+-------------+-------------+-------------+-------------+-------------+-------------+-------------+-------------+-------------+-------------+-------------+-------------+-------------+-------------+-------------+-------------+-------------+-------------+-------------+-------------+-------------+-------------+-------------+-------------+-------------+-------------+-------------+-------------+-------------+-------------+-------------+-------------+-------------+-------------+-------------+-------------+-------------+-------------+-------------+-------------+-------------+-------------+-------------+-------------+-------------+--------------+--------------+--------------+--------------+--------------+--------------+--------------+--------------+--------------+--------------+--------------+--------------+--------------+--------------+--------------+--------------+--------------+--------------+--------------+--------------+--------------+--------------+--------------+--------------+--------------+--------------+--------------+--------------+--------------+--------------+--------------+--------------+--------------+--------------+--------------+--------------+--------------+--------------+--------------+--------------+--------------+--------------+--------------+--------------+--------------+--------------+--------------+--------------+--------------+--------------+--------------+--------------+--------------+--------------+--------------+--------------+--------------+--------------+--------------+--------------+--------------+--------------+--------------+--------------+--------------+--------------+--------------+--------------+--------------+--------------+--------------+--------------+--------------+--------------+--------------+--------------+--------------+--------------+--------------+--------------+--------------+--------------+--------------+--------------+--------------+--------------+--------------+--------------+--------------+--------------+--------------+--------------+--------------+--------------+--------------+--------------+--------------+--------------+--------------+--------------+--------------+--------------+--------------+--------------+--------------+--------------+--------------+--------------+--------------+--------------+--------------+--------------+--------------+--------------+--------------+--------------+--------------+--------------+--------------+--------------+--------------+--------------+--------------+--------------+--------------+--------------+--------------+--------------+--------------+--------------+--------------+--------------+--------------+--------------+--------------+--------------+--------------+--------------+--------------+--------------+--------------+--------------+--------------+--------------+--------------+--------------+--------------+--------------+--------------+--------------+--------------+--------------+--------------+--------------+--------------+--------------+
|      Runtime (RDTSC) [s]      |     2.2808 |     2.2815 |     2.2805 |     2.2808 |     2.2811 |     2.2805 |     2.2805 |     2.2805 |     2.2805 |     2.2815 |      2.2806 |      2.2805 |      2.2813 |      2.2808 |      2.2808 |      2.2815 |      2.2809 |      2.2809 |      2.2809 |      2.2809 |      2.2808 |      2.2809 |      2.2805 |      2.2808 |      2.2805 |      2.2810 |      2.2810 |      2.2808 |      2.2810 |      2.2812 |      2.2813 |      2.2810 |      2.2842 |      2.2809 |      2.2818 |      2.2815 |      2.2815 |      2.2824 |      2.2808 |      2.2808 |      2.2810 |      2.2809 |      2.2808 |      2.2810 |      2.2814 |      2.2809 |      2.2805 |      2.2810 |      2.2820 |      2.2811 |      2.2819 |      2.2806 |      2.2814 |      2.2815 |      2.2813 |      2.2808 |      2.2808 |      2.2808 |      2.2805 |      2.2805 |      2.2809 |      2.2805 |      2.2809 |      2.2832 |      2.2811 |      2.2805 |      2.2805 |      2.2808 |      2.2811 |      2.2805 |      2.2808 |      2.2805 |      2.2808 |      2.2809 |      2.2805 |      2.2805 |      2.2805 |      2.2815 |      2.2805 |      2.2809 |      2.2806 |      2.2808 |      2.2808 |      2.2815 |      2.2808 |      2.2805 |      2.2811 |      2.2811 |      2.2805 |      2.2805 |      2.2805 |      2.2810 |      2.2810 |      2.2815 |      2.2810 |      2.2805 |      2.2805 |      2.2808 |      2.2805 |      2.2805 |       2.2805 |       2.2809 |       2.2805 |       2.2809 |       2.2806 |       2.2815 |       2.2843 |       2.2806 |       2.2820 |       2.2808 |       2.2812 |       2.2843 |       2.2809 |       2.2805 |       2.2809 |       2.2809 |       2.2809 |       2.2805 |       2.2805 |       2.2808 |       2.2805 |       2.2805 |       2.2810 |       2.2810 |       2.2810 |       2.2808 |       2.2805 |       2.2808 |       2.2809 |       2.2809 |       2.2805 |       2.2809 |       2.2806 |       2.2808 |       2.2809 |       2.2815 |       2.2808 |       2.2808 |       2.2809 |       2.2805 |       2.2807 |       2.2805 |       2.2809 |       2.2814 |       2.2811 |       2.2805 |       2.2808 |       2.2809 |       2.2805 |       2.2805 |       2.2809 |       2.2809 |       2.2808 |       2.2805 |       2.2809 |       2.2805 |       2.2808 |       2.2809 |       2.2808 |       2.2805 |       2.2806 |       2.2832 |       2.2808 |       2.2809 |       2.2815 |       2.2808 |       2.2805 |       2.2824 |       2.2805 |       2.2808 |       2.2808 |       2.2808 |       2.2810 |       2.2805 |       2.2805 |       2.2808 |       2.2810 |       2.2805 |       2.2809 |       2.2810 |       2.2810 |       2.2809 |       2.2808 |       2.2808 |       2.2805 |       2.2805 |       2.2827 |       2.2815 |       2.2815 |       2.2844 |       2.2808 |       2.2805 |       2.2806 |       2.2810 |       2.2806 |       2.2810 |       2.2808 |       2.2808 |       2.2810 |       2.2806 |       2.2809 |       2.2809 |       2.2805 |       2.2810 |       2.2809 |       2.2808 |       2.2810 |       2.2807 |       2.2811 |       2.2810 |       2.2805 |       2.2808 |       2.2810 |       2.2810 |       2.2811 |       2.2805 |       2.2804 |       2.2810 |       2.2810 |       2.2809 |       2.2810 |       2.2809 |       2.2805 |       2.2809 |       2.2808 |       2.2810 |       2.2805 |       2.2808 |       2.2806 |       2.2806 |       2.2809 |       2.2805 |       2.2808 |       2.2806 |       2.2808 |       2.2808 |       2.2841 |       2.2814 |       2.2805 |       2.2810 |       2.2805 |       2.2806 |       2.2805 |       2.2813 |       2.2805 |       2.2808 |       2.2808 |       2.2806 |       2.2805 |       2.2805 |       2.2816 |       2.2809 |       2.2816 |       2.2816 |       2.2805 |       2.2809 |
|      Runtime unhalted [s]     |     2.0447 |     2.0447 |     2.0439 |     2.0446 |     2.0438 |     2.0442 |     2.0437 |     2.0439 |     2.0353 |     2.0357 |      2.0350 |      2.0348 |      2.0355 |      2.0358 |      2.0358 |      2.0352 |      2.0442 |      2.0441 |      2.0441 |      2.0441 |      2.0439 |      2.0441 |      2.0433 |      2.0439 |      2.0385 |      2.0394 |      2.0394 |      2.0385 |      2.0394 |      2.0396 |      2.0396 |      2.0394 |      2.0317 |      2.0306 |      2.0314 |      2.0315 |      2.0315 |      2.0315 |      2.0310 |      2.0305 |      2.0370 |      2.0376 |      2.0371 |      2.0376 |      2.0379 |      2.0375 |      2.0368 |      2.0376 |      2.0395 |      2.0387 |      2.0395 |      2.0385 |      2.0395 |      2.0395 |      2.0395 |      2.0387 |      2.0348 |      2.0352 |      2.0340 |      2.0338 |      2.0347 |      2.0344 |      2.0347 |      2.0350 |      2.0357 |      2.0352 |      2.0351 |      2.0357 |      2.0351 |      2.0351 |      2.0357 |      2.0352 |      2.0439 |      2.0431 |      2.0426 |      2.0430 |      2.0429 |      2.0437 |      2.0429 |      2.0437 |      2.0422 |      2.0424 |      2.0431 |      2.0425 |      2.0430 |      2.0421 |      2.0424 |      2.0424 |      2.0400 |      2.0397 |      2.0402 |      2.0404 |      2.0403 |      2.0410 |      2.0409 |      2.0401 |      2.0410 |      2.0408 |      2.0409 |      2.0408 |       2.0405 |       2.0416 |       2.0405 |       2.0416 |       2.0374 |       2.0384 |       2.0386 |       2.0374 |       2.0384 |       2.0383 |       2.0382 |       2.0386 |       2.0448 |       2.0444 |       2.0447 |       2.0449 |       2.0448 |       2.0440 |       2.0444 |       2.0450 |       2.0353 |       2.0354 |       2.0362 |       2.0362 |       2.0362 |       2.0360 |       2.0357 |       2.0360 |       2.0392 |       2.0392 |       2.0386 |       2.0392 |       2.0385 |       2.0394 |       2.0392 |       2.0394 |       2.0476 |       2.0479 |       2.0478 |       2.0473 |       2.0472 |       2.0469 |       2.0477 |       2.0479 |       2.0545 |       2.0544 |       2.0548 |       2.0550 |       2.0542 |       2.0542 |       2.0550 |       2.0550 |       2.0459 |       2.0453 |       2.0461 |       2.0454 |       2.0460 |       2.0461 |       2.0459 |       2.0456 |       2.0355 |       2.0368 |       2.0360 |       2.0366 |       2.0364 |       2.0363 |       2.0358 |       2.0369 |       2.0426 |       2.0435 |       2.0431 |       2.0435 |       2.0429 |       2.0428 |       2.0427 |       2.0432 |       2.0330 |       2.0324 |       2.0330 |       2.0330 |       2.0325 |       2.0329 |       2.0324 |       2.0329 |       2.0480 |       2.0473 |       2.0483 |       2.0478 |       2.0478 |       2.0486 |       2.0479 |       2.0475 |       2.0358 |       2.0364 |       2.0351 |       2.0359 |       2.0366 |       2.0367 |       2.0364 |       2.0358 |       2.0390 |       2.0391 |       2.0384 |       2.0390 |       2.0391 |       2.0389 |       2.0391 |       2.0387 |       2.0508 |       2.0512 |       2.0509 |       2.0514 |       2.0513 |       2.0513 |       2.0507 |       2.0504 |       2.0427 |       2.0438 |       2.0438 |       2.0436 |       2.0436 |       2.0436 |       2.0431 |       2.0435 |       2.0527 |       2.0520 |       2.0517 |       2.0523 |       2.0519 |       2.0517 |       2.0521 |       2.0516 |       2.0371 |       2.0362 |       2.0371 |       2.0371 |       2.0377 |       2.0371 |       2.0362 |       2.0375 |       2.0389 |       2.0386 |       2.0390 |       2.0396 |       2.0386 |       2.0387 |       2.0397 |       2.0386 |       2.0404 |       2.0403 |       2.0410 |       2.0411 |       2.0414 |       2.0410 |       2.0403 |       2.0411 |
|          Clock [MHz]          |  2414.6582 |  2414.6405 |  2414.4463 |  2414.6219 |  2414.1461 |  2414.3094 |  2414.1850 |  2414.6187 |  2403.6090 |  2402.5814 |   2403.6922 |   2403.5346 |   2402.9383 |   2403.5973 |   2403.6014 |   2402.9934 |   2413.8523 |   2413.8054 |   2413.7996 |   2413.8572 |   2413.7501 |   2413.9458 |   2413.6254 |   2413.7481 |   2407.6479 |   2407.8657 |   2407.8390 |   2407.2716 |   2407.8632 |   2407.4418 |   2407.3793 |   2407.7901 |   2397.5523 |   2397.9369 |   2397.4656 |   2397.6737 |   2397.7507 |   2397.5774 |   2398.1073 |   2397.9761 |   2405.3378 |   2405.6355 |   2405.8927 |   2405.6563 |   2405.1639 |   2405.9072 |   2405.4385 |   2405.6444 |   2408.3643 |   2408.6346 |   2408.3762 |   2408.7075 |   2408.4018 |   2408.3780 |   2408.5362 |   2408.8742 |   2402.6782 |   2402.9117 |   2402.4111 |   2402.4199 |   2402.6110 |   2402.6950 |   2402.6383 |   2401.9345 |   2404.0814 |   2403.6770 |   2403.8904 |   2404.0747 |   2403.3927 |   2403.5814 |   2404.0513 |   2403.6703 |   2413.1875 |   2413.5274 |   2412.7186 |   2412.9144 |   2413.2462 |   2413.0484 |   2413.1662 |   2412.9565 |   2412.1498 |   2411.6919 |   2412.3363 |   2411.5644 |   2412.3521 |   2411.7834 |   2411.6806 |   2411.6770 |   2410.5914 |   2410.3091 |   2410.5471 |   2409.6473 |   2409.5466 |   2410.2517 |   2409.9948 |   2409.7078 |   2410.7568 |   2409.9582 |   2410.4071 |   2410.3715 |    2409.8712 |    2410.5268 |    2409.8338 |    2410.4922 |    2406.5409 |    2406.3084 |    2406.0869 |    2407.3654 |    2406.1284 |    2407.1135 |    2406.7090 |    2406.0120 |    2414.6071 |    2414.2686 |    2414.5247 |    2414.3094 |    2414.2852 |    2414.4014 |    2414.2731 |    2414.6868 |    2404.1116 |    2403.8001 |    2403.9918 |    2404.3299 |    2403.9868 |    2403.9236 |    2404.1039 |    2404.2200 |    2407.6101 |    2407.9023 |    2407.7744 |    2407.6119 |    2407.3715 |    2407.9329 |    2407.6071 |    2407.9309 |    2417.6642 |    2418.1742 |    2417.7539 |    2417.9568 |    2417.9676 |    2417.5886 |    2417.7361 |    2417.8047 |    2425.8337 |    2426.2159 |    2426.0556 |    2426.1389 |    2425.9556 |    2425.9450 |    2426.4786 |    2426.1357 |    2416.1792 |    2415.9950 |    2416.2451 |    2416.8573 |    2416.0274 |    2416.1247 |    2416.0483 |    2416.3215 |    2404.3669 |    2403.6303 |    2404.0142 |    2404.5495 |    2404.5391 |    2404.0590 |    2404.4080 |    2404.0223 |    2412.3290 |    2412.9309 |    2412.4464 |    2412.8834 |    2412.2244 |    2412.7752 |    2412.7418 |    2412.4979 |    2400.3663 |    2400.2309 |    2400.3736 |    2400.0606 |    2400.0844 |    2400.0425 |    2400.0355 |    2400.2893 |    2418.1684 |    2418.0105 |    2417.2338 |    2417.7644 |    2417.7518 |    2417.2004 |    2418.1696 |    2417.6732 |    2404.2955 |    2404.1801 |    2404.5991 |    2404.6836 |    2404.9358 |    2404.8651 |    2404.1738 |    2404.3178 |    2407.3160 |    2407.6401 |    2407.4229 |    2407.3232 |    2407.3110 |    2407.2524 |    2407.3130 |    2407.3455 |    2421.5209 |    2422.0568 |    2422.1466 |    2422.2012 |    2421.8319 |    2421.8028 |    2421.6945 |    2421.6176 |    2412.6126 |    2412.9218 |    2412.9205 |    2412.7757 |    2413.1102 |    2413.0510 |    2413.0424 |    2413.0328 |    2423.6419 |    2423.9763 |    2424.0702 |    2424.1616 |    2423.6883 |    2424.1993 |    2424.2937 |    2424.1979 |    2405.7206 |    2405.0902 |    2405.7547 |    2405.6988 |    2404.8907 |    2405.3231 |    2405.1002 |    2405.5891 |    2408.5079 |    2407.4648 |    2408.0050 |    2407.3018 |    2407.5952 |    2407.5265 |    2408.1817 |    2407.4731 |    2410.1099 |    2410.1326 |    2410.1816 |    2410.2399 |    2410.4015 |    2410.1738 |    2410.1124 |    2410.2115 |
|              CPI              |     0.7221 |     0.7242 |     0.7237 |     0.7240 |     0.7241 |     0.7241 |     0.7240 |     0.7238 |     0.7208 |     0.7211 |      0.7205 |      0.7209 |      0.7203 |      0.7211 |      0.7209 |      0.7211 |      0.7234 |      0.7236 |      0.7235 |      0.7236 |      0.7233 |      0.7236 |      0.7231 |      0.7236 |      0.7220 |      0.7222 |      0.7218 |      0.7222 |      0.7222 |      0.7223 |      0.7217 |      0.7221 |      0.7204 |      0.7199 |      0.7202 |      0.7202 |      0.7198 |      0.7206 |      0.7198 |      0.7199 |      0.7213 |      0.7216 |      0.7214 |      0.7215 |      0.7208 |      0.7217 |      0.7209 |      0.7214 |      0.7226 |      0.7223 |      0.7225 |      0.7223 |      0.7224 |      0.7226 |      0.7215 |      0.7222 |      0.7203 |      0.7204 |      0.7202 |      0.7204 |      0.7201 |      0.7205 |      0.7200 |      0.7239 |      0.7206 |      0.7204 |      0.7204 |      0.7207 |      0.7204 |      0.7206 |      0.7201 |      0.7204 |      0.7230 |      0.7232 |      0.7229 |      0.7232 |      0.7231 |      0.7234 |      0.7228 |      0.7232 |      0.7227 |      0.7228 |      0.7228 |      0.7230 |      0.7227 |      0.7228 |      0.7224 |      0.7228 |      0.7220 |      0.7221 |      0.7222 |      0.7223 |      0.7222 |      0.7224 |      0.7214 |      0.7249 |      0.7224 |      0.7226 |      0.7223 |      0.7226 |       0.7224 |       0.7227 |       0.7221 |       0.7226 |       0.7215 |       0.7220 |       0.7225 |       0.7217 |       0.7218 |       0.7218 |       0.7212 |       0.7222 |       0.7236 |       0.7233 |       0.7236 |       0.7236 |       0.7236 |       0.7235 |       0.7230 |       0.7236 |       0.7206 |       0.7205 |       0.7205 |       0.7205 |       0.7201 |       0.7208 |       0.7202 |       0.7235 |       0.7198 |       0.7210 |       0.7205 |       0.7212 |       0.7212 |       0.7211 |       0.7209 |       0.7212 |       0.7236 |       0.7239 |       0.7237 |       0.7236 |       0.7233 |       0.7239 |       0.7235 |       0.7240 |       0.7258 |       0.7257 |       0.7259 |       0.7260 |       0.7258 |       0.7259 |       0.7258 |       0.7260 |       0.7233 |       0.7231 |       0.7231 |       0.7231 |       0.7228 |       0.7233 |       0.7224 |       0.7252 |       0.7202 |       0.7210 |       0.7203 |       0.7205 |       0.7204 |       0.7205 |       0.7202 |       0.7207 |       0.7216 |       0.7221 |       0.7222 |       0.7223 |       0.7220 |       0.7222 |       0.7216 |       0.7222 |       0.7192 |       0.7190 |       0.7190 |       0.7192 |       0.7185 |       0.7194 |       0.7189 |       0.7189 |       0.7236 |       0.7234 |       0.7235 |       0.7235 |       0.7231 |       0.7245 |       0.7231 |       0.7261 |       0.7199 |       0.7203 |       0.7201 |       0.7203 |       0.7197 |       0.7200 |       0.7198 |       0.7200 |       0.7209 |       0.7210 |       0.7206 |       0.7209 |       0.7205 |       0.7211 |       0.7205 |       0.7209 |       0.7248 |       0.7249 |       0.7243 |       0.7250 |       0.7246 |       0.7250 |       0.7246 |       0.7246 |       0.7225 |       0.7225 |       0.7226 |       0.7228 |       0.7226 |       0.7227 |       0.7219 |       0.7261 |       0.7254 |       0.7255 |       0.7249 |       0.7255 |       0.7252 |       0.7255 |       0.7249 |       0.7254 |       0.7206 |       0.7202 |       0.7205 |       0.7205 |       0.7209 |       0.7205 |       0.7202 |       0.7206 |       0.7212 |       0.7213 |       0.7211 |       0.7216 |       0.7213 |       0.7215 |       0.7212 |       0.7213 |       0.7213 |       0.7213 |       0.7212 |       0.7212 |       0.7215 |       0.7216 |       0.7201 |       0.7237 |
|    L2 bandwidth [MBytes/s]    | 60281.1551 | 60258.9710 | 60286.0151 | 60274.4783 | 60268.9709 | 60285.0064 | 60285.6146 | 60286.0944 | 60283.6253 | 60258.6980 |  60280.2800 |  60285.7442 |  60261.6565 |  60278.2929 |  60276.0761 |  60256.8920 |  60272.9610 |  60273.4042 |  60274.9157 |  60273.0188 |  60276.8106 |  60273.9431 |  60284.6265 |  60277.8488 |  60284.2134 |  60272.1874 |  60271.7057 |  60276.3332 |  60271.1304 |  60264.5834 |  60261.2654 |  60272.5491 |  60186.1057 |  60272.9613 |  60249.8147 |  60269.1738 |  60257.2619 |  60236.3168 |  60274.1426 |  60276.0654 |  60270.1963 |  60273.9532 |  60278.6926 |  60270.4728 |  60258.9657 |  60272.1879 |  60284.1223 |  60272.2165 |  60245.2060 |  60269.3225 |  60245.5723 |  60283.7906 |  60258.2673 |  60256.8045 |  60262.5978 |  60276.5574 |  60277.5767 |  60276.5665 |  60284.1764 |  60284.4891 |  60273.8061 |  60285.8252 |  60274.2270 |  60475.4400 |  60269.2729 |  60284.1494 |  60284.6827 |  60275.7775 |  60269.0188 |  60287.6213 |  60275.5514 |  60283.3417 |  60275.8301 |  60272.5519 |  60282.7357 |  60282.6620 |  60284.7042 |  60255.3920 |  60283.4563 |  60274.6449 |  60282.3496 |  60277.8873 |  60278.0041 |  60257.8209 |  60279.6052 |  60287.5570 |  60268.1226 |  60268.3471 |  60283.9706 |  60285.5132 |  60286.0184 |  60271.0247 |  60270.8763 |  60261.1506 |  60269.1647 |  60476.9708 |  60285.4949 |  60276.5029 |  60285.0113 |  60284.0743 |   60283.8456 |   60275.3545 |   60283.1234 |   60273.0387 |   60282.0809 |   60256.1544 |   60183.1678 |   60280.5007 |   60245.0690 |   60276.8024 |   60262.5651 |   60181.3467 |   60272.8240 |   60283.1107 |   60276.3734 |   60270.0538 |   60277.1310 |   60285.4241 |   60285.1907 |   60277.1359 |   60285.3412 |   60286.2954 |   60272.9433 |   60271.1672 |   60272.6164 |   60276.5541 |   60283.7415 |   60501.1167 |   60275.1464 |   60271.0408 |   60283.8013 |   60271.8651 |   60280.4957 |   60278.7435 |   60270.9566 |   60255.4564 |   60275.4868 |   60277.1874 |   60270.9977 |   60285.4123 |   60278.2259 |   60285.1829 |   60273.6116 |   60260.6405 |   60268.2299 |   60284.6225 |   60276.3907 |   60272.5156 |   60283.7265 |   60284.2597 |   60273.1580 |   60272.4546 |   60275.6627 |   60284.9486 |   60273.8581 |   60284.4105 |   60276.8002 |   60272.7077 |   60274.1064 |   60448.4811 |   60282.7952 |   60213.9194 |   60277.0915 |   60273.1332 |   60255.7071 |   60275.0367 |   60283.8156 |   60236.0644 |   60283.8058 |   60273.6089 |   60280.1729 |   60275.0049 |   60268.7156 |   60283.4925 |   60283.4084 |   60274.6493 |   60271.0631 |   60284.1397 |   60273.4449 |   60269.6798 |   60269.6532 |   60273.1920 |   60276.3055 |   60275.3606 |   60284.8588 |   60284.2398 |   60226.2744 |   60254.2535 |   60254.9349 |   60180.1812 |   60275.5747 |   60458.8835 |   60285.1970 |   60271.2301 |   60283.2920 |   60273.3595 |   60276.5965 |   60279.4587 |   60271.4630 |   60281.4646 |   60273.8214 |   60272.6409 |   60285.9944 |   60270.3486 |   60270.8296 |   60275.1489 |   60268.9688 |   60277.3476 |   60267.6884 |   60270.7283 |   60286.4971 |   60274.8057 |   60273.9961 |   60272.6660 |   60269.2136 |   60286.3189 |   60286.1672 |   60271.4066 |   60273.7322 |   60272.0871 |   60272.4777 |   60271.9204 |   60285.2005 |   60540.9425 |   60275.0885 |   60269.0770 |   60285.6548 |   60272.1152 |   60280.8639 |   60280.6459 |   60271.9564 |   60285.4893 |   60274.9638 |   60280.2762 |   60277.8540 |   60276.9000 |   60185.7919 |   60257.8979 |   60283.8416 |   60271.9770 |   60283.1322 |   60280.7685 |   60285.1216 |   60262.9791 |   60282.8545 |   60277.7317 |   60274.8695 |   60279.1673 |   60285.1435 |   60287.6412 |   60258.4558 |   60273.2259 |   60259.4791 |   60254.9430 |   60285.2277 |   60434.2603 |
|    L2 data volume [GBytes]    |   137.4879 |   137.4831 |   137.4794 |   137.4727 |   137.4774 |   137.4772 |   137.4813 |   137.4794 |   137.4769 |   137.4776 |    137.4764 |    137.4792 |    137.4765 |    137.4813 |    137.4763 |    137.4782 |    137.4764 |    137.4803 |    137.4795 |    137.4766 |    137.4781 |    137.4787 |    137.4768 |    137.4805 |    137.4772 |    137.4792 |    137.4769 |    137.4781 |    137.4792 |    137.4784 |    137.4757 |    137.4789 |    137.4788 |    137.4754 |    137.4782 |    137.5050 |    137.4772 |    137.4840 |    137.4740 |    137.4790 |    137.4768 |    137.4780 |    137.4815 |    137.4742 |    137.4756 |    137.4772 |    137.4778 |    137.4814 |    137.4766 |    137.4778 |    137.4765 |    137.4813 |    137.4762 |    137.4779 |    137.4751 |    137.4796 |    137.4792 |    137.4769 |    137.4788 |    137.4776 |    137.4785 |    137.4792 |    137.4794 |    138.0790 |    137.4779 |    137.4757 |    137.4769 |    137.4749 |    137.4772 |    137.4833 |    137.4744 |    137.4751 |    137.4760 |    137.4749 |    137.4742 |    137.4723 |    137.4767 |    137.4753 |    137.4734 |    137.4792 |    137.4777 |    137.4789 |    137.4804 |    137.4804 |    137.4841 |    137.4829 |    137.4753 |    137.4758 |    137.4770 |    137.4784 |    137.4796 |    137.4792 |    137.4786 |    137.4888 |    137.4747 |    137.9172 |    137.4787 |    137.4796 |    137.4774 |    137.4780 |     137.4752 |     137.4812 |     137.4759 |     137.4764 |     137.4806 |     137.4762 |     137.4783 |     137.4736 |     137.4774 |     137.4778 |     137.4739 |     137.4742 |     137.4762 |     137.4744 |     137.4817 |     137.4723 |     137.4835 |     137.4780 |     137.4792 |     137.4785 |     137.4789 |     137.4811 |     137.4809 |     137.4776 |     137.4805 |     137.4795 |     137.4753 |     137.9916 |     137.4813 |     137.4747 |     137.4745 |     137.4739 |     137.4786 |     137.4824 |     137.4745 |     137.4748 |     137.4749 |     137.4774 |     137.4751 |     137.4786 |     137.4735 |     137.4779 |     137.4771 |     137.4802 |     137.4753 |     137.4787 |     137.4793 |     137.4745 |     137.4757 |     137.4769 |     137.4748 |     137.4742 |     137.4777 |     137.4770 |     137.4815 |     137.4756 |     137.4798 |     137.4789 |     137.4737 |     137.8499 |     137.4838 |     137.4780 |     137.4778 |     137.4749 |     137.4763 |     137.4780 |     137.4761 |     137.4804 |     137.4757 |     137.4749 |     137.4856 |     137.4737 |     137.4747 |     137.4738 |     137.4736 |     137.4753 |     137.4776 |     137.4753 |     137.4767 |     137.4752 |     137.4762 |     137.4772 |     137.4770 |     137.4772 |     137.4787 |     137.4772 |     137.4783 |     137.4721 |     137.4740 |     137.4749 |     137.4794 |     137.8755 |     137.4847 |     137.4769 |     137.4804 |     137.4806 |     137.4760 |     137.4825 |     137.4767 |     137.4762 |     137.4770 |     137.4753 |     137.4817 |     137.4755 |     137.4737 |     137.4783 |     137.4722 |     137.4774 |     137.4748 |     137.4759 |     137.4807 |     137.4772 |     137.4838 |     137.4804 |     137.4776 |     137.4799 |     137.4792 |     137.4776 |     137.4828 |     137.4774 |     137.4803 |     137.4771 |     137.4796 |     138.0906 |     137.4759 |     137.4754 |     137.4798 |     137.4712 |     137.4744 |     137.4741 |     137.4723 |     137.4806 |     137.4731 |     137.4731 |     137.4797 |     137.4775 |     137.4719 |     137.4742 |     137.4771 |     137.4813 |     137.4742 |     137.4779 |     137.4786 |     137.4756 |     137.4747 |     137.4801 |     137.4735 |     137.4742 |     137.4774 |     137.4831 |     137.4846 |     137.4744 |     137.4854 |     137.4753 |     137.4776 |     137.8417 |
| Prefetch bandwidth [MBytes/s] | 34120.9193 | 34525.6939 | 34527.1751 | 34836.4497 | 34605.5058 | 34558.0871 | 34435.0590 | 34388.4970 | 34229.5723 | 34468.5709 |  34564.4547 |  34707.1182 |  34678.2868 |  34404.6963 |  34283.8392 |  34348.1595 |  34224.8230 |  34507.5782 |  34631.6088 |  34922.4981 |  34577.7287 |  34621.8597 |  34591.5591 |  34448.9026 |  34163.8354 |  34550.8132 |  34512.5077 |  34797.3800 |  34385.7330 |  34497.2587 |  34572.9856 |  34321.3024 |  34150.6915 |  34417.2846 |  34268.8725 |  33874.2774 |  34384.7567 |  34402.7224 |  34385.8580 |  34303.5064 |  34254.4419 |  34086.4033 |  34468.7587 |  34727.1396 |  34586.3258 |  34407.7803 |  34272.3047 |  34412.9683 |  34179.4824 |  34586.2396 |  34390.2662 |  34787.4166 |  34519.9132 |  34561.5759 |  34396.7302 |  34468.1715 |  34163.9869 |  34788.9553 |  34693.3308 |  34957.3130 |  34838.0529 |  34656.1834 |  34770.0937 |  27352.6739 |  34115.9697 |  34543.2320 |  34092.1515 |  34588.4356 |  34533.6992 |  34485.4948 |  34393.4285 |  34515.1023 |  34278.0267 |  34345.0947 |  34498.5227 |  34644.9939 |  34554.7710 |  34176.9959 |  34406.5987 |  34468.7173 |  34006.2835 |  34525.3706 |  34110.8362 |  34336.9088 |  34488.8544 |  34280.6987 |  34036.5400 |  34249.7461 |  34328.7907 |  34576.1175 |  34519.7919 |  34978.4750 |  34546.4627 |  34674.4637 |  34844.9127 |  26327.6409 |  34083.4945 |  34359.3110 |  34340.7940 |  34610.3165 |   34290.1014 |   34266.8113 |   34571.3614 |   34461.6464 |   33936.8471 |   34265.3149 |   34053.1657 |   34784.1943 |   34431.4991 |   34441.4859 |   34156.3215 |   34363.7615 |   33888.8131 |   34623.9119 |   34279.4249 |   34914.0292 |   34589.3156 |   34620.1963 |   34222.3662 |   34221.5205 |   34384.8838 |   34806.6916 |   34642.6348 |   34596.8021 |   34964.7353 |   34847.7718 |   34278.0427 |   26672.2535 |   34181.5296 |   34362.6880 |   34351.2080 |   34590.5890 |   34415.3135 |   34397.3855 |   34283.0297 |   34167.6382 |   34119.0393 |   34325.5898 |   34120.2263 |   34657.3422 |   34578.6613 |   34364.7871 |   34175.1997 |   34123.3877 |   34127.6583 |   34440.4537 |   34113.1113 |   34497.1954 |   34433.3425 |   34588.4538 |   34185.4605 |   34414.5218 |   34283.6459 |   34599.1608 |   34418.9802 |   34472.4103 |   34680.2572 |   34419.4291 |   34624.6699 |   26858.8432 |   33958.0829 |   34408.3824 |   34235.7571 |   34422.3371 |   34251.9167 |   34284.1640 |   34314.4731 |   34321.3866 |   34209.6309 |   34318.0020 |   34285.6912 |   34431.4553 |   34308.0811 |   34409.7507 |   34359.3186 |   34127.1564 |   34146.1708 |   34189.3165 |   34071.3934 |   34769.4929 |   34577.0237 |   34439.1344 |   34221.8925 |   34272.5581 |   33905.6446 |   34539.2936 |   34304.0675 |   35039.1061 |   34674.5596 |   34694.1681 |   34138.2363 |   26509.6431 |   33712.9324 |   34256.3724 |   34174.5132 |   34533.3142 |   34456.2285 |   34431.2543 |   34166.5133 |   34358.1603 |   33942.0205 |   34408.3231 |   34179.8524 |   34460.9061 |   34438.1332 |   34368.2591 |   34160.0278 |   34163.1921 |   34032.8144 |   34163.8064 |   34145.3955 |   34634.1862 |   34361.8329 |   34335.0025 |   34113.4745 |   34149.9757 |   34125.2151 |   34450.9087 |   34229.8404 |   34643.8995 |   34478.1640 |   34467.7049 |   34411.7375 |   27887.5038 |   33725.3114 |   34051.7495 |   34084.0168 |   34263.7946 |   34080.4678 |   34038.7342 |   34103.4537 |   34147.2980 |   33763.1129 |   34123.9789 |   34066.0568 |   34237.3115 |   34283.5458 |   34152.1660 |   33941.4856 |   34148.1235 |   33771.3222 |   34115.8261 |   34103.0725 |   34401.0159 |   34165.2291 |   34065.9766 |   33991.5880 |   33859.9673 |   34095.4162 |   34291.9246 |   34313.2300 |   34579.7086 |   34482.9371 |   34370.2088 |   34541.4190 |   26688.6846 |
| Prefetch data volume [GBytes] |    77.8222 |    78.7716 |    78.7376 |    79.4542 |    78.9374 |    78.8081 |    78.5292 |    78.4212 |    78.0606 |    78.6385 |     78.8284 |     79.1482 |     79.1125 |     78.4694 |     78.1938 |     78.3665 |     78.0633 |     78.7099 |     78.9903 |     79.6547 |     78.8642 |     78.9689 |     78.8847 |     78.5704 |     77.9101 |     78.8095 |     78.7214 |     79.3658 |     78.4343 |     78.6968 |     78.8723 |     78.2853 |     78.0080 |     78.5017 |     78.1948 |     77.2847 |     78.4490 |     78.5212 |     78.4277 |     78.2402 |     78.1347 |     77.7472 |     78.6151 |     79.2110 |     78.9057 |     78.4820 |     78.1579 |     78.4963 |     77.9959 |     78.8932 |     78.4764 |     79.3351 |     78.7555 |     78.8534 |     78.4682 |     78.6155 |     77.9201 |     79.3455 |     79.1186 |     79.7195 |     79.4621 |     79.0319 |     79.3071 |     62.4523 |     77.8206 |     78.7745 |     77.7459 |     78.8881 |     78.7734 |     78.6427 |     78.4433 |     78.7111 |     78.1807 |     78.3373 |     78.6735 |     79.0066 |     78.8007 |     77.9763 |     78.4625 |     78.6190 |     77.5535 |     78.7438 |     77.7990 |     78.3409 |     78.6612 |     78.1755 |     77.6394 |     78.1258 |     78.2865 |     78.8493 |     78.7208 |     79.7865 |     78.8009 |     79.1115 |     79.4817 |     60.0400 |     77.7261 |     78.3672 |     78.3127 |     78.9289 |      78.1974 |      78.1587 |      78.8401 |      78.6033 |      77.3971 |      78.1773 |      77.7887 |      79.3276 |      78.5716 |      78.5533 |      77.9190 |      78.4982 |      77.2970 |      78.9591 |      78.1864 |      79.6367 |      78.8932 |      78.9497 |      78.0435 |      78.0515 |      78.4137 |      79.3756 |      79.0189 |      78.9148 |      79.7538 |      79.4812 |      78.1700 |      60.8343 |      77.9645 |      78.3793 |      78.3364 |      78.8975 |      78.4892 |      78.4528 |      78.1976 |      77.9546 |      77.8179 |      78.2882 |      77.8265 |      79.0348 |      78.8618 |      78.3675 |      77.9496 |      77.8500 |      77.8472 |      78.5412 |      77.8057 |      78.6840 |      78.5245 |      78.8782 |      77.9724 |      78.4954 |      78.1947 |      78.9018 |      78.5079 |      78.6126 |      79.0990 |      78.5089 |      78.9722 |      61.2503 |      77.4464 |      78.5598 |      78.0836 |      78.5127 |      78.1474 |      78.1969 |      78.2535 |      78.3338 |      78.0142 |      78.2741 |      78.1980 |      78.5304 |      78.2577 |      78.4699 |      78.3549 |      77.8377 |      77.8870 |      77.9672 |      77.7129 |      79.3092 |      78.8708 |      78.5523 |      78.0526 |      78.1695 |      77.3213 |      78.7663 |      78.3058 |      79.9429 |      79.1114 |      79.2550 |      77.8641 |      60.4548 |      76.8847 |      78.1378 |      77.9375 |      78.7688 |      78.5861 |      78.5292 |      77.9324 |      78.3562 |      77.4175 |      78.4816 |      77.9469 |      78.6047 |      78.5510 |      78.3887 |      77.9183 |      77.9176 |      77.6312 |      77.9267 |      77.8671 |      78.9951 |      78.3787 |      78.3172 |      77.8148 |      77.8773 |      77.8206 |      78.5817 |      78.0774 |      79.0209 |      78.6440 |      78.6190 |      78.4755 |      63.6099 |      76.9210 |      77.6730 |      77.7277 |      78.1503 |      77.7227 |      77.6276 |      77.7854 |      77.8726 |      77.0058 |      77.8220 |      77.6967 |      78.0873 |      78.3079 |      77.9158 |      77.4035 |      77.8924 |      77.0147 |      77.8054 |      77.7711 |      78.4777 |      77.9136 |      77.6969 |      77.5272 |      77.2219 |      77.7530 |      78.2011 |      78.2884 |      78.8712 |      78.6748 |      78.4177 |      78.7700 |      60.8730 |
+-------------------------------+------------+------------+------------+------------+------------+------------+------------+------------+------------+------------+-------------+-------------+-------------+-------------+-------------+-------------+-------------+-------------+-------------+-------------+-------------+-------------+-------------+-------------+-------------+-------------+-------------+-------------+-------------+-------------+-------------+-------------+-------------+-------------+-------------+-------------+-------------+-------------+-------------+-------------+-------------+-------------+-------------+-------------+-------------+-------------+-------------+-------------+-------------+-------------+-------------+-------------+-------------+-------------+-------------+-------------+-------------+-------------+-------------+-------------+-------------+-------------+-------------+-------------+-------------+-------------+-------------+-------------+-------------+-------------+-------------+-------------+-------------+-------------+-------------+-------------+-------------+-------------+-------------+-------------+-------------+-------------+-------------+-------------+-------------+-------------+-------------+-------------+-------------+-------------+-------------+-------------+-------------+-------------+-------------+-------------+-------------+-------------+-------------+-------------+--------------+--------------+--------------+--------------+--------------+--------------+--------------+--------------+--------------+--------------+--------------+--------------+--------------+--------------+--------------+--------------+--------------+--------------+--------------+--------------+--------------+--------------+--------------+--------------+--------------+--------------+--------------+--------------+--------------+--------------+--------------+--------------+--------------+--------------+--------------+--------------+--------------+--------------+--------------+--------------+--------------+--------------+--------------+--------------+--------------+--------------+--------------+--------------+--------------+--------------+--------------+--------------+--------------+--------------+--------------+--------------+--------------+--------------+--------------+--------------+--------------+--------------+--------------+--------------+--------------+--------------+--------------+--------------+--------------+--------------+--------------+--------------+--------------+--------------+--------------+--------------+--------------+--------------+--------------+--------------+--------------+--------------+--------------+--------------+--------------+--------------+--------------+--------------+--------------+--------------+--------------+--------------+--------------+--------------+--------------+--------------+--------------+--------------+--------------+--------------+--------------+--------------+--------------+--------------+--------------+--------------+--------------+--------------+--------------+--------------+--------------+--------------+--------------+--------------+--------------+--------------+--------------+--------------+--------------+--------------+--------------+--------------+--------------+--------------+--------------+--------------+--------------+--------------+--------------+--------------+--------------+--------------+--------------+--------------+--------------+--------------+--------------+--------------+--------------+--------------+--------------+--------------+--------------+--------------+--------------+--------------+--------------+--------------+--------------+--------------+--------------+--------------+--------------+--------------+--------------+--------------+
+------------------------------------+--------------+------------+------------+------------+
|               Metric               |      Sum     |     Min    |     Max    |     Avg    |
+------------------------------------+--------------+------------+------------+------------+
|      Runtime (RDTSC) [s] STAT      |     583.9233 |     2.2804 |     2.2844 |     2.2810 |
|      Runtime unhalted [s] STAT     |     522.4915 |     2.0305 |     2.0550 |     2.0410 |
|          Clock [MHz] STAT          |  616995.4150 |  2397.4656 |  2426.4786 |  2410.1383 |
|              CPI STAT              |     184.8645 |     0.7185 |     0.7261 |     0.7221 |
|    L2 bandwidth [MBytes/s] STAT    | 1.543118e+07 | 60180.1812 | 60540.9425 | 60278.0481 |
|    L2 data volume [GBytes] STAT    |   35197.5929 |   137.4712 |   138.0906 |   137.4906 |
| Prefetch bandwidth [MBytes/s] STAT | 8.746366e+06 | 26327.6409 | 35039.1061 | 34165.4921 |
| Prefetch data volume [GBytes] STAT |   19949.9317 |    60.0400 |    79.9429 |    77.9294 |
+------------------------------------+--------------+------------+------------+------------+
