--------------------------------------------------------------------------------
CPU name:	AMD EPYC 9755 128-Core Processor               
CPU type:	AMD K1A (Zen5) architecture
CPU clock:	2.70 GHz
--------------------------------------------------------------------------------
Region bench, Group 1: L2BW
+-------------------+------------+------------+------------+------------+------------+------------+------------+------------+------------+------------+-------------+-------------+-------------+-------------+-------------+-------------+-------------+-------------+-------------+-------------+-------------+-------------+-------------+-------------+-------------+-------------+-------------+-------------+-------------+-------------+-------------+-------------+-------------+-------------+-------------+-------------+-------------+-------------+-------------+-------------+-------------+-------------+-------------+-------------+-------------+-------------+-------------+-------------+-------------+-------------+-------------+-------------+-------------+-------------+-------------+-------------+-------------+-------------+-------------+-------------+-------------+-------------+-------------+-------------+-------------+-------------+-------------+-------------+-------------+-------------+-------------+-------------+-------------+-------------+-------------+-------------+-------------+-------------+-------------+-------------+-------------+-------------+-------------+-------------+-------------+-------------+-------------+-------------+-------------+-------------+-------------+-------------+-------------+-------------+-------------+-------------+-------------+-------------+-------------+-------------+--------------+--------------+--------------+--------------+--------------+--------------+--------------+--------------+--------------+--------------+--------------+--------------+--------------+--------------+--------------+--------------+--------------+--------------+--------------+--------------+--------------+--------------+--------------+--------------+--------------+--------------+--------------+--------------+--------------+--------------+--------------+--------------+--------------+--------------+--------------+--------------+--------------+--------------+--------------+--------------+--------------+--------------+--------------+--------------+--------------+--------------+--------------+--------------+--------------+--------------+--------------+--------------+--------------+--------------+--------------+--------------+--------------+--------------+--------------+--------------+--------------+--------------+--------------+--------------+--------------+--------------+--------------+--------------+--------------+--------------+--------------+--------------+--------------+--------------+--------------+--------------+--------------+--------------+--------------+--------------+--------------+--------------+--------------+--------------+--------------+--------------+--------------+--------------+--------------+--------------+--------------+--------------+--------------+--------------+--------------+--------------+--------------+--------------+--------------+--------------+--------------+--------------+--------------+--------------+--------------+--------------+--------------+--------------+--------------+--------------+--------------+--------------+--------------+--------------+--------------+--------------+--------------+--------------+--------------+--------------+--------------+--------------+--------------+--------------+--------------+--------------+--------------+--------------+--------------+--------------+--------------+--------------+--------------+--------------+--------------+--------------+--------------+--------------+--------------+--------------+--------------+--------------+--------------+--------------+--------------+--------------+--------------+--------------+--------------+--------------+--------------+--------------+--------------+--------------+--------------+--------------+
|    Region Info    | HWThread 0 | HWThread 1 | HWThread 2 | HWThread 3 | HWThread 4 | HWThread 5 | HWThread 6 | HWThread 7 | HWThread 8 | HWThread 9 | HWThread 10 | HWThread 11 | HWThread 12 | HWThread 13 | HWThread 14 | HWThread 15 | HWThread 16 | HWThread 17 | HWThread 18 | HWThread 19 | HWThread 20 | HWThread 21 | HWThread 22 | HWThread 23 | HWThread 24 | HWThread 25 | HWThread 26 | HWThread 27 | HWThread 28 | HWThread 29 | HWThread 30 | HWThread 31 | HWThread 32 | HWThread 33 | HWThread 34 | HWThread 35 | HWThread 36 | HWThread 37 | HWThread 38 | HWThread 39 | HWThread 40 | HWThread 41 | HWThread 42 | HWThread 43 | HWThread 44 | HWThread 45 | HWThread 46 | HWThread 47 | HWThread 48 | HWThread 49 | HWThread 50 | HWThread 51 | HWThread 52 | HWThread 53 | HWThread 54 | HWThread 55 | HWThread 56 | HWThread 57 | HWThread 58 | HWThread 59 | HWThread 60 | HWThread 61 | HWThread 62 | HWThread 63 | HWThread 64 | HWThread 65 | HWThread 66 | HWThread 67 | HWThread 68 | HWThread 69 | HWThread 70 | HWThread 71 | HWThread 72 | HWThread 73 | HWThread 74 | HWThread 75 | HWThread 76 | HWThread 77 | HWThread 78 | HWThread 79 | HWThread 80 | HWThread 81 | HWThread 82 | HWThread 83 | HWThread 84 | HWThread 85 | HWThread 86 | HWThread 87 | HWThread 88 | HWThread 89 | HWThread 90 | HWThread 91 | HWThread 92 | HWThread 93 | HWThread 94 | HWThread 95 | HWThread 96 | HWThread 97 | HWThread 98 | HWThread 99 | HWThread 100 | HWThread 101 | HWThread 102 | HWThread 103 | HWThread 104 | HWThread 105 | HWThread 106 | HWThread 107 | HWThread 108 | HWThread 109 | HWThread 110 | HWThread 111 | HWThread 112 | HWThread 113 | HWThread 114 | HWThread 115 | HWThread 116 | HWThread 117 | HWThread 118 | HWThread 119 | HWThread 120 | HWThread 121 | HWThread 122 | HWThread 123 | HWThread 124 | HWThread 125 | HWThread 126 | HWThread 127 | HWThread 128 | HWThread 129 | HWThread 130 | HWThread 131 | HWThread 132 | HWThread 133 | HWThread 134 | HWThread 135 | HWThread 136 | HWThread 137 | HWThread 138 | HWThread 139 | HWThread 140 | HWThread 141 | HWThread 142 | HWThread 143 | HWThread 144 | HWThread 145 | HWThread 146 | HWThread 147 | HWThread 148 | HWThread 149 | HWThread 150 | HWThread 151 | HWThread 152 | HWThread 153 | HWThread 154 | HWThread 155 | HWThread 156 | HWThread 157 | HWThread 158 | HWThread 159 | HWThread 160 | HWThread 161 | HWThread 162 | HWThread 163 | HWThread 164 | HWThread 165 | HWThread 166 | HWThread 167 | HWThread 168 | HWThread 169 | HWThread 170 | HWThread 171 | HWThread 172 | HWThread 173 | HWThread 174 | HWThread 175 | HWThread 176 | HWThread 177 | HWThread 178 | HWThread 179 | HWThread 180 | HWThread 181 | HWThread 182 | HWThread 183 | HWThread 184 | HWThread 185 | HWThread 186 | HWThread 187 | HWThread 188 | HWThread 189 | HWThread 190 | HWThread 191 | HWThread 192 | HWThread 193 | HWThread 194 | HWThread 195 | HWThread 196 | HWThread 197 | HWThread 198 | HWThread 199 | HWThread 200 | HWThread 201 | HWThread 202 | HWThread 203 | HWThread 204 | HWThread 205 | HWThread 206 | HWThread 207 | HWThread 208 | HWThread 209 | HWThread 210 | HWThread 211 | HWThread 212 | HWThread 213 | HWThread 214 | HWThread 215 | HWThread 216 | HWThread 217 | HWThread 218 | HWThread 219 | HWThread 220 | HWThread 221 | HWThread 222 | HWThread 223 | HWThread 224 | HWThread 225 | HWThread 226 | HWThread 227 | HWThread 228 | HWThread 229 | HWThread 230 | HWThread 231 | HWThread 232 | HWThread 233 | HWThread 234 | HWThread 235 | HWThread 236 | HWThread 237 | HWThread 238 | HWThread 239 | HWThread 240 | HWThread 241 | HWThread 242 | HWThread 243 | HWThread 244 | HWThread 245 | HWThread 246 | HWThread 247 | HWThread 248 | HWThread 249 | HWThread 250 | HWThread 251 | HWThread 252 | HWThread 253 | HWThread 254 | HWThread 255 |
+-------------------+------------+------------+------------+------------+------------+------------+------------+------------+------------+------------+-------------+-------------+-------------+-------------+-------------+-------------+-------------+-------------+-------------+-------------+-------------+-------------+-------------+-------------+-------------+-------------+-------------+-------------+-------------+-------------+-------------+-------------+-------------+-------------+-------------+-------------+-------------+-------------+-------------+-------------+-------------+-------------+-------------+-------------+-------------+-------------+-------------+-------------+-------------+-------------+-------------+-------------+-------------+-------------+-------------+-------------+-------------+-------------+-------------+-------------+-------------+-------------+-------------+-------------+-------------+-------------+-------------+-------------+-------------+-------------+-------------+-------------+-------------+-------------+-------------+-------------+-------------+-------------+-------------+-------------+-------------+-------------+-------------+-------------+-------------+-------------+-------------+-------------+-------------+-------------+-------------+-------------+-------------+-------------+-------------+-------------+-------------+-------------+-------------+-------------+--------------+--------------+--------------+--------------+--------------+--------------+--------------+--------------+--------------+--------------+--------------+--------------+--------------+--------------+--------------+--------------+--------------+--------------+--------------+--------------+--------------+--------------+--------------+--------------+--------------+--------------+--------------+--------------+--------------+--------------+--------------+--------------+--------------+--------------+--------------+--------------+--------------+--------------+--------------+--------------+--------------+--------------+--------------+--------------+--------------+--------------+--------------+--------------+--------------+--------------+--------------+--------------+--------------+--------------+--------------+--------------+--------------+--------------+--------------+--------------+--------------+--------------+--------------+--------------+--------------+--------------+--------------+--------------+--------------+--------------+--------------+--------------+--------------+--------------+--------------+--------------+--------------+--------------+--------------+--------------+--------------+--------------+--------------+--------------+--------------+--------------+--------------+--------------+--------------+--------------+--------------+--------------+--------------+--------------+--------------+--------------+--------------+--------------+--------------+--------------+--------------+--------------+--------------+--------------+--------------+--------------+--------------+--------------+--------------+--------------+--------------+--------------+--------------+--------------+--------------+--------------+--------------+--------------+--------------+--------------+--------------+--------------+--------------+--------------+--------------+--------------+--------------+--------------+--------------+--------------+--------------+--------------+--------------+--------------+--------------+--------------+--------------+--------------+--------------+--------------+--------------+--------------+--------------+--------------+--------------+--------------+--------------+--------------+--------------+--------------+--------------+--------------+--------------+--------------+--------------+--------------+
| RDTSC Runtime [s] |   2.701973 |   2.701622 |   2.701622 |   2.701512 |   2.701449 |   2.701451 |   2.702011 |   2.702021 |   2.701954 |   2.702362 |    2.701926 |    2.701926 |    2.701687 |    2.701938 |    2.702693 |    2.702713 |    2.702696 |    2.702144 |    2.702692 |    2.702083 |    2.702139 |    2.702675 |    2.701634 |    2.702709 |    2.702652 |    2.701901 |    2.701979 |    2.701454 |    2.702730 |    2.701719 |    2.702651 |    2.702159 |    2.701448 |    2.702041 |    2.701949 |    2.701973 |    2.701635 |    2.701689 |    2.701929 |    2.701984 |    2.701890 |    2.701835 |    2.701835 |    2.701437 |    2.701858 |    2.701444 |    2.701880 |    2.701836 |    2.701833 |    2.702180 |    2.702178 |    2.701885 |    2.701438 |    2.701880 |    2.701880 |    2.701436 |    2.701504 |    2.701974 |    2.701434 |    2.701927 |    2.701511 |    2.701902 |    2.701570 |    2.701594 |    2.702155 |    2.701456 |    2.702383 |    2.702161 |    2.701520 |    2.702625 |    2.702713 |    2.701650 |    2.702372 |    2.702064 |    2.702370 |    2.701663 |    2.701663 |    2.705061 |    2.702693 |    2.701646 |    2.702631 |    2.701438 |    2.702159 |    2.701590 |    2.701711 |    2.702159 |    2.702363 |    2.702212 |    2.701430 |    2.702156 |    2.702156 |    2.701438 |    2.701449 |    2.702656 |    2.702154 |    2.705086 |    2.701547 |    2.702016 |    2.702156 |    2.702175 |     2.701436 |     2.701572 |     2.701632 |     2.702352 |     2.701549 |     2.702693 |     2.701964 |     2.701442 |     2.701703 |     2.701703 |     2.701571 |     2.701719 |     2.701686 |     2.701688 |     2.701929 |     2.701448 |     2.701558 |     2.701511 |     2.701929 |     2.701717 |     2.701943 |     2.701645 |     2.701448 |     2.701851 |     2.701645 |     2.701440 |     2.702153 |     2.702687 |     2.701826 |     2.702154 |     2.701890 |     2.702093 |     2.701437 |     2.702148 |     2.701435 |     2.701570 |     2.701915 |     2.701911 |     2.701442 |     2.701847 |     2.701949 |     2.701946 |     2.701959 |     2.701911 |     2.701508 |     2.705124 |     2.701445 |     2.701850 |     2.704952 |     2.702190 |     2.704952 |     2.701850 |     2.702153 |     2.701875 |     2.702154 |     2.701510 |     2.701539 |     2.701876 |     2.701878 |     2.701514 |     2.701736 |     2.701922 |     2.701827 |     2.701916 |     2.701449 |     2.701916 |     2.701571 |     2.701919 |     2.701436 |     2.701909 |     2.701431 |     2.701960 |     2.701947 |     2.701943 |     2.701942 |     2.701501 |     2.701911 |     2.701944 |     2.701958 |     2.703529 |     2.701489 |     2.701942 |     2.701942 |     2.701432 |     2.702352 |     2.702362 |     2.701940 |     2.701971 |     2.701942 |     2.702474 |     2.701705 |     2.701447 |     2.701961 |     2.701966 |     2.701628 |     2.701972 |     2.702032 |     2.701932 |     2.701961 |     2.701438 |     2.702177 |     2.701497 |     2.701563 |     2.701544 |     2.701919 |     2.701867 |     2.702136 |     2.701962 |     2.701513 |     2.702055 |     2.701437 |     2.702081 |     2.702055 |     2.702055 |     2.701969 |     2.701970 |     2.701449 |     2.701434 |     2.701973 |     2.701452 |     2.702194 |     2.701917 |     2.702128 |     2.701968 |     2.702703 |     2.701890 |     2.702141 |     2.701566 |     2.701450 |     2.701442 |     2.701510 |     2.702158 |     2.702134 |     2.701891 |     2.701432 |     2.701446 |     2.703733 |     2.701883 |     2.701852 |     2.702159 |     2.701683 |     2.701444 |     2.701684 |     2.701690 |     2.701882 |     2.701684 |     2.701683 |     2.701497 |     2.701940 |     2.701948 |     2.701446 |     2.701864 |     2.701947 |     2.701621 |     2.701446 |     2.701889 |
|     call count    |          1 |          1 |          1 |          1 |          1 |          1 |          1 |          1 |          1 |          1 |           1 |           1 |           1 |           1 |           1 |           1 |           1 |           1 |           1 |           1 |           1 |           1 |           1 |           1 |           1 |           1 |           1 |           1 |           1 |           1 |           1 |           1 |           1 |           1 |           1 |           1 |           1 |           1 |           1 |           1 |           1 |           1 |           1 |           1 |           1 |           1 |           1 |           1 |           1 |           1 |           1 |           1 |           1 |           1 |           1 |           1 |           1 |           1 |           1 |           1 |           1 |           1 |           1 |           1 |           1 |           1 |           1 |           1 |           1 |           1 |           1 |           1 |           1 |           1 |           1 |           1 |           1 |           1 |           1 |           1 |           1 |           1 |           1 |           1 |           1 |           1 |           1 |           1 |           1 |           1 |           1 |           1 |           1 |           1 |           1 |           1 |           1 |           1 |           1 |           1 |            1 |            1 |            1 |            1 |            1 |            1 |            1 |            1 |            1 |            1 |            1 |            1 |            1 |            1 |            1 |            1 |            1 |            1 |            1 |            1 |            1 |            1 |            1 |            1 |            1 |            1 |            1 |            1 |            1 |            1 |            1 |            1 |            1 |            1 |            1 |            1 |            1 |            1 |            1 |            1 |            1 |            1 |            1 |            1 |            1 |            1 |            1 |            1 |            1 |            1 |            1 |            1 |            1 |            1 |            1 |            1 |            1 |            1 |            1 |            1 |            1 |            1 |            1 |            1 |            1 |            1 |            1 |            1 |            1 |            1 |            1 |            1 |            1 |            1 |            1 |            1 |            1 |            1 |            1 |            1 |            1 |            1 |            1 |            1 |            1 |            1 |            1 |            1 |            1 |            1 |            1 |            1 |            1 |            1 |            1 |            1 |            1 |            1 |            1 |            1 |            1 |            1 |            1 |            1 |            1 |            1 |            1 |            1 |            1 |            1 |            1 |            1 |            1 |            1 |            1 |            1 |            1 |            1 |            1 |            1 |            1 |            1 |            1 |            1 |            1 |            1 |            1 |            1 |            1 |            1 |            1 |            1 |            1 |            1 |            1 |            1 |            1 |            1 |            1 |            1 |            1 |            1 |            1 |            1 |            1 |            1 |            1 |            1 |            1 |            1 |            1 |            1 |            1 |            1 |            1 |            1 |
+-------------------+------------+------------+------------+------------+------------+------------+------------+------------+------------+------------+-------------+-------------+-------------+-------------+-------------+-------------+-------------+-------------+-------------+-------------+-------------+-------------+-------------+-------------+-------------+-------------+-------------+-------------+-------------+-------------+-------------+-------------+-------------+-------------+-------------+-------------+-------------+-------------+-------------+-------------+-------------+-------------+-------------+-------------+-------------+-------------+-------------+-------------+-------------+-------------+-------------+-------------+-------------+-------------+-------------+-------------+-------------+-------------+-------------+-------------+-------------+-------------+-------------+-------------+-------------+-------------+-------------+-------------+-------------+-------------+-------------+-------------+-------------+-------------+-------------+-------------+-------------+-------------+-------------+-------------+-------------+-------------+-------------+-------------+-------------+-------------+-------------+-------------+-------------+-------------+-------------+-------------+-------------+-------------+-------------+-------------+-------------+-------------+-------------+-------------+--------------+--------------+--------------+--------------+--------------+--------------+--------------+--------------+--------------+--------------+--------------+--------------+--------------+--------------+--------------+--------------+--------------+--------------+--------------+--------------+--------------+--------------+--------------+--------------+--------------+--------------+--------------+--------------+--------------+--------------+--------------+--------------+--------------+--------------+--------------+--------------+--------------+--------------+--------------+--------------+--------------+--------------+--------------+--------------+--------------+--------------+--------------+--------------+--------------+--------------+--------------+--------------+--------------+--------------+--------------+--------------+--------------+--------------+--------------+--------------+--------------+--------------+--------------+--------------+--------------+--------------+--------------+--------------+--------------+--------------+--------------+--------------+--------------+--------------+--------------+--------------+--------------+--------------+--------------+--------------+--------------+--------------+--------------+--------------+--------------+--------------+--------------+--------------+--------------+--------------+--------------+--------------+--------------+--------------+--------------+--------------+--------------+--------------+--------------+--------------+--------------+--------------+--------------+--------------+--------------+--------------+--------------+--------------+--------------+--------------+--------------+--------------+--------------+--------------+--------------+--------------+--------------+--------------+--------------+--------------+--------------+--------------+--------------+--------------+--------------+--------------+--------------+--------------+--------------+--------------+--------------+--------------+--------------+--------------+--------------+--------------+--------------+--------------+--------------+--------------+--------------+--------------+--------------+--------------+--------------+--------------+--------------+--------------+--------------+--------------+--------------+--------------+--------------+--------------+--------------+--------------+
+----------------------------+---------+------------+------------+------------+------------+------------+------------+------------+------------+------------+------------+-------------+-------------+-------------+-------------+-------------+-------------+-------------+-------------+-------------+-------------+-------------+-------------+-------------+-------------+-------------+-------------+-------------+-------------+-------------+-------------+-------------+-------------+-------------+-------------+-------------+-------------+-------------+-------------+-------------+-------------+-------------+-------------+-------------+-------------+-------------+-------------+-------------+-------------+-------------+-------------+-------------+-------------+-------------+-------------+-------------+-------------+-------------+-------------+-------------+-------------+-------------+-------------+-------------+-------------+-------------+-------------+-------------+-------------+-------------+-------------+-------------+-------------+-------------+-------------+-------------+-------------+-------------+-------------+-------------+-------------+-------------+-------------+-------------+-------------+-------------+-------------+-------------+-------------+-------------+-------------+-------------+-------------+-------------+-------------+-------------+-------------+-------------+-------------+-------------+-------------+--------------+--------------+--------------+--------------+--------------+--------------+--------------+--------------+--------------+--------------+--------------+--------------+--------------+--------------+--------------+--------------+--------------+--------------+--------------+--------------+--------------+--------------+--------------+--------------+--------------+--------------+--------------+--------------+--------------+--------------+--------------+--------------+--------------+--------------+--------------+--------------+--------------+--------------+--------------+--------------+--------------+--------------+--------------+--------------+--------------+--------------+--------------+--------------+--------------+--------------+--------------+--------------+--------------+--------------+--------------+--------------+--------------+--------------+--------------+--------------+--------------+--------------+--------------+--------------+--------------+--------------+--------------+--------------+--------------+--------------+--------------+--------------+--------------+--------------+--------------+--------------+--------------+--------------+--------------+--------------+--------------+--------------+--------------+--------------+--------------+--------------+--------------+--------------+--------------+--------------+--------------+--------------+--------------+--------------+--------------+--------------+--------------+--------------+--------------+--------------+--------------+--------------+--------------+--------------+--------------+--------------+--------------+--------------+--------------+--------------+--------------+--------------+--------------+--------------+--------------+--------------+--------------+--------------+--------------+--------------+--------------+--------------+--------------+--------------+--------------+--------------+--------------+--------------+--------------+--------------+--------------+--------------+--------------+--------------+--------------+--------------+--------------+--------------+--------------+--------------+--------------+--------------+--------------+--------------+--------------+--------------+--------------+--------------+--------------+--------------+--------------+--------------+--------------+--------------+--------------+--------------+
|            Event           | Counter | HWThread 0 | HWThread 1 | HWThread 2 | HWThread 3 | HWThread 4 | HWThread 5 | HWThread 6 | HWThread 7 | HWThread 8 | HWThread 9 | HWThread 10 | HWThread 11 | HWThread 12 | HWThread 13 | HWThread 14 | HWThread 15 | HWThread 16 | HWThread 17 | HWThread 18 | HWThread 19 | HWThread 20 | HWThread 21 | HWThread 22 | HWThread 23 | HWThread 24 | HWThread 25 | HWThread 26 | HWThread 27 | HWThread 28 | HWThread 29 | HWThread 30 | HWThread 31 | HWThread 32 | HWThread 33 | HWThread 34 | HWThread 35 | HWThread 36 | HWThread 37 | HWThread 38 | HWThread 39 | HWThread 40 | HWThread 41 | HWThread 42 | HWThread 43 | HWThread 44 | HWThread 45 | HWThread 46 | HWThread 47 | HWThread 48 | HWThread 49 | HWThread 50 | HWThread 51 | HWThread 52 | HWThread 53 | HWThread 54 | HWThread 55 | HWThread 56 | HWThread 57 | HWThread 58 | HWThread 59 | HWThread 60 | HWThread 61 | HWThread 62 | HWThread 63 | HWThread 64 | HWThread 65 | HWThread 66 | HWThread 67 | HWThread 68 | HWThread 69 | HWThread 70 | HWThread 71 | HWThread 72 | HWThread 73 | HWThread 74 | HWThread 75 | HWThread 76 | HWThread 77 | HWThread 78 | HWThread 79 | HWThread 80 | HWThread 81 | HWThread 82 | HWThread 83 | HWThread 84 | HWThread 85 | HWThread 86 | HWThread 87 | HWThread 88 | HWThread 89 | HWThread 90 | HWThread 91 | HWThread 92 | HWThread 93 | HWThread 94 | HWThread 95 | HWThread 96 | HWThread 97 | HWThread 98 | HWThread 99 | HWThread 100 | HWThread 101 | HWThread 102 | HWThread 103 | HWThread 104 | HWThread 105 | HWThread 106 | HWThread 107 | HWThread 108 | HWThread 109 | HWThread 110 | HWThread 111 | HWThread 112 | HWThread 113 | HWThread 114 | HWThread 115 | HWThread 116 | HWThread 117 | HWThread 118 | HWThread 119 | HWThread 120 | HWThread 121 | HWThread 122 | HWThread 123 | HWThread 124 | HWThread 125 | HWThread 126 | HWThread 127 | HWThread 128 | HWThread 129 | HWThread 130 | HWThread 131 | HWThread 132 | HWThread 133 | HWThread 134 | HWThread 135 | HWThread 136 | HWThread 137 | HWThread 138 | HWThread 139 | HWThread 140 | HWThread 141 | HWThread 142 | HWThread 143 | HWThread 144 | HWThread 145 | HWThread 146 | HWThread 147 | HWThread 148 | HWThread 149 | HWThread 150 | HWThread 151 | HWThread 152 | HWThread 153 | HWThread 154 | HWThread 155 | HWThread 156 | HWThread 157 | HWThread 158 | HWThread 159 | HWThread 160 | HWThread 161 | HWThread 162 | HWThread 163 | HWThread 164 | HWThread 165 | HWThread 166 | HWThread 167 | HWThread 168 | HWThread 169 | HWThread 170 | HWThread 171 | HWThread 172 | HWThread 173 | HWThread 174 | HWThread 175 | HWThread 176 | HWThread 177 | HWThread 178 | HWThread 179 | HWThread 180 | HWThread 181 | HWThread 182 | HWThread 183 | HWThread 184 | HWThread 185 | HWThread 186 | HWThread 187 | HWThread 188 | HWThread 189 | HWThread 190 | HWThread 191 | HWThread 192 | HWThread 193 | HWThread 194 | HWThread 195 | HWThread 196 | HWThread 197 | HWThread 198 | HWThread 199 | HWThread 200 | HWThread 201 | HWThread 202 | HWThread 203 | HWThread 204 | HWThread 205 | HWThread 206 | HWThread 207 | HWThread 208 | HWThread 209 | HWThread 210 | HWThread 211 | HWThread 212 | HWThread 213 | HWThread 214 | HWThread 215 | HWThread 216 | HWThread 217 | HWThread 218 | HWThread 219 | HWThread 220 | HWThread 221 | HWThread 222 | HWThread 223 | HWThread 224 | HWThread 225 | HWThread 226 | HWThread 227 | HWThread 228 | HWThread 229 | HWThread 230 | HWThread 231 | HWThread 232 | HWThread 233 | HWThread 234 | HWThread 235 | HWThread 236 | HWThread 237 | HWThread 238 | HWThread 239 | HWThread 240 | HWThread 241 | HWThread 242 | HWThread 243 | HWThread 244 | HWThread 245 | HWThread 246 | HWThread 247 | HWThread 248 | HWThread 249 | HWThread 250 | HWThread 251 | HWThread 252 | HWThread 253 | HWThread 254 | HWThread 255 |
+----------------------------+---------+------------+------------+------------+------------+------------+------------+------------+------------+------------+------------+-------------+-------------+-------------+-------------+-------------+-------------+-------------+-------------+-------------+-------------+-------------+-------------+-------------+-------------+-------------+-------------+-------------+-------------+-------------+-------------+-------------+-------------+-------------+-------------+-------------+-------------+-------------+-------------+-------------+-------------+-------------+-------------+-------------+-------------+-------------+-------------+-------------+-------------+-------------+-------------+-------------+-------------+-------------+-------------+-------------+-------------+-------------+-------------+-------------+-------------+-------------+-------------+-------------+-------------+-------------+-------------+-------------+-------------+-------------+-------------+-------------+-------------+-------------+-------------+-------------+-------------+-------------+-------------+-------------+-------------+-------------+-------------+-------------+-------------+-------------+-------------+-------------+-------------+-------------+-------------+-------------+-------------+-------------+-------------+-------------+-------------+-------------+-------------+-------------+-------------+--------------+--------------+--------------+--------------+--------------+--------------+--------------+--------------+--------------+--------------+--------------+--------------+--------------+--------------+--------------+--------------+--------------+--------------+--------------+--------------+--------------+--------------+--------------+--------------+--------------+--------------+--------------+--------------+--------------+--------------+--------------+--------------+--------------+--------------+--------------+--------------+--------------+--------------+--------------+--------------+--------------+--------------+--------------+--------------+--------------+--------------+--------------+--------------+--------------+--------------+--------------+--------------+--------------+--------------+--------------+--------------+--------------+--------------+--------------+--------------+--------------+--------------+--------------+--------------+--------------+--------------+--------------+--------------+--------------+--------------+--------------+--------------+--------------+--------------+--------------+--------------+--------------+--------------+--------------+--------------+--------------+--------------+--------------+--------------+--------------+--------------+--------------+--------------+--------------+--------------+--------------+--------------+--------------+--------------+--------------+--------------+--------------+--------------+--------------+--------------+--------------+--------------+--------------+--------------+--------------+--------------+--------------+--------------+--------------+--------------+--------------+--------------+--------------+--------------+--------------+--------------+--------------+--------------+--------------+--------------+--------------+--------------+--------------+--------------+--------------+--------------+--------------+--------------+--------------+--------------+--------------+--------------+--------------+--------------+--------------+--------------+--------------+--------------+--------------+--------------+--------------+--------------+--------------+--------------+--------------+--------------+--------------+--------------+--------------+--------------+--------------+--------------+--------------+--------------+--------------+--------------+
|      ACTUAL_CPU_CLOCK      |  FIXC1  | 6525413000 | 6523799000 | 6523766000 | 6523512000 | 6524795000 | 6524918000 | 6525318000 | 6525315000 | 6498561000 | 6500040000 |  6498860000 |  6499950000 |  6497170000 |  6498706000 |  6500115000 |  6500106000 |  6543820000 |  6543331000 |  6544310000 |  6544037000 |  6543336000 |  6544001000 |  6542885000 |  6543533000 |  6518932000 |  6518588000 |  6518411000 |  6517231000 |  6518656000 |  6516160000 |  6519215000 |  6517858000 |  6499331000 |  6500329000 |  6499704000 |  6499828000 |  6498793000 |  6499380000 |  6501004000 |  6500894000 |  6526133000 |  6526392000 |  6524728000 |  6525431000 |  6526008000 |  6524300000 |  6526966000 |  6526291000 |  6535106000 |  6535016000 |  6534768000 |  6533864000 |  6532920000 |  6534164000 |  6534954000 |  6533309000 |  6511284000 |  6513989000 |  6511832000 |  6513384000 |  6511324000 |  6513107000 |  6511932000 |  6511417000 |  6503601000 |  6501187000 |  6504926000 |  6504175000 |  6503072000 |  6502992000 |  6504357000 |  6502748000 |  6531503000 |  6532552000 |  6532178000 |  6530921000 |  6530297000 |  6533213000 |  6532059000 |  6530259000 |  6534025000 |  6531943000 |  6533221000 |  6532358000 |  6532398000 |  6533835000 |  6533957000 |  6533931000 |  6522107000 |  6521770000 |  6522033000 |  6521484000 |  6521602000 |  6522812000 |  6522760000 |  6523580000 |  6540270000 |  6541009000 |  6541267000 |  6541359000 |   6540617000 |   6540212000 |   6539940000 |   6542281000 |   6524737000 |   6527034000 |   6526369000 |   6525294000 |   6524945000 |   6525330000 |   6524081000 |   6524810000 |   6535669000 |   6535712000 |   6537834000 |   6536344000 |   6536748000 |   6536160000 |   6538005000 |   6536864000 |   6515618000 |   6514639000 |   6514536000 |   6515324000 |   6514599000 |   6513850000 |   6515126000 |   6515648000 |   6517247000 |   6517058000 |   6517635000 |   6516795000 |   6516495000 |   6517131000 |   6516222000 |   6516363000 |   6542755000 |   6542691000 |   6540952000 |   6542744000 |   6543028000 |   6542825000 |   6543488000 |   6542764000 |   6557907000 |   6561361000 |   6560135000 |   6559785000 |   6561497000 |   6559871000 |   6561043000 |   6561618000 |   6537867000 |   6539488000 |   6538378000 |   6536847000 |   6536856000 |   6538057000 |   6539881000 |   6536915000 |   6518765000 |   6519110000 |   6518796000 |   6519104000 |   6517535000 |   6519772000 |   6517478000 |   6520108000 |   6541281000 |   6541138000 |   6539145000 |   6541178000 |   6540345000 |   6541200000 |   6541213000 |   6540737000 |   6515047000 |   6515077000 |   6514390000 |   6514256000 |   6511984000 |   6513784000 |   6513422000 |   6512581000 |   6551259000 |   6549643000 |   6549159000 |   6549436000 |   6550266000 |   6549716000 |   6548337000 |   6548069000 |   6510194000 |   6510177000 |   6508751000 |   6510869000 |   6511618000 |   6511354000 |   6510786000 |   6509079000 |   6521243000 |   6520538000 |   6520616000 |   6518107000 |   6521765000 |   6521788000 |   6521330000 |   6522128000 |   6560940000 |   6562630000 |   6561245000 |   6562587000 |   6562632000 |   6563149000 |   6562526000 |   6562523000 |   6528889000 |   6529034000 |   6530972000 |   6528930000 |   6531309000 |   6531020000 |   6531307000 |   6530998000 |   6567233000 |   6566003000 |   6565691000 |   6565227000 |   6565177000 |   6565885000 |   6565419000 |   6566124000 |   6516699000 |   6517106000 |   6516295000 |   6515496000 |   6518022000 |   6516894000 |   6517648000 |   6516965000 |   6537850000 |   6537317000 |   6538033000 |   6538474000 |   6538179000 |   6537036000 |   6537051000 |   6537833000 |   6531965000 |   6530864000 |   6530923000 |   6531373000 |   6531499000 |   6530823000 |   6530295000 |   6532174000 |
|        MAX_CPU_CLOCK       |  FIXC2  | 7294502000 | 7292977000 | 7292972000 | 7292780000 | 7293631000 | 7293724000 | 7294485000 | 7294522000 | 7294372000 | 7297250000 |  7294493000 |  7295457000 |  7293057000 |  7294462000 |  7297298000 |  7297176000 |  7296610000 |  7295445000 |  7297230000 |  7295180000 |  7295452000 |  7296789000 |  7294212000 |  7297023000 |  7296322000 |  7295604000 |  7295894000 |  7294488000 |  7297222000 |  7293772000 |  7296782000 |  7294671000 |  7293954000 |  7294736000 |  7294494000 |  7294623000 |  7293229000 |  7293996000 |  7295699000 |  7295451000 |  7294342000 |  7294367000 |  7291383000 |  7292784000 |  7294278000 |  7290235000 |  7295444000 |  7294343000 |  7295061000 |  7295678000 |  7295399000 |  7294160000 |  7292554000 |  7294349000 |  7295483000 |  7292768000 |  7291095000 |  7295281000 |  7291286000 |  7294416000 |  7291106000 |  7294121000 |  7291170000 |  7291577000 |  7295494000 |  7290361000 |  7297006000 |  7295485000 |  7294085000 |  7293474000 |  7297013000 |  7294354000 |  7296098000 |  7295972000 |  7297135000 |  7294386000 |  7294239000 |  7298155000 |  7297007000 |  7294181000 |  7297092000 |  7294423000 |  7295058000 |  7294115000 |  7294146000 |  7295637000 |  7297278000 |  7297230000 |  7293798000 |  7294069000 |  7294232000 |  7292784000 |  7293985000 |  7295698000 |  7295269000 |  7297142000 |  7294171000 |  7294752000 |  7295305000 |  7295415000 |   7293868000 |   7293936000 |   7294260000 |   7297146000 |   7294123000 |   7296629000 |   7295680000 |   7294062000 |   7294325000 |   7294184000 |   7292976000 |   7294316000 |   7293154000 |   7293189000 |   7295636000 |   7294368000 |   7294052000 |   7294036000 |   7295843000 |   7294234000 |   7292455000 |   7291144000 |   7290932000 |   7292535000 |   7292938000 |   7289861000 |   7292175000 |   7293318000 |   7294093000 |   7293937000 |   7294266000 |   7293867000 |   7292548000 |   7294027000 |   7291149000 |   7291194000 |   7295688000 |   7295523000 |   7293880000 |   7294941000 |   7295838000 |   7295611000 |   7295812000 |   7295545000 |   7289974000 |   7295009000 |   7294127000 |   7292036000 |   7296674000 |   7292360000 |   7294648000 |   7295683000 |   7292175000 |   7295433000 |   7294186000 |   7290193000 |   7291173000 |   7292159000 |   7295111000 |   7291248000 |   7294222000 |   7294328000 |   7294217000 |   7294343000 |   7292791000 |   7295246000 |   7292604000 |   7294779000 |   7294119000 |   7294341000 |   7290085000 |   7294350000 |   7291848000 |   7294353000 |   7294435000 |   7292433000 |   7295179000 |   7295168000 |   7295219000 |   7295203000 |   7291266000 |   7294397000 |   7292710000 |   7292654000 |   7297438000 |   7294267000 |   7292725000 |   7294280000 |   7295430000 |   7294419000 |   7293149000 |   7291216000 |   7294362000 |   7294333000 |   7292949000 |   7295326000 |   7296062000 |   7295756000 |   7294765000 |   7292719000 |   7295373000 |   7293899000 |   7294006000 |   7290107000 |   7295652000 |   7295195000 |   7295444000 |   7295354000 |   7292967000 |   7294682000 |   7292770000 |   7294768000 |   7294687000 |   7295652000 |   7294625000 |   7294615000 |   7293832000 |   7292833000 |   7295069000 |   7293851000 |   7295580000 |   7295823000 |   7296229000 |   7295070000 |   7296020000 |   7294314000 |   7294133000 |   7292866000 |   7292786000 |   7293813000 |   7292862000 |   7294301000 |   7295291000 |   7295383000 |   7294538000 |   7293932000 |   7297823000 |   7295380000 |   7295565000 |   7295544000 |   7294024000 |   7292587000 |   7294090000 |   7293837000 |   7294070000 |   7292838000 |   7292800000 |   7293305000 |   7295285000 |   7294498000 |   7293662000 |   7295586000 |   7295541000 |   7294309000 |   7293730000 |   7295625000 |
|    RETIRED_INSTRUCTIONS    |   PMC0  | 3885279000 | 3907108000 | 3897582000 | 3916292000 | 3896143000 | 3918481000 | 3893148000 | 3926519000 | 3878333000 | 3880621000 |  3881986000 |  3887837000 |  3882562000 |  3916994000 |  3876781000 |  3878791000 |  3885985000 |  3887808000 |  3888538000 |  3887799000 |  3887488000 |  3887727000 |  3883475000 |  3886773000 |  3924801000 |  3938793000 |  3927869000 |  3941035000 |  3926426000 |  3959857000 |  3955027000 |  3921547000 |  3905341000 |  3902782000 |  3898242000 |  3908113000 |  3931918000 |  3903124000 |  3909868000 |  3897181000 |  3888232000 |  3891416000 |  3911766000 |  3895328000 |  3893068000 |  3897883000 |  3909845000 |  3914215000 |  3872215000 |  3873052000 |  3892718000 |  3878885000 |  3886045000 |  3896778000 |  3871112000 |  3877392000 |  3877773000 |  3897066000 |  3888907000 |  3874500000 |  3882089000 |  3879144000 |  3866152000 |  3839549000 |  3883546000 |  3912303000 |  3898618000 |  3888257000 |  3901760000 |  3889207000 |  3899200000 |  3907115000 |  3890537000 |  3899420000 |  3901858000 |  3904990000 |  3893351000 |  3909464000 |  3898773000 |  3898910000 |  3888610000 |  3877719000 |  3890727000 |  3883157000 |  3886710000 |  3879810000 |  3898647000 |  3893924000 |  3870773000 |  3858098000 |  3872501000 |  3870163000 |  3861002000 |  3867122000 |  3863519000 |  3830747000 |  3888739000 |  3895496000 |  3892059000 |  3889953000 |   3892366000 |   3906660000 |   3916398000 |   3891327000 |   3857369000 |   3844737000 |   3852865000 |   3848926000 |   3814215000 |   3818382000 |   3802696000 |   3825334000 |   3805476000 |   3813967000 |   3832784000 |   3856717000 |   3830027000 |   3816330000 |   3778643000 |   3835704000 |   3821943000 |   3820845000 |   3806446000 |   3811454000 |   3808573000 |   3798001000 |   3811169000 |   3759124000 |   3906003000 |   3926068000 |   3912146000 |   3928186000 |   3908482000 |   3916226000 |   3926388000 |   3907799000 |   3912157000 |   3920359000 |   3925917000 |   3926137000 |   3945864000 |   3939345000 |   3943535000 |   3919725000 |   3896241000 |   3907117000 |   3887243000 |   3916785000 |   3924517000 |   3909255000 |   3899455000 |   3917280000 |   3879021000 |   3872399000 |   3883480000 |   3887335000 |   3868863000 |   3894316000 |   3886451000 |   3838081000 |   3903468000 |   3904751000 |   3907945000 |   3907019000 |   3905925000 |   3912732000 |   3904591000 |   3906243000 |   3929195000 |   3906494000 |   3913685000 |   3905178000 |   3935801000 |   3895927000 |   3926130000 |   3906498000 |   3897561000 |   3922265000 |   3914760000 |   3930934000 |   3928810000 |   3914528000 |   3907952000 |   3926442000 |   3880054000 |   3879786000 |   3889646000 |   3900396000 |   3856854000 |   3868640000 |   3872473000 |   3839059000 |   3902244000 |   3906029000 |   3904490000 |   3905664000 |   3920430000 |   3888724000 |   3901542000 |   3903142000 |   3900325000 |   3892854000 |   3892141000 |   3923490000 |   3927698000 |   3909724000 |   3919289000 |   3900811000 |   3917022000 |   3920353000 |   3928491000 |   3923208000 |   3935210000 |   3923586000 |   3913031000 |   3930265000 |   3867844000 |   3873171000 |   3875527000 |   3877874000 |   3868554000 |   3871311000 |   3862732000 |   3832711000 |   3896969000 |   3904223000 |   3923901000 |   3907212000 |   3899856000 |   3904047000 |   3882792000 |   3898439000 |   3904703000 |   3890218000 |   3893811000 |   3906496000 |   3882152000 |   3897719000 |   3886179000 |   3874173000 |   3924200000 |   3909133000 |   3915208000 |   3914678000 |   3911057000 |   3917581000 |   3924287000 |   3908926000 |   3891777000 |   3894856000 |   3898719000 |   3905174000 |   3890560000 |   3917970000 |   3896909000 |   3854061000 |
|     CPU_CLOCKS_UNHALTED    |   PMC1  | 6451255000 | 6453908000 | 6453648000 | 6454348000 | 6453279000 | 6453870000 | 6454870000 | 6455758000 | 6427231000 | 6427615000 |  6427192000 |  6426224000 |  6426326000 |  6427124000 |  6428473000 |  6427832000 |  6472137000 |  6471349000 |  6471479000 |  6471115000 |  6470911000 |  6471813000 |  6470110000 |  6472321000 |  6451730000 |  6450746000 |  6450471000 |  6449077000 |  6451667000 |  6450466000 |  6452305000 |  6451262000 |  6433962000 |  6435636000 |  6435145000 |  6434170000 |  6434562000 |  6434802000 |  6434947000 |  6435373000 |  6456560000 |  6456605000 |  6456711000 |  6456157000 |  6457104000 |  6456730000 |  6456126000 |  6457103000 |  6463377000 |  6464234000 |  6464600000 |  6463650000 |  6462509000 |  6463751000 |  6463682000 |  6462902000 |  6454867000 |  6455971000 |  6454850000 |  6455987000 |  6455376000 |  6456066000 |  6456005000 |  6455486000 |  6437927000 |  6437277000 |  6438959000 |  6438111000 |  6436847000 |  6438709000 |  6438756000 |  6436857000 |  6464449000 |  6463668000 |  6464830000 |  6463184000 |  6462839000 |  6470558000 |  6465034000 |  6462818000 |  6465670000 |  6463447000 |  6465027000 |  6463926000 |  6463837000 |  6464840000 |  6465385000 |  6465040000 |  6460267000 |  6461605000 |  6461728000 |  6460770000 |  6459760000 |  6463202000 |  6461304000 |  6468238000 |  6474312000 |  6475517000 |  6476014000 |  6475944000 |   6474477000 |   6475347000 |   6474749000 |   6476218000 |   6463795000 |   6464169000 |   6464874000 |   6464319000 |   6464182000 |   6464177000 |   6464704000 |   6464535000 |   6470977000 |   6471716000 |   6471669000 |   6471071000 |   6471080000 |   6470913000 |   6471715000 |   6471815000 |   6460841000 |   6459785000 |   6459150000 |   6459869000 |   6459541000 |   6459055000 |   6461208000 |   6462026000 |   6422793000 |   6423875000 |   6423517000 |   6423509000 |   6421956000 |   6423478000 |   6422150000 |   6422448000 |   6453803000 |   6454491000 |   6453906000 |   6454276000 |   6454686000 |   6454968000 |   6454938000 |   6455028000 |   6462838000 |   6471487000 |   6462586000 |   6463935000 |   6470731000 |   6464328000 |   6470736000 |   6463878000 |   6454207000 |   6454807000 |   6454768000 |   6453431000 |   6452917000 |   6454523000 |   6454026000 |   6453105000 |   6423909000 |   6424337000 |   6424353000 |   6424255000 |   6423206000 |   6424551000 |   6423763000 |   6424580000 |   6444448000 |   6445959000 |   6444866000 |   6445888000 |   6446170000 |   6446211000 |   6445973000 |   6445119000 |   6420853000 |   6420657000 |   6420996000 |   6424812000 |   6420504000 |   6421532000 |   6422209000 |   6420005000 |   6468620000 |   6468688000 |   6467937000 |   6467492000 |   6466859000 |   6467174000 |   6467249000 |   6467042000 |   6414879000 |   6415291000 |   6414247000 |   6415010000 |   6415825000 |   6415239000 |   6415023000 |   6413858000 |   6427657000 |   6426328000 |   6426078000 |   6426332000 |   6427220000 |   6426893000 |   6427527000 |   6427897000 |   6466203000 |   6467380000 |   6466197000 |   6467326000 |   6467883000 |   6467657000 |   6467623000 |   6467136000 |   6445058000 |   6445306000 |   6446300000 |   6445420000 |   6447000000 |   6446296000 |   6446640000 |   6446129000 |   6472784000 |   6470336000 |   6470440000 |   6470071000 |   6469457000 |   6469110000 |   6468975000 |   6470981000 |   6419988000 |   6419619000 |   6418825000 |   6419086000 |   6423869000 |   6419794000 |   6420191000 |   6420864000 |   6443385000 |   6443119000 |   6443274000 |   6443751000 |   6444166000 |   6443444000 |   6443348000 |   6443419000 |   6454277000 |   6454760000 |   6453213000 |   6454731000 |   6454871000 |   6454179000 |   6453229000 |   6453995000 |
| REQUESTS_TO_L2_GRP1_RD_ANY |   PMC2  | 2149153000 | 2148713000 | 2148484000 | 2148331000 | 2148633000 | 2148589000 | 2148735000 | 2148588000 | 2148729000 | 2148888000 |  2148558000 |  2148550000 |  2148704000 |  2148474000 |  2149101000 |  2149331000 |  2148688000 |  2148879000 |  2148861000 |  2148735000 |  2148629000 |  2149333000 |  2148745000 |  2148974000 |  2148567000 |  2148534000 |  2148387000 |  2148267000 |  2148499000 |  2148227000 |  2148251000 |  2148798000 |  2148915000 |  2149099000 |  2148895000 |  2149989000 |  2148710000 |  2149047000 |  2148778000 |  2149234000 |  2149098000 |  2149207000 |  2148747000 |  2148915000 |  2149141000 |  2149165000 |  2148827000 |  2149018000 |  2149476000 |  2149360000 |  2148789000 |  2148985000 |  2148938000 |  2148971000 |  2149116000 |  2149358000 |  2149239000 |  2149155000 |  2149238000 |  2149846000 |  2149258000 |  2149333000 |  2149406000 |  2154126000 |  2149005000 |  2148856000 |  2148767000 |  2148931000 |  2148805000 |  2149545000 |  2148820000 |  2149038000 |  2148976000 |  2149043000 |  2148697000 |  2148741000 |  2148869000 |  2148891000 |  2148872000 |  2149140000 |  2148975000 |  2149288000 |  2149168000 |  2149351000 |  2149432000 |  2149840000 |  2148913000 |  2149063000 |  2149200000 |  2149530000 |  2149128000 |  2149129000 |  2149253000 |  2149397000 |  2149370000 |  2152611000 |  2149072000 |  2149074000 |  2148968000 |  2149097000 |   2149234000 |   2149166000 |   2148779000 |   2149337000 |   2148742000 |   2148818000 |   2148664000 |   2148632000 |   2148829000 |   2149050000 |   2151182000 |   2149020000 |   2151206000 |   2151714000 |   2148794000 |   2148578000 |   2148785000 |   2149012000 |   2151129000 |   2148948000 |   2149280000 |   2149380000 |   2149733000 |   2149424000 |   2149585000 |   2149648000 |   2149788000 |   2156343000 |   2148927000 |   2148819000 |   2148771000 |   2148676000 |   2149612000 |   2148859000 |   2148684000 |   2149117000 |   2149666000 |   2148963000 |   2149051000 |   2148628000 |   2148628000 |   2148788000 |   2148623000 |   2149123000 |   2148973000 |   2149071000 |   2149055000 |   2148802000 |   2148730000 |   2148968000 |   2148981000 |   2148902000 |   2149277000 |   2149457000 |   2149489000 |   2149788000 |   2149927000 |   2149230000 |   2149245000 |   2154343000 |   2148883000 |   2149176000 |   2148787000 |   2148895000 |   2148949000 |   2148834000 |   2148807000 |   2149038000 |   2148712000 |   2149135000 |   2148993000 |   2148870000 |   2148609000 |   2149228000 |   2148794000 |   2149174000 |   2149192000 |   2149201000 |   2148861000 |   2148660000 |   2148718000 |   2149411000 |   2148937000 |   2148890000 |   2149062000 |   2149497000 |   2149046000 |   2148876000 |   2149306000 |   2149319000 |   2149357000 |   2151957000 |   2149030000 |   2148892000 |   2148903000 |   2148931000 |   2148759000 |   2149203000 |   2148862000 |   2149012000 |   2148972000 |   2149222000 |   2149427000 |   2148561000 |   2148633000 |   2148995000 |   2148740000 |   2149121000 |   2148896000 |   2148863000 |   2148812000 |   2148795000 |   2148782000 |   2148951000 |   2148954000 |   2148939000 |   2149287000 |   2149270000 |   2149717000 |   2149065000 |   2149329000 |   2149347000 |   2149322000 |   2152884000 |   2149000000 |   2149046000 |   2148729000 |   2148927000 |   2148857000 |   2149149000 |   2149179000 |   2149266000 |   2148870000 |   2149408000 |   2148888000 |   2148735000 |   2148981000 |   2148987000 |   2149105000 |   2149427000 |   2148889000 |   2149149000 |   2148772000 |   2148813000 |   2149199000 |   2148863000 |   2148754000 |   2149142000 |   2149406000 |   2149463000 |   2149064000 |   2149646000 |   2149165000 |   2149052000 |   2149231000 |   2152457000 |
|     L2_PF_HIT_IN_L2_ALL    |   PMC3  | 1231265000 |  978124900 | 1061781000 |  864057000 | 1107488000 |  857151000 | 1165276000 |  829631900 | 1175446000 | 1121398000 |  1114445000 |  1022032000 |  1124534000 |   799880500 |  1214717000 |  1144043000 |  1145576000 |  1090852000 |  1110354000 |  1069565000 |  1126795000 |  1068542000 |  1183348000 |  1099527000 |  1060329000 |   883884900 |  1008447000 |   829829900 |  1032987000 |   704845500 |   774301000 |  1046926000 |  1027300000 |  1008836000 |  1086214000 |   862631600 |   765982100 |   982243700 |   958778300 |  1061844000 |  1174478000 |  1091740000 |   918696100 |  1021569000 |  1113530000 |  1010809000 |   951404500 |   900675200 |  1226718000 |  1187353000 |   976598900 |  1087693000 |  1036328000 |   914654800 |  1249166000 |  1120271000 |  1054971000 |   894761800 |   930360200 |  1065860000 |   885731100 |  1004745000 |  1143554000 |  1436298000 |  1169343000 |   880301300 |   991348100 |  1049260000 |   930377200 |  1047920000 |  1003472000 |   900224200 |  1123401000 |   998110900 |   978242800 |   914822600 |  1065017000 |   884036600 |  1040060000 |   997765700 |  1102332000 |  1138910000 |  1027744000 |  1066246000 |  1090563000 |  1103393000 |  1000647000 |   980826400 |  1024970000 |  1143517000 |  1009784000 |  1008312000 |  1011515000 |  1046958000 |  1062873000 |  1461648000 |  1136915000 |  1005684000 |  1091571000 |  1058317000 |   1086597000 |    892257600 |    876332200 |   1067875000 |    788551500 |    887671900 |    818176100 |    829575800 |    953982400 |   1088242000 |    957883100 |   1009939000 |    988842200 |    962356000 |    960006700 |    774857300 |    822904900 |   1048398000 |   1052794000 |    901347300 |    897771400 |    907879800 |    970945000 |    926015100 |    813497100 |   1046207000 |    881567900 |   1232763000 |   1049995000 |    833924100 |    935683400 |    785993200 |    974913500 |    869750600 |    849011800 |    985456300 |   1015616000 |    945142000 |    894376400 |    856377000 |    749724100 |    785083300 |    795197000 |    988263500 |   1081091000 |    978382700 |   1219364000 |    853881900 |    817720200 |    898825400 |   1127190000 |    873804900 |   1022672000 |   1102471000 |    962351100 |    912898200 |   1048843000 |    882327700 |    937175100 |   1549035000 |   1015673000 |    989256300 |    977354300 |    947414400 |    978526000 |    867878200 |    996177300 |    948164500 |    841201900 |   1034961000 |    999201500 |   1000396000 |    758002600 |   1097709000 |    889657500 |    999383200 |   1172623000 |    879932500 |    959581300 |    783781500 |    799033600 |    905451200 |   1042514000 |    842878500 |   1033038000 |   1023323000 |    958725500 |    843365200 |   1220805000 |   1129629000 |   1052829000 |   1564320000 |    992033500 |    924105700 |   1014545000 |    929792300 |    838331300 |   1091291000 |    990241200 |    943077400 |   1072312000 |   1095353000 |   1155300000 |    781918000 |    773814500 |    910290200 |    897802400 |   1023055000 |   1022314000 |    927067900 |    865850800 |    904438000 |    812011600 |    902363100 |   1085192000 |    866025300 |   1117955000 |   1027802000 |   1019283000 |    995291800 |    967471600 |   1050538000 |   1093796000 |   1590411000 |   1103800000 |    980798700 |    853555100 |    960903900 |    995951400 |    958569200 |   1280424000 |   1036522000 |    946455400 |   1058427000 |   1054166000 |    879988900 |   1174459000 |    902338200 |   1131588000 |   1181093000 |    898019700 |   1005816000 |    977337600 |    918975800 |    954733200 |    860631100 |    896626200 |    986617400 |   1073494000 |   1000197000 |    952537100 |    869306000 |    947416400 |    800369100 |    989018200 |   1604056000 |
+----------------------------+---------+------------+------------+------------+------------+------------+------------+------------+------------+------------+------------+-------------+-------------+-------------+-------------+-------------+-------------+-------------+-------------+-------------+-------------+-------------+-------------+-------------+-------------+-------------+-------------+-------------+-------------+-------------+-------------+-------------+-------------+-------------+-------------+-------------+-------------+-------------+-------------+-------------+-------------+-------------+-------------+-------------+-------------+-------------+-------------+-------------+-------------+-------------+-------------+-------------+-------------+-------------+-------------+-------------+-------------+-------------+-------------+-------------+-------------+-------------+-------------+-------------+-------------+-------------+-------------+-------------+-------------+-------------+-------------+-------------+-------------+-------------+-------------+-------------+-------------+-------------+-------------+-------------+-------------+-------------+-------------+-------------+-------------+-------------+-------------+-------------+-------------+-------------+-------------+-------------+-------------+-------------+-------------+-------------+-------------+-------------+-------------+-------------+-------------+--------------+--------------+--------------+--------------+--------------+--------------+--------------+--------------+--------------+--------------+--------------+--------------+--------------+--------------+--------------+--------------+--------------+--------------+--------------+--------------+--------------+--------------+--------------+--------------+--------------+--------------+--------------+--------------+--------------+--------------+--------------+--------------+--------------+--------------+--------------+--------------+--------------+--------------+--------------+--------------+--------------+--------------+--------------+--------------+--------------+--------------+--------------+--------------+--------------+--------------+--------------+--------------+--------------+--------------+--------------+--------------+--------------+--------------+--------------+--------------+--------------+--------------+--------------+--------------+--------------+--------------+--------------+--------------+--------------+--------------+--------------+--------------+--------------+--------------+--------------+--------------+--------------+--------------+--------------+--------------+--------------+--------------+--------------+--------------+--------------+--------------+--------------+--------------+--------------+--------------+--------------+--------------+--------------+--------------+--------------+--------------+--------------+--------------+--------------+--------------+--------------+--------------+--------------+--------------+--------------+--------------+--------------+--------------+--------------+--------------+--------------+--------------+--------------+--------------+--------------+--------------+--------------+--------------+--------------+--------------+--------------+--------------+--------------+--------------+--------------+--------------+--------------+--------------+--------------+--------------+--------------+--------------+--------------+--------------+--------------+--------------+--------------+--------------+--------------+--------------+--------------+--------------+--------------+--------------+--------------+--------------+--------------+--------------+--------------+--------------+--------------+--------------+--------------+--------------+--------------+--------------+
+---------------------------------+---------+---------------+------------+------------+--------------+
|              Event              | Counter |      Sum      |     Min    |     Max    |      Avg     |
+---------------------------------+---------+---------------+------------+------------+--------------+
|      ACTUAL_CPU_CLOCK STAT      |  FIXC1  | 1671380254000 | 6497170000 | 6567233000 | 6.528829e+09 |
|        MAX_CPU_CLOCK STAT       |  FIXC2  | 1867344150000 | 7289861000 | 7298155000 | 7.294313e+09 |
|    RETIRED_INSTRUCTIONS STAT    |   PMC0  |  996223758000 | 3759124000 | 3959857000 | 3.891499e+09 |
|     CPU_CLOCKS_UNHALTED STAT    |   PMC1  | 1651316302000 | 6413858000 | 6476218000 | 6.450454e+09 |
| REQUESTS_TO_L2_GRP1_RD_ANY STAT |   PMC2  |  550189411000 | 2148227000 | 2156343000 | 2.149177e+09 |
|     L2_PF_HIT_IN_L2_ALL STAT    |   PMC3  |  256241430600 |  704845500 | 1604056000 | 1.000943e+09 |
+---------------------------------+---------+---------------+------------+------------+--------------+
+-------------------------------+------------+------------+------------+------------+------------+------------+------------+------------+------------+------------+-------------+-------------+-------------+-------------+-------------+-------------+-------------+-------------+-------------+-------------+-------------+-------------+-------------+-------------+-------------+-------------+-------------+-------------+-------------+-------------+-------------+-------------+-------------+-------------+-------------+-------------+-------------+-------------+-------------+-------------+-------------+-------------+-------------+-------------+-------------+-------------+-------------+-------------+-------------+-------------+-------------+-------------+-------------+-------------+-------------+-------------+-------------+-------------+-------------+-------------+-------------+-------------+-------------+-------------+-------------+-------------+-------------+-------------+-------------+-------------+-------------+-------------+-------------+-------------+-------------+-------------+-------------+-------------+-------------+-------------+-------------+-------------+-------------+-------------+-------------+-------------+-------------+-------------+-------------+-------------+-------------+-------------+-------------+-------------+-------------+-------------+-------------+-------------+-------------+-------------+--------------+--------------+--------------+--------------+--------------+--------------+--------------+--------------+--------------+--------------+--------------+--------------+--------------+--------------+--------------+--------------+--------------+--------------+--------------+--------------+--------------+--------------+--------------+--------------+--------------+--------------+--------------+--------------+--------------+--------------+--------------+--------------+--------------+--------------+--------------+--------------+--------------+--------------+--------------+--------------+--------------+--------------+--------------+--------------+--------------+--------------+--------------+--------------+--------------+--------------+--------------+--------------+--------------+--------------+--------------+--------------+--------------+--------------+--------------+--------------+--------------+--------------+--------------+--------------+--------------+--------------+--------------+--------------+--------------+--------------+--------------+--------------+--------------+--------------+--------------+--------------+--------------+--------------+--------------+--------------+--------------+--------------+--------------+--------------+--------------+--------------+--------------+--------------+--------------+--------------+--------------+--------------+--------------+--------------+--------------+--------------+--------------+--------------+--------------+--------------+--------------+--------------+--------------+--------------+--------------+--------------+--------------+--------------+--------------+--------------+--------------+--------------+--------------+--------------+--------------+--------------+--------------+--------------+--------------+--------------+--------------+--------------+--------------+--------------+--------------+--------------+--------------+--------------+--------------+--------------+--------------+--------------+--------------+--------------+--------------+--------------+--------------+--------------+--------------+--------------+--------------+--------------+--------------+--------------+--------------+--------------+--------------+--------------+--------------+--------------+--------------+--------------+--------------+--------------+--------------+--------------+
|             Metric            | HWThread 0 | HWThread 1 | HWThread 2 | HWThread 3 | HWThread 4 | HWThread 5 | HWThread 6 | HWThread 7 | HWThread 8 | HWThread 9 | HWThread 10 | HWThread 11 | HWThread 12 | HWThread 13 | HWThread 14 | HWThread 15 | HWThread 16 | HWThread 17 | HWThread 18 | HWThread 19 | HWThread 20 | HWThread 21 | HWThread 22 | HWThread 23 | HWThread 24 | HWThread 25 | HWThread 26 | HWThread 27 | HWThread 28 | HWThread 29 | HWThread 30 | HWThread 31 | HWThread 32 | HWThread 33 | HWThread 34 | HWThread 35 | HWThread 36 | HWThread 37 | HWThread 38 | HWThread 39 | HWThread 40 | HWThread 41 | HWThread 42 | HWThread 43 | HWThread 44 | HWThread 45 | HWThread 46 | HWThread 47 | HWThread 48 | HWThread 49 | HWThread 50 | HWThread 51 | HWThread 52 | HWThread 53 | HWThread 54 | HWThread 55 | HWThread 56 | HWThread 57 | HWThread 58 | HWThread 59 | HWThread 60 | HWThread 61 | HWThread 62 | HWThread 63 | HWThread 64 | HWThread 65 | HWThread 66 | HWThread 67 | HWThread 68 | HWThread 69 | HWThread 70 | HWThread 71 | HWThread 72 | HWThread 73 | HWThread 74 | HWThread 75 | HWThread 76 | HWThread 77 | HWThread 78 | HWThread 79 | HWThread 80 | HWThread 81 | HWThread 82 | HWThread 83 | HWThread 84 | HWThread 85 | HWThread 86 | HWThread 87 | HWThread 88 | HWThread 89 | HWThread 90 | HWThread 91 | HWThread 92 | HWThread 93 | HWThread 94 | HWThread 95 | HWThread 96 | HWThread 97 | HWThread 98 | HWThread 99 | HWThread 100 | HWThread 101 | HWThread 102 | HWThread 103 | HWThread 104 | HWThread 105 | HWThread 106 | HWThread 107 | HWThread 108 | HWThread 109 | HWThread 110 | HWThread 111 | HWThread 112 | HWThread 113 | HWThread 114 | HWThread 115 | HWThread 116 | HWThread 117 | HWThread 118 | HWThread 119 | HWThread 120 | HWThread 121 | HWThread 122 | HWThread 123 | HWThread 124 | HWThread 125 | HWThread 126 | HWThread 127 | HWThread 128 | HWThread 129 | HWThread 130 | HWThread 131 | HWThread 132 | HWThread 133 | HWThread 134 | HWThread 135 | HWThread 136 | HWThread 137 | HWThread 138 | HWThread 139 | HWThread 140 | HWThread 141 | HWThread 142 | HWThread 143 | HWThread 144 | HWThread 145 | HWThread 146 | HWThread 147 | HWThread 148 | HWThread 149 | HWThread 150 | HWThread 151 | HWThread 152 | HWThread 153 | HWThread 154 | HWThread 155 | HWThread 156 | HWThread 157 | HWThread 158 | HWThread 159 | HWThread 160 | HWThread 161 | HWThread 162 | HWThread 163 | HWThread 164 | HWThread 165 | HWThread 166 | HWThread 167 | HWThread 168 | HWThread 169 | HWThread 170 | HWThread 171 | HWThread 172 | HWThread 173 | HWThread 174 | HWThread 175 | HWThread 176 | HWThread 177 | HWThread 178 | HWThread 179 | HWThread 180 | HWThread 181 | HWThread 182 | HWThread 183 | HWThread 184 | HWThread 185 | HWThread 186 | HWThread 187 | HWThread 188 | HWThread 189 | HWThread 190 | HWThread 191 | HWThread 192 | HWThread 193 | HWThread 194 | HWThread 195 | HWThread 196 | HWThread 197 | HWThread 198 | HWThread 199 | HWThread 200 | HWThread 201 | HWThread 202 | HWThread 203 | HWThread 204 | HWThread 205 | HWThread 206 | HWThread 207 | HWThread 208 | HWThread 209 | HWThread 210 | HWThread 211 | HWThread 212 | HWThread 213 | HWThread 214 | HWThread 215 | HWThread 216 | HWThread 217 | HWThread 218 | HWThread 219 | HWThread 220 | HWThread 221 | HWThread 222 | HWThread 223 | HWThread 224 | HWThread 225 | HWThread 226 | HWThread 227 | HWThread 228 | HWThread 229 | HWThread 230 | HWThread 231 | HWThread 232 | HWThread 233 | HWThread 234 | HWThread 235 | HWThread 236 | HWThread 237 | HWThread 238 | HWThread 239 | HWThread 240 | HWThread 241 | HWThread 242 | HWThread 243 | HWThread 244 | HWThread 245 | HWThread 246 | HWThread 247 | HWThread 248 | HWThread 249 | HWThread 250 | HWThread 251 | HWThread 252 | HWThread 253 | HWThread 254 | HWThread 255 |
+-------------------------------+------------+------------+------------+------------+------------+------------+------------+------------+------------+------------+-------------+-------------+-------------+-------------+-------------+-------------+-------------+-------------+-------------+-------------+-------------+-------------+-------------+-------------+-------------+-------------+-------------+-------------+-------------+-------------+-------------+-------------+-------------+-------------+-------------+-------------+-------------+-------------+-------------+-------------+-------------+-------------+-------------+-------------+-------------+-------------+-------------+-------------+-------------+-------------+-------------+-------------+-------------+-------------+-------------+-------------+-------------+-------------+-------------+-------------+-------------+-------------+-------------+-------------+-------------+-------------+-------------+-------------+-------------+-------------+-------------+-------------+-------------+-------------+-------------+-------------+-------------+-------------+-------------+-------------+-------------+-------------+-------------+-------------+-------------+-------------+-------------+-------------+-------------+-------------+-------------+-------------+-------------+-------------+-------------+-------------+-------------+-------------+-------------+-------------+--------------+--------------+--------------+--------------+--------------+--------------+--------------+--------------+--------------+--------------+--------------+--------------+--------------+--------------+--------------+--------------+--------------+--------------+--------------+--------------+--------------+--------------+--------------+--------------+--------------+--------------+--------------+--------------+--------------+--------------+--------------+--------------+--------------+--------------+--------------+--------------+--------------+--------------+--------------+--------------+--------------+--------------+--------------+--------------+--------------+--------------+--------------+--------------+--------------+--------------+--------------+--------------+--------------+--------------+--------------+--------------+--------------+--------------+--------------+--------------+--------------+--------------+--------------+--------------+--------------+--------------+--------------+--------------+--------------+--------------+--------------+--------------+--------------+--------------+--------------+--------------+--------------+--------------+--------------+--------------+--------------+--------------+--------------+--------------+--------------+--------------+--------------+--------------+--------------+--------------+--------------+--------------+--------------+--------------+--------------+--------------+--------------+--------------+--------------+--------------+--------------+--------------+--------------+--------------+--------------+--------------+--------------+--------------+--------------+--------------+--------------+--------------+--------------+--------------+--------------+--------------+--------------+--------------+--------------+--------------+--------------+--------------+--------------+--------------+--------------+--------------+--------------+--------------+--------------+--------------+--------------+--------------+--------------+--------------+--------------+--------------+--------------+--------------+--------------+--------------+--------------+--------------+--------------+--------------+--------------+--------------+--------------+--------------+--------------+--------------+--------------+--------------+--------------+--------------+--------------+--------------+
|      Runtime (RDTSC) [s]      |     2.7020 |     2.7016 |     2.7016 |     2.7015 |     2.7014 |     2.7015 |     2.7020 |     2.7020 |     2.7020 |     2.7024 |      2.7019 |      2.7019 |      2.7017 |      2.7019 |      2.7027 |      2.7027 |      2.7027 |      2.7021 |      2.7027 |      2.7021 |      2.7021 |      2.7027 |      2.7016 |      2.7027 |      2.7027 |      2.7019 |      2.7020 |      2.7015 |      2.7027 |      2.7017 |      2.7027 |      2.7022 |      2.7014 |      2.7020 |      2.7019 |      2.7020 |      2.7016 |      2.7017 |      2.7019 |      2.7020 |      2.7019 |      2.7018 |      2.7018 |      2.7014 |      2.7019 |      2.7014 |      2.7019 |      2.7018 |      2.7018 |      2.7022 |      2.7022 |      2.7019 |      2.7014 |      2.7019 |      2.7019 |      2.7014 |      2.7015 |      2.7020 |      2.7014 |      2.7019 |      2.7015 |      2.7019 |      2.7016 |      2.7016 |      2.7022 |      2.7015 |      2.7024 |      2.7022 |      2.7015 |      2.7026 |      2.7027 |      2.7016 |      2.7024 |      2.7021 |      2.7024 |      2.7017 |      2.7017 |      2.7051 |      2.7027 |      2.7016 |      2.7026 |      2.7014 |      2.7022 |      2.7016 |      2.7017 |      2.7022 |      2.7024 |      2.7022 |      2.7014 |      2.7022 |      2.7022 |      2.7014 |      2.7014 |      2.7027 |      2.7022 |      2.7051 |      2.7015 |      2.7020 |      2.7022 |      2.7022 |       2.7014 |       2.7016 |       2.7016 |       2.7024 |       2.7015 |       2.7027 |       2.7020 |       2.7014 |       2.7017 |       2.7017 |       2.7016 |       2.7017 |       2.7017 |       2.7017 |       2.7019 |       2.7014 |       2.7016 |       2.7015 |       2.7019 |       2.7017 |       2.7019 |       2.7016 |       2.7014 |       2.7019 |       2.7016 |       2.7014 |       2.7022 |       2.7027 |       2.7018 |       2.7022 |       2.7019 |       2.7021 |       2.7014 |       2.7021 |       2.7014 |       2.7016 |       2.7019 |       2.7019 |       2.7014 |       2.7018 |       2.7019 |       2.7019 |       2.7020 |       2.7019 |       2.7015 |       2.7051 |       2.7014 |       2.7018 |       2.7050 |       2.7022 |       2.7050 |       2.7018 |       2.7022 |       2.7019 |       2.7022 |       2.7015 |       2.7015 |       2.7019 |       2.7019 |       2.7015 |       2.7017 |       2.7019 |       2.7018 |       2.7019 |       2.7014 |       2.7019 |       2.7016 |       2.7019 |       2.7014 |       2.7019 |       2.7014 |       2.7020 |       2.7019 |       2.7019 |       2.7019 |       2.7015 |       2.7019 |       2.7019 |       2.7020 |       2.7035 |       2.7015 |       2.7019 |       2.7019 |       2.7014 |       2.7024 |       2.7024 |       2.7019 |       2.7020 |       2.7019 |       2.7025 |       2.7017 |       2.7014 |       2.7020 |       2.7020 |       2.7016 |       2.7020 |       2.7020 |       2.7019 |       2.7020 |       2.7014 |       2.7022 |       2.7015 |       2.7016 |       2.7015 |       2.7019 |       2.7019 |       2.7021 |       2.7020 |       2.7015 |       2.7021 |       2.7014 |       2.7021 |       2.7021 |       2.7021 |       2.7020 |       2.7020 |       2.7014 |       2.7014 |       2.7020 |       2.7015 |       2.7022 |       2.7019 |       2.7021 |       2.7020 |       2.7027 |       2.7019 |       2.7021 |       2.7016 |       2.7014 |       2.7014 |       2.7015 |       2.7022 |       2.7021 |       2.7019 |       2.7014 |       2.7014 |       2.7037 |       2.7019 |       2.7019 |       2.7022 |       2.7017 |       2.7014 |       2.7017 |       2.7017 |       2.7019 |       2.7017 |       2.7017 |       2.7015 |       2.7019 |       2.7019 |       2.7014 |       2.7019 |       2.7019 |       2.7016 |       2.7014 |       2.7019 |
|      Runtime unhalted [s]     |     2.4201 |     2.4195 |     2.4195 |     2.4194 |     2.4199 |     2.4200 |     2.4201 |     2.4201 |     2.4102 |     2.4107 |      2.4103 |      2.4107 |      2.4097 |      2.4102 |      2.4108 |      2.4108 |      2.4270 |      2.4268 |      2.4272 |      2.4271 |      2.4268 |      2.4270 |      2.4266 |      2.4269 |      2.4177 |      2.4176 |      2.4175 |      2.4171 |      2.4176 |      2.4167 |      2.4178 |      2.4173 |      2.4105 |      2.4108 |      2.4106 |      2.4107 |      2.4103 |      2.4105 |      2.4111 |      2.4110 |      2.4204 |      2.4205 |      2.4199 |      2.4201 |      2.4204 |      2.4197 |      2.4207 |      2.4205 |      2.4237 |      2.4237 |      2.4236 |      2.4233 |      2.4229 |      2.4234 |      2.4237 |      2.4231 |      2.4149 |      2.4159 |      2.4151 |      2.4157 |      2.4149 |      2.4156 |      2.4151 |      2.4150 |      2.4121 |      2.4112 |      2.4125 |      2.4123 |      2.4119 |      2.4118 |      2.4123 |      2.4117 |      2.4224 |      2.4228 |      2.4227 |      2.4222 |      2.4220 |      2.4230 |      2.4226 |      2.4219 |      2.4233 |      2.4226 |      2.4230 |      2.4227 |      2.4227 |      2.4233 |      2.4233 |      2.4233 |      2.4189 |      2.4188 |      2.4189 |      2.4187 |      2.4187 |      2.4192 |      2.4192 |      2.4195 |      2.4257 |      2.4259 |      2.4260 |      2.4261 |       2.4258 |       2.4256 |       2.4255 |       2.4264 |       2.4199 |       2.4207 |       2.4205 |       2.4201 |       2.4200 |       2.4201 |       2.4196 |       2.4199 |       2.4239 |       2.4240 |       2.4247 |       2.4242 |       2.4243 |       2.4241 |       2.4248 |       2.4244 |       2.4165 |       2.4161 |       2.4161 |       2.4164 |       2.4161 |       2.4159 |       2.4163 |       2.4165 |       2.4171 |       2.4170 |       2.4173 |       2.4169 |       2.4168 |       2.4171 |       2.4167 |       2.4168 |       2.4266 |       2.4266 |       2.4259 |       2.4266 |       2.4267 |       2.4266 |       2.4268 |       2.4266 |       2.4322 |       2.4335 |       2.4330 |       2.4329 |       2.4335 |       2.4329 |       2.4334 |       2.4336 |       2.4248 |       2.4254 |       2.4250 |       2.4244 |       2.4244 |       2.4248 |       2.4255 |       2.4244 |       2.4177 |       2.4178 |       2.4177 |       2.4178 |       2.4172 |       2.4181 |       2.4172 |       2.4182 |       2.4260 |       2.4260 |       2.4252 |       2.4260 |       2.4257 |       2.4260 |       2.4260 |       2.4258 |       2.4163 |       2.4163 |       2.4161 |       2.4160 |       2.4152 |       2.4158 |       2.4157 |       2.4154 |       2.4297 |       2.4291 |       2.4289 |       2.4291 |       2.4294 |       2.4292 |       2.4286 |       2.4285 |       2.4145 |       2.4145 |       2.4140 |       2.4147 |       2.4150 |       2.4149 |       2.4147 |       2.4141 |       2.4186 |       2.4183 |       2.4184 |       2.4174 |       2.4188 |       2.4188 |       2.4186 |       2.4189 |       2.4333 |       2.4339 |       2.4334 |       2.4339 |       2.4339 |       2.4341 |       2.4339 |       2.4339 |       2.4214 |       2.4215 |       2.4222 |       2.4214 |       2.4223 |       2.4222 |       2.4223 |       2.4222 |       2.4357 |       2.4352 |       2.4351 |       2.4349 |       2.4349 |       2.4352 |       2.4350 |       2.4352 |       2.4169 |       2.4171 |       2.4168 |       2.4165 |       2.4174 |       2.4170 |       2.4173 |       2.4170 |       2.4248 |       2.4246 |       2.4248 |       2.4250 |       2.4249 |       2.4245 |       2.4245 |       2.4247 |       2.4226 |       2.4222 |       2.4222 |       2.4224 |       2.4224 |       2.4221 |       2.4220 |       2.4227 |
|          Clock [MHz]          |  2412.0113 |  2411.9189 |  2411.9084 |  2411.8779 |  2412.0708 |  2412.0855 |  2411.9818 |  2411.9684 |  2402.1287 |  2401.7278 |   2402.1993 |   2402.2848 |   2402.0475 |   2402.1526 |   2401.7397 |   2401.7765 |   2418.1163 |   2418.3217 |   2418.0919 |   2418.6705 |   2418.3212 |   2418.1239 |   2418.5656 |   2417.8734 |   2409.0146 |   2409.1245 |   2408.9634 |   2408.9915 |   2408.6155 |   2408.8321 |   2408.9673 |   2409.1629 |   2402.5510 |   2402.6623 |   2402.5110 |   2402.5143 |   2402.5909 |   2402.5552 |   2402.5946 |   2402.6356 |   2412.3303 |   2412.4178 |   2412.7897 |   2412.5861 |   2412.3053 |   2413.0114 |   2412.2738 |   2412.3884 |   2415.4090 |   2415.1715 |   2415.1722 |   2415.2483 |   2415.4311 |   2415.2966 |   2415.2131 |   2415.5041 |   2407.9133 |   2407.5315 |   2408.0529 |   2407.5933 |   2407.9245 |   2407.5883 |   2408.1282 |   2407.8034 |   2403.6219 |   2404.4215 |   2403.6135 |   2403.8370 |   2403.8907 |   2404.0625 |   2403.4009 |   2403.6823 |   2413.7342 |   2414.1636 |   2413.6406 |   2414.0856 |   2413.9036 |   2413.6856 |   2413.6390 |   2413.9087 |   2414.3373 |   2414.4511 |   2414.7133 |   2414.7065 |   2414.7110 |   2414.7486 |   2414.2506 |   2414.2569 |   2411.0219 |   2410.8078 |   2410.8511 |   2411.1268 |   2410.7734 |   2410.6546 |   2410.7771 |   2410.4613 |   2417.6126 |   2417.6932 |   2417.6053 |   2417.6028 |    2417.8413 |    2417.6691 |    2417.4611 |    2417.3700 |    2411.8867 |    2411.9071 |    2411.9751 |    2412.1128 |    2411.8968 |    2412.0857 |    2412.0235 |    2411.8499 |    2416.2487 |    2416.2530 |    2416.2268 |    2416.0961 |    2416.3501 |    2416.1381 |    2416.2215 |    2416.3327 |    2409.0667 |    2409.1379 |    2409.1698 |    2408.9316 |    2408.5304 |    2409.2700 |    2408.9773 |    2408.7928 |    2409.1279 |    2409.1096 |    2409.2142 |    2409.0355 |    2409.3603 |    2409.1068 |    2409.7216 |    2409.7589 |    2418.0283 |    2418.0593 |    2417.9612 |    2418.2718 |    2418.0795 |    2418.0797 |    2418.2581 |    2418.0790 |    2425.5277 |    2425.1303 |    2424.9703 |    2425.5363 |    2424.6272 |    2425.4603 |    2425.1328 |    2425.0012 |    2417.3858 |    2416.9054 |    2416.9083 |    2417.6658 |    2417.3442 |    2417.4614 |    2417.1573 |    2417.3411 |    2409.6464 |    2409.7389 |    2409.6595 |    2409.7318 |    2409.6645 |    2409.6804 |    2409.7052 |    2409.9588 |    2418.0036 |    2417.8771 |    2418.5516 |    2417.8889 |    2418.4105 |    2417.8960 |    2417.8737 |    2418.3615 |    2407.9561 |    2407.9709 |    2407.7001 |    2407.6559 |    2408.1157 |    2407.7474 |    2408.1706 |    2407.8781 |    2420.5905 |    2421.0455 |    2421.3784 |    2420.9646 |    2420.8898 |    2421.0220 |    2420.9338 |    2421.4765 |    2406.4320 |    2406.4353 |    2406.3647 |    2406.3635 |    2406.3975 |    2406.4009 |    2406.5179 |    2406.5619 |    2410.1821 |    2410.4085 |    2410.4020 |    2410.7632 |    2410.2828 |    2410.4423 |    2410.1908 |    2410.5155 |    2425.6537 |    2425.7080 |    2425.8319 |    2425.6636 |    2425.7071 |    2425.5773 |    2425.6886 |    2425.6908 |    2413.5178 |    2413.9020 |    2413.8784 |    2413.5266 |    2413.8339 |    2413.6467 |    2413.6184 |    2413.8877 |    2426.9643 |    2427.0772 |    2427.0221 |    2427.2722 |    2427.2804 |    2427.2003 |    2427.3445 |    2427.1263 |    2408.5297 |    2408.6498 |    2408.6290 |    2408.5338 |    2408.1829 |    2408.5724 |    2408.7900 |    2408.5445 |    2416.7668 |    2417.0459 |    2416.8125 |    2417.0594 |    2416.8731 |    2416.8588 |    2416.8770 |    2416.9987 |    2414.1739 |    2414.0274 |    2414.3260 |    2413.8556 |    2413.9170 |    2414.0748 |    2414.0713 |    2414.1387 |
|              CPI              |     1.6604 |     1.6518 |     1.6558 |     1.6481 |     1.6563 |     1.6470 |     1.6580 |     1.6441 |     1.6572 |     1.6563 |      1.6556 |      1.6529 |      1.6552 |      1.6408 |      1.6582 |      1.6572 |      1.6655 |      1.6645 |      1.6642 |      1.6645 |      1.6645 |      1.6647 |      1.6661 |      1.6652 |      1.6438 |      1.6377 |      1.6422 |      1.6364 |      1.6431 |      1.6290 |      1.6314 |      1.6451 |      1.6475 |      1.6490 |      1.6508 |      1.6464 |      1.6365 |      1.6486 |      1.6458 |      1.6513 |      1.6605 |      1.6592 |      1.6506 |      1.6574 |      1.6586 |      1.6565 |      1.6512 |      1.6497 |      1.6692 |      1.6690 |      1.6607 |      1.6664 |      1.6630 |      1.6587 |      1.6697 |      1.6668 |      1.6646 |      1.6566 |      1.6598 |      1.6663 |      1.6629 |      1.6643 |      1.6699 |      1.6813 |      1.6577 |      1.6454 |      1.6516 |      1.6558 |      1.6497 |      1.6555 |      1.6513 |      1.6475 |      1.6616 |      1.6576 |      1.6569 |      1.6551 |      1.6600 |      1.6551 |      1.6582 |      1.6576 |      1.6627 |      1.6668 |      1.6617 |      1.6646 |      1.6631 |      1.6663 |      1.6584 |      1.6603 |      1.6690 |      1.6748 |      1.6686 |      1.6694 |      1.6731 |      1.6713 |      1.6724 |      1.6885 |      1.6649 |      1.6623 |      1.6639 |      1.6648 |       1.6634 |       1.6575 |       1.6532 |       1.6643 |       1.6757 |       1.6813 |       1.6779 |       1.6795 |       1.6948 |       1.6929 |       1.7000 |       1.6899 |       1.7004 |       1.6968 |       1.6885 |       1.6779 |       1.6896 |       1.6956 |       1.7127 |       1.6873 |       1.6905 |       1.6907 |       1.6969 |       1.6949 |       1.6961 |       1.7006 |       1.6953 |       1.7190 |       1.6443 |       1.6362 |       1.6419 |       1.6352 |       1.6431 |       1.6402 |       1.6356 |       1.6435 |       1.6497 |       1.6464 |       1.6439 |       1.6439 |       1.6358 |       1.6386 |       1.6368 |       1.6468 |       1.6587 |       1.6563 |       1.6625 |       1.6503 |       1.6488 |       1.6536 |       1.6594 |       1.6501 |       1.6639 |       1.6669 |       1.6621 |       1.6601 |       1.6679 |       1.6574 |       1.6606 |       1.6813 |       1.6457 |       1.6453 |       1.6439 |       1.6443 |       1.6445 |       1.6420 |       1.6452 |       1.6447 |       1.6401 |       1.6501 |       1.6468 |       1.6506 |       1.6378 |       1.6546 |       1.6418 |       1.6498 |       1.6474 |       1.6370 |       1.6402 |       1.6344 |       1.6342 |       1.6404 |       1.6434 |       1.6351 |       1.6671 |       1.6673 |       1.6629 |       1.6582 |       1.6767 |       1.6717 |       1.6701 |       1.6845 |       1.6439 |       1.6424 |       1.6428 |       1.6425 |       1.6365 |       1.6497 |       1.6442 |       1.6433 |       1.6480 |       1.6508 |       1.6510 |       1.6379 |       1.6364 |       1.6438 |       1.6400 |       1.6478 |       1.6508 |       1.6497 |       1.6460 |       1.6485 |       1.6436 |       1.6484 |       1.6528 |       1.6455 |       1.6663 |       1.6641 |       1.6633 |       1.6621 |       1.6665 |       1.6651 |       1.6689 |       1.6819 |       1.6610 |       1.6573 |       1.6490 |       1.6559 |       1.6589 |       1.6570 |       1.6661 |       1.6599 |       1.6442 |       1.6502 |       1.6485 |       1.6432 |       1.6547 |       1.6471 |       1.6521 |       1.6574 |       1.6420 |       1.6482 |       1.6457 |       1.6460 |       1.6477 |       1.6448 |       1.6419 |       1.6484 |       1.6584 |       1.6573 |       1.6552 |       1.6529 |       1.6591 |       1.6473 |       1.6560 |       1.6746 |
|    L2 bandwidth [MBytes/s]    | 50905.6871 | 50901.8775 | 50896.4526 | 50894.9003 | 50903.2419 | 50902.1618 | 50895.0704 | 50891.4002 | 50896.0019 | 50892.0833 |  50892.4789 |  50892.2894 |  50900.4396 |  50890.2632 |  50890.8944 |  50895.9642 |  50881.0580 |  50895.9759 |  50885.2300 |  50893.7142 |  50890.1489 |  50896.7271 |  50902.4094 |  50887.5858 |  50879.0211 |  50892.3813 |  50887.4303 |  50894.4768 |  50875.9425 |  50888.5373 |  50871.5569 |  50893.7749 |  50909.9416 |  50903.1269 |  50900.0281 |  50925.4889 |  50901.5615 |  50908.5272 |  50897.6335 |  50907.3984 |  50905.9481 |  50909.5663 |  50898.6700 |  50910.1489 |  50907.5695 |  50915.9398 |  50899.7172 |  50905.0705 |  50915.9759 |  50906.6902 |  50893.2039 |  50903.3656 |  50910.6750 |  50903.1282 |  50906.5628 |  50920.6629 |  50916.5620 |  50905.7156 |  50917.8577 |  50922.9687 |  50916.8802 |  50911.2884 |  50919.2743 |  51030.6375 |  50898.7530 |  50908.3931 |  50888.8222 |  50896.8873 |  50905.9789 |  50902.6891 |  50883.8637 |  50909.0489 |  50893.9791 |  50901.3673 |  50887.4092 |  50901.7683 |  50904.8005 |  50841.3762 |  50885.4716 |  50911.5406 |  50889.0781 |  50918.9669 |  50902.5383 |  50917.5945 |  50917.2328 |  50918.4545 |  50892.6565 |  50899.0531 |  50917.0328 |  50911.1687 |  50901.6474 |  50915.2000 |  50917.9303 |  50898.6005 |  50907.4168 |  50928.9183 |  50911.7954 |  50903.0058 |  50897.8579 |  50900.5553 |   50917.7252 |   50913.5511 |   50903.2526 |   50902.9053 |   50903.9399 |   50884.1929 |   50894.2739 |   50903.3501 |   50903.0993 |   50908.3345 |   50961.3288 |   50907.3223 |   50959.7281 |   50971.7243 |   50898.0125 |   50901.9578 |   50904.7890 |   50911.0524 |   50953.3211 |   50905.6544 |   50909.2605 |   50917.2449 |   50929.3209 |   50914.4050 |   50922.1012 |   50927.4579 |   50917.3359 |   51062.4989 |   50903.1033 |   50894.3665 |   50898.2024 |   50892.1284 |   50926.6616 |   50895.4269 |   50904.7140 |   50912.4280 |   50918.9312 |   50902.3547 |   50913.2767 |   50895.6251 |   50893.7038 |   50897.5501 |   50893.3970 |   50906.1446 |   50910.1850 |   50844.4508 |   50913.3149 |   50899.6902 |   50839.6156 |   50897.2174 |   50845.5544 |   50902.0590 |   50905.2330 |   50914.7344 |   50910.2353 |   50929.4550 |   50932.2012 |   50909.3385 |   50909.6562 |   51037.2895 |   50903.7567 |   50907.1927 |   50899.7682 |   50900.6498 |   50910.7283 |   50899.2049 |   50905.0652 |   50903.9805 |   50905.3585 |   50906.4665 |   50912.1099 |   50899.2287 |   50893.2914 |   50908.0288 |   50897.7676 |   50915.0787 |   50907.7790 |   50907.3704 |   50899.0532 |   50864.7179 |   50904.5019 |   50912.3823 |   50901.1548 |   50909.6509 |   50896.3925 |   50906.5062 |   50903.7743 |   50899.1636 |   50909.8952 |   50900.1811 |   50915.5692 |   50982.0285 |   50902.9997 |   50899.6368 |   50906.2654 |   50900.4475 |   50895.2433 |   50907.6439 |   50899.0204 |   50912.4281 |   50897.5570 |   50916.2912 |   50919.9038 |   50899.7462 |   50894.3873 |   50903.9416 |   50892.8344 |   50905.1363 |   50908.2666 |   50897.2734 |   50907.7087 |   50895.1730 |   50895.3548 |   50899.3577 |   50901.0488 |   50900.6747 |   50918.7358 |   50918.6158 |   50919.0462 |   50913.4199 |   50905.6922 |   50911.3374 |   50906.7698 |   50994.1554 |   50888.3144 |   50904.7163 |   50892.4797 |   50908.0022 |   50908.5299 |   50915.5984 |   50915.0275 |   50904.8782 |   50895.9511 |   50913.2722 |   50909.6035 |   50905.7149 |   50868.4785 |   50903.4507 |   50906.8298 |   50908.6727 |   50904.8974 |   50915.5607 |   50902.1070 |   50902.9652 |   50908.4912 |   50904.2627 |   50901.6994 |   50914.3960 |   50912.3015 |   50913.5009 |   50913.5093 |   50919.4186 |   50906.4612 |   50909.9270 |   50917.4657 |   50985.5320 |
|    L2 data volume [GBytes]    |   137.5458 |   137.5176 |   137.5030 |   137.4932 |   137.5125 |   137.5097 |   137.5190 |   137.5096 |   137.5187 |   137.5288 |    137.5077 |    137.5072 |    137.5171 |    137.5023 |    137.5425 |    137.5572 |    137.5160 |    137.5283 |    137.5271 |    137.5190 |    137.5123 |    137.5573 |    137.5197 |    137.5343 |    137.5083 |    137.5062 |    137.4968 |    137.4891 |    137.5039 |    137.4865 |    137.4881 |    137.5231 |    137.5306 |    137.5423 |    137.5293 |    137.5993 |    137.5174 |    137.5390 |    137.5218 |    137.5510 |    137.5423 |    137.5492 |    137.5198 |    137.5306 |    137.5450 |    137.5466 |    137.5249 |    137.5372 |    137.5665 |    137.5590 |    137.5225 |    137.5350 |    137.5320 |    137.5341 |    137.5434 |    137.5589 |    137.5513 |    137.5459 |    137.5512 |    137.5901 |    137.5525 |    137.5573 |    137.5620 |    137.8641 |    137.5363 |    137.5268 |    137.5211 |    137.5316 |    137.5235 |    137.5709 |    137.5245 |    137.5384 |    137.5345 |    137.5388 |    137.5166 |    137.5194 |    137.5276 |    137.5290 |    137.5278 |    137.5450 |    137.5344 |    137.5544 |    137.5468 |    137.5585 |    137.5636 |    137.5898 |    137.5304 |    137.5400 |    137.5488 |    137.5699 |    137.5442 |    137.5443 |    137.5522 |    137.5614 |    137.5597 |    137.7671 |    137.5406 |    137.5407 |    137.5340 |    137.5422 |     137.5510 |     137.5466 |     137.5219 |     137.5576 |     137.5195 |     137.5244 |     137.5145 |     137.5124 |     137.5251 |     137.5392 |     137.6756 |     137.5373 |     137.6772 |     137.7097 |     137.5228 |     137.5090 |     137.5222 |     137.5368 |     137.6723 |     137.5327 |     137.5539 |     137.5603 |     137.5829 |     137.5631 |     137.5734 |     137.5775 |     137.5864 |     138.0060 |     137.5313 |     137.5244 |     137.5213 |     137.5153 |     137.5752 |     137.5270 |     137.5158 |     137.5435 |     137.5786 |     137.5336 |     137.5393 |     137.5122 |     137.5122 |     137.5224 |     137.5119 |     137.5439 |     137.5343 |     137.5405 |     137.5395 |     137.5233 |     137.5187 |     137.5340 |     137.5348 |     137.5297 |     137.5537 |     137.5652 |     137.5673 |     137.5864 |     137.5953 |     137.5507 |     137.5517 |     137.8780 |     137.5285 |     137.5473 |     137.5224 |     137.5293 |     137.5327 |     137.5254 |     137.5236 |     137.5384 |     137.5176 |     137.5446 |     137.5356 |     137.5277 |     137.5110 |     137.5506 |     137.5228 |     137.5471 |     137.5483 |     137.5489 |     137.5271 |     137.5142 |     137.5180 |     137.5623 |     137.5320 |     137.5290 |     137.5400 |     137.5678 |     137.5389 |     137.5281 |     137.5556 |     137.5564 |     137.5588 |     137.7252 |     137.5379 |     137.5291 |     137.5298 |     137.5316 |     137.5206 |     137.5490 |     137.5272 |     137.5368 |     137.5342 |     137.5502 |     137.5633 |     137.5079 |     137.5125 |     137.5357 |     137.5194 |     137.5437 |     137.5293 |     137.5272 |     137.5240 |     137.5229 |     137.5220 |     137.5329 |     137.5331 |     137.5321 |     137.5544 |     137.5533 |     137.5819 |     137.5402 |     137.5571 |     137.5582 |     137.5566 |     137.7846 |     137.5360 |     137.5389 |     137.5187 |     137.5313 |     137.5268 |     137.5455 |     137.5475 |     137.5530 |     137.5277 |     137.5621 |     137.5288 |     137.5190 |     137.5348 |     137.5352 |     137.5427 |     137.5633 |     137.5289 |     137.5455 |     137.5214 |     137.5240 |     137.5487 |     137.5272 |     137.5203 |     137.5451 |     137.5620 |     137.5656 |     137.5401 |     137.5773 |     137.5466 |     137.5393 |     137.5508 |     137.7572 |
| Prefetch bandwidth [MBytes/s] | 29164.2293 | 23171.2629 | 25153.0318 | 20469.8880 | 26237.4866 | 20306.7403 | 27600.7996 | 19650.6399 | 27842.2741 | 26558.0525 |  26397.6438 |  24208.6748 |  26638.9763 |  18946.5310 |  28764.6018 |  27090.8350 |  27127.3070 |  25836.7163 |  26293.2868 |  25333.1078 |  26688.0719 |  25303.3339 |  28032.7654 |  26036.7387 |  25109.0618 |  20936.6049 |  23886.4210 |  19659.4551 |  24460.8851 |  16696.8186 |  18335.7984 |  24796.1959 |  24337.7626 |  23895.0867 |  25728.7225 |  20432.6329 |  18145.6246 |  23268.2580 |  22710.3714 |  25151.1541 |  27820.0045 |  25860.7058 |  21761.7102 |  24202.0880 |  26376.6342 |  23947.1098 |  22536.1186 |  21334.8304 |  29058.0328 |  28121.9578 |  23130.3525 |  25764.3652 |  24551.7358 |  21665.6207 |  29589.2579 |  26540.4563 |  24992.7981 |  21193.6737 |  22041.2762 |  25246.8109 |  20983.3646 |  23799.4124 |  27090.7124 |  34025.4946 |  27695.6548 |  20855.1548 |  23477.9002 |  24851.4578 |  22040.9772 |  24815.4590 |  23762.1264 |  21325.6154 |  26605.3911 |  23640.8529 |  23167.6414 |  21671.3359 |  25229.3080 |  20915.7362 |  24628.7092 |  23636.3331 |  26103.9143 |  26982.0148 |  24341.8748 |  25259.1045 |  25834.0111 |  26133.6035 |  23698.2996 |  23230.1868 |  24282.7243 |  27083.9611 |  23916.5230 |  23888.0063 |  23963.7913 |  24792.3939 |  25173.9435 |  34581.3301 |  26933.6643 |  23820.6495 |  25853.6310 |  25065.8407 |   25742.6820 |   21137.5031 |   20759.7707 |   25290.5617 |   18680.8738 |   21020.1461 |   19379.7069 |   19653.5225 |   22598.6623 |   25779.1060 |   22692.1737 |   23924.0632 |   23424.5952 |   22797.1490 |   22739.4683 |   18357.1430 |   19494.6448 |   24837.0160 |   24937.3007 |   21351.6912 |   21265.2042 |   21507.0104 |   23002.6564 |   21934.9499 |   19271.1531 |   24785.7617 |   20879.7746 |   29191.9974 |   24871.9496 |   19751.3326 |   22163.6475 |   18616.5187 |   23096.7681 |   20599.9221 |   20114.0339 |   23345.3892 |   24056.7982 |   22387.5205 |   21188.7168 |   20285.4299 |   17758.4190 |   18595.9790 |   18835.4479 |   23408.9369 |   25611.5562 |   23147.3651 |   28887.9825 |   20226.3048 |   19347.5126 |   21288.2238 |   26669.6636 |   20698.2303 |   24221.7994 |   26114.5108 |   22793.1015 |   21626.9734 |   24847.3007 |   20899.9128 |   22199.0802 |   36697.2890 |   24059.7423 |   23432.3579 |   23151.2511 |   22441.3052 |   23182.2492 |   20557.3396 |   23599.3602 |   22459.0478 |   19929.0013 |   24515.0758 |   23672.2300 |   23695.8889 |   17954.5218 |   26001.0578 |   21073.0208 |   23675.9212 |   27775.8490 |   20842.6525 |   22729.1480 |   18554.2733 |   18929.6164 |   21447.1209 |   24693.6818 |   19968.7514 |   24465.5145 |   24235.3437 |   22709.0283 |   19976.2961 |   28916.8013 |   26751.8785 |   24940.1974 |   37060.3162 |   23497.8018 |   21888.7894 |   24033.9825 |   22023.4359 |   19856.6128 |   25849.1420 |   23455.3485 |   22342.5278 |   25397.2882 |   25949.5354 |   27369.0453 |   18523.7597 |   18329.2423 |   21562.3392 |   21264.4196 |   24232.5836 |   24219.0565 |   21958.2302 |   20512.9534 |   21422.0195 |   19233.0439 |   21373.0803 |   25704.3245 |   20513.0402 |   26485.4602 |   24349.7816 |   24143.1398 |   23579.4214 |   22914.0404 |   24883.9739 |   25906.5981 |   37671.1730 |   26137.9811 |   23232.2992 |   20216.3863 |   22763.7783 |   23595.0655 |   22709.5117 |   30333.8266 |   24549.7887 |   22416.7808 |   25071.0810 |   24974.3928 |   20847.8310 |   27800.5913 |   21373.8511 |   26804.4408 |   27973.9098 |   21273.1326 |   23828.8204 |   23152.0809 |   21769.5040 |   22614.9494 |   20387.4289 |   21240.1221 |   23373.5272 |   25427.5136 |   23691.2805 |   22566.5715 |   20591.5561 |   22441.0951 |   18960.3288 |   23430.8459 |   37995.4854 |
| Prefetch data volume [GBytes] |    78.8010 |    62.6000 |    67.9540 |    55.2996 |    70.8792 |    54.8577 |    74.5777 |    53.0964 |    75.2285 |    71.7695 |     71.3245 |     65.4100 |     71.9702 |     51.1924 |     77.7419 |     73.2188 |     73.3169 |     69.8145 |     71.0627 |     68.4522 |     72.1149 |     68.3867 |     75.7343 |     70.3697 |     67.8611 |     56.5686 |     64.5406 |     53.1091 |     66.1112 |     45.1101 |     49.5553 |     67.0033 |     65.7472 |     64.5655 |     69.5177 |     55.2084 |     49.0229 |     62.8636 |     61.3618 |     67.9580 |     75.1666 |     69.8714 |     58.7966 |     65.3804 |     71.2659 |     64.6918 |     60.8899 |     57.6432 |     78.5100 |     75.9906 |     62.5023 |     69.6124 |     66.3250 |     58.5379 |     79.9466 |     71.6973 |     67.5181 |     57.2648 |     59.5431 |     68.2150 |     56.6868 |     64.3037 |     73.1875 |     91.9231 |     74.8380 |     56.3393 |     63.4463 |     67.1526 |     59.5441 |     67.0669 |     64.2222 |     57.6143 |     71.8977 |     63.8791 |     62.6075 |     58.5486 |     68.1611 |     56.5783 |     66.5638 |     63.8570 |     70.5492 |     72.8902 |     65.7756 |     68.2397 |     69.7960 |     70.6172 |     64.0414 |     62.7729 |     65.5981 |     73.1851 |     64.6262 |     64.5320 |     64.7370 |     67.0053 |     68.0239 |     93.5455 |     72.7626 |     64.3638 |     69.8605 |     67.7323 |      69.5422 |      57.1045 |      56.0853 |      68.3440 |      50.4673 |      56.8110 |      52.3633 |      53.0929 |      61.0549 |      69.6475 |      61.3045 |      64.6361 |      63.2859 |      61.5908 |      61.4404 |      49.5909 |      52.6659 |      67.0975 |      67.3788 |      57.6862 |      57.4574 |      58.1043 |      62.1405 |      59.2650 |      52.0638 |      66.9572 |      56.4203 |      78.8968 |      67.1997 |      53.3711 |      59.8837 |      50.3036 |      62.3945 |      55.6640 |      54.3368 |      63.0692 |      64.9994 |      60.4891 |      57.2401 |      54.8081 |      47.9823 |      50.2453 |      50.8926 |      63.2489 |      69.1898 |      62.6165 |      78.0393 |      54.6484 |      52.3341 |      57.5248 |      72.1402 |      55.9235 |      65.4510 |      70.5581 |      61.5905 |      58.4255 |      67.1260 |      56.4690 |      59.9792 |      99.1382 |      65.0031 |      63.3124 |      62.5507 |      60.6345 |      62.6257 |      55.5442 |      63.7553 |      60.6825 |      53.8369 |      66.2375 |      63.9489 |      64.0253 |      48.5122 |      70.2534 |      56.9381 |      63.9605 |      75.0479 |      56.3157 |      61.4132 |      50.1620 |      51.1382 |      57.9489 |      66.7209 |      53.9442 |      66.1144 |      65.4927 |      61.3584 |      53.9754 |      78.1315 |      72.2963 |      67.3811 |     100.1165 |      63.4901 |      59.1428 |      64.9309 |      59.5067 |      53.6532 |      69.8426 |      63.3754 |      60.3570 |      68.6280 |      70.1026 |      73.9392 |      50.0428 |      49.5241 |      58.2586 |      57.4594 |      65.4755 |      65.4281 |      59.3323 |      55.4145 |      57.8840 |      51.9687 |      57.7512 |      69.4523 |      55.4256 |      71.5491 |      65.7793 |      65.2341 |      63.6987 |      61.9182 |      67.2344 |      70.0029 |     101.7863 |      70.6432 |      62.7711 |      54.6275 |      61.4978 |      63.7409 |      61.3484 |      81.9471 |      66.3374 |      60.5731 |      67.7393 |      67.4666 |      56.3193 |      75.1654 |      57.7496 |      72.4216 |      75.5900 |      57.4733 |      64.3722 |      62.5496 |      58.8145 |      61.1029 |      55.0804 |      57.3841 |      63.1435 |      68.7036 |      64.0126 |      60.9624 |      55.6356 |      60.6346 |      51.2236 |      63.2972 |     102.6596 |
+-------------------------------+------------+------------+------------+------------+------------+------------+------------+------------+------------+------------+-------------+-------------+-------------+-------------+-------------+-------------+-------------+-------------+-------------+-------------+-------------+-------------+-------------+-------------+-------------+-------------+-------------+-------------+-------------+-------------+-------------+-------------+-------------+-------------+-------------+-------------+-------------+-------------+-------------+-------------+-------------+-------------+-------------+-------------+-------------+-------------+-------------+-------------+-------------+-------------+-------------+-------------+-------------+-------------+-------------+-------------+-------------+-------------+-------------+-------------+-------------+-------------+-------------+-------------+-------------+-------------+-------------+-------------+-------------+-------------+-------------+-------------+-------------+-------------+-------------+-------------+-------------+-------------+-------------+-------------+-------------+-------------+-------------+-------------+-------------+-------------+-------------+-------------+-------------+-------------+-------------+-------------+-------------+-------------+-------------+-------------+-------------+-------------+-------------+-------------+--------------+--------------+--------------+--------------+--------------+--------------+--------------+--------------+--------------+--------------+--------------+--------------+--------------+--------------+--------------+--------------+--------------+--------------+--------------+--------------+--------------+--------------+--------------+--------------+--------------+--------------+--------------+--------------+--------------+--------------+--------------+--------------+--------------+--------------+--------------+--------------+--------------+--------------+--------------+--------------+--------------+--------------+--------------+--------------+--------------+--------------+--------------+--------------+--------------+--------------+--------------+--------------+--------------+--------------+--------------+--------------+--------------+--------------+--------------+--------------+--------------+--------------+--------------+--------------+--------------+--------------+--------------+--------------+--------------+--------------+--------------+--------------+--------------+--------------+--------------+--------------+--------------+--------------+--------------+--------------+--------------+--------------+--------------+--------------+--------------+--------------+--------------+--------------+--------------+--------------+--------------+--------------+--------------+--------------+--------------+--------------+--------------+--------------+--------------+--------------+--------------+--------------+--------------+--------------+--------------+--------------+--------------+--------------+--------------+--------------+--------------+--------------+--------------+--------------+--------------+--------------+--------------+--------------+--------------+--------------+--------------+--------------+--------------+--------------+--------------+--------------+--------------+--------------+--------------+--------------+--------------+--------------+--------------+--------------+--------------+--------------+--------------+--------------+--------------+--------------+--------------+--------------+--------------+--------------+--------------+--------------+--------------+--------------+--------------+--------------+--------------+--------------+--------------+--------------+--------------+--------------+
+------------------------------------+--------------+------------+------------+------------+
|               Metric               |      Sum     |     Min    |     Max    |     Avg    |
+------------------------------------+--------------+------------+------------+------------+
|      Runtime (RDTSC) [s] STAT      |     691.6977 |     2.7014 |     2.7051 |     2.7019 |
|      Runtime unhalted [s] STAT     |     619.8807 |     2.4097 |     2.4357 |     2.4214 |
|          Clock [MHz] STAT          |  617814.1533 |  2401.7278 |  2427.3445 |  2413.3365 |
|              CPI STAT              |     424.3704 |     1.6290 |     1.7190 |     1.6577 |
|    L2 bandwidth [MBytes/s] STAT    | 1.303213e+07 | 50839.6156 | 51062.4989 | 50906.7466 |
|    L2 data volume [GBytes] STAT    |   35212.1223 |   137.4865 |   138.0060 |   137.5474 |
| Prefetch bandwidth [MBytes/s] STAT | 6.069474e+06 | 16696.8186 | 37995.4854 | 23708.8835 |
| Prefetch data volume [GBytes] STAT |   16399.4518 |    45.1101 |   102.6596 |    64.0604 |
+------------------------------------+--------------+------------+------------+------------+
