--------------------------------------------------------------------------------
CPU name:	AMD EPYC 9755 128-Core Processor               
CPU type:	AMD K1A (Zen5) architecture
CPU clock:	2.70 GHz
--------------------------------------------------------------------------------
Region bench, Group 1: FLOPS_SP
+-------------------+------------+------------+------------+------------+------------+------------+------------+------------+------------+------------+-------------+-------------+-------------+-------------+-------------+-------------+-------------+-------------+-------------+-------------+-------------+-------------+-------------+-------------+-------------+-------------+-------------+-------------+-------------+-------------+-------------+-------------+-------------+-------------+-------------+-------------+-------------+-------------+-------------+-------------+-------------+-------------+-------------+-------------+-------------+-------------+-------------+-------------+-------------+-------------+-------------+-------------+-------------+-------------+-------------+-------------+-------------+-------------+-------------+-------------+-------------+-------------+-------------+-------------+-------------+-------------+-------------+-------------+-------------+-------------+-------------+-------------+-------------+-------------+-------------+-------------+-------------+-------------+-------------+-------------+-------------+-------------+-------------+-------------+-------------+-------------+-------------+-------------+-------------+-------------+-------------+-------------+-------------+-------------+-------------+-------------+-------------+-------------+-------------+-------------+--------------+--------------+--------------+--------------+--------------+--------------+--------------+--------------+--------------+--------------+--------------+--------------+--------------+--------------+--------------+--------------+--------------+--------------+--------------+--------------+--------------+--------------+--------------+--------------+--------------+--------------+--------------+--------------+--------------+--------------+--------------+--------------+--------------+--------------+--------------+--------------+--------------+--------------+--------------+--------------+--------------+--------------+--------------+--------------+--------------+--------------+--------------+--------------+--------------+--------------+--------------+--------------+--------------+--------------+--------------+--------------+--------------+--------------+--------------+--------------+--------------+--------------+--------------+--------------+--------------+--------------+--------------+--------------+--------------+--------------+--------------+--------------+--------------+--------------+--------------+--------------+--------------+--------------+--------------+--------------+--------------+--------------+--------------+--------------+--------------+--------------+--------------+--------------+--------------+--------------+--------------+--------------+--------------+--------------+--------------+--------------+--------------+--------------+--------------+--------------+--------------+--------------+--------------+--------------+--------------+--------------+--------------+--------------+--------------+--------------+--------------+--------------+--------------+--------------+--------------+--------------+--------------+--------------+--------------+--------------+--------------+--------------+--------------+--------------+--------------+--------------+--------------+--------------+--------------+--------------+--------------+--------------+--------------+--------------+--------------+--------------+--------------+--------------+--------------+--------------+--------------+--------------+--------------+--------------+--------------+--------------+--------------+--------------+--------------+--------------+--------------+--------------+--------------+--------------+--------------+--------------+
|    Region Info    | HWThread 0 | HWThread 1 | HWThread 2 | HWThread 3 | HWThread 4 | HWThread 5 | HWThread 6 | HWThread 7 | HWThread 8 | HWThread 9 | HWThread 10 | HWThread 11 | HWThread 12 | HWThread 13 | HWThread 14 | HWThread 15 | HWThread 16 | HWThread 17 | HWThread 18 | HWThread 19 | HWThread 20 | HWThread 21 | HWThread 22 | HWThread 23 | HWThread 24 | HWThread 25 | HWThread 26 | HWThread 27 | HWThread 28 | HWThread 29 | HWThread 30 | HWThread 31 | HWThread 32 | HWThread 33 | HWThread 34 | HWThread 35 | HWThread 36 | HWThread 37 | HWThread 38 | HWThread 39 | HWThread 40 | HWThread 41 | HWThread 42 | HWThread 43 | HWThread 44 | HWThread 45 | HWThread 46 | HWThread 47 | HWThread 48 | HWThread 49 | HWThread 50 | HWThread 51 | HWThread 52 | HWThread 53 | HWThread 54 | HWThread 55 | HWThread 56 | HWThread 57 | HWThread 58 | HWThread 59 | HWThread 60 | HWThread 61 | HWThread 62 | HWThread 63 | HWThread 64 | HWThread 65 | HWThread 66 | HWThread 67 | HWThread 68 | HWThread 69 | HWThread 70 | HWThread 71 | HWThread 72 | HWThread 73 | HWThread 74 | HWThread 75 | HWThread 76 | HWThread 77 | HWThread 78 | HWThread 79 | HWThread 80 | HWThread 81 | HWThread 82 | HWThread 83 | HWThread 84 | HWThread 85 | HWThread 86 | HWThread 87 | HWThread 88 | HWThread 89 | HWThread 90 | HWThread 91 | HWThread 92 | HWThread 93 | HWThread 94 | HWThread 95 | HWThread 96 | HWThread 97 | HWThread 98 | HWThread 99 | HWThread 100 | HWThread 101 | HWThread 102 | HWThread 103 | HWThread 104 | HWThread 105 | HWThread 106 | HWThread 107 | HWThread 108 | HWThread 109 | HWThread 110 | HWThread 111 | HWThread 112 | HWThread 113 | HWThread 114 | HWThread 115 | HWThread 116 | HWThread 117 | HWThread 118 | HWThread 119 | HWThread 120 | HWThread 121 | HWThread 122 | HWThread 123 | HWThread 124 | HWThread 125 | HWThread 126 | HWThread 127 | HWThread 128 | HWThread 129 | HWThread 130 | HWThread 131 | HWThread 132 | HWThread 133 | HWThread 134 | HWThread 135 | HWThread 136 | HWThread 137 | HWThread 138 | HWThread 139 | HWThread 140 | HWThread 141 | HWThread 142 | HWThread 143 | HWThread 144 | HWThread 145 | HWThread 146 | HWThread 147 | HWThread 148 | HWThread 149 | HWThread 150 | HWThread 151 | HWThread 152 | HWThread 153 | HWThread 154 | HWThread 155 | HWThread 156 | HWThread 157 | HWThread 158 | HWThread 159 | HWThread 160 | HWThread 161 | HWThread 162 | HWThread 163 | HWThread 164 | HWThread 165 | HWThread 166 | HWThread 167 | HWThread 168 | HWThread 169 | HWThread 170 | HWThread 171 | HWThread 172 | HWThread 173 | HWThread 174 | HWThread 175 | HWThread 176 | HWThread 177 | HWThread 178 | HWThread 179 | HWThread 180 | HWThread 181 | HWThread 182 | HWThread 183 | HWThread 184 | HWThread 185 | HWThread 186 | HWThread 187 | HWThread 188 | HWThread 189 | HWThread 190 | HWThread 191 | HWThread 192 | HWThread 193 | HWThread 194 | HWThread 195 | HWThread 196 | HWThread 197 | HWThread 198 | HWThread 199 | HWThread 200 | HWThread 201 | HWThread 202 | HWThread 203 | HWThread 204 | HWThread 205 | HWThread 206 | HWThread 207 | HWThread 208 | HWThread 209 | HWThread 210 | HWThread 211 | HWThread 212 | HWThread 213 | HWThread 214 | HWThread 215 | HWThread 216 | HWThread 217 | HWThread 218 | HWThread 219 | HWThread 220 | HWThread 221 | HWThread 222 | HWThread 223 | HWThread 224 | HWThread 225 | HWThread 226 | HWThread 227 | HWThread 228 | HWThread 229 | HWThread 230 | HWThread 231 | HWThread 232 | HWThread 233 | HWThread 234 | HWThread 235 | HWThread 236 | HWThread 237 | HWThread 238 | HWThread 239 | HWThread 240 | HWThread 241 | HWThread 242 | HWThread 243 | HWThread 244 | HWThread 245 | HWThread 246 | HWThread 247 | HWThread 248 | HWThread 249 | HWThread 250 | HWThread 251 | HWThread 252 | HWThread 253 | HWThread 254 | HWThread 255 |
+-------------------+------------+------------+------------+------------+------------+------------+------------+------------+------------+------------+-------------+-------------+-------------+-------------+-------------+-------------+-------------+-------------+-------------+-------------+-------------+-------------+-------------+-------------+-------------+-------------+-------------+-------------+-------------+-------------+-------------+-------------+-------------+-------------+-------------+-------------+-------------+-------------+-------------+-------------+-------------+-------------+-------------+-------------+-------------+-------------+-------------+-------------+-------------+-------------+-------------+-------------+-------------+-------------+-------------+-------------+-------------+-------------+-------------+-------------+-------------+-------------+-------------+-------------+-------------+-------------+-------------+-------------+-------------+-------------+-------------+-------------+-------------+-------------+-------------+-------------+-------------+-------------+-------------+-------------+-------------+-------------+-------------+-------------+-------------+-------------+-------------+-------------+-------------+-------------+-------------+-------------+-------------+-------------+-------------+-------------+-------------+-------------+-------------+-------------+--------------+--------------+--------------+--------------+--------------+--------------+--------------+--------------+--------------+--------------+--------------+--------------+--------------+--------------+--------------+--------------+--------------+--------------+--------------+--------------+--------------+--------------+--------------+--------------+--------------+--------------+--------------+--------------+--------------+--------------+--------------+--------------+--------------+--------------+--------------+--------------+--------------+--------------+--------------+--------------+--------------+--------------+--------------+--------------+--------------+--------------+--------------+--------------+--------------+--------------+--------------+--------------+--------------+--------------+--------------+--------------+--------------+--------------+--------------+--------------+--------------+--------------+--------------+--------------+--------------+--------------+--------------+--------------+--------------+--------------+--------------+--------------+--------------+--------------+--------------+--------------+--------------+--------------+--------------+--------------+--------------+--------------+--------------+--------------+--------------+--------------+--------------+--------------+--------------+--------------+--------------+--------------+--------------+--------------+--------------+--------------+--------------+--------------+--------------+--------------+--------------+--------------+--------------+--------------+--------------+--------------+--------------+--------------+--------------+--------------+--------------+--------------+--------------+--------------+--------------+--------------+--------------+--------------+--------------+--------------+--------------+--------------+--------------+--------------+--------------+--------------+--------------+--------------+--------------+--------------+--------------+--------------+--------------+--------------+--------------+--------------+--------------+--------------+--------------+--------------+--------------+--------------+--------------+--------------+--------------+--------------+--------------+--------------+--------------+--------------+--------------+--------------+--------------+--------------+--------------+--------------+
| RDTSC Runtime [s] |   1.689680 |   1.689923 |   1.689961 |   1.689946 |   1.689748 |   1.689929 |   1.689549 |   1.694258 |   1.689597 |   1.689901 |    1.689998 |    1.689901 |    1.689544 |    1.689574 |    1.689624 |    1.689826 |    1.689962 |    1.689976 |    1.689577 |    1.689600 |    1.689977 |    1.689507 |    1.689507 |    1.689970 |    1.690215 |    1.690734 |    1.690303 |    1.689746 |    1.689678 |    1.689512 |    1.690202 |    1.690445 |    1.694234 |    1.690183 |    1.694265 |    1.694233 |    1.690727 |    1.694272 |    1.694086 |    1.694234 |    1.689904 |    1.689534 |    1.689903 |    1.690302 |    1.689807 |    1.689989 |    1.689903 |    1.689904 |    1.689611 |    1.689978 |    1.689680 |    1.689507 |    1.689601 |    1.690644 |    1.689929 |    1.689978 |    1.690909 |    1.694085 |    1.690293 |    1.690991 |    1.690963 |    1.689576 |    1.689809 |    1.691015 |    1.689945 |    1.689535 |    1.689540 |    1.690006 |    1.689964 |    1.689600 |    1.690307 |    1.689930 |    1.689927 |    1.689662 |    1.689663 |    1.689980 |    1.689628 |    1.689540 |    1.689681 |    1.689931 |    1.691410 |    1.690227 |    1.691424 |    1.691377 |    1.689536 |    1.690773 |    1.690326 |    1.689811 |    1.690430 |    1.689513 |    1.689792 |    1.689662 |    1.690287 |    1.689810 |    1.689535 |    1.690181 |    1.689852 |    1.689579 |    1.690040 |    1.691004 |     1.690297 |     1.690298 |     1.689835 |     1.694046 |     1.694087 |     1.690205 |     1.689517 |     1.690958 |     1.689796 |     1.690967 |     1.690817 |     1.690439 |     1.690000 |     1.689539 |     1.690799 |     1.689852 |     1.689899 |     1.689791 |     1.689540 |     1.691004 |     1.689584 |     1.689535 |     1.691395 |     1.689535 |     1.689786 |     1.689774 |     1.689750 |     1.689544 |     1.690237 |     1.689668 |     1.689797 |     1.689607 |     1.689582 |     1.689779 |     1.689795 |     1.690007 |     1.689923 |     1.689605 |     1.689906 |     1.689543 |     1.689906 |     1.689605 |     1.689605 |     1.689900 |     1.690311 |     1.690417 |     1.689796 |     1.690471 |     1.689849 |     1.689850 |     1.690229 |     1.689685 |     1.689544 |     1.689513 |     1.689901 |     1.689546 |     1.689796 |     1.689606 |     1.689857 |     1.689578 |     1.689814 |     1.690642 |     1.689815 |     1.690786 |     1.689512 |     1.690198 |     1.689833 |     1.689512 |     1.689544 |     1.689995 |     1.689968 |     1.689955 |     1.689545 |     1.689931 |     1.689972 |     1.689950 |     1.690336 |     1.689670 |     1.689999 |     1.690010 |     1.689830 |     1.689670 |     1.689976 |     1.689698 |     1.690299 |     1.689668 |     1.689953 |     1.689518 |     1.689584 |     1.690314 |     1.689780 |     1.689817 |     1.689543 |     1.689970 |     1.689988 |     1.689894 |     1.689579 |     1.689914 |     1.689542 |     1.689867 |     1.689510 |     1.689849 |     1.689545 |     1.689546 |     1.689546 |     1.689510 |     1.689850 |     1.689546 |     1.689848 |     1.689516 |     1.690230 |     1.690007 |     1.690650 |     1.689816 |     1.689797 |     1.690231 |     1.689912 |     1.689964 |     1.689680 |     1.689661 |     1.690008 |     1.689632 |     1.689750 |     1.689605 |     1.689793 |     1.689664 |     1.689994 |     1.689927 |     1.689574 |     1.689537 |     1.689512 |     1.689909 |     1.689511 |     1.689801 |     1.689967 |     1.689800 |     1.689511 |     1.689511 |     1.690433 |     1.689933 |     1.689924 |     1.689756 |     1.689757 |     1.689593 |     1.689593 |     1.689754 |     1.689968 |     1.689923 |     1.689551 |     1.689932 |     1.689906 |     1.689554 |     1.689838 |     1.689802 |     1.689540 |     1.689542 |
|     call count    |          1 |          1 |          1 |          1 |          1 |          1 |          1 |          1 |          1 |          1 |           1 |           1 |           1 |           1 |           1 |           1 |           1 |           1 |           1 |           1 |           1 |           1 |           1 |           1 |           1 |           1 |           1 |           1 |           1 |           1 |           1 |           1 |           1 |           1 |           1 |           1 |           1 |           1 |           1 |           1 |           1 |           1 |           1 |           1 |           1 |           1 |           1 |           1 |           1 |           1 |           1 |           1 |           1 |           1 |           1 |           1 |           1 |           1 |           1 |           1 |           1 |           1 |           1 |           1 |           1 |           1 |           1 |           1 |           1 |           1 |           1 |           1 |           1 |           1 |           1 |           1 |           1 |           1 |           1 |           1 |           1 |           1 |           1 |           1 |           1 |           1 |           1 |           1 |           1 |           1 |           1 |           1 |           1 |           1 |           1 |           1 |           1 |           1 |           1 |           1 |            1 |            1 |            1 |            1 |            1 |            1 |            1 |            1 |            1 |            1 |            1 |            1 |            1 |            1 |            1 |            1 |            1 |            1 |            1 |            1 |            1 |            1 |            1 |            1 |            1 |            1 |            1 |            1 |            1 |            1 |            1 |            1 |            1 |            1 |            1 |            1 |            1 |            1 |            1 |            1 |            1 |            1 |            1 |            1 |            1 |            1 |            1 |            1 |            1 |            1 |            1 |            1 |            1 |            1 |            1 |            1 |            1 |            1 |            1 |            1 |            1 |            1 |            1 |            1 |            1 |            1 |            1 |            1 |            1 |            1 |            1 |            1 |            1 |            1 |            1 |            1 |            1 |            1 |            1 |            1 |            1 |            1 |            1 |            1 |            1 |            1 |            1 |            1 |            1 |            1 |            1 |            1 |            1 |            1 |            1 |            1 |            1 |            1 |            1 |            1 |            1 |            1 |            1 |            1 |            1 |            1 |            1 |            1 |            1 |            1 |            1 |            1 |            1 |            1 |            1 |            1 |            1 |            1 |            1 |            1 |            1 |            1 |            1 |            1 |            1 |            1 |            1 |            1 |            1 |            1 |            1 |            1 |            1 |            1 |            1 |            1 |            1 |            1 |            1 |            1 |            1 |            1 |            1 |            1 |            1 |            1 |            1 |            1 |            1 |            1 |            1 |            1 |            1 |            1 |            1 |            1 |
+-------------------+------------+------------+------------+------------+------------+------------+------------+------------+------------+------------+-------------+-------------+-------------+-------------+-------------+-------------+-------------+-------------+-------------+-------------+-------------+-------------+-------------+-------------+-------------+-------------+-------------+-------------+-------------+-------------+-------------+-------------+-------------+-------------+-------------+-------------+-------------+-------------+-------------+-------------+-------------+-------------+-------------+-------------+-------------+-------------+-------------+-------------+-------------+-------------+-------------+-------------+-------------+-------------+-------------+-------------+-------------+-------------+-------------+-------------+-------------+-------------+-------------+-------------+-------------+-------------+-------------+-------------+-------------+-------------+-------------+-------------+-------------+-------------+-------------+-------------+-------------+-------------+-------------+-------------+-------------+-------------+-------------+-------------+-------------+-------------+-------------+-------------+-------------+-------------+-------------+-------------+-------------+-------------+-------------+-------------+-------------+-------------+-------------+-------------+--------------+--------------+--------------+--------------+--------------+--------------+--------------+--------------+--------------+--------------+--------------+--------------+--------------+--------------+--------------+--------------+--------------+--------------+--------------+--------------+--------------+--------------+--------------+--------------+--------------+--------------+--------------+--------------+--------------+--------------+--------------+--------------+--------------+--------------+--------------+--------------+--------------+--------------+--------------+--------------+--------------+--------------+--------------+--------------+--------------+--------------+--------------+--------------+--------------+--------------+--------------+--------------+--------------+--------------+--------------+--------------+--------------+--------------+--------------+--------------+--------------+--------------+--------------+--------------+--------------+--------------+--------------+--------------+--------------+--------------+--------------+--------------+--------------+--------------+--------------+--------------+--------------+--------------+--------------+--------------+--------------+--------------+--------------+--------------+--------------+--------------+--------------+--------------+--------------+--------------+--------------+--------------+--------------+--------------+--------------+--------------+--------------+--------------+--------------+--------------+--------------+--------------+--------------+--------------+--------------+--------------+--------------+--------------+--------------+--------------+--------------+--------------+--------------+--------------+--------------+--------------+--------------+--------------+--------------+--------------+--------------+--------------+--------------+--------------+--------------+--------------+--------------+--------------+--------------+--------------+--------------+--------------+--------------+--------------+--------------+--------------+--------------+--------------+--------------+--------------+--------------+--------------+--------------+--------------+--------------+--------------+--------------+--------------+--------------+--------------+--------------+--------------+--------------+--------------+--------------+--------------+
+-------------------------------------+---------+--------------+--------------+--------------+--------------+--------------+--------------+--------------+--------------+--------------+--------------+--------------+--------------+--------------+--------------+--------------+--------------+--------------+--------------+--------------+--------------+--------------+--------------+--------------+--------------+--------------+--------------+--------------+--------------+--------------+--------------+--------------+--------------+--------------+--------------+--------------+--------------+--------------+--------------+--------------+--------------+--------------+--------------+--------------+--------------+--------------+--------------+--------------+--------------+--------------+--------------+--------------+--------------+--------------+--------------+--------------+--------------+--------------+--------------+--------------+--------------+--------------+--------------+--------------+--------------+--------------+--------------+--------------+--------------+--------------+--------------+--------------+--------------+--------------+--------------+--------------+--------------+--------------+--------------+--------------+--------------+--------------+--------------+--------------+--------------+--------------+--------------+--------------+--------------+--------------+--------------+--------------+--------------+--------------+--------------+--------------+--------------+--------------+--------------+--------------+--------------+--------------+--------------+--------------+--------------+--------------+--------------+--------------+--------------+--------------+--------------+--------------+--------------+--------------+--------------+--------------+--------------+--------------+--------------+--------------+--------------+--------------+--------------+--------------+--------------+--------------+--------------+--------------+--------------+--------------+--------------+--------------+--------------+--------------+--------------+--------------+--------------+--------------+--------------+--------------+--------------+--------------+--------------+--------------+--------------+--------------+--------------+--------------+--------------+--------------+--------------+--------------+--------------+--------------+--------------+--------------+--------------+--------------+--------------+--------------+--------------+--------------+--------------+--------------+--------------+--------------+--------------+--------------+--------------+--------------+--------------+--------------+--------------+--------------+--------------+--------------+--------------+--------------+--------------+--------------+--------------+--------------+--------------+--------------+--------------+--------------+--------------+--------------+--------------+--------------+--------------+--------------+--------------+--------------+--------------+--------------+--------------+--------------+--------------+--------------+--------------+--------------+--------------+--------------+--------------+--------------+--------------+--------------+--------------+--------------+--------------+--------------+--------------+--------------+--------------+--------------+--------------+--------------+--------------+--------------+--------------+--------------+--------------+--------------+--------------+--------------+--------------+--------------+--------------+--------------+--------------+--------------+--------------+--------------+--------------+--------------+--------------+--------------+--------------+--------------+--------------+--------------+--------------+--------------+--------------+--------------+--------------+--------------+--------------+--------------+--------------+--------------+--------------+--------------+--------------+--------------+--------------+
|                Event                | Counter |  HWThread 0  |  HWThread 1  |  HWThread 2  |  HWThread 3  |  HWThread 4  |  HWThread 5  |  HWThread 6  |  HWThread 7  |  HWThread 8  |  HWThread 9  |  HWThread 10 |  HWThread 11 |  HWThread 12 |  HWThread 13 |  HWThread 14 |  HWThread 15 |  HWThread 16 |  HWThread 17 |  HWThread 18 |  HWThread 19 |  HWThread 20 |  HWThread 21 |  HWThread 22 |  HWThread 23 |  HWThread 24 |  HWThread 25 |  HWThread 26 |  HWThread 27 |  HWThread 28 |  HWThread 29 |  HWThread 30 |  HWThread 31 |  HWThread 32 |  HWThread 33 |  HWThread 34 |  HWThread 35 |  HWThread 36 |  HWThread 37 |  HWThread 38 |  HWThread 39 |  HWThread 40 |  HWThread 41 |  HWThread 42 |  HWThread 43 |  HWThread 44 |  HWThread 45 |  HWThread 46 |  HWThread 47 |  HWThread 48 |  HWThread 49 |  HWThread 50 |  HWThread 51 |  HWThread 52 |  HWThread 53 |  HWThread 54 |  HWThread 55 |  HWThread 56 |  HWThread 57 |  HWThread 58 |  HWThread 59 |  HWThread 60 |  HWThread 61 |  HWThread 62 |  HWThread 63 |  HWThread 64 |  HWThread 65 |  HWThread 66 |  HWThread 67 |  HWThread 68 |  HWThread 69 |  HWThread 70 |  HWThread 71 |  HWThread 72 |  HWThread 73 |  HWThread 74 |  HWThread 75 |  HWThread 76 |  HWThread 77 |  HWThread 78 |  HWThread 79 |  HWThread 80 |  HWThread 81 |  HWThread 82 |  HWThread 83 |  HWThread 84 |  HWThread 85 |  HWThread 86 |  HWThread 87 |  HWThread 88 |  HWThread 89 |  HWThread 90 |  HWThread 91 |  HWThread 92 |  HWThread 93 |  HWThread 94 |  HWThread 95 |  HWThread 96 |  HWThread 97 |  HWThread 98 |  HWThread 99 | HWThread 100 | HWThread 101 | HWThread 102 | HWThread 103 | HWThread 104 | HWThread 105 | HWThread 106 | HWThread 107 | HWThread 108 | HWThread 109 | HWThread 110 | HWThread 111 | HWThread 112 | HWThread 113 | HWThread 114 | HWThread 115 | HWThread 116 | HWThread 117 | HWThread 118 | HWThread 119 | HWThread 120 | HWThread 121 | HWThread 122 | HWThread 123 | HWThread 124 | HWThread 125 | HWThread 126 | HWThread 127 | HWThread 128 | HWThread 129 | HWThread 130 | HWThread 131 | HWThread 132 | HWThread 133 | HWThread 134 | HWThread 135 | HWThread 136 | HWThread 137 | HWThread 138 | HWThread 139 | HWThread 140 | HWThread 141 | HWThread 142 | HWThread 143 | HWThread 144 | HWThread 145 | HWThread 146 | HWThread 147 | HWThread 148 | HWThread 149 | HWThread 150 | HWThread 151 | HWThread 152 | HWThread 153 | HWThread 154 | HWThread 155 | HWThread 156 | HWThread 157 | HWThread 158 | HWThread 159 | HWThread 160 | HWThread 161 | HWThread 162 | HWThread 163 | HWThread 164 | HWThread 165 | HWThread 166 | HWThread 167 | HWThread 168 | HWThread 169 | HWThread 170 | HWThread 171 | HWThread 172 | HWThread 173 | HWThread 174 | HWThread 175 | HWThread 176 | HWThread 177 | HWThread 178 | HWThread 179 | HWThread 180 | HWThread 181 | HWThread 182 | HWThread 183 | HWThread 184 | HWThread 185 | HWThread 186 | HWThread 187 | HWThread 188 | HWThread 189 | HWThread 190 | HWThread 191 | HWThread 192 | HWThread 193 | HWThread 194 | HWThread 195 | HWThread 196 | HWThread 197 | HWThread 198 | HWThread 199 | HWThread 200 | HWThread 201 | HWThread 202 | HWThread 203 | HWThread 204 | HWThread 205 | HWThread 206 | HWThread 207 | HWThread 208 | HWThread 209 | HWThread 210 | HWThread 211 | HWThread 212 | HWThread 213 | HWThread 214 | HWThread 215 | HWThread 216 | HWThread 217 | HWThread 218 | HWThread 219 | HWThread 220 | HWThread 221 | HWThread 222 | HWThread 223 | HWThread 224 | HWThread 225 | HWThread 226 | HWThread 227 | HWThread 228 | HWThread 229 | HWThread 230 | HWThread 231 | HWThread 232 | HWThread 233 | HWThread 234 | HWThread 235 | HWThread 236 | HWThread 237 | HWThread 238 | HWThread 239 | HWThread 240 | HWThread 241 | HWThread 242 | HWThread 243 | HWThread 244 | HWThread 245 | HWThread 246 | HWThread 247 | HWThread 248 | HWThread 249 | HWThread 250 | HWThread 251 | HWThread 252 | HWThread 253 | HWThread 254 | HWThread 255 |
+-------------------------------------+---------+--------------+--------------+--------------+--------------+--------------+--------------+--------------+--------------+--------------+--------------+--------------+--------------+--------------+--------------+--------------+--------------+--------------+--------------+--------------+--------------+--------------+--------------+--------------+--------------+--------------+--------------+--------------+--------------+--------------+--------------+--------------+--------------+--------------+--------------+--------------+--------------+--------------+--------------+--------------+--------------+--------------+--------------+--------------+--------------+--------------+--------------+--------------+--------------+--------------+--------------+--------------+--------------+--------------+--------------+--------------+--------------+--------------+--------------+--------------+--------------+--------------+--------------+--------------+--------------+--------------+--------------+--------------+--------------+--------------+--------------+--------------+--------------+--------------+--------------+--------------+--------------+--------------+--------------+--------------+--------------+--------------+--------------+--------------+--------------+--------------+--------------+--------------+--------------+--------------+--------------+--------------+--------------+--------------+--------------+--------------+--------------+--------------+--------------+--------------+--------------+--------------+--------------+--------------+--------------+--------------+--------------+--------------+--------------+--------------+--------------+--------------+--------------+--------------+--------------+--------------+--------------+--------------+--------------+--------------+--------------+--------------+--------------+--------------+--------------+--------------+--------------+--------------+--------------+--------------+--------------+--------------+--------------+--------------+--------------+--------------+--------------+--------------+--------------+--------------+--------------+--------------+--------------+--------------+--------------+--------------+--------------+--------------+--------------+--------------+--------------+--------------+--------------+--------------+--------------+--------------+--------------+--------------+--------------+--------------+--------------+--------------+--------------+--------------+--------------+--------------+--------------+--------------+--------------+--------------+--------------+--------------+--------------+--------------+--------------+--------------+--------------+--------------+--------------+--------------+--------------+--------------+--------------+--------------+--------------+--------------+--------------+--------------+--------------+--------------+--------------+--------------+--------------+--------------+--------------+--------------+--------------+--------------+--------------+--------------+--------------+--------------+--------------+--------------+--------------+--------------+--------------+--------------+--------------+--------------+--------------+--------------+--------------+--------------+--------------+--------------+--------------+--------------+--------------+--------------+--------------+--------------+--------------+--------------+--------------+--------------+--------------+--------------+--------------+--------------+--------------+--------------+--------------+--------------+--------------+--------------+--------------+--------------+--------------+--------------+--------------+--------------+--------------+--------------+--------------+--------------+--------------+--------------+--------------+--------------+--------------+--------------+--------------+--------------+--------------+--------------+--------------+
|           ACTUAL_CPU_CLOCK          |  FIXC1  |   4087107000 |   4089071000 |   4089293000 |   4089084000 |   4088071000 |   4088660000 |   4086921000 |   4090394000 |   4062049000 |   4063749000 |   4061963000 |   4062234000 |   4059878000 |   4060469000 |   4060536000 |   4061536000 |   4109370000 |   4107975000 |   4105815000 |   4105557000 |   4106444000 |   4105515000 |   4105434000 |   4108206000 |   4075998000 |   4074924000 |   4075859000 |   4073645000 |   4072488000 |   4072501000 |   4074877000 |   4074820000 |   4074197000 |   4072493000 |   4073077000 |   4072464000 |   4071875000 |   4072613000 |   4073029000 |   4072721000 |   4094331000 |   4092607000 |   4094907000 |   4091891000 |   4095903000 |   4093660000 |   4093749000 |   4095343000 |   4095454000 |   4097592000 |   4095335000 |   4095415000 |   4095392000 |   4097499000 |   4097293000 |   4097405000 |   4075610000 |   4074757000 |   4073931000 |   4074320000 |   4074235000 |   4072090000 |   4072937000 |   4074150000 |   4068437000 |   4066217000 |   4067986000 |   4066983000 |   4070178000 |   4066382000 |   4068297000 |   4068421000 |   4101795000 |   4099138000 |   4099075000 |   4101938000 |   4098973000 |   4098954000 |   4099511000 |   4100926000 |   4082192000 |   4083848000 |   4083687000 |   4082905000 |   4081116000 |   4082877000 |   4082843000 |   4082489000 |   4078524000 |   4076392000 |   4078456000 |   4076625000 |   4078705000 |   4077544000 |   4076446000 |   4079924000 |   4095438000 |   4093845000 |   4096461000 |   4096851000 |   4096888000 |   4095711000 |   4095541000 |   4097070000 |   4098739000 |   4099014000 |   4096131000 |   4099085000 |   4098181000 |   4098272000 |   4099316000 |   4098261000 |   4089687000 |   4088325000 |   4092784000 |   4089896000 |   4090092000 |   4089984000 |   4088355000 |   4091237000 |   4076967000 |   4076734000 |   4079758000 |   4076921000 |   4080526000 |   4079283000 |   4080645000 |   4078185000 |   4086648000 |   4084682000 |   4084859000 |   4084638000 |   4083129000 |   4086388000 |   4085794000 |   4086282000 |   4092743000 |   4090774000 |   4092029000 |   4090647000 |   4091572000 |   4089942000 |   4090829000 |   4092300000 |   4121536000 |   4124167000 |   4122428000 |   4123343000 |   4123337000 |   4122385000 |   4123496000 |   4120620000 |   4087948000 |   4086739000 |   4089421000 |   4086848000 |   4089361000 |   4087865000 |   4089296000 |   4087672000 |   4084105000 |   4085081000 |   4083866000 |   4085295000 |   4081994000 |   4085211000 |   4084028000 |   4081973000 |   4101637000 |   4101792000 |   4103995000 |   4103106000 |   4102038000 |   4103703000 |   4104047000 |   4103867000 |   4082445000 |   4080476000 |   4080697000 |   4082513000 |   4081684000 |   4080143000 |   4082750000 |   4080019000 |   4104347000 |   4102012000 |   4104135000 |   4102239000 |   4100883000 |   4104261000 |   4104800000 |   4102436000 |   4078090000 |   4079717000 |   4078820000 |   4079783000 |   4077876000 |   4079766000 |   4077722000 |   4079451000 |   4086847000 |   4089644000 |   4087706000 |   4088071000 |   4088036000 |   4086769000 |   4089600000 |   4088064000 |   4104518000 |   4101921000 |   4105223000 |   4102074000 |   4105577000 |   4103260000 |   4104115000 |   4104353000 |   4091564000 |   4091888000 |   4090032000 |   4089749000 |   4090399000 |   4089755000 |   4090558000 |   4089751000 |   4114259000 |   4113864000 |   4113511000 |   4115966000 |   4112863000 |   4112723000 |   4112744000 |   4114637000 |   4079432000 |   4080888000 |   4081184000 |   4080853000 |   4078880000 |   4079881000 |   4082055000 |   4081685000 |   4099978000 |   4097977000 |   4097848000 |   4096976000 |   4097221000 |   4098441000 |   4100460000 |   4099958000 |   4086484000 |   4088619000 |   4088389000 |   4086908000 |   4088032000 |   4088029000 |   4086896000 |   4086388000 |
|            MAX_CPU_CLOCK            |  FIXC2  |   4564743000 |   4566137000 |   4567886000 |   4566148000 |   4567214000 |   4565557000 |   4564630000 |   4569434000 |   4567586000 |   4569372000 |   4566211000 |   4566266000 |   4563983000 |   4564948000 |   4565070000 |   4565469000 |   4569363000 |   4568052000 |   4566422000 |   4564834000 |   4567142000 |   4566212000 |   4564606000 |   4568143000 |   4570910000 |   4569803000 |   4570135000 |   4566166000 |   4566505000 |   4566865000 |   4569492000 |   4568811000 |   4570678000 |   4567965000 |   4569570000 |   4567722000 |   4566851000 |   4568251000 |   4569428000 |   4569868000 |   4566655000 |   4565724000 |   4567559000 |   4563475000 |   4569224000 |   4566536000 |   4566177000 |   4567854000 |   4564747000 |   4566339000 |   4564641000 |   4564154000 |   4564737000 |   4566402000 |   4566672000 |   4566877000 |   4569462000 |   4569211000 |   4566419000 |   4568610000 |   4568787000 |   4564406000 |   4565977000 |   4568472000 |   4564500000 |   4562854000 |   4565613000 |   4563752000 |   4567588000 |   4562970000 |   4565990000 |   4564411000 |   4567003000 |   4564825000 |   4564791000 |   4566885000 |   4564774000 |   4564689000 |   4564918000 |   4566243000 |   4566876000 |   4569622000 |   4570200000 |   4568943000 |   4565221000 |   4568867000 |   4568279000 |   4567253000 |   4567690000 |   4563809000 |   4564769000 |   4564851000 |   4566419000 |   4565736000 |   4564315000 |   4568767000 |   4567568000 |   4566241000 |   4569108000 |   4570441000 |   4569876000 |   4567664000 |   4567703000 |   4570778000 |   4569375000 |   4569805000 |   4565058000 |   4569003000 |   4567444000 |   4568669000 |   4569345000 |   4568685000 |   4565448000 |   4564279000 |   4569575000 |   4565673000 |   4566417000 |   4566226000 |   4564894000 |   4568338000 |   4563263000 |   4563102000 |   4567233000 |   4564280000 |   4566788000 |   4566212000 |   4567162000 |   4565224000 |   4569181000 |   4566291000 |   4566060000 |   4566283000 |   4564516000 |   4567094000 |   4567153000 |   4567610000 |   4567004000 |   4566180000 |   4566235000 |   4565891000 |   4566147000 |   4564832000 |   4566380000 |   4567878000 |   4565448000 |   4568552000 |   4565990000 |   4567306000 |   4567310000 |   4565981000 |   4567932000 |   4564429000 |   4566067000 |   4564665000 |   4567490000 |   4564729000 |   4567084000 |   4565661000 |   4567501000 |   4565750000 |   4567643000 |   4569093000 |   4567472000 |   4570091000 |   4565796000 |   4570009000 |   4567601000 |   4565781000 |   4565863000 |   4565772000 |   4567708000 |   4566350000 |   4566014000 |   4566660000 |   4567971000 |   4566704000 |   4568154000 |   4566502000 |   4567199000 |   4567965000 |   4567387000 |   4565994000 |   4568046000 |   4566016000 |   4567552000 |   4566030000 |   4567746000 |   4566162000 |   4564549000 |   4567926000 |   4568567000 |   4565953000 |   4566158000 |   4567553000 |   4567055000 |   4567662000 |   4566062000 |   4567654000 |   4565326000 |   4567548000 |   4565025000 |   4567616000 |   4565592000 |   4566265000 |   4566127000 |   4564940000 |   4567610000 |   4566305000 |   4567392000 |   4564876000 |   4569281000 |   4564957000 |   4569811000 |   4566032000 |   4567352000 |   4567918000 |   4567725000 |   4567695000 |   4565726000 |   4566087000 |   4566904000 |   4566140000 |   4566558000 |   4566095000 |   4565784000 |   4565798000 |   4565406000 |   4567589000 |   4564624000 |   4564484000 |   4564548000 |   4566034000 |   4566150000 |   4567371000 |   4567615000 |   4567465000 |   4565840000 |   4565652000 |   4569011000 |   4567844000 |   4567508000 |   4565647000 |   4565642000 |   4564739000 |   4564829000 |   4566899000 |   4567729000 |   4567833000 |   4566145000 |   4567569000 |   4567232000 |   4566240000 |   4567305000 |   4567116000 |   4566216000 |   4565379000 |
|         RETIRED_INSTRUCTIONS        |   PMC0  |  10207990000 |  10209220000 |  10208980000 |  10209220000 |  10209100000 |  10209180000 |  10208850000 |  10210930000 |  10203890000 |  10204040000 |  10204030000 |  10204050000 |  10203840000 |  10203890000 |  10203870000 |  10204010000 |  10212210000 |  10212230000 |  10212010000 |  10212050000 |  10212140000 |  10212030000 |  10211940000 |  10212150000 |  10206000000 |  10206930000 |  10206770000 |  10206560000 |  10206510000 |  10206470000 |  10206700000 |  10206780000 |  10207910000 |  10206220000 |  10207910000 |  10207330000 |  10206370000 |  10207820000 |  10207520000 |  10207830000 |  10209420000 |  10209310000 |  10209390000 |  10209610000 |  10209370000 |  10209420000 |  10209220000 |  10209390000 |  10210000000 |  10210240000 |  10210080000 |  10209970000 |  10209960000 |  10210390000 |  10210100000 |  10210090000 |  10206130000 |  10207660000 |  10206100000 |  10206410000 |  10205980000 |  10205440000 |  10205490000 |  10206050000 |  10205290000 |  10205200000 |  10205080000 |  10205340000 |  10205290000 |  10205140000 |  10205420000 |  10205240000 |  10210980000 |  10210980000 |  10210890000 |  10211060000 |  10210860000 |  10210830000 |  10210840000 |  10210960000 |  10208150000 |  10207690000 |  10208170000 |  10208170000 |  10207420000 |  10207930000 |  10207670000 |  10207510000 |  10207070000 |  10206770000 |  10206810000 |  10206870000 |  10206640000 |  10206500000 |  10206250000 |  10206570000 |  10209950000 |  10209920000 |  10210000000 |  10210450000 |  10210120000 |  10210110000 |  10209920000 |  10211670000 |  10212180000 |  10210550000 |  10210290000 |  10210880000 |  10210360000 |  10210830000 |  10210750000 |  10210550000 |  10209370000 |  10209300000 |  10209710000 |  10209420000 |  10209370000 |  10209340000 |  10209220000 |  10209760000 |  10207070000 |  10207100000 |  10207780000 |  10207140000 |  10206820000 |  10206770000 |  10206740000 |  10206690000 |  10207480000 |  10207320000 |  10207310000 |  10207240000 |  10207200000 |  10207330000 |  10207300000 |  10207410000 |  10208460000 |  10208330000 |  10208420000 |  10208350000 |  10208400000 |  10208280000 |  10208140000 |  10208400000 |  10214240000 |  10214300000 |  10214010000 |  10214390000 |  10214020000 |  10214070000 |  10214130000 |  10213970000 |  10207780000 |  10207820000 |  10207890000 |  10207860000 |  10207440000 |  10207460000 |  10207580000 |  10207530000 |  10206910000 |  10207280000 |  10206890000 |  10207260000 |  10206750000 |  10207010000 |  10206920000 |  10206750000 |  10210290000 |  10210520000 |  10210420000 |  10210460000 |  10210240000 |  10210410000 |  10210420000 |  10210370000 |  10206700000 |  10206540000 |  10206710000 |  10206720000 |  10206400000 |  10206270000 |  10206510000 |  10206550000 |  10210650000 |  10210390000 |  10210480000 |  10210430000 |  10210170000 |  10210470000 |  10210220000 |  10210220000 |  10206020000 |  10206250000 |  10206150000 |  10206150000 |  10205980000 |  10206150000 |  10205980000 |  10206120000 |  10207780000 |  10207870000 |  10207760000 |  10207790000 |  10207740000 |  10207680000 |  10207790000 |  10207740000 |  10210590000 |  10210510000 |  10210740000 |  10210630000 |  10210900000 |  10210460000 |  10210540000 |  10210700000 |  10208280000 |  10208340000 |  10208180000 |  10208250000 |  10208040000 |  10207940000 |  10207920000 |  10207500000 |  10212640000 |  10212600000 |  10212690000 |  10212690000 |  10212500000 |  10212590000 |  10212530000 |  10212600000 |  10206430000 |  10206510000 |  10206460000 |  10206490000 |  10206350000 |  10206350000 |  10206670000 |  10206450000 |  10209820000 |  10209760000 |  10209770000 |  10209670000 |  10209650000 |  10209720000 |  10209730000 |  10209720000 |  10207580000 |  10207730000 |  10207650000 |  10207550000 |  10207340000 |  10207290000 |  10207240000 |  10207200000 |
|         CPU_CLOCKS_UNHALTED         |   PMC1  |   4053852000 |   4058576000 |   4057259000 |   4058561000 |   4057924000 |   4058326000 |   4056945000 |   4068160000 |   4028876000 |   4029675000 |   4029594000 |   4029692000 |   4028620000 |   4028900000 |   4028784000 |   4029494000 |   4075396000 |   4075449000 |   4074212000 |   4074437000 |   4075042000 |   4074292000 |   4073857000 |   4075043000 |   4040713000 |   4045807000 |   4044902000 |   4043811000 |   4043513000 |   4043278000 |   4044550000 |   4045039000 |   4051435000 |   4041909000 |   4051423000 |   4049906000 |   4042807000 |   4050918000 |   4049597000 |   4050978000 |   4060405000 |   4059841000 |   4060264000 |   4061410000 |   4060090000 |   4060451000 |   4059285000 |   4060257000 |   4063289000 |   4064666000 |   4063710000 |   4063034000 |   4063114000 |   4065461000 |   4063872000 |   4063919000 |   4041518000 |   4049941000 |   4041221000 |   4042853000 |   4042363000 |   4039315000 |   4039599000 |   4042761000 |   4036656000 |   4036240000 |   4035482000 |   4036919000 |   4036604000 |   4035780000 |   4037362000 |   4036411000 |   4068445000 |   4068433000 |   4068009000 |   4068856000 |   4067803000 |   4067640000 |   4067677000 |   4068363000 |   4052717000 |   4050075000 |   4052820000 |   4052816000 |   4048628000 |   4051424000 |   4050016000 |   4049197000 |   4046619000 |   4044898000 |   4045146000 |   4045453000 |   4046004000 |   4045176000 |   4043855000 |   4045619000 |   4062781000 |   4062528000 |   4063012000 |   4065539000 |   4063790000 |   4063626000 |   4062596000 |   4072398000 |   4075212000 |   4066062000 |   4064760000 |   4067895000 |   4065065000 |   4067669000 |   4067192000 |   4066416000 |   4059449000 |   4059003000 |   4061361000 |   4059678000 |   4059491000 |   4059282000 |   4058587000 |   4061665000 |   4046594000 |   4046700000 |   4050572000 |   4046910000 |   4046968000 |   4046800000 |   4046568000 |   4046256000 |   4049328000 |   4048508000 |   4048560000 |   4048009000 |   4047781000 |   4048522000 |   4048331000 |   4048918000 |   4054838000 |   4054125000 |   4054649000 |   4054122000 |   4054543000 |   4054029000 |   4053856000 |   4054519000 |   4087027000 |   4087421000 |   4085766000 |   4087458000 |   4085880000 |   4086076000 |   4086422000 |   4085448000 |   4051096000 |   4051102000 |   4051558000 |   4050997000 |   4050541000 |   4050599000 |   4051318000 |   4051021000 |   4046181000 |   4048175000 |   4046016000 |   4048046000 |   4045331000 |   4046944000 |   4045849000 |   4045231000 |   4065011000 |   4066344000 |   4065796000 |   4065908000 |   4064761000 |   4065692000 |   4065746000 |   4065543000 |   4045466000 |   4044230000 |   4044987000 |   4044742000 |   4044093000 |   4043772000 |   4044495000 |   4044086000 |   4067091000 |   4065672000 |   4066337000 |   4065865000 |   4065766000 |   4067468000 |   4066056000 |   4066034000 |   4041135000 |   4042414000 |   4041942000 |   4042004000 |   4041062000 |   4041898000 |   4040935000 |   4041766000 |   4051006000 |   4051552000 |   4051011000 |   4051048000 |   4050788000 |   4050464000 |   4051276000 |   4050843000 |   4066651000 |   4066154000 |   4067536000 |   4066889000 |   4068318000 |   4066602000 |   4066340000 |   4067298000 |   4053782000 |   4054135000 |   4053343000 |   4053523000 |   4053964000 |   4053255000 |   4053478000 |   4052968000 |   4078069000 |   4077808000 |   4078358000 |   4078355000 |   4077331000 |   4077435000 |   4077080000 |   4077947000 |   4043484000 |   4044116000 |   4043644000 |   4043725000 |   4043063000 |   4043127000 |   4044935000 |   4043708000 |   4062389000 |   4062029000 |   4062083000 |   4061451000 |   4061461000 |   4061802000 |   4061904000 |   4062026000 |   4049919000 |   4050723000 |   4050364000 |   4049775000 |   4050030000 |   4049908000 |   4049497000 |   4049244000 |
|                MERGE                |   PMC3  |            0 |            0 |            0 |            0 |            0 |            0 |            0 |            0 |            0 |            0 |            0 |            0 |            0 |            0 |            0 |            0 |            0 |            0 |            0 |            0 |            0 |            0 |            0 |            0 |            0 |            0 |            0 |            0 |            0 |            0 |            0 |            0 |            0 |            0 |            0 |            0 |            0 |            0 |            0 |            0 |            0 |            0 |            0 |            0 |            0 |            0 |            0 |            0 |            0 |            0 |            0 |            0 |            0 |            0 |            0 |            0 |            0 |            0 |            0 |            0 |            0 |            0 |            0 |            0 |            0 |            0 |            0 |            0 |            0 |            0 |            0 |            0 |            0 |            0 |            0 |            0 |            0 |            0 |            0 |            0 |            0 |            0 |            0 |            0 |            0 |            0 |            0 |            0 |            0 |            0 |            0 |            0 |            0 |            0 |            0 |            0 |            0 |            0 |            0 |            0 |            0 |            0 |            0 |            0 |            0 |            0 |            0 |            0 |            0 |            0 |            0 |            0 |            0 |            0 |            0 |            0 |            0 |            0 |            0 |            0 |            0 |            0 |            0 |            0 |            0 |            0 |            0 |            0 |            0 |            0 |            0 |            0 |            0 |            0 |            0 |            0 |            0 |            0 |            0 |            0 |            0 |            0 |            0 |            0 |            0 |            0 |            0 |            0 |            0 |            0 |            0 |            0 |            0 |            0 |            0 |            0 |            0 |            0 |            0 |            0 |            0 |            0 |            0 |            0 |            0 |            0 |            0 |            0 |            0 |            0 |            0 |            0 |            0 |            0 |            0 |            0 |            0 |            0 |            0 |            0 |            0 |            0 |            0 |            0 |            0 |            0 |            0 |            0 |            0 |            0 |            0 |            0 |            0 |            0 |            0 |            0 |            0 |            0 |            0 |            0 |            0 |            0 |            0 |            0 |            0 |            0 |            0 |            0 |            0 |            0 |            0 |            0 |            0 |            0 |            0 |            0 |            0 |            0 |            0 |            0 |            0 |            0 |            0 |            0 |            0 |            0 |            0 |            0 |            0 |            0 |            0 |            0 |            0 |            0 |            0 |            0 |            0 |            0 |            0 |            0 |            0 |            0 |            0 |            0 |            0 |            0 |            0 |            0 |            0 |            0 |            0 |            0 |            0 |            0 |            0 |            0 |
| RETIRED_SSE_AVX_FLOPS_ALL_SP_SCALAR |   PMC2  |            0 |            0 |            0 |            0 |            0 |            0 |            0 |            0 |            0 |            0 |            0 |            0 |            0 |            0 |            0 |            0 |            0 |            0 |            0 |            0 |            0 |            0 |            0 |            0 |            0 |            0 |            0 |            0 |            0 |            0 |            0 |            0 |            0 |            0 |            0 |            0 |            0 |            0 |            0 |            0 |            0 |            0 |            0 |            0 |            0 |            0 |            0 |            0 |            0 |            0 |            0 |            0 |            0 |            0 |            0 |            0 |            0 |            0 |            0 |            0 |            0 |            0 |            0 |            0 |            0 |            0 |            0 |            0 |            0 |            0 |            0 |            0 |            0 |            0 |            0 |            0 |            0 |            0 |            0 |            0 |            0 |            0 |            0 |            0 |            0 |            0 |            0 |            0 |            0 |            0 |            0 |            0 |            0 |            0 |            0 |            0 |            0 |            0 |            0 |            0 |            0 |            0 |            0 |            0 |            0 |            0 |            0 |            0 |            0 |            0 |            0 |            0 |            0 |            0 |            0 |            0 |            0 |            0 |            0 |            0 |            0 |            0 |            0 |            0 |            0 |            0 |            0 |            0 |            0 |            0 |            0 |            0 |            0 |            0 |            0 |            0 |            0 |            0 |            0 |            0 |            0 |            0 |            0 |            0 |            0 |            0 |            0 |            0 |            0 |            0 |            0 |            0 |            0 |            0 |            0 |            0 |            0 |            0 |            0 |            0 |            0 |            0 |            0 |            0 |            0 |            0 |            0 |            0 |            0 |            0 |            0 |            0 |            0 |            0 |            0 |            0 |            0 |            0 |            0 |            0 |            0 |            0 |            0 |            0 |            0 |            0 |            0 |            0 |            0 |            0 |            0 |            0 |            0 |            0 |            0 |            0 |            0 |            0 |            0 |            0 |            0 |            0 |            0 |            0 |            0 |            0 |            0 |            0 |            0 |            0 |            0 |            0 |            0 |            0 |            0 |            0 |            0 |            0 |            0 |            0 |            0 |            0 |            0 |            0 |            0 |            0 |            0 |            0 |            0 |            0 |            0 |            0 |            0 |            0 |            0 |            0 |            0 |            0 |            0 |            0 |            0 |            0 |            0 |            0 |            0 |            0 |            0 |            0 |            0 |            0 |            0 |            0 |            0 |            0 |            0 |            0 |
|                MERGE                |   PMC5  |            0 |            0 |            0 |            0 |            0 |            0 |            0 |            0 |            0 |            0 |            0 |            0 |            0 |            0 |            0 |            0 |            0 |            0 |            0 |            0 |            0 |            0 |            0 |            0 |            0 |            0 |            0 |            0 |            0 |            0 |            0 |            0 |            0 |            0 |            0 |            0 |            0 |            0 |            0 |            0 |            0 |            0 |            0 |            0 |            0 |            0 |            0 |            0 |            0 |            0 |            0 |            0 |            0 |            0 |            0 |            0 |            0 |            0 |            0 |            0 |            0 |            0 |            0 |            0 |            0 |            0 |            0 |            0 |            0 |            0 |            0 |            0 |            0 |            0 |            0 |            0 |            0 |            0 |            0 |            0 |            0 |            0 |            0 |            0 |            0 |            0 |            0 |            0 |            0 |            0 |            0 |            0 |            0 |            0 |            0 |            0 |            0 |            0 |            0 |            0 |            0 |            0 |            0 |            0 |            0 |            0 |            0 |            0 |            0 |            0 |            0 |            0 |            0 |            0 |            0 |            0 |            0 |            0 |            0 |            0 |            0 |            0 |            0 |            0 |            0 |            0 |            0 |            0 |            0 |            0 |            0 |            0 |            0 |            0 |            0 |            0 |            0 |            0 |            0 |            0 |            0 |            0 |            0 |            0 |            0 |            0 |            0 |            0 |            0 |            0 |            0 |            0 |            0 |            0 |            0 |            0 |            0 |            0 |            0 |            0 |            0 |            0 |            0 |            0 |            0 |            0 |            0 |            0 |            0 |            0 |            0 |            0 |            0 |            0 |            0 |            0 |            0 |            0 |            0 |            0 |            0 |            0 |            0 |            0 |            0 |            0 |            0 |            0 |            0 |            0 |            0 |            0 |            0 |            0 |            0 |            0 |            0 |            0 |            0 |            0 |            0 |            0 |            0 |            0 |            0 |            0 |            0 |            0 |            0 |            0 |            0 |            0 |            0 |            0 |            0 |            0 |            0 |            0 |            0 |            0 |            0 |            0 |            0 |            0 |            0 |            0 |            0 |            0 |            0 |            0 |            0 |            0 |            0 |            0 |            0 |            0 |            0 |            0 |            0 |            0 |            0 |            0 |            0 |            0 |            0 |            0 |            0 |            0 |            0 |            0 |            0 |            0 |            0 |            0 |            0 |            0 |
| RETIRED_SSE_AVX_FLOPS_ALL_SP_PACKED |   PMC4  | 257698000000 | 257698000000 | 257698000000 | 257698000000 | 257698000000 | 257698000000 | 257698000000 | 257698000000 | 257698000000 | 257698000000 | 257698000000 | 257698000000 | 257698000000 | 257698000000 | 257698000000 | 257698000000 | 257698000000 | 257698000000 | 257698000000 | 257698000000 | 257698000000 | 257698000000 | 257698000000 | 257698000000 | 257698000000 | 257698000000 | 257698000000 | 257698000000 | 257698000000 | 257698000000 | 257698000000 | 257698000000 | 257698000000 | 257698000000 | 257698000000 | 257698000000 | 257698000000 | 257698000000 | 257698000000 | 257698000000 | 257698000000 | 257698000000 | 257698000000 | 257698000000 | 257698000000 | 257698000000 | 257698000000 | 257698000000 | 257698000000 | 257698000000 | 257698000000 | 257698000000 | 257698000000 | 257698000000 | 257698000000 | 257698000000 | 257698000000 | 257698000000 | 257698000000 | 257698000000 | 257698000000 | 257698000000 | 257698000000 | 257698000000 | 257698000000 | 257698000000 | 257698000000 | 257698000000 | 257698000000 | 257698000000 | 257698000000 | 257698000000 | 257698000000 | 257698000000 | 257698000000 | 257698000000 | 257698000000 | 257698000000 | 257698000000 | 257698000000 | 257698000000 | 257698000000 | 257698000000 | 257698000000 | 257698000000 | 257698000000 | 257698000000 | 257698000000 | 257698000000 | 257698000000 | 257698000000 | 257698000000 | 257698000000 | 257698000000 | 257698000000 | 257698000000 | 257698000000 | 257698000000 | 257698000000 | 257698000000 | 257698000000 | 257698000000 | 257698000000 | 257698000000 | 257698000000 | 257698000000 | 257698000000 | 257698000000 | 257698000000 | 257698000000 | 257698000000 | 257698000000 | 257698000000 | 257698000000 | 257698000000 | 257698000000 | 257698000000 | 257698000000 | 257698000000 | 257698000000 | 257698000000 | 257698000000 | 257698000000 | 257698000000 | 257698000000 | 257698000000 | 257698000000 | 257698000000 | 257698000000 | 257698000000 | 257698000000 | 257698000000 | 257698000000 | 257698000000 | 257698000000 | 257698000000 | 257698000000 | 257698000000 | 257698000000 | 257698000000 | 257698000000 | 257698000000 | 257698000000 | 257698000000 | 257698000000 | 257698000000 | 257698000000 | 257698000000 | 257698000000 | 257698000000 | 257698000000 | 257698000000 | 257698000000 | 257698000000 | 257698000000 | 257698000000 | 257698000000 | 257698000000 | 257698000000 | 257698000000 | 257698000000 | 257698000000 | 257698000000 | 257698000000 | 257698000000 | 257698000000 | 257698000000 | 257698000000 | 257698000000 | 257698000000 | 257698000000 | 257698000000 | 257698000000 | 257698000000 | 257698000000 | 257698000000 | 257698000000 | 257698000000 | 257698000000 | 257698000000 | 257698000000 | 257698000000 | 257698000000 | 257698000000 | 257698000000 | 257698000000 | 257698000000 | 257698000000 | 257698000000 | 257698000000 | 257698000000 | 257698000000 | 257698000000 | 257698000000 | 257698000000 | 257698000000 | 257698000000 | 257698000000 | 257698000000 | 257698000000 | 257698000000 | 257698000000 | 257698000000 | 257698000000 | 257698000000 | 257698000000 | 257698000000 | 257698000000 | 257698000000 | 257698000000 | 257698000000 | 257698000000 | 257698000000 | 257698000000 | 257698000000 | 257698000000 | 257698000000 | 257698000000 | 257698000000 | 257698000000 | 257698000000 | 257698000000 | 257698000000 | 257698000000 | 257698000000 | 257698000000 | 257698000000 | 257698000000 | 257698000000 | 257698000000 | 257698000000 | 257698000000 | 257698000000 | 257698000000 | 257698000000 | 257698000000 | 257698000000 | 257698000000 | 257698000000 | 257698000000 | 257698000000 | 257698000000 | 257698000000 | 257698000000 | 257698000000 | 257698000000 | 257698000000 | 257698000000 | 257698000000 | 257698000000 | 257698000000 | 257698000000 | 257698000000 | 257698000000 | 257698000000 | 257698000000 |
+-------------------------------------+---------+--------------+--------------+--------------+--------------+--------------+--------------+--------------+--------------+--------------+--------------+--------------+--------------+--------------+--------------+--------------+--------------+--------------+--------------+--------------+--------------+--------------+--------------+--------------+--------------+--------------+--------------+--------------+--------------+--------------+--------------+--------------+--------------+--------------+--------------+--------------+--------------+--------------+--------------+--------------+--------------+--------------+--------------+--------------+--------------+--------------+--------------+--------------+--------------+--------------+--------------+--------------+--------------+--------------+--------------+--------------+--------------+--------------+--------------+--------------+--------------+--------------+--------------+--------------+--------------+--------------+--------------+--------------+--------------+--------------+--------------+--------------+--------------+--------------+--------------+--------------+--------------+--------------+--------------+--------------+--------------+--------------+--------------+--------------+--------------+--------------+--------------+--------------+--------------+--------------+--------------+--------------+--------------+--------------+--------------+--------------+--------------+--------------+--------------+--------------+--------------+--------------+--------------+--------------+--------------+--------------+--------------+--------------+--------------+--------------+--------------+--------------+--------------+--------------+--------------+--------------+--------------+--------------+--------------+--------------+--------------+--------------+--------------+--------------+--------------+--------------+--------------+--------------+--------------+--------------+--------------+--------------+--------------+--------------+--------------+--------------+--------------+--------------+--------------+--------------+--------------+--------------+--------------+--------------+--------------+--------------+--------------+--------------+--------------+--------------+--------------+--------------+--------------+--------------+--------------+--------------+--------------+--------------+--------------+--------------+--------------+--------------+--------------+--------------+--------------+--------------+--------------+--------------+--------------+--------------+--------------+--------------+--------------+--------------+--------------+--------------+--------------+--------------+--------------+--------------+--------------+--------------+--------------+--------------+--------------+--------------+--------------+--------------+--------------+--------------+--------------+--------------+--------------+--------------+--------------+--------------+--------------+--------------+--------------+--------------+--------------+--------------+--------------+--------------+--------------+--------------+--------------+--------------+--------------+--------------+--------------+--------------+--------------+--------------+--------------+--------------+--------------+--------------+--------------+--------------+--------------+--------------+--------------+--------------+--------------+--------------+--------------+--------------+--------------+--------------+--------------+--------------+--------------+--------------+--------------+--------------+--------------+--------------+--------------+--------------+--------------+--------------+--------------+--------------+--------------+--------------+--------------+--------------+--------------+--------------+--------------+--------------+--------------+--------------+--------------+--------------+--------------+
+------------------------------------------+---------+----------------+--------------+--------------+--------------+
|                   Event                  | Counter |       Sum      |      Min     |      Max     |      Avg     |
+------------------------------------------+---------+----------------+--------------+--------------+--------------+
|           ACTUAL_CPU_CLOCK STAT          |  FIXC1  |  1046886709000 |   4059878000 |   4124167000 | 4.089401e+09 |
|            MAX_CPU_CLOCK STAT            |  FIXC2  |  1169093061000 |   4562854000 |   4570910000 | 4.566770e+09 |
|         RETIRED_INSTRUCTIONS STAT        |   PMC0  |  2613389050000 |  10203840000 |  10214390000 | 1.020855e+10 |
|         CPU_CLOCKS_UNHALTED STAT         |   PMC1  |  1038171031000 |   4028620000 |   4087458000 | 4.055356e+09 |
|                MERGE STAT                |   PMC3  |              0 |            0 |            0 |            0 |
| RETIRED_SSE_AVX_FLOPS_ALL_SP_SCALAR STAT |   PMC2  |              0 |            0 |            0 |            0 |
|                MERGE STAT                |   PMC5  |              0 |            0 |            0 |            0 |
| RETIRED_SSE_AVX_FLOPS_ALL_SP_PACKED STAT |   PMC4  | 65970688000000 | 257698000000 | 257698000000 | 257698000000 |
+------------------------------------------+---------+----------------+--------------+--------------+--------------+
+----------------------+-------------+-------------+-------------+-------------+-------------+-------------+-------------+-------------+-------------+-------------+-------------+-------------+-------------+-------------+-------------+-------------+-------------+-------------+-------------+-------------+-------------+-------------+-------------+-------------+-------------+-------------+-------------+-------------+-------------+-------------+-------------+-------------+-------------+-------------+-------------+-------------+-------------+-------------+-------------+-------------+-------------+-------------+-------------+-------------+-------------+-------------+-------------+-------------+-------------+-------------+-------------+-------------+-------------+-------------+-------------+-------------+-------------+-------------+-------------+-------------+-------------+-------------+-------------+-------------+-------------+-------------+-------------+-------------+-------------+-------------+-------------+-------------+-------------+-------------+-------------+-------------+-------------+-------------+-------------+-------------+-------------+-------------+-------------+-------------+-------------+-------------+-------------+-------------+-------------+-------------+-------------+-------------+-------------+-------------+-------------+-------------+-------------+-------------+-------------+-------------+--------------+--------------+--------------+--------------+--------------+--------------+--------------+--------------+--------------+--------------+--------------+--------------+--------------+--------------+--------------+--------------+--------------+--------------+--------------+--------------+--------------+--------------+--------------+--------------+--------------+--------------+--------------+--------------+--------------+--------------+--------------+--------------+--------------+--------------+--------------+--------------+--------------+--------------+--------------+--------------+--------------+--------------+--------------+--------------+--------------+--------------+--------------+--------------+--------------+--------------+--------------+--------------+--------------+--------------+--------------+--------------+--------------+--------------+--------------+--------------+--------------+--------------+--------------+--------------+--------------+--------------+--------------+--------------+--------------+--------------+--------------+--------------+--------------+--------------+--------------+--------------+--------------+--------------+--------------+--------------+--------------+--------------+--------------+--------------+--------------+--------------+--------------+--------------+--------------+--------------+--------------+--------------+--------------+--------------+--------------+--------------+--------------+--------------+--------------+--------------+--------------+--------------+--------------+--------------+--------------+--------------+--------------+--------------+--------------+--------------+--------------+--------------+--------------+--------------+--------------+--------------+--------------+--------------+--------------+--------------+--------------+--------------+--------------+--------------+--------------+--------------+--------------+--------------+--------------+--------------+--------------+--------------+--------------+--------------+--------------+--------------+--------------+--------------+--------------+--------------+--------------+--------------+--------------+--------------+--------------+--------------+--------------+--------------+--------------+--------------+--------------+--------------+--------------+--------------+--------------+--------------+
|        Metric        |  HWThread 0 |  HWThread 1 |  HWThread 2 |  HWThread 3 |  HWThread 4 |  HWThread 5 |  HWThread 6 |  HWThread 7 |  HWThread 8 |  HWThread 9 | HWThread 10 | HWThread 11 | HWThread 12 | HWThread 13 | HWThread 14 | HWThread 15 | HWThread 16 | HWThread 17 | HWThread 18 | HWThread 19 | HWThread 20 | HWThread 21 | HWThread 22 | HWThread 23 | HWThread 24 | HWThread 25 | HWThread 26 | HWThread 27 | HWThread 28 | HWThread 29 | HWThread 30 | HWThread 31 | HWThread 32 | HWThread 33 | HWThread 34 | HWThread 35 | HWThread 36 | HWThread 37 | HWThread 38 | HWThread 39 | HWThread 40 | HWThread 41 | HWThread 42 | HWThread 43 | HWThread 44 | HWThread 45 | HWThread 46 | HWThread 47 | HWThread 48 | HWThread 49 | HWThread 50 | HWThread 51 | HWThread 52 | HWThread 53 | HWThread 54 | HWThread 55 | HWThread 56 | HWThread 57 | HWThread 58 | HWThread 59 | HWThread 60 | HWThread 61 | HWThread 62 | HWThread 63 | HWThread 64 | HWThread 65 | HWThread 66 | HWThread 67 | HWThread 68 | HWThread 69 | HWThread 70 | HWThread 71 | HWThread 72 | HWThread 73 | HWThread 74 | HWThread 75 | HWThread 76 | HWThread 77 | HWThread 78 | HWThread 79 | HWThread 80 | HWThread 81 | HWThread 82 | HWThread 83 | HWThread 84 | HWThread 85 | HWThread 86 | HWThread 87 | HWThread 88 | HWThread 89 | HWThread 90 | HWThread 91 | HWThread 92 | HWThread 93 | HWThread 94 | HWThread 95 | HWThread 96 | HWThread 97 | HWThread 98 | HWThread 99 | HWThread 100 | HWThread 101 | HWThread 102 | HWThread 103 | HWThread 104 | HWThread 105 | HWThread 106 | HWThread 107 | HWThread 108 | HWThread 109 | HWThread 110 | HWThread 111 | HWThread 112 | HWThread 113 | HWThread 114 | HWThread 115 | HWThread 116 | HWThread 117 | HWThread 118 | HWThread 119 | HWThread 120 | HWThread 121 | HWThread 122 | HWThread 123 | HWThread 124 | HWThread 125 | HWThread 126 | HWThread 127 | HWThread 128 | HWThread 129 | HWThread 130 | HWThread 131 | HWThread 132 | HWThread 133 | HWThread 134 | HWThread 135 | HWThread 136 | HWThread 137 | HWThread 138 | HWThread 139 | HWThread 140 | HWThread 141 | HWThread 142 | HWThread 143 | HWThread 144 | HWThread 145 | HWThread 146 | HWThread 147 | HWThread 148 | HWThread 149 | HWThread 150 | HWThread 151 | HWThread 152 | HWThread 153 | HWThread 154 | HWThread 155 | HWThread 156 | HWThread 157 | HWThread 158 | HWThread 159 | HWThread 160 | HWThread 161 | HWThread 162 | HWThread 163 | HWThread 164 | HWThread 165 | HWThread 166 | HWThread 167 | HWThread 168 | HWThread 169 | HWThread 170 | HWThread 171 | HWThread 172 | HWThread 173 | HWThread 174 | HWThread 175 | HWThread 176 | HWThread 177 | HWThread 178 | HWThread 179 | HWThread 180 | HWThread 181 | HWThread 182 | HWThread 183 | HWThread 184 | HWThread 185 | HWThread 186 | HWThread 187 | HWThread 188 | HWThread 189 | HWThread 190 | HWThread 191 | HWThread 192 | HWThread 193 | HWThread 194 | HWThread 195 | HWThread 196 | HWThread 197 | HWThread 198 | HWThread 199 | HWThread 200 | HWThread 201 | HWThread 202 | HWThread 203 | HWThread 204 | HWThread 205 | HWThread 206 | HWThread 207 | HWThread 208 | HWThread 209 | HWThread 210 | HWThread 211 | HWThread 212 | HWThread 213 | HWThread 214 | HWThread 215 | HWThread 216 | HWThread 217 | HWThread 218 | HWThread 219 | HWThread 220 | HWThread 221 | HWThread 222 | HWThread 223 | HWThread 224 | HWThread 225 | HWThread 226 | HWThread 227 | HWThread 228 | HWThread 229 | HWThread 230 | HWThread 231 | HWThread 232 | HWThread 233 | HWThread 234 | HWThread 235 | HWThread 236 | HWThread 237 | HWThread 238 | HWThread 239 | HWThread 240 | HWThread 241 | HWThread 242 | HWThread 243 | HWThread 244 | HWThread 245 | HWThread 246 | HWThread 247 | HWThread 248 | HWThread 249 | HWThread 250 | HWThread 251 | HWThread 252 | HWThread 253 | HWThread 254 | HWThread 255 |
+----------------------+-------------+-------------+-------------+-------------+-------------+-------------+-------------+-------------+-------------+-------------+-------------+-------------+-------------+-------------+-------------+-------------+-------------+-------------+-------------+-------------+-------------+-------------+-------------+-------------+-------------+-------------+-------------+-------------+-------------+-------------+-------------+-------------+-------------+-------------+-------------+-------------+-------------+-------------+-------------+-------------+-------------+-------------+-------------+-------------+-------------+-------------+-------------+-------------+-------------+-------------+-------------+-------------+-------------+-------------+-------------+-------------+-------------+-------------+-------------+-------------+-------------+-------------+-------------+-------------+-------------+-------------+-------------+-------------+-------------+-------------+-------------+-------------+-------------+-------------+-------------+-------------+-------------+-------------+-------------+-------------+-------------+-------------+-------------+-------------+-------------+-------------+-------------+-------------+-------------+-------------+-------------+-------------+-------------+-------------+-------------+-------------+-------------+-------------+-------------+-------------+--------------+--------------+--------------+--------------+--------------+--------------+--------------+--------------+--------------+--------------+--------------+--------------+--------------+--------------+--------------+--------------+--------------+--------------+--------------+--------------+--------------+--------------+--------------+--------------+--------------+--------------+--------------+--------------+--------------+--------------+--------------+--------------+--------------+--------------+--------------+--------------+--------------+--------------+--------------+--------------+--------------+--------------+--------------+--------------+--------------+--------------+--------------+--------------+--------------+--------------+--------------+--------------+--------------+--------------+--------------+--------------+--------------+--------------+--------------+--------------+--------------+--------------+--------------+--------------+--------------+--------------+--------------+--------------+--------------+--------------+--------------+--------------+--------------+--------------+--------------+--------------+--------------+--------------+--------------+--------------+--------------+--------------+--------------+--------------+--------------+--------------+--------------+--------------+--------------+--------------+--------------+--------------+--------------+--------------+--------------+--------------+--------------+--------------+--------------+--------------+--------------+--------------+--------------+--------------+--------------+--------------+--------------+--------------+--------------+--------------+--------------+--------------+--------------+--------------+--------------+--------------+--------------+--------------+--------------+--------------+--------------+--------------+--------------+--------------+--------------+--------------+--------------+--------------+--------------+--------------+--------------+--------------+--------------+--------------+--------------+--------------+--------------+--------------+--------------+--------------+--------------+--------------+--------------+--------------+--------------+--------------+--------------+--------------+--------------+--------------+--------------+--------------+--------------+--------------+--------------+--------------+
|  Runtime (RDTSC) [s] |      1.6897 |      1.6899 |      1.6900 |      1.6899 |      1.6897 |      1.6899 |      1.6895 |      1.6943 |      1.6896 |      1.6899 |      1.6900 |      1.6899 |      1.6895 |      1.6896 |      1.6896 |      1.6898 |      1.6900 |      1.6900 |      1.6896 |      1.6896 |      1.6900 |      1.6895 |      1.6895 |      1.6900 |      1.6902 |      1.6907 |      1.6903 |      1.6897 |      1.6897 |      1.6895 |      1.6902 |      1.6904 |      1.6942 |      1.6902 |      1.6943 |      1.6942 |      1.6907 |      1.6943 |      1.6941 |      1.6942 |      1.6899 |      1.6895 |      1.6899 |      1.6903 |      1.6898 |      1.6900 |      1.6899 |      1.6899 |      1.6896 |      1.6900 |      1.6897 |      1.6895 |      1.6896 |      1.6906 |      1.6899 |      1.6900 |      1.6909 |      1.6941 |      1.6903 |      1.6910 |      1.6910 |      1.6896 |      1.6898 |      1.6910 |      1.6899 |      1.6895 |      1.6895 |      1.6900 |      1.6900 |      1.6896 |      1.6903 |      1.6899 |      1.6899 |      1.6897 |      1.6897 |      1.6900 |      1.6896 |      1.6895 |      1.6897 |      1.6899 |      1.6914 |      1.6902 |      1.6914 |      1.6914 |      1.6895 |      1.6908 |      1.6903 |      1.6898 |      1.6904 |      1.6895 |      1.6898 |      1.6897 |      1.6903 |      1.6898 |      1.6895 |      1.6902 |      1.6899 |      1.6896 |      1.6900 |      1.6910 |       1.6903 |       1.6903 |       1.6898 |       1.6940 |       1.6941 |       1.6902 |       1.6895 |       1.6910 |       1.6898 |       1.6910 |       1.6908 |       1.6904 |       1.6900 |       1.6895 |       1.6908 |       1.6899 |       1.6899 |       1.6898 |       1.6895 |       1.6910 |       1.6896 |       1.6895 |       1.6914 |       1.6895 |       1.6898 |       1.6898 |       1.6898 |       1.6895 |       1.6902 |       1.6897 |       1.6898 |       1.6896 |       1.6896 |       1.6898 |       1.6898 |       1.6900 |       1.6899 |       1.6896 |       1.6899 |       1.6895 |       1.6899 |       1.6896 |       1.6896 |       1.6899 |       1.6903 |       1.6904 |       1.6898 |       1.6905 |       1.6898 |       1.6899 |       1.6902 |       1.6897 |       1.6895 |       1.6895 |       1.6899 |       1.6895 |       1.6898 |       1.6896 |       1.6899 |       1.6896 |       1.6898 |       1.6906 |       1.6898 |       1.6908 |       1.6895 |       1.6902 |       1.6898 |       1.6895 |       1.6895 |       1.6900 |       1.6900 |       1.6900 |       1.6895 |       1.6899 |       1.6900 |       1.6900 |       1.6903 |       1.6897 |       1.6900 |       1.6900 |       1.6898 |       1.6897 |       1.6900 |       1.6897 |       1.6903 |       1.6897 |       1.6900 |       1.6895 |       1.6896 |       1.6903 |       1.6898 |       1.6898 |       1.6895 |       1.6900 |       1.6900 |       1.6899 |       1.6896 |       1.6899 |       1.6895 |       1.6899 |       1.6895 |       1.6898 |       1.6895 |       1.6895 |       1.6895 |       1.6895 |       1.6899 |       1.6895 |       1.6898 |       1.6895 |       1.6902 |       1.6900 |       1.6906 |       1.6898 |       1.6898 |       1.6902 |       1.6899 |       1.6900 |       1.6897 |       1.6897 |       1.6900 |       1.6896 |       1.6898 |       1.6896 |       1.6898 |       1.6897 |       1.6900 |       1.6899 |       1.6896 |       1.6895 |       1.6895 |       1.6899 |       1.6895 |       1.6898 |       1.6900 |       1.6898 |       1.6895 |       1.6895 |       1.6904 |       1.6899 |       1.6899 |       1.6898 |       1.6898 |       1.6896 |       1.6896 |       1.6898 |       1.6900 |       1.6899 |       1.6896 |       1.6899 |       1.6899 |       1.6896 |       1.6898 |       1.6898 |       1.6895 |       1.6895 |
| Runtime unhalted [s] |      1.5158 |      1.5166 |      1.5166 |      1.5166 |      1.5162 |      1.5164 |      1.5158 |      1.5170 |      1.5065 |      1.5072 |      1.5065 |      1.5066 |      1.5057 |      1.5059 |      1.5060 |      1.5063 |      1.5241 |      1.5236 |      1.5228 |      1.5227 |      1.5230 |      1.5227 |      1.5226 |      1.5237 |      1.5117 |      1.5113 |      1.5117 |      1.5108 |      1.5104 |      1.5104 |      1.5113 |      1.5113 |      1.5110 |      1.5104 |      1.5106 |      1.5104 |      1.5102 |      1.5105 |      1.5106 |      1.5105 |      1.5185 |      1.5179 |      1.5187 |      1.5176 |      1.5191 |      1.5183 |      1.5183 |      1.5189 |      1.5189 |      1.5197 |      1.5189 |      1.5189 |      1.5189 |      1.5197 |      1.5196 |      1.5196 |      1.5116 |      1.5112 |      1.5109 |      1.5111 |      1.5111 |      1.5103 |      1.5106 |      1.5110 |      1.5089 |      1.5081 |      1.5087 |      1.5084 |      1.5095 |      1.5081 |      1.5089 |      1.5089 |      1.5213 |      1.5203 |      1.5203 |      1.5213 |      1.5202 |      1.5202 |      1.5204 |      1.5210 |      1.5140 |      1.5146 |      1.5146 |      1.5143 |      1.5136 |      1.5143 |      1.5142 |      1.5141 |      1.5126 |      1.5119 |      1.5126 |      1.5119 |      1.5127 |      1.5123 |      1.5119 |      1.5132 |      1.5189 |      1.5183 |      1.5193 |      1.5194 |       1.5195 |       1.5190 |       1.5190 |       1.5195 |       1.5201 |       1.5202 |       1.5192 |       1.5203 |       1.5199 |       1.5200 |       1.5204 |       1.5200 |       1.5168 |       1.5163 |       1.5179 |       1.5169 |       1.5169 |       1.5169 |       1.5163 |       1.5174 |       1.5121 |       1.5120 |       1.5131 |       1.5121 |       1.5134 |       1.5129 |       1.5134 |       1.5125 |       1.5157 |       1.5149 |       1.5150 |       1.5149 |       1.5144 |       1.5156 |       1.5153 |       1.5155 |       1.5179 |       1.5172 |       1.5177 |       1.5171 |       1.5175 |       1.5169 |       1.5172 |       1.5178 |       1.5286 |       1.5296 |       1.5289 |       1.5293 |       1.5293 |       1.5289 |       1.5293 |       1.5283 |       1.5161 |       1.5157 |       1.5167 |       1.5157 |       1.5167 |       1.5161 |       1.5166 |       1.5160 |       1.5147 |       1.5151 |       1.5146 |       1.5152 |       1.5139 |       1.5151 |       1.5147 |       1.5139 |       1.5212 |       1.5213 |       1.5221 |       1.5218 |       1.5214 |       1.5220 |       1.5221 |       1.5220 |       1.5141 |       1.5134 |       1.5135 |       1.5141 |       1.5138 |       1.5132 |       1.5142 |       1.5132 |       1.5222 |       1.5214 |       1.5221 |       1.5214 |       1.5209 |       1.5222 |       1.5224 |       1.5215 |       1.5125 |       1.5131 |       1.5128 |       1.5131 |       1.5124 |       1.5131 |       1.5123 |       1.5130 |       1.5157 |       1.5168 |       1.5161 |       1.5162 |       1.5162 |       1.5157 |       1.5168 |       1.5162 |       1.5223 |       1.5213 |       1.5225 |       1.5214 |       1.5227 |       1.5218 |       1.5221 |       1.5222 |       1.5175 |       1.5176 |       1.5169 |       1.5168 |       1.5170 |       1.5168 |       1.5171 |       1.5168 |       1.5259 |       1.5258 |       1.5256 |       1.5265 |       1.5254 |       1.5253 |       1.5253 |       1.5260 |       1.5130 |       1.5135 |       1.5136 |       1.5135 |       1.5128 |       1.5131 |       1.5140 |       1.5138 |       1.5206 |       1.5199 |       1.5198 |       1.5195 |       1.5196 |       1.5200 |       1.5208 |       1.5206 |       1.5156 |       1.5164 |       1.5163 |       1.5158 |       1.5162 |       1.5162 |       1.5157 |       1.5156 |
|      Clock [MHz]     |   2414.1586 |   2414.5813 |   2413.7878 |   2414.5832 |   2413.4216 |   2414.6453 |   2414.1085 |   2413.6198 |   2397.8640 |   2397.9299 |   2398.5353 |   2398.6664 |   2398.4744 |   2398.3165 |   2398.2919 |   2398.6729 |   2424.8546 |   2424.7272 |   2424.3173 |   2425.0083 |   2424.3064 |   2424.2516 |   2425.0567 |   2424.8152 |   2404.3485 |   2404.2972 |   2404.6742 |   2405.4571 |   2404.5953 |   2404.4135 |   2404.4332 |   2404.7579 |   2403.4081 |   2403.8297 |   2403.3300 |   2403.9405 |   2404.0512 |   2403.7501 |   2403.3764 |   2402.9632 |   2417.4131 |   2416.8879 |   2417.2747 |   2417.6560 |   2416.9816 |   2417.0799 |   2417.3225 |   2417.3759 |   2419.0869 |   2419.5059 |   2419.0728 |   2419.3781 |   2419.0556 |   2419.4176 |   2419.1529 |   2419.1105 |   2404.8815 |   2404.5102 |   2405.4927 |   2404.5686 |   2404.4253 |   2405.4660 |   2405.1385 |   2404.5409 |   2403.2586 |   2402.8137 |   2402.4064 |   2402.7935 |   2402.6616 |   2402.8501 |   2402.3917 |   2403.2960 |   2421.6355 |   2421.2216 |   2421.2024 |   2421.7825 |   2421.1511 |   2421.1850 |   2421.3925 |   2421.5254 |   2410.1292 |   2409.6581 |   2409.2583 |   2409.4597 |   2410.3675 |   2409.4832 |   2409.7733 |   2410.1056 |   2407.5345 |   2408.3223 |   2409.0350 |   2407.9102 |   2408.3115 |   2407.9861 |   2408.0872 |   2407.7932 |   2417.5834 |   2417.3453 |   2417.3722 |   2416.8972 |    2417.2179 |    2417.6937 |    2417.5727 |    2416.8482 |    2418.5752 |    2418.5098 |    2419.3219 |    2418.9763 |    2419.2683 |    2418.6733 |    2418.9315 |    2418.6583 |    2415.3095 |    2415.1236 |    2414.9555 |    2415.3139 |    2415.0361 |    2415.0734 |    2414.8159 |    2414.6964 |    2408.9502 |    2408.8975 |    2408.5039 |    2408.3863 |    2409.1921 |    2408.7620 |    2409.0650 |    2408.6348 |    2411.5429 |    2411.9083 |    2412.1348 |    2411.8865 |    2411.9288 |    2412.4914 |    2412.1096 |    2412.1563 |    2416.2908 |    2415.5642 |    2416.2762 |    2415.6421 |    2416.0529 |    2415.7861 |    2415.4909 |    2415.5670 |    2434.1191 |    2434.0181 |    2434.3569 |    2434.1956 |    2434.1900 |    2434.3363 |    2433.9524 |    2434.1214 |    2413.9552 |    2413.9825 |    2414.0727 |    2414.0130 |    2414.2519 |    2414.1209 |    2413.9931 |    2413.9598 |    2410.8538 |    2410.6646 |    2410.8030 |    2410.2645 |    2410.5824 |    2410.2582 |    2410.8305 |    2410.5779 |    2422.1469 |    2422.2867 |    2422.5604 |    2422.7559 |    2422.3035 |    2422.9440 |    2422.4516 |    2423.0174 |    2409.6043 |    2409.3134 |    2409.0762 |    2409.7441 |    2409.5597 |    2409.3848 |    2409.8413 |    2409.3000 |    2422.8509 |    2422.2797 |    2422.6229 |    2422.3437 |    2422.3987 |    2422.6018 |    2422.5800 |    2422.5709 |    2408.0860 |    2408.3110 |    2408.0440 |    2408.2925 |    2408.0103 |    2408.2867 |    2408.3075 |    2408.1566 |    2413.8559 |    2414.1377 |    2414.0634 |    2413.9232 |    2413.9755 |    2413.8548 |    2414.1149 |    2413.8979 |    2423.0368 |    2422.8383 |    2422.4511 |    2422.8857 |    2422.3790 |    2423.0156 |    2422.8201 |    2422.6603 |    2415.2135 |    2415.4206 |    2415.3662 |    2415.0081 |    2414.9599 |    2414.9836 |    2415.2367 |    2415.0051 |    2429.6426 |    2429.4019 |    2429.4020 |    2429.6901 |    2429.4354 |    2429.4272 |    2429.4056 |    2429.7328 |    2408.8827 |    2409.0982 |    2409.1443 |    2409.0280 |    2408.7203 |    2409.4106 |    2408.9222 |    2409.3192 |    2420.2952 |    2420.1000 |    2420.0265 |    2419.9901 |    2420.0871 |    2419.7105 |    2420.4626 |    2420.1112 |    2413.0495 |    2413.5575 |    2413.5998 |    2413.2496 |    2413.3505 |    2413.4486 |    2413.2552 |    2413.3977 |
|          CPI         |      0.3971 |      0.3975 |      0.3974 |      0.3975 |      0.3975 |      0.3975 |      0.3974 |      0.3984 |      0.3948 |      0.3949 |      0.3949 |      0.3949 |      0.3948 |      0.3948 |      0.3948 |      0.3949 |      0.3991 |      0.3991 |      0.3990 |      0.3990 |      0.3990 |      0.3990 |      0.3989 |      0.3990 |      0.3959 |      0.3964 |      0.3963 |      0.3962 |      0.3962 |      0.3961 |      0.3963 |      0.3963 |      0.3969 |      0.3960 |      0.3969 |      0.3968 |      0.3961 |      0.3968 |      0.3967 |      0.3969 |      0.3977 |      0.3977 |      0.3977 |      0.3978 |      0.3977 |      0.3977 |      0.3976 |      0.3977 |      0.3980 |      0.3981 |      0.3980 |      0.3979 |      0.3980 |      0.3982 |      0.3980 |      0.3980 |      0.3960 |      0.3968 |      0.3960 |      0.3961 |      0.3961 |      0.3958 |      0.3958 |      0.3961 |      0.3955 |      0.3955 |      0.3954 |      0.3956 |      0.3955 |      0.3955 |      0.3956 |      0.3955 |      0.3984 |      0.3984 |      0.3984 |      0.3985 |      0.3984 |      0.3984 |      0.3984 |      0.3984 |      0.3970 |      0.3968 |      0.3970 |      0.3970 |      0.3966 |      0.3969 |      0.3968 |      0.3967 |      0.3965 |      0.3963 |      0.3963 |      0.3963 |      0.3964 |      0.3963 |      0.3962 |      0.3964 |      0.3979 |      0.3979 |      0.3979 |      0.3982 |       0.3980 |       0.3980 |       0.3979 |       0.3988 |       0.3991 |       0.3982 |       0.3981 |       0.3984 |       0.3981 |       0.3984 |       0.3983 |       0.3983 |       0.3976 |       0.3976 |       0.3978 |       0.3976 |       0.3976 |       0.3976 |       0.3975 |       0.3978 |       0.3965 |       0.3965 |       0.3968 |       0.3965 |       0.3965 |       0.3965 |       0.3965 |       0.3964 |       0.3967 |       0.3966 |       0.3966 |       0.3966 |       0.3966 |       0.3966 |       0.3966 |       0.3967 |       0.3972 |       0.3971 |       0.3972 |       0.3971 |       0.3972 |       0.3971 |       0.3971 |       0.3972 |       0.4001 |       0.4002 |       0.4000 |       0.4002 |       0.4000 |       0.4000 |       0.4001 |       0.4000 |       0.3969 |       0.3969 |       0.3969 |       0.3969 |       0.3968 |       0.3968 |       0.3969 |       0.3969 |       0.3964 |       0.3966 |       0.3964 |       0.3966 |       0.3963 |       0.3965 |       0.3964 |       0.3963 |       0.3981 |       0.3983 |       0.3982 |       0.3982 |       0.3981 |       0.3982 |       0.3982 |       0.3982 |       0.3964 |       0.3962 |       0.3963 |       0.3963 |       0.3962 |       0.3962 |       0.3963 |       0.3962 |       0.3983 |       0.3982 |       0.3983 |       0.3982 |       0.3982 |       0.3984 |       0.3982 |       0.3982 |       0.3960 |       0.3961 |       0.3960 |       0.3960 |       0.3960 |       0.3960 |       0.3959 |       0.3960 |       0.3969 |       0.3969 |       0.3969 |       0.3969 |       0.3968 |       0.3968 |       0.3969 |       0.3968 |       0.3983 |       0.3982 |       0.3984 |       0.3983 |       0.3984 |       0.3983 |       0.3982 |       0.3983 |       0.3971 |       0.3971 |       0.3971 |       0.3971 |       0.3971 |       0.3971 |       0.3971 |       0.3971 |       0.3993 |       0.3993 |       0.3993 |       0.3993 |       0.3992 |       0.3993 |       0.3992 |       0.3993 |       0.3962 |       0.3962 |       0.3962 |       0.3962 |       0.3961 |       0.3961 |       0.3963 |       0.3962 |       0.3979 |       0.3979 |       0.3979 |       0.3978 |       0.3978 |       0.3978 |       0.3978 |       0.3979 |       0.3968 |       0.3968 |       0.3968 |       0.3967 |       0.3968 |       0.3968 |       0.3967 |       0.3967 |
|     SP [MFLOP/s]     | 152512.9019 | 152490.9715 | 152487.5426 | 152488.8961 | 152506.7643 | 152490.4301 | 152524.7270 | 152100.8016 | 152520.3939 | 152492.9567 | 152484.2041 | 152492.9567 | 152525.1784 | 152522.4702 | 152517.9567 | 152499.7248 | 152487.4524 | 152486.1892 | 152522.1993 | 152520.1231 | 152486.0989 | 152528.5187 | 152528.5187 | 152486.7305 | 152464.6273 | 152417.8256 | 152456.6897 | 152506.9448 | 152513.0824 | 152528.0673 | 152465.7999 | 152443.8831 | 152102.9563 | 152467.5139 | 152100.1732 | 152103.0460 | 152418.4567 | 152099.5448 | 152116.2444 | 152102.9563 | 152492.6860 | 152526.0812 | 152492.7762 | 152456.7799 | 152501.4395 | 152485.0162 | 152492.7762 | 152492.6860 | 152519.1301 | 152486.0087 | 152512.9019 | 152528.5187 | 152520.0328 | 152425.9395 | 152490.4301 | 152486.0087 | 152402.0512 | 152116.3342 | 152457.5917 | 152394.6609 | 152397.1843 | 152522.2896 | 152501.2590 | 152392.4980 | 152488.9863 | 152525.9909 | 152525.5395 | 152483.4823 | 152487.2719 | 152520.1231 | 152456.3289 | 152490.3398 | 152490.6105 | 152514.5266 | 152514.4363 | 152485.8282 | 152517.5956 | 152525.5395 | 152512.8116 | 152490.2496 | 152356.9093 | 152463.5448 | 152355.6483 | 152359.8819 | 152525.9006 | 152414.3099 | 152454.6153 | 152501.0785 | 152445.2358 | 152527.9770 | 152502.7932 | 152514.5266 | 152458.1328 | 152501.1688 | 152525.9909 | 152467.6943 | 152497.3785 | 152522.0188 | 152480.4147 | 152393.4893 |  152457.2309 |  152457.1407 |  152498.9126 |  152119.8362 |  152116.1546 |  152465.5293 |  152527.6159 |  152397.6350 |  152502.4322 |  152396.8238 |  152410.3436 |  152444.4242 |  152484.0237 |  152525.6298 |  152411.9662 |  152497.3785 |  152493.1372 |  152502.8835 |  152525.5395 |  152393.4893 |  152521.5674 |  152525.9909 |  152358.2605 |  152525.9909 |  152503.3347 |  152504.4178 |  152506.5838 |  152525.1784 |  152462.6428 |  152513.9850 |  152502.3420 |  152519.4912 |  152521.7480 |  152503.9665 |  152502.5225 |  152483.3921 |  152490.9715 |  152519.6718 |  152492.5055 |  152525.2687 |  152492.5055 |  152519.6718 |  152519.6718 |  152493.0469 |  152455.9682 |  152446.4082 |  152502.4322 |  152441.5385 |  152497.6492 |  152497.5590 |  152463.3644 |  152512.4505 |  152525.1784 |  152527.9770 |  152492.9567 |  152524.9978 |  152502.4322 |  152519.5815 |  152496.9273 |  152522.1091 |  152500.8078 |  152426.1198 |  152500.7175 |  152413.1380 |  152528.0673 |  152466.1608 |  152499.0931 |  152528.0673 |  152525.1784 |  152484.4748 |  152486.9110 |  152488.0840 |  152525.0881 |  152490.2496 |  152486.5501 |  152488.5352 |  152453.7133 |  152513.8045 |  152484.1139 |  152483.1214 |  152499.3638 |  152513.8045 |  152486.1892 |  152511.2772 |  152457.0505 |  152513.9850 |  152488.2645 |  152527.5256 |  152521.5674 |  152455.6976 |  152503.8762 |  152500.5370 |  152525.2687 |  152486.7305 |  152485.1064 |  152493.5884 |  152522.0188 |  152491.7836 |  152525.3589 |  152496.0248 |  152528.2478 |  152497.6492 |  152525.0881 |  152524.9978 |  152524.9978 |  152528.2478 |  152497.5590 |  152524.9978 |  152497.7394 |  152527.7062 |  152463.2742 |  152483.3921 |  152425.3985 |  152500.6273 |  152502.3420 |  152463.1840 |  152491.9641 |  152487.2719 |  152512.9019 |  152514.6168 |  152483.3019 |  152517.2345 |  152506.5838 |  152519.6718 |  152502.7030 |  152514.3460 |  152484.5650 |  152490.6105 |  152522.4702 |  152525.8103 |  152528.0673 |  152492.2348 |  152528.1576 |  152501.9810 |  152487.0012 |  152502.0713 |  152528.1576 |  152528.1576 |  152444.9653 |  152490.0691 |  152490.8812 |  152506.0423 |  152505.9520 |  152520.7550 |  152520.7550 |  152506.2228 |  152486.9110 |  152490.9715 |  152524.5465 |  152490.1594 |  152492.5055 |  152524.2756 |  152498.6419 |  152501.8908 |  152525.5395 |  152525.3589 |
+----------------------+-------------+-------------+-------------+-------------+-------------+-------------+-------------+-------------+-------------+-------------+-------------+-------------+-------------+-------------+-------------+-------------+-------------+-------------+-------------+-------------+-------------+-------------+-------------+-------------+-------------+-------------+-------------+-------------+-------------+-------------+-------------+-------------+-------------+-------------+-------------+-------------+-------------+-------------+-------------+-------------+-------------+-------------+-------------+-------------+-------------+-------------+-------------+-------------+-------------+-------------+-------------+-------------+-------------+-------------+-------------+-------------+-------------+-------------+-------------+-------------+-------------+-------------+-------------+-------------+-------------+-------------+-------------+-------------+-------------+-------------+-------------+-------------+-------------+-------------+-------------+-------------+-------------+-------------+-------------+-------------+-------------+-------------+-------------+-------------+-------------+-------------+-------------+-------------+-------------+-------------+-------------+-------------+-------------+-------------+-------------+-------------+-------------+-------------+-------------+-------------+--------------+--------------+--------------+--------------+--------------+--------------+--------------+--------------+--------------+--------------+--------------+--------------+--------------+--------------+--------------+--------------+--------------+--------------+--------------+--------------+--------------+--------------+--------------+--------------+--------------+--------------+--------------+--------------+--------------+--------------+--------------+--------------+--------------+--------------+--------------+--------------+--------------+--------------+--------------+--------------+--------------+--------------+--------------+--------------+--------------+--------------+--------------+--------------+--------------+--------------+--------------+--------------+--------------+--------------+--------------+--------------+--------------+--------------+--------------+--------------+--------------+--------------+--------------+--------------+--------------+--------------+--------------+--------------+--------------+--------------+--------------+--------------+--------------+--------------+--------------+--------------+--------------+--------------+--------------+--------------+--------------+--------------+--------------+--------------+--------------+--------------+--------------+--------------+--------------+--------------+--------------+--------------+--------------+--------------+--------------+--------------+--------------+--------------+--------------+--------------+--------------+--------------+--------------+--------------+--------------+--------------+--------------+--------------+--------------+--------------+--------------+--------------+--------------+--------------+--------------+--------------+--------------+--------------+--------------+--------------+--------------+--------------+--------------+--------------+--------------+--------------+--------------+--------------+--------------+--------------+--------------+--------------+--------------+--------------+--------------+--------------+--------------+--------------+--------------+--------------+--------------+--------------+--------------+--------------+--------------+--------------+--------------+--------------+--------------+--------------+--------------+--------------+--------------+--------------+--------------+--------------+
+---------------------------+--------------+-------------+-------------+-------------+
|           Metric          |      Sum     |     Min     |     Max     |     Avg     |
+---------------------------+--------------+-------------+-------------+-------------+
|  Runtime (RDTSC) [s] STAT |     432.6603 |      1.6895 |      1.6943 |      1.6901 |
| Runtime unhalted [s] STAT |     388.2701 |      1.5057 |      1.5296 |      1.5167 |
|      Clock [MHz] STAT     |  618097.1548 |   2397.8640 |   2434.3569 |   2414.4420 |
|          CPI STAT         |     101.6958 |      0.3948 |      0.4002 |      0.3972 |
|     SP [MFLOP/s] STAT     | 3.903401e+07 | 152099.5448 | 152528.5187 | 152476.5826 |
+---------------------------+--------------+-------------+-------------+-------------+
