--------------------------------------------------------------------------------
CPU name:	AMD EPYC 9755 128-Core Processor               
CPU type:	AMD K1A (Zen5) architecture
CPU clock:	2.70 GHz
--------------------------------------------------------------------------------
Region bench, Group 1: FLOPS_SP
+-------------------+------------+------------+------------+------------+------------+------------+------------+------------+------------+------------+-------------+-------------+-------------+-------------+-------------+-------------+-------------+-------------+-------------+-------------+-------------+-------------+-------------+-------------+-------------+-------------+-------------+-------------+-------------+-------------+-------------+-------------+-------------+-------------+-------------+-------------+-------------+-------------+-------------+-------------+-------------+-------------+-------------+-------------+-------------+-------------+-------------+-------------+-------------+-------------+-------------+-------------+-------------+-------------+-------------+-------------+-------------+-------------+-------------+-------------+-------------+-------------+-------------+-------------+-------------+-------------+-------------+-------------+-------------+-------------+-------------+-------------+-------------+-------------+-------------+-------------+-------------+-------------+-------------+-------------+-------------+-------------+-------------+-------------+-------------+-------------+-------------+-------------+-------------+-------------+-------------+-------------+-------------+-------------+-------------+-------------+-------------+-------------+-------------+-------------+--------------+--------------+--------------+--------------+--------------+--------------+--------------+--------------+--------------+--------------+--------------+--------------+--------------+--------------+--------------+--------------+--------------+--------------+--------------+--------------+--------------+--------------+--------------+--------------+--------------+--------------+--------------+--------------+--------------+--------------+--------------+--------------+--------------+--------------+--------------+--------------+--------------+--------------+--------------+--------------+--------------+--------------+--------------+--------------+--------------+--------------+--------------+--------------+--------------+--------------+--------------+--------------+--------------+--------------+--------------+--------------+--------------+--------------+--------------+--------------+--------------+--------------+--------------+--------------+--------------+--------------+--------------+--------------+--------------+--------------+--------------+--------------+--------------+--------------+--------------+--------------+--------------+--------------+--------------+--------------+--------------+--------------+--------------+--------------+--------------+--------------+--------------+--------------+--------------+--------------+--------------+--------------+--------------+--------------+--------------+--------------+--------------+--------------+--------------+--------------+--------------+--------------+--------------+--------------+--------------+--------------+--------------+--------------+--------------+--------------+--------------+--------------+--------------+--------------+--------------+--------------+--------------+--------------+--------------+--------------+--------------+--------------+--------------+--------------+--------------+--------------+--------------+--------------+--------------+--------------+--------------+--------------+--------------+--------------+--------------+--------------+--------------+--------------+--------------+--------------+--------------+--------------+--------------+--------------+--------------+--------------+--------------+--------------+--------------+--------------+--------------+--------------+--------------+--------------+--------------+--------------+
|    Region Info    | HWThread 0 | HWThread 1 | HWThread 2 | HWThread 3 | HWThread 4 | HWThread 5 | HWThread 6 | HWThread 7 | HWThread 8 | HWThread 9 | HWThread 10 | HWThread 11 | HWThread 12 | HWThread 13 | HWThread 14 | HWThread 15 | HWThread 16 | HWThread 17 | HWThread 18 | HWThread 19 | HWThread 20 | HWThread 21 | HWThread 22 | HWThread 23 | HWThread 24 | HWThread 25 | HWThread 26 | HWThread 27 | HWThread 28 | HWThread 29 | HWThread 30 | HWThread 31 | HWThread 32 | HWThread 33 | HWThread 34 | HWThread 35 | HWThread 36 | HWThread 37 | HWThread 38 | HWThread 39 | HWThread 40 | HWThread 41 | HWThread 42 | HWThread 43 | HWThread 44 | HWThread 45 | HWThread 46 | HWThread 47 | HWThread 48 | HWThread 49 | HWThread 50 | HWThread 51 | HWThread 52 | HWThread 53 | HWThread 54 | HWThread 55 | HWThread 56 | HWThread 57 | HWThread 58 | HWThread 59 | HWThread 60 | HWThread 61 | HWThread 62 | HWThread 63 | HWThread 64 | HWThread 65 | HWThread 66 | HWThread 67 | HWThread 68 | HWThread 69 | HWThread 70 | HWThread 71 | HWThread 72 | HWThread 73 | HWThread 74 | HWThread 75 | HWThread 76 | HWThread 77 | HWThread 78 | HWThread 79 | HWThread 80 | HWThread 81 | HWThread 82 | HWThread 83 | HWThread 84 | HWThread 85 | HWThread 86 | HWThread 87 | HWThread 88 | HWThread 89 | HWThread 90 | HWThread 91 | HWThread 92 | HWThread 93 | HWThread 94 | HWThread 95 | HWThread 96 | HWThread 97 | HWThread 98 | HWThread 99 | HWThread 100 | HWThread 101 | HWThread 102 | HWThread 103 | HWThread 104 | HWThread 105 | HWThread 106 | HWThread 107 | HWThread 108 | HWThread 109 | HWThread 110 | HWThread 111 | HWThread 112 | HWThread 113 | HWThread 114 | HWThread 115 | HWThread 116 | HWThread 117 | HWThread 118 | HWThread 119 | HWThread 120 | HWThread 121 | HWThread 122 | HWThread 123 | HWThread 124 | HWThread 125 | HWThread 126 | HWThread 127 | HWThread 128 | HWThread 129 | HWThread 130 | HWThread 131 | HWThread 132 | HWThread 133 | HWThread 134 | HWThread 135 | HWThread 136 | HWThread 137 | HWThread 138 | HWThread 139 | HWThread 140 | HWThread 141 | HWThread 142 | HWThread 143 | HWThread 144 | HWThread 145 | HWThread 146 | HWThread 147 | HWThread 148 | HWThread 149 | HWThread 150 | HWThread 151 | HWThread 152 | HWThread 153 | HWThread 154 | HWThread 155 | HWThread 156 | HWThread 157 | HWThread 158 | HWThread 159 | HWThread 160 | HWThread 161 | HWThread 162 | HWThread 163 | HWThread 164 | HWThread 165 | HWThread 166 | HWThread 167 | HWThread 168 | HWThread 169 | HWThread 170 | HWThread 171 | HWThread 172 | HWThread 173 | HWThread 174 | HWThread 175 | HWThread 176 | HWThread 177 | HWThread 178 | HWThread 179 | HWThread 180 | HWThread 181 | HWThread 182 | HWThread 183 | HWThread 184 | HWThread 185 | HWThread 186 | HWThread 187 | HWThread 188 | HWThread 189 | HWThread 190 | HWThread 191 | HWThread 192 | HWThread 193 | HWThread 194 | HWThread 195 | HWThread 196 | HWThread 197 | HWThread 198 | HWThread 199 | HWThread 200 | HWThread 201 | HWThread 202 | HWThread 203 | HWThread 204 | HWThread 205 | HWThread 206 | HWThread 207 | HWThread 208 | HWThread 209 | HWThread 210 | HWThread 211 | HWThread 212 | HWThread 213 | HWThread 214 | HWThread 215 | HWThread 216 | HWThread 217 | HWThread 218 | HWThread 219 | HWThread 220 | HWThread 221 | HWThread 222 | HWThread 223 | HWThread 224 | HWThread 225 | HWThread 226 | HWThread 227 | HWThread 228 | HWThread 229 | HWThread 230 | HWThread 231 | HWThread 232 | HWThread 233 | HWThread 234 | HWThread 235 | HWThread 236 | HWThread 237 | HWThread 238 | HWThread 239 | HWThread 240 | HWThread 241 | HWThread 242 | HWThread 243 | HWThread 244 | HWThread 245 | HWThread 246 | HWThread 247 | HWThread 248 | HWThread 249 | HWThread 250 | HWThread 251 | HWThread 252 | HWThread 253 | HWThread 254 | HWThread 255 |
+-------------------+------------+------------+------------+------------+------------+------------+------------+------------+------------+------------+-------------+-------------+-------------+-------------+-------------+-------------+-------------+-------------+-------------+-------------+-------------+-------------+-------------+-------------+-------------+-------------+-------------+-------------+-------------+-------------+-------------+-------------+-------------+-------------+-------------+-------------+-------------+-------------+-------------+-------------+-------------+-------------+-------------+-------------+-------------+-------------+-------------+-------------+-------------+-------------+-------------+-------------+-------------+-------------+-------------+-------------+-------------+-------------+-------------+-------------+-------------+-------------+-------------+-------------+-------------+-------------+-------------+-------------+-------------+-------------+-------------+-------------+-------------+-------------+-------------+-------------+-------------+-------------+-------------+-------------+-------------+-------------+-------------+-------------+-------------+-------------+-------------+-------------+-------------+-------------+-------------+-------------+-------------+-------------+-------------+-------------+-------------+-------------+-------------+-------------+--------------+--------------+--------------+--------------+--------------+--------------+--------------+--------------+--------------+--------------+--------------+--------------+--------------+--------------+--------------+--------------+--------------+--------------+--------------+--------------+--------------+--------------+--------------+--------------+--------------+--------------+--------------+--------------+--------------+--------------+--------------+--------------+--------------+--------------+--------------+--------------+--------------+--------------+--------------+--------------+--------------+--------------+--------------+--------------+--------------+--------------+--------------+--------------+--------------+--------------+--------------+--------------+--------------+--------------+--------------+--------------+--------------+--------------+--------------+--------------+--------------+--------------+--------------+--------------+--------------+--------------+--------------+--------------+--------------+--------------+--------------+--------------+--------------+--------------+--------------+--------------+--------------+--------------+--------------+--------------+--------------+--------------+--------------+--------------+--------------+--------------+--------------+--------------+--------------+--------------+--------------+--------------+--------------+--------------+--------------+--------------+--------------+--------------+--------------+--------------+--------------+--------------+--------------+--------------+--------------+--------------+--------------+--------------+--------------+--------------+--------------+--------------+--------------+--------------+--------------+--------------+--------------+--------------+--------------+--------------+--------------+--------------+--------------+--------------+--------------+--------------+--------------+--------------+--------------+--------------+--------------+--------------+--------------+--------------+--------------+--------------+--------------+--------------+--------------+--------------+--------------+--------------+--------------+--------------+--------------+--------------+--------------+--------------+--------------+--------------+--------------+--------------+--------------+--------------+--------------+--------------+
| RDTSC Runtime [s] |   2.006082 |   2.006306 |   2.006250 |   2.006343 |   2.006082 |   2.006237 |   2.006400 |   2.006649 |   2.006308 |   2.006581 |    2.006389 |    2.007274 |    2.006080 |    2.006353 |    2.006076 |    2.006073 |    2.006821 |    2.006701 |    2.006808 |    2.006173 |    2.006174 |    2.006077 |    2.006839 |    2.006816 |    2.006081 |    2.006327 |    2.006080 |    2.007287 |    2.006334 |    2.006431 |    2.006307 |    2.006082 |    2.006258 |    2.006145 |    2.006258 |    2.006310 |    2.006085 |    2.006258 |    2.006083 |    2.006341 |    2.006205 |    2.006911 |    2.006326 |    2.007166 |    2.006603 |    2.006080 |    2.006354 |    2.006081 |    2.006351 |    2.006891 |    2.006298 |    2.006202 |    2.006315 |    2.006356 |    2.006175 |    2.006907 |    2.007148 |    2.006869 |    2.006081 |    2.006181 |    2.006083 |    2.006309 |    2.006394 |    2.006331 |    2.006145 |    2.006339 |    2.006391 |    2.006395 |    2.006359 |    2.006361 |    2.006171 |    2.006138 |    2.006349 |    2.006305 |    2.006321 |    2.006250 |    2.006173 |    2.006140 |    2.006234 |    2.006077 |    2.006850 |    2.006885 |    2.006857 |    2.007354 |    2.006884 |    2.006888 |    2.006314 |    2.006587 |    2.010798 |    2.006081 |    2.007622 |    2.006653 |    2.010852 |    2.007933 |    2.006079 |    2.007267 |    2.006323 |    2.006077 |    2.006077 |    2.006265 |     2.006634 |     2.006653 |     2.006652 |     2.006339 |     2.006324 |     2.006260 |     2.006287 |     2.006083 |     2.006237 |     2.006261 |     2.006081 |     2.006809 |     2.006164 |     2.006083 |     2.006590 |     2.006340 |     2.008006 |     2.006386 |     2.006202 |     2.006083 |     2.006412 |     2.006820 |     2.006329 |     2.006205 |     2.006816 |     2.006289 |     2.006204 |     2.006319 |     2.006149 |     2.006434 |     2.006399 |     2.006204 |     2.006173 |     2.006204 |     2.006148 |     2.006434 |     2.010868 |     2.007251 |     2.006085 |     2.006399 |     2.006190 |     2.010761 |     2.006401 |     2.009163 |     2.006865 |     2.007312 |     2.006733 |     2.006432 |     2.006416 |     2.006809 |     2.006306 |     2.006078 |     2.006174 |     2.006149 |     2.006150 |     2.006345 |     2.006081 |     2.006176 |     2.006402 |     2.006080 |     2.006394 |     2.007181 |     2.006080 |     2.006399 |     2.007698 |     2.006393 |     2.007238 |     2.006403 |     2.006171 |     2.006340 |     2.006311 |     2.006340 |     2.006087 |     2.006191 |     2.006661 |     2.006385 |     2.006081 |     2.006397 |     2.006204 |     2.006082 |     2.006239 |     2.006416 |     2.006271 |     2.006364 |     2.006076 |     2.006095 |     2.006087 |     2.006327 |     2.006086 |     2.006087 |     2.007290 |     2.007236 |     2.006079 |     2.006341 |     2.006325 |     2.006329 |     2.006148 |     2.006083 |     2.006086 |     2.006385 |     2.006395 |     2.006145 |     2.006359 |     2.006085 |     2.006329 |     2.006180 |     2.006318 |     2.006079 |     2.006144 |     2.006344 |     2.006346 |     2.006207 |     2.006391 |     2.006181 |     2.006620 |     2.006150 |     2.006307 |     2.006401 |     2.006310 |     2.006604 |     2.006344 |     2.006619 |     2.006308 |     2.006096 |     2.006299 |     2.006417 |     2.006811 |     2.006082 |     2.006269 |     2.006135 |     2.006313 |     2.006175 |     2.006308 |     2.006208 |     2.006089 |     2.006088 |     2.006395 |     2.006345 |     2.006404 |     2.006344 |     2.006862 |     2.006253 |     2.007313 |     2.006084 |     2.006084 |     2.006253 |     2.006306 |     2.006080 |     2.006822 |     2.006082 |     2.006082 |     2.006342 |     2.006857 |     2.006359 |     2.006857 |     2.006433 |
|     call count    |          1 |          1 |          1 |          1 |          1 |          1 |          1 |          1 |          1 |          1 |           1 |           1 |           1 |           1 |           1 |           1 |           1 |           1 |           1 |           1 |           1 |           1 |           1 |           1 |           1 |           1 |           1 |           1 |           1 |           1 |           1 |           1 |           1 |           1 |           1 |           1 |           1 |           1 |           1 |           1 |           1 |           1 |           1 |           1 |           1 |           1 |           1 |           1 |           1 |           1 |           1 |           1 |           1 |           1 |           1 |           1 |           1 |           1 |           1 |           1 |           1 |           1 |           1 |           1 |           1 |           1 |           1 |           1 |           1 |           1 |           1 |           1 |           1 |           1 |           1 |           1 |           1 |           1 |           1 |           1 |           1 |           1 |           1 |           1 |           1 |           1 |           1 |           1 |           1 |           1 |           1 |           1 |           1 |           1 |           1 |           1 |           1 |           1 |           1 |           1 |            1 |            1 |            1 |            1 |            1 |            1 |            1 |            1 |            1 |            1 |            1 |            1 |            1 |            1 |            1 |            1 |            1 |            1 |            1 |            1 |            1 |            1 |            1 |            1 |            1 |            1 |            1 |            1 |            1 |            1 |            1 |            1 |            1 |            1 |            1 |            1 |            1 |            1 |            1 |            1 |            1 |            1 |            1 |            1 |            1 |            1 |            1 |            1 |            1 |            1 |            1 |            1 |            1 |            1 |            1 |            1 |            1 |            1 |            1 |            1 |            1 |            1 |            1 |            1 |            1 |            1 |            1 |            1 |            1 |            1 |            1 |            1 |            1 |            1 |            1 |            1 |            1 |            1 |            1 |            1 |            1 |            1 |            1 |            1 |            1 |            1 |            1 |            1 |            1 |            1 |            1 |            1 |            1 |            1 |            1 |            1 |            1 |            1 |            1 |            1 |            1 |            1 |            1 |            1 |            1 |            1 |            1 |            1 |            1 |            1 |            1 |            1 |            1 |            1 |            1 |            1 |            1 |            1 |            1 |            1 |            1 |            1 |            1 |            1 |            1 |            1 |            1 |            1 |            1 |            1 |            1 |            1 |            1 |            1 |            1 |            1 |            1 |            1 |            1 |            1 |            1 |            1 |            1 |            1 |            1 |            1 |            1 |            1 |            1 |            1 |            1 |            1 |            1 |            1 |            1 |            1 |
+-------------------+------------+------------+------------+------------+------------+------------+------------+------------+------------+------------+-------------+-------------+-------------+-------------+-------------+-------------+-------------+-------------+-------------+-------------+-------------+-------------+-------------+-------------+-------------+-------------+-------------+-------------+-------------+-------------+-------------+-------------+-------------+-------------+-------------+-------------+-------------+-------------+-------------+-------------+-------------+-------------+-------------+-------------+-------------+-------------+-------------+-------------+-------------+-------------+-------------+-------------+-------------+-------------+-------------+-------------+-------------+-------------+-------------+-------------+-------------+-------------+-------------+-------------+-------------+-------------+-------------+-------------+-------------+-------------+-------------+-------------+-------------+-------------+-------------+-------------+-------------+-------------+-------------+-------------+-------------+-------------+-------------+-------------+-------------+-------------+-------------+-------------+-------------+-------------+-------------+-------------+-------------+-------------+-------------+-------------+-------------+-------------+-------------+-------------+--------------+--------------+--------------+--------------+--------------+--------------+--------------+--------------+--------------+--------------+--------------+--------------+--------------+--------------+--------------+--------------+--------------+--------------+--------------+--------------+--------------+--------------+--------------+--------------+--------------+--------------+--------------+--------------+--------------+--------------+--------------+--------------+--------------+--------------+--------------+--------------+--------------+--------------+--------------+--------------+--------------+--------------+--------------+--------------+--------------+--------------+--------------+--------------+--------------+--------------+--------------+--------------+--------------+--------------+--------------+--------------+--------------+--------------+--------------+--------------+--------------+--------------+--------------+--------------+--------------+--------------+--------------+--------------+--------------+--------------+--------------+--------------+--------------+--------------+--------------+--------------+--------------+--------------+--------------+--------------+--------------+--------------+--------------+--------------+--------------+--------------+--------------+--------------+--------------+--------------+--------------+--------------+--------------+--------------+--------------+--------------+--------------+--------------+--------------+--------------+--------------+--------------+--------------+--------------+--------------+--------------+--------------+--------------+--------------+--------------+--------------+--------------+--------------+--------------+--------------+--------------+--------------+--------------+--------------+--------------+--------------+--------------+--------------+--------------+--------------+--------------+--------------+--------------+--------------+--------------+--------------+--------------+--------------+--------------+--------------+--------------+--------------+--------------+--------------+--------------+--------------+--------------+--------------+--------------+--------------+--------------+--------------+--------------+--------------+--------------+--------------+--------------+--------------+--------------+--------------+--------------+
+-------------------------------------+---------+--------------+--------------+--------------+--------------+--------------+--------------+--------------+--------------+--------------+--------------+--------------+--------------+--------------+--------------+--------------+--------------+--------------+--------------+--------------+--------------+--------------+--------------+--------------+--------------+--------------+--------------+--------------+--------------+--------------+--------------+--------------+--------------+--------------+--------------+--------------+--------------+--------------+--------------+--------------+--------------+--------------+--------------+--------------+--------------+--------------+--------------+--------------+--------------+--------------+--------------+--------------+--------------+--------------+--------------+--------------+--------------+--------------+--------------+--------------+--------------+--------------+--------------+--------------+--------------+--------------+--------------+--------------+--------------+--------------+--------------+--------------+--------------+--------------+--------------+--------------+--------------+--------------+--------------+--------------+--------------+--------------+--------------+--------------+--------------+--------------+--------------+--------------+--------------+--------------+--------------+--------------+--------------+--------------+--------------+--------------+--------------+--------------+--------------+--------------+--------------+--------------+--------------+--------------+--------------+--------------+--------------+--------------+--------------+--------------+--------------+--------------+--------------+--------------+--------------+--------------+--------------+--------------+--------------+--------------+--------------+--------------+--------------+--------------+--------------+--------------+--------------+--------------+--------------+--------------+--------------+--------------+--------------+--------------+--------------+--------------+--------------+--------------+--------------+--------------+--------------+--------------+--------------+--------------+--------------+--------------+--------------+--------------+--------------+--------------+--------------+--------------+--------------+--------------+--------------+--------------+--------------+--------------+--------------+--------------+--------------+--------------+--------------+--------------+--------------+--------------+--------------+--------------+--------------+--------------+--------------+--------------+--------------+--------------+--------------+--------------+--------------+--------------+--------------+--------------+--------------+--------------+--------------+--------------+--------------+--------------+--------------+--------------+--------------+--------------+--------------+--------------+--------------+--------------+--------------+--------------+--------------+--------------+--------------+--------------+--------------+--------------+--------------+--------------+--------------+--------------+--------------+--------------+--------------+--------------+--------------+--------------+--------------+--------------+--------------+--------------+--------------+--------------+--------------+--------------+--------------+--------------+--------------+--------------+--------------+--------------+--------------+--------------+--------------+--------------+--------------+--------------+--------------+--------------+--------------+--------------+--------------+--------------+--------------+--------------+--------------+--------------+--------------+--------------+--------------+--------------+--------------+--------------+--------------+--------------+--------------+--------------+--------------+--------------+--------------+--------------+--------------+
|                Event                | Counter |  HWThread 0  |  HWThread 1  |  HWThread 2  |  HWThread 3  |  HWThread 4  |  HWThread 5  |  HWThread 6  |  HWThread 7  |  HWThread 8  |  HWThread 9  |  HWThread 10 |  HWThread 11 |  HWThread 12 |  HWThread 13 |  HWThread 14 |  HWThread 15 |  HWThread 16 |  HWThread 17 |  HWThread 18 |  HWThread 19 |  HWThread 20 |  HWThread 21 |  HWThread 22 |  HWThread 23 |  HWThread 24 |  HWThread 25 |  HWThread 26 |  HWThread 27 |  HWThread 28 |  HWThread 29 |  HWThread 30 |  HWThread 31 |  HWThread 32 |  HWThread 33 |  HWThread 34 |  HWThread 35 |  HWThread 36 |  HWThread 37 |  HWThread 38 |  HWThread 39 |  HWThread 40 |  HWThread 41 |  HWThread 42 |  HWThread 43 |  HWThread 44 |  HWThread 45 |  HWThread 46 |  HWThread 47 |  HWThread 48 |  HWThread 49 |  HWThread 50 |  HWThread 51 |  HWThread 52 |  HWThread 53 |  HWThread 54 |  HWThread 55 |  HWThread 56 |  HWThread 57 |  HWThread 58 |  HWThread 59 |  HWThread 60 |  HWThread 61 |  HWThread 62 |  HWThread 63 |  HWThread 64 |  HWThread 65 |  HWThread 66 |  HWThread 67 |  HWThread 68 |  HWThread 69 |  HWThread 70 |  HWThread 71 |  HWThread 72 |  HWThread 73 |  HWThread 74 |  HWThread 75 |  HWThread 76 |  HWThread 77 |  HWThread 78 |  HWThread 79 |  HWThread 80 |  HWThread 81 |  HWThread 82 |  HWThread 83 |  HWThread 84 |  HWThread 85 |  HWThread 86 |  HWThread 87 |  HWThread 88 |  HWThread 89 |  HWThread 90 |  HWThread 91 |  HWThread 92 |  HWThread 93 |  HWThread 94 |  HWThread 95 |  HWThread 96 |  HWThread 97 |  HWThread 98 |  HWThread 99 | HWThread 100 | HWThread 101 | HWThread 102 | HWThread 103 | HWThread 104 | HWThread 105 | HWThread 106 | HWThread 107 | HWThread 108 | HWThread 109 | HWThread 110 | HWThread 111 | HWThread 112 | HWThread 113 | HWThread 114 | HWThread 115 | HWThread 116 | HWThread 117 | HWThread 118 | HWThread 119 | HWThread 120 | HWThread 121 | HWThread 122 | HWThread 123 | HWThread 124 | HWThread 125 | HWThread 126 | HWThread 127 | HWThread 128 | HWThread 129 | HWThread 130 | HWThread 131 | HWThread 132 | HWThread 133 | HWThread 134 | HWThread 135 | HWThread 136 | HWThread 137 | HWThread 138 | HWThread 139 | HWThread 140 | HWThread 141 | HWThread 142 | HWThread 143 | HWThread 144 | HWThread 145 | HWThread 146 | HWThread 147 | HWThread 148 | HWThread 149 | HWThread 150 | HWThread 151 | HWThread 152 | HWThread 153 | HWThread 154 | HWThread 155 | HWThread 156 | HWThread 157 | HWThread 158 | HWThread 159 | HWThread 160 | HWThread 161 | HWThread 162 | HWThread 163 | HWThread 164 | HWThread 165 | HWThread 166 | HWThread 167 | HWThread 168 | HWThread 169 | HWThread 170 | HWThread 171 | HWThread 172 | HWThread 173 | HWThread 174 | HWThread 175 | HWThread 176 | HWThread 177 | HWThread 178 | HWThread 179 | HWThread 180 | HWThread 181 | HWThread 182 | HWThread 183 | HWThread 184 | HWThread 185 | HWThread 186 | HWThread 187 | HWThread 188 | HWThread 189 | HWThread 190 | HWThread 191 | HWThread 192 | HWThread 193 | HWThread 194 | HWThread 195 | HWThread 196 | HWThread 197 | HWThread 198 | HWThread 199 | HWThread 200 | HWThread 201 | HWThread 202 | HWThread 203 | HWThread 204 | HWThread 205 | HWThread 206 | HWThread 207 | HWThread 208 | HWThread 209 | HWThread 210 | HWThread 211 | HWThread 212 | HWThread 213 | HWThread 214 | HWThread 215 | HWThread 216 | HWThread 217 | HWThread 218 | HWThread 219 | HWThread 220 | HWThread 221 | HWThread 222 | HWThread 223 | HWThread 224 | HWThread 225 | HWThread 226 | HWThread 227 | HWThread 228 | HWThread 229 | HWThread 230 | HWThread 231 | HWThread 232 | HWThread 233 | HWThread 234 | HWThread 235 | HWThread 236 | HWThread 237 | HWThread 238 | HWThread 239 | HWThread 240 | HWThread 241 | HWThread 242 | HWThread 243 | HWThread 244 | HWThread 245 | HWThread 246 | HWThread 247 | HWThread 248 | HWThread 249 | HWThread 250 | HWThread 251 | HWThread 252 | HWThread 253 | HWThread 254 | HWThread 255 |
+-------------------------------------+---------+--------------+--------------+--------------+--------------+--------------+--------------+--------------+--------------+--------------+--------------+--------------+--------------+--------------+--------------+--------------+--------------+--------------+--------------+--------------+--------------+--------------+--------------+--------------+--------------+--------------+--------------+--------------+--------------+--------------+--------------+--------------+--------------+--------------+--------------+--------------+--------------+--------------+--------------+--------------+--------------+--------------+--------------+--------------+--------------+--------------+--------------+--------------+--------------+--------------+--------------+--------------+--------------+--------------+--------------+--------------+--------------+--------------+--------------+--------------+--------------+--------------+--------------+--------------+--------------+--------------+--------------+--------------+--------------+--------------+--------------+--------------+--------------+--------------+--------------+--------------+--------------+--------------+--------------+--------------+--------------+--------------+--------------+--------------+--------------+--------------+--------------+--------------+--------------+--------------+--------------+--------------+--------------+--------------+--------------+--------------+--------------+--------------+--------------+--------------+--------------+--------------+--------------+--------------+--------------+--------------+--------------+--------------+--------------+--------------+--------------+--------------+--------------+--------------+--------------+--------------+--------------+--------------+--------------+--------------+--------------+--------------+--------------+--------------+--------------+--------------+--------------+--------------+--------------+--------------+--------------+--------------+--------------+--------------+--------------+--------------+--------------+--------------+--------------+--------------+--------------+--------------+--------------+--------------+--------------+--------------+--------------+--------------+--------------+--------------+--------------+--------------+--------------+--------------+--------------+--------------+--------------+--------------+--------------+--------------+--------------+--------------+--------------+--------------+--------------+--------------+--------------+--------------+--------------+--------------+--------------+--------------+--------------+--------------+--------------+--------------+--------------+--------------+--------------+--------------+--------------+--------------+--------------+--------------+--------------+--------------+--------------+--------------+--------------+--------------+--------------+--------------+--------------+--------------+--------------+--------------+--------------+--------------+--------------+--------------+--------------+--------------+--------------+--------------+--------------+--------------+--------------+--------------+--------------+--------------+--------------+--------------+--------------+--------------+--------------+--------------+--------------+--------------+--------------+--------------+--------------+--------------+--------------+--------------+--------------+--------------+--------------+--------------+--------------+--------------+--------------+--------------+--------------+--------------+--------------+--------------+--------------+--------------+--------------+--------------+--------------+--------------+--------------+--------------+--------------+--------------+--------------+--------------+--------------+--------------+--------------+--------------+--------------+--------------+--------------+--------------+--------------+
|           ACTUAL_CPU_CLOCK          |  FIXC1  |   4856021000 |   4855337000 |   4855727000 |   4855539000 |   4856024000 |   4856798000 |   4855923000 |   4856866000 |   4831852000 |   4833137000 |   4832005000 |   4834867000 |   4832480000 |   4831876000 |   4830894000 |   4832080000 |   4863731000 |   4864045000 |   4863735000 |   4863896000 |   4863065000 |   4861971000 |   4863727000 |   4863745000 |   4848983000 |   4848261000 |   4849223000 |   4851042000 |   4848493000 |   4849596000 |   4848197000 |   4849004000 |   4830590000 |   4830545000 |   4832495000 |   4829498000 |   4831477000 |   4829389000 |   4831207000 |   4830726000 |   4855640000 |   4856090000 |   4854569000 |   4856690000 |   4855127000 |   4853163000 |   4854410000 |   4854533000 |   4857638000 |   4859305000 |   4858345000 |   4858624000 |   4857633000 |   4857495000 |   4858718000 |   4859843000 |   4841359000 |   4840396000 |   4840354000 |   4839952000 |   4838926000 |   4838794000 |   4840044000 |   4839798000 |   4840861000 |   4839610000 |   4838503000 |   4840066000 |   4839553000 |   4838490000 |   4841150000 |   4840787000 |   4850024000 |   4849768000 |   4849827000 |   4852554000 |   4851169000 |   4850838000 |   4851381000 |   4851191000 |   4857497000 |   4857045000 |   4857074000 |   4857492000 |   4859267000 |   4857561000 |   4854604000 |   4857340000 |   4847780000 |   4846339000 |   4847278000 |   4846832000 |   4848076000 |   4848472000 |   4845674000 |   4847343000 |   4860361000 |   4860658000 |   4858254000 |   4860602000 |   4858813000 |   4860257000 |   4860521000 |   4859091000 |   4853247000 |   4854562000 |   4854529000 |   4854215000 |   4853524000 |   4853126000 |   4853811000 |   4855176000 |   4856743000 |   4856619000 |   4853933000 |   4854080000 |   4856104000 |   4854196000 |   4856985000 |   4854971000 |   4841305000 |   4842760000 |   4839759000 |   4842326000 |   4842673000 |   4841186000 |   4842235000 |   4840339000 |   4838996000 |   4838377000 |   4838186000 |   4839161000 |   4839174000 |   4839151000 |   4838423000 |   4838260000 |   4870391000 |   4869859000 |   4868556000 |   4868176000 |   4869091000 |   4870089000 |   4867928000 |   4869937000 |   4881428000 |   4879541000 |   4881137000 |   4877989000 |   4878003000 |   4880662000 |   4877771000 |   4876815000 |   4862492000 |   4862915000 |   4862944000 |   4862467000 |   4861421000 |   4862520000 |   4863472000 |   4860506000 |   4847065000 |   4848318000 |   4844292000 |   4847065000 |   4848823000 |   4846561000 |   4848249000 |   4847026000 |   4864257000 |   4863540000 |   4862602000 |   4862081000 |   4864163000 |   4863935000 |   4865132000 |   4863291000 |   4854655000 |   4852958000 |   4853074000 |   4853181000 |   4854388000 |   4852929000 |   4851756000 |   4853041000 |   4867455000 |   4869015000 |   4869812000 |   4869366000 |   4870538000 |   4868229000 |   4869198000 |   4871571000 |   4839597000 |   4841123000 |   4840953000 |   4840018000 |   4842076000 |   4839635000 |   4841933000 |   4841177000 |   4844069000 |   4844892000 |   4843968000 |   4844861000 |   4843872000 |   4844834000 |   4843825000 |   4842949000 |   4880592000 |   4880112000 |   4879778000 |   4880863000 |   4880351000 |   4881259000 |   4881454000 |   4880831000 |   4855594000 |   4856310000 |   4856025000 |   4857475000 |   4856139000 |   4856427000 |   4857458000 |   4857065000 |   4884101000 |   4884923000 |   4884984000 |   4885036000 |   4884027000 |   4885145000 |   4884145000 |   4885704000 |   4843319000 |   4845157000 |   4846768000 |   4846118000 |   4845478000 |   4845838000 |   4845457000 |   4845395000 |   4863329000 |   4863079000 |   4863270000 |   4863183000 |   4863177000 |   4862897000 |   4864299000 |   4860433000 |   4857386000 |   4856708000 |   4856627000 |   4856036000 |   4857487000 |   4855673000 |   4855751000 |   4855937000 |
|            MAX_CPU_CLOCK            |  FIXC2  |   5422156000 |   5421830000 |   5421028000 |   5422720000 |   5422206000 |   5422472000 |   5422011000 |   5423519000 |   5420997000 |   5419416000 |   5419770000 |   5424910000 |   5419064000 |   5419396000 |   5419723000 |   5420081000 |   5424554000 |   5423625000 |   5424517000 |   5422230000 |   5422168000 |   5420876000 |   5423982000 |   5424669000 |   5420629000 |   5421114000 |   5420714000 |   5424870000 |   5421211000 |   5422675000 |   5421056000 |   5420648000 |   5422498000 |   5420653000 |   5422291000 |   5421070000 |   5422000000 |   5420252000 |   5423093000 |   5422601000 |   5421891000 |   5425054000 |   5422917000 |   5425349000 |   5422847000 |   5421289000 |   5422758000 |   5422260000 |   5421354000 |   5423631000 |   5422392000 |   5420915000 |   5421190000 |   5421286000 |   5420936000 |   5421878000 |   5424175000 |   5423493000 |   5421382000 |   5420854000 |   5421476000 |   5421176000 |   5422202000 |   5421933000 |   5422057000 |   5422601000 |   5421318000 |   5422647000 |   5422701000 |   5421316000 |   5422220000 |   5421989000 |   5421674000 |   5421443000 |   5421076000 |   5421637000 |   5420754000 |   5420709000 |   5420947000 |   5419452000 |   5423207000 |   5421202000 |   5421231000 |   5424133000 |   5424826000 |   5423293000 |   5418544000 |   5421819000 |   5424748000 |   5420669000 |   5424010000 |   5422090000 |   5424925000 |   5425560000 |   5421450000 |   5424056000 |   5421904000 |   5421650000 |   5418945000 |   5420743000 |   5419035000 |   5420045000 |   5420792000 |   5421599000 |   5422670000 |   5422443000 |   5423183000 |   5421917000 |   5421012000 |   5422517000 |   5422132000 |   5424437000 |   5421949000 |   5421835000 |   5421474000 |   5419715000 |   5424136000 |   5419810000 |   5422079000 |   5421089000 |   5422902000 |   5424735000 |   5421122000 |   5421891000 |   5423933000 |   5421012000 |   5422263000 |   5420120000 |   5422180000 |   5422954000 |   5422743000 |   5422347000 |   5422174000 |   5422333000 |   5423005000 |   5422821000 |   5425937000 |   5425196000 |   5421707000 |   5422516000 |   5422504000 |   5426183000 |   5422807000 |   5426014000 |   5424941000 |   5423618000 |   5423786000 |   5421309000 |   5421321000 |   5424505000 |   5421063000 |   5418766000 |   5420667000 |   5420777000 |   5420808000 |   5421526000 |   5419254000 |   5420795000 |   5422735000 |   5420012000 |   5422707000 |   5425412000 |   5420055000 |   5422712000 |   5425448000 |   5422828000 |   5425357000 |   5422720000 |   5422371000 |   5422496000 |   5421298000 |   5421229000 |   5422304000 |   5421967000 |   5423537000 |   5422769000 |   5422370000 |   5422788000 |   5420967000 |   5421043000 |   5422225000 |   5422682000 |   5421157000 |   5422251000 |   5419313000 |   5420747000 |   5421958000 |   5422362000 |   5422024000 |   5421342000 |   5421803000 |   5425328000 |   5420971000 |   5422230000 |   5422631000 |   5421268000 |   5422329000 |   5421060000 |   5422196000 |   5422321000 |   5423017000 |   5422456000 |   5422805000 |   5421750000 |   5422773000 |   5422291000 |   5422774000 |   5420404000 |   5422181000 |   5422537000 |   5422750000 |   5422323000 |   5422720000 |   5422209000 |   5423367000 |   5421810000 |   5420088000 |   5421355000 |   5421097000 |   5422044000 |   5421232000 |   5421580000 |   5421074000 |   5420736000 |   5422570000 |   5422787000 |   5423288000 |   5421878000 |   5422494000 |   5422215000 |   5422622000 |   5422121000 |   5419045000 |   5422527000 |   5422105000 |   5422162000 |   5422813000 |   5422574000 |   5422734000 |   5422721000 |   5423544000 |   5421107000 |   5423728000 |   5422665000 |   5422652000 |   5421046000 |   5422286000 |   5418973000 |   5424717000 |   5421947000 |   5421918000 |   5422483000 |   5424970000 |   5422576000 |   5421389000 |   5422877000 |
|         RETIRED_INSTRUCTIONS        |   PMC0  |  20411090000 |  20412420000 |  20412300000 |  20412410000 |  20412220000 |  20412480000 |  20412290000 |  20412620000 |  20408110000 |  20408230000 |  20408140000 |  20408530000 |  20407930000 |  20408100000 |  20407990000 |  20407980000 |  20413490000 |  20413440000 |  20413360000 |  20413260000 |  20413210000 |  20413190000 |  20413630000 |  20413460000 |  20411080000 |  20411210000 |  20411130000 |  20411660000 |  20411180000 |  20411230000 |  20411170000 |  20411060000 |  20408160000 |  20408190000 |  20408140000 |  20407660000 |  20407970000 |  20408220000 |  20407950000 |  20408100000 |  20412380000 |  20412010000 |  20412420000 |  20412880000 |  20412640000 |  20412270000 |  20412390000 |  20412190000 |  20412790000 |  20413040000 |  20412910000 |  20412930000 |  20412870000 |  20412800000 |  20412690000 |  20413080000 |  20409360000 |  20409760000 |  20409310000 |  20409570000 |  20408600000 |  20408770000 |  20408640000 |  20408700000 |  20409200000 |  20409320000 |  20409300000 |  20409330000 |  20409220000 |  20409240000 |  20409160000 |  20409160000 |  20411120000 |  20411100000 |  20411280000 |  20411130000 |  20411020000 |  20411050000 |  20411050000 |  20411020000 |  20412890000 |  20412810000 |  20412730000 |  20412940000 |  20412860000 |  20412890000 |  20412530000 |  20412630000 |  20412770000 |  20410780000 |  20411360000 |  20410920000 |  20411880000 |  20410740000 |  20409910000 |  20410260000 |  20413540000 |  20413460000 |  20413410000 |  20413530000 |  20413590000 |  20413640000 |  20413620000 |  20413520000 |  20411990000 |  20411990000 |  20412010000 |  20411920000 |  20411930000 |  20411970000 |  20411890000 |  20412120000 |  20412470000 |  20412460000 |  20412770000 |  20412550000 |  20413370000 |  20412670000 |  20412380000 |  20412400000 |  20409950000 |  20410140000 |  20410010000 |  20409890000 |  20409350000 |  20409130000 |  20409090000 |  20409140000 |  20408350000 |  20408440000 |  20408410000 |  20408410000 |  20408290000 |  20408410000 |  20408380000 |  20408470000 |  20415620000 |  20414130000 |  20413580000 |  20413770000 |  20413640000 |  20415580000 |  20413650000 |  20414870000 |  20415940000 |  20416110000 |  20415860000 |  20415780000 |  20415930000 |  20415890000 |  20415680000 |  20415640000 |  20412660000 |  20412590000 |  20412570000 |  20412680000 |  20411770000 |  20411860000 |  20413850000 |  20411750000 |  20409930000 |  20410360000 |  20409820000 |  20409970000 |  20410370000 |  20409960000 |  20410280000 |  20409910000 |  20412830000 |  20412860000 |  20412830000 |  20412810000 |  20412690000 |  20412740000 |  20412920000 |  20412730000 |  20410990000 |  20411160000 |  20411020000 |  20411020000 |  20411290000 |  20411100000 |  20411000000 |  20411030000 |  20413880000 |  20413940000 |  20413900000 |  20413970000 |  20413120000 |  20413100000 |  20413560000 |  20413580000 |  20407860000 |  20409030000 |  20408900000 |  20409020000 |  20408910000 |  20408870000 |  20408840000 |  20408910000 |  20409400000 |  20409350000 |  20409480000 |  20409330000 |  20409340000 |  20409300000 |  20409370000 |  20409260000 |  20415840000 |  20415880000 |  20415850000 |  20415840000 |  20416140000 |  20415780000 |  20415930000 |  20415770000 |  20411900000 |  20411960000 |  20411790000 |  20412040000 |  20411000000 |  20411230000 |  20411060000 |  20411000000 |  20416620000 |  20416610000 |  20416780000 |  20416580000 |  20416580000 |  20416600000 |  20416650000 |  20416550000 |  20409780000 |  20409790000 |  20409680000 |  20409680000 |  20409740000 |  20409750000 |  20409680000 |  20409770000 |  20413040000 |  20412820000 |  20413220000 |  20412770000 |  20412940000 |  20412750000 |  20412830000 |  20412700000 |  20411760000 |  20411530000 |  20411490000 |  20411610000 |  20412420000 |  20410840000 |  20410930000 |  20410840000 |
|         CPU_CLOCKS_UNHALTED         |   PMC1  |   4815190000 |   4820300000 |   4819583000 |   4820176000 |   4819205000 |   4819843000 |   4819697000 |   4820703000 |   4796192000 |   4796885000 |   4796349000 |   4798394000 |   4795321000 |   4796167000 |   4795561000 |   4795558000 |   4826394000 |   4826055000 |   4825608000 |   4825008000 |   4824803000 |   4824871000 |   4826196000 |   4826154000 |   4812781000 |   4813354000 |   4812887000 |   4815465000 |   4813267000 |   4813434000 |   4813067000 |   4812619000 |   4797693000 |   4797827000 |   4797596000 |   4796716000 |   4797237000 |   4797974000 |   4796489000 |   4797572000 |   4819782000 |   4817106000 |   4820223000 |   4822163000 |   4820661000 |   4819621000 |   4819229000 |   4819457000 |   4822137000 |   4823287000 |   4822046000 |   4822039000 |   4821864000 |   4822136000 |   4821647000 |   4823222000 |   4804428000 |   4804506000 |   4802481000 |   4803282000 |   4802232000 |   4803213000 |   4802602000 |   4802874000 |   4803730000 |   4804405000 |   4804248000 |   4804378000 |   4803859000 |   4803917000 |   4803416000 |   4803498000 |   4814334000 |   4814278000 |   4814339000 |   4814345000 |   4813941000 |   4814010000 |   4813979000 |   4813841000 |   4821948000 |   4822230000 |   4821685000 |   4822789000 |   4821797000 |   4822014000 |   4820527000 |   4821182000 |   4821141000 |   4810134000 |   4813415000 |   4811304000 |   4820475000 |   4814295000 |   4809594000 |   4812463000 |   4825563000 |   4825069000 |   4824950000 |   4825550000 |   4825889000 |   4826144000 |   4825946000 |   4825482000 |   4817915000 |   4817918000 |   4817595000 |   4817411000 |   4817471000 |   4817746000 |   4817239000 |   4818587000 |   4820484000 |   4820453000 |   4821212000 |   4820853000 |   4824278000 |   4820675000 |   4820142000 |   4820203000 |   4806117000 |   4807163000 |   4805839000 |   4805908000 |   4806368000 |   4805372000 |   4805091000 |   4805675000 |   4796992000 |   4797669000 |   4797346000 |   4797267000 |   4796673000 |   4796996000 |   4796785000 |   4797397000 |   4837485000 |   4828932000 |   4826144000 |   4826865000 |   4826229000 |   4837137000 |   4826485000 |   4833113000 |   4839240000 |   4840292000 |   4838895000 |   4838274000 |   4837998000 |   4839083000 |   4837774000 |   4837324000 |   4821667000 |   4821537000 |   4821401000 |   4821978000 |   4820865000 |   4821489000 |   4821277000 |   4820949000 |   4806102000 |   4807900000 |   4805183000 |   4806061000 |   4808397000 |   4805679000 |   4807422000 |   4805601000 |   4821636000 |   4822170000 |   4821981000 |   4821766000 |   4821282000 |   4821507000 |   4822181000 |   4821767000 |   4811815000 |   4812694000 |   4811895000 |   4811843000 |   4811802000 |   4812434000 |   4811770000 |   4812045000 |   4827984000 |   4828207000 |   4828089000 |   4828390000 |   4827886000 |   4827594000 |   4830183000 |   4830228000 |   4800165000 |   4800900000 |   4800505000 |   4800788000 |   4800267000 |   4800003000 |   4799829000 |   4800575000 |   4803014000 |   4802692000 |   4803102000 |   4802509000 |   4802729000 |   4802422000 |   4802532000 |   4802253000 |   4838557000 |   4839101000 |   4838961000 |   4838809000 |   4839074000 |   4838531000 |   4839337000 |   4838551000 |   4816789000 |   4816878000 |   4816517000 |   4817184000 |   4815963000 |   4817090000 |   4816028000 |   4815925000 |   4843223000 |   4843430000 |   4844102000 |   4842925000 |   4843056000 |   4842732000 |   4842921000 |   4842699000 |   4805039000 |   4805051000 |   4804477000 |   4804373000 |   4804877000 |   4805033000 |   4804538000 |   4804978000 |   4822873000 |   4821889000 |   4823871000 |   4821349000 |   4821382000 |   4821502000 |   4821615000 |   4821310000 |   4816104000 |   4814742000 |   4814544000 |   4815158000 |   4815486000 |   4814997000 |   4815602000 |   4815051000 |
|                MERGE                |   PMC3  |            0 |            0 |            0 |            0 |            0 |            0 |            0 |            0 |            0 |            0 |            0 |            0 |            0 |            0 |            0 |            0 |            0 |            0 |            0 |            0 |            0 |            0 |            0 |            0 |            0 |            0 |            0 |            0 |            0 |            0 |            0 |            0 |            0 |            0 |            0 |            0 |            0 |            0 |            0 |            0 |            0 |            0 |            0 |            0 |            0 |            0 |            0 |            0 |            0 |            0 |            0 |            0 |            0 |            0 |            0 |            0 |            0 |            0 |            0 |            0 |            0 |            0 |            0 |            0 |            0 |            0 |            0 |            0 |            0 |            0 |            0 |            0 |            0 |            0 |            0 |            0 |            0 |            0 |            0 |            0 |            0 |            0 |            0 |            0 |            0 |            0 |            0 |            0 |            0 |            0 |            0 |            0 |            0 |            0 |            0 |            0 |            0 |            0 |            0 |            0 |            0 |            0 |            0 |            0 |            0 |            0 |            0 |            0 |            0 |            0 |            0 |            0 |            0 |            0 |            0 |            0 |            0 |            0 |            0 |            0 |            0 |            0 |            0 |            0 |            0 |            0 |            0 |            0 |            0 |            0 |            0 |            0 |            0 |            0 |            0 |            0 |            0 |            0 |            0 |            0 |            0 |            0 |            0 |            0 |            0 |            0 |            0 |            0 |            0 |            0 |            0 |            0 |            0 |            0 |            0 |            0 |            0 |            0 |            0 |            0 |            0 |            0 |            0 |            0 |            0 |            0 |            0 |            0 |            0 |            0 |            0 |            0 |            0 |            0 |            0 |            0 |            0 |            0 |            0 |            0 |            0 |            0 |            0 |            0 |            0 |            0 |            0 |            0 |            0 |            0 |            0 |            0 |            0 |            0 |            0 |            0 |            0 |            0 |            0 |            0 |            0 |            0 |            0 |            0 |            0 |            0 |            0 |            0 |            0 |            0 |            0 |            0 |            0 |            0 |            0 |            0 |            0 |            0 |            0 |            0 |            0 |            0 |            0 |            0 |            0 |            0 |            0 |            0 |            0 |            0 |            0 |            0 |            0 |            0 |            0 |            0 |            0 |            0 |            0 |            0 |            0 |            0 |            0 |            0 |            0 |            0 |            0 |            0 |            0 |            0 |            0 |            0 |            0 |            0 |            0 |            0 |
| RETIRED_SSE_AVX_FLOPS_ALL_SP_SCALAR |   PMC2  |            0 |            0 |            0 |            0 |            0 |            0 |            0 |            0 |            0 |            0 |            0 |            0 |            0 |            0 |            0 |            0 |            0 |            0 |            0 |            0 |            0 |            0 |            0 |            0 |            0 |            0 |            0 |            0 |            0 |            0 |            0 |            0 |            0 |            0 |            0 |            0 |            0 |            0 |            0 |            0 |            0 |            0 |            0 |            0 |            0 |            0 |            0 |            0 |            0 |            0 |            0 |            0 |            0 |            0 |            0 |            0 |            0 |            0 |            0 |            0 |            0 |            0 |            0 |            0 |            0 |            0 |            0 |            0 |            0 |            0 |            0 |            0 |            0 |            0 |            0 |            0 |            0 |            0 |            0 |            0 |            0 |            0 |            0 |            0 |            0 |            0 |            0 |            0 |            0 |            0 |            0 |            0 |            0 |            0 |            0 |            0 |            0 |            0 |            0 |            0 |            0 |            0 |            0 |            0 |            0 |            0 |            0 |            0 |            0 |            0 |            0 |            0 |            0 |            0 |            0 |            0 |            0 |            0 |            0 |            0 |            0 |            0 |            0 |            0 |            0 |            0 |            0 |            0 |            0 |            0 |            0 |            0 |            0 |            0 |            0 |            0 |            0 |            0 |            0 |            0 |            0 |            0 |            0 |            0 |            0 |            0 |            0 |            0 |            0 |            0 |            0 |            0 |            0 |            0 |            0 |            0 |            0 |            0 |            0 |            0 |            0 |            0 |            0 |            0 |            0 |            0 |            0 |            0 |            0 |            0 |            0 |            0 |            0 |            0 |            0 |            0 |            0 |            0 |            0 |            0 |            0 |            0 |            0 |            0 |            0 |            0 |            0 |            0 |            0 |            0 |            0 |            0 |            0 |            0 |            0 |            0 |            0 |            0 |            0 |            0 |            0 |            0 |            0 |            0 |            0 |            0 |            0 |            0 |            0 |            0 |            0 |            0 |            0 |            0 |            0 |            0 |            0 |            0 |            0 |            0 |            0 |            0 |            0 |            0 |            0 |            0 |            0 |            0 |            0 |            0 |            0 |            0 |            0 |            0 |            0 |            0 |            0 |            0 |            0 |            0 |            0 |            0 |            0 |            0 |            0 |            0 |            0 |            0 |            0 |            0 |            0 |            0 |            0 |            0 |            0 |            0 |
|                MERGE                |   PMC5  |            0 |            0 |            0 |            0 |            0 |            0 |            0 |            0 |            0 |            0 |            0 |            0 |            0 |            0 |            0 |            0 |            0 |            0 |            0 |            0 |            0 |            0 |            0 |            0 |            0 |            0 |            0 |            0 |            0 |            0 |            0 |            0 |            0 |            0 |            0 |            0 |            0 |            0 |            0 |            0 |            0 |            0 |            0 |            0 |            0 |            0 |            0 |            0 |            0 |            0 |            0 |            0 |            0 |            0 |            0 |            0 |            0 |            0 |            0 |            0 |            0 |            0 |            0 |            0 |            0 |            0 |            0 |            0 |            0 |            0 |            0 |            0 |            0 |            0 |            0 |            0 |            0 |            0 |            0 |            0 |            0 |            0 |            0 |            0 |            0 |            0 |            0 |            0 |            0 |            0 |            0 |            0 |            0 |            0 |            0 |            0 |            0 |            0 |            0 |            0 |            0 |            0 |            0 |            0 |            0 |            0 |            0 |            0 |            0 |            0 |            0 |            0 |            0 |            0 |            0 |            0 |            0 |            0 |            0 |            0 |            0 |            0 |            0 |            0 |            0 |            0 |            0 |            0 |            0 |            0 |            0 |            0 |            0 |            0 |            0 |            0 |            0 |            0 |            0 |            0 |            0 |            0 |            0 |            0 |            0 |            0 |            0 |            0 |            0 |            0 |            0 |            0 |            0 |            0 |            0 |            0 |            0 |            0 |            0 |            0 |            0 |            0 |            0 |            0 |            0 |            0 |            0 |            0 |            0 |            0 |            0 |            0 |            0 |            0 |            0 |            0 |            0 |            0 |            0 |            0 |            0 |            0 |            0 |            0 |            0 |            0 |            0 |            0 |            0 |            0 |            0 |            0 |            0 |            0 |            0 |            0 |            0 |            0 |            0 |            0 |            0 |            0 |            0 |            0 |            0 |            0 |            0 |            0 |            0 |            0 |            0 |            0 |            0 |            0 |            0 |            0 |            0 |            0 |            0 |            0 |            0 |            0 |            0 |            0 |            0 |            0 |            0 |            0 |            0 |            0 |            0 |            0 |            0 |            0 |            0 |            0 |            0 |            0 |            0 |            0 |            0 |            0 |            0 |            0 |            0 |            0 |            0 |            0 |            0 |            0 |            0 |            0 |            0 |            0 |            0 |            0 |
| RETIRED_SSE_AVX_FLOPS_ALL_SP_PACKED |   PMC4  | 257698000000 | 257698000000 | 257698000000 | 257698000000 | 257698000000 | 257698000000 | 257698000000 | 257698000000 | 257698000000 | 257698000000 | 257698000000 | 257698000000 | 257698000000 | 257698000000 | 257698000000 | 257698000000 | 257698000000 | 257698000000 | 257698000000 | 257698000000 | 257698000000 | 257698000000 | 257698000000 | 257698000000 | 257698000000 | 257698000000 | 257698000000 | 257698000000 | 257698000000 | 257698000000 | 257698000000 | 257698000000 | 257698000000 | 257698000000 | 257698000000 | 257698000000 | 257698000000 | 257698000000 | 257698000000 | 257698000000 | 257698000000 | 257698000000 | 257698000000 | 257698000000 | 257698000000 | 257698000000 | 257698000000 | 257698000000 | 257698000000 | 257698000000 | 257698000000 | 257698000000 | 257698000000 | 257698000000 | 257698000000 | 257698000000 | 257698000000 | 257698000000 | 257698000000 | 257698000000 | 257698000000 | 257698000000 | 257698000000 | 257698000000 | 257698000000 | 257698000000 | 257698000000 | 257698000000 | 257698000000 | 257698000000 | 257698000000 | 257698000000 | 257698000000 | 257698000000 | 257698000000 | 257698000000 | 257698000000 | 257698000000 | 257698000000 | 257698000000 | 257698000000 | 257698000000 | 257698000000 | 257698000000 | 257698000000 | 257698000000 | 257698000000 | 257698000000 | 257698000000 | 257698000000 | 257698000000 | 257698000000 | 257698000000 | 257698000000 | 257698000000 | 257698000000 | 257698000000 | 257698000000 | 257698000000 | 257698000000 | 257698000000 | 257698000000 | 257698000000 | 257698000000 | 257698000000 | 257698000000 | 257698000000 | 257698000000 | 257698000000 | 257698000000 | 257698000000 | 257698000000 | 257698000000 | 257698000000 | 257698000000 | 257698000000 | 257698000000 | 257698000000 | 257698000000 | 257698000000 | 257698000000 | 257698000000 | 257698000000 | 257698000000 | 257698000000 | 257698000000 | 257698000000 | 257698000000 | 257698000000 | 257698000000 | 257698000000 | 257698000000 | 257698000000 | 257698000000 | 257698000000 | 257698000000 | 257698000000 | 257698000000 | 257698000000 | 257698000000 | 257698000000 | 257698000000 | 257698000000 | 257698000000 | 257698000000 | 257698000000 | 257698000000 | 257698000000 | 257698000000 | 257698000000 | 257698000000 | 257698000000 | 257698000000 | 257698000000 | 257698000000 | 257698000000 | 257698000000 | 257698000000 | 257698000000 | 257698000000 | 257698000000 | 257698000000 | 257698000000 | 257698000000 | 257698000000 | 257698000000 | 257698000000 | 257698000000 | 257698000000 | 257698000000 | 257698000000 | 257698000000 | 257698000000 | 257698000000 | 257698000000 | 257698000000 | 257698000000 | 257698000000 | 257698000000 | 257698000000 | 257698000000 | 257698000000 | 257698000000 | 257698000000 | 257698000000 | 257698000000 | 257698000000 | 257698000000 | 257698000000 | 257698000000 | 257698000000 | 257698000000 | 257698000000 | 257698000000 | 257698000000 | 257698000000 | 257698000000 | 257698000000 | 257698000000 | 257698000000 | 257698000000 | 257698000000 | 257698000000 | 257698000000 | 257698000000 | 257698000000 | 257698000000 | 257698000000 | 257698000000 | 257698000000 | 257698000000 | 257698000000 | 257698000000 | 257698000000 | 257698000000 | 257698000000 | 257698000000 | 257698000000 | 257698000000 | 257698000000 | 257698000000 | 257698000000 | 257698000000 | 257698000000 | 257698000000 | 257698000000 | 257698000000 | 257698000000 | 257698000000 | 257698000000 | 257698000000 | 257698000000 | 257698000000 | 257698000000 | 257698000000 | 257698000000 | 257698000000 | 257698000000 | 257698000000 | 257698000000 | 257698000000 | 257698000000 | 257698000000 | 257698000000 | 257698000000 | 257698000000 | 257698000000 | 257698000000 | 257698000000 | 257698000000 | 257698000000 | 257698000000 | 257698000000 | 257698000000 | 257698000000 | 257698000000 |
+-------------------------------------+---------+--------------+--------------+--------------+--------------+--------------+--------------+--------------+--------------+--------------+--------------+--------------+--------------+--------------+--------------+--------------+--------------+--------------+--------------+--------------+--------------+--------------+--------------+--------------+--------------+--------------+--------------+--------------+--------------+--------------+--------------+--------------+--------------+--------------+--------------+--------------+--------------+--------------+--------------+--------------+--------------+--------------+--------------+--------------+--------------+--------------+--------------+--------------+--------------+--------------+--------------+--------------+--------------+--------------+--------------+--------------+--------------+--------------+--------------+--------------+--------------+--------------+--------------+--------------+--------------+--------------+--------------+--------------+--------------+--------------+--------------+--------------+--------------+--------------+--------------+--------------+--------------+--------------+--------------+--------------+--------------+--------------+--------------+--------------+--------------+--------------+--------------+--------------+--------------+--------------+--------------+--------------+--------------+--------------+--------------+--------------+--------------+--------------+--------------+--------------+--------------+--------------+--------------+--------------+--------------+--------------+--------------+--------------+--------------+--------------+--------------+--------------+--------------+--------------+--------------+--------------+--------------+--------------+--------------+--------------+--------------+--------------+--------------+--------------+--------------+--------------+--------------+--------------+--------------+--------------+--------------+--------------+--------------+--------------+--------------+--------------+--------------+--------------+--------------+--------------+--------------+--------------+--------------+--------------+--------------+--------------+--------------+--------------+--------------+--------------+--------------+--------------+--------------+--------------+--------------+--------------+--------------+--------------+--------------+--------------+--------------+--------------+--------------+--------------+--------------+--------------+--------------+--------------+--------------+--------------+--------------+--------------+--------------+--------------+--------------+--------------+--------------+--------------+--------------+--------------+--------------+--------------+--------------+--------------+--------------+--------------+--------------+--------------+--------------+--------------+--------------+--------------+--------------+--------------+--------------+--------------+--------------+--------------+--------------+--------------+--------------+--------------+--------------+--------------+--------------+--------------+--------------+--------------+--------------+--------------+--------------+--------------+--------------+--------------+--------------+--------------+--------------+--------------+--------------+--------------+--------------+--------------+--------------+--------------+--------------+--------------+--------------+--------------+--------------+--------------+--------------+--------------+--------------+--------------+--------------+--------------+--------------+--------------+--------------+--------------+--------------+--------------+--------------+--------------+--------------+--------------+--------------+--------------+--------------+--------------+--------------+--------------+--------------+--------------+--------------+--------------+--------------+
+------------------------------------------+---------+----------------+--------------+--------------+--------------+
|                   Event                  | Counter |       Sum      |      Min     |      Max     |      Avg     |
+------------------------------------------+---------+----------------+--------------+--------------+--------------+
|           ACTUAL_CPU_CLOCK STAT          |  FIXC1  |  1242767706000 |   4829389000 |   4885704000 | 4.854561e+09 |
|            MAX_CPU_CLOCK STAT            |  FIXC2  |  1388068113000 |   5418544000 |   5426183000 | 5.422141e+09 |
|         RETIRED_INSTRUCTIONS STAT        |   PMC0  |  5225393230000 |  20407660000 |  20416780000 | 2.041169e+10 |
|         CPU_CLOCKS_UNHALTED STAT         |   PMC1  |  1232971809000 |   4795321000 |   4844102000 | 4.816296e+09 |
|                MERGE STAT                |   PMC3  |              0 |            0 |            0 |            0 |
| RETIRED_SSE_AVX_FLOPS_ALL_SP_SCALAR STAT |   PMC2  |              0 |            0 |            0 |            0 |
|                MERGE STAT                |   PMC5  |              0 |            0 |            0 |            0 |
| RETIRED_SSE_AVX_FLOPS_ALL_SP_PACKED STAT |   PMC4  | 65970688000000 | 257698000000 | 257698000000 | 257698000000 |
+------------------------------------------+---------+----------------+--------------+--------------+--------------+
+----------------------+-------------+-------------+-------------+-------------+-------------+-------------+-------------+-------------+-------------+-------------+-------------+-------------+-------------+-------------+-------------+-------------+-------------+-------------+-------------+-------------+-------------+-------------+-------------+-------------+-------------+-------------+-------------+-------------+-------------+-------------+-------------+-------------+-------------+-------------+-------------+-------------+-------------+-------------+-------------+-------------+-------------+-------------+-------------+-------------+-------------+-------------+-------------+-------------+-------------+-------------+-------------+-------------+-------------+-------------+-------------+-------------+-------------+-------------+-------------+-------------+-------------+-------------+-------------+-------------+-------------+-------------+-------------+-------------+-------------+-------------+-------------+-------------+-------------+-------------+-------------+-------------+-------------+-------------+-------------+-------------+-------------+-------------+-------------+-------------+-------------+-------------+-------------+-------------+-------------+-------------+-------------+-------------+-------------+-------------+-------------+-------------+-------------+-------------+-------------+-------------+--------------+--------------+--------------+--------------+--------------+--------------+--------------+--------------+--------------+--------------+--------------+--------------+--------------+--------------+--------------+--------------+--------------+--------------+--------------+--------------+--------------+--------------+--------------+--------------+--------------+--------------+--------------+--------------+--------------+--------------+--------------+--------------+--------------+--------------+--------------+--------------+--------------+--------------+--------------+--------------+--------------+--------------+--------------+--------------+--------------+--------------+--------------+--------------+--------------+--------------+--------------+--------------+--------------+--------------+--------------+--------------+--------------+--------------+--------------+--------------+--------------+--------------+--------------+--------------+--------------+--------------+--------------+--------------+--------------+--------------+--------------+--------------+--------------+--------------+--------------+--------------+--------------+--------------+--------------+--------------+--------------+--------------+--------------+--------------+--------------+--------------+--------------+--------------+--------------+--------------+--------------+--------------+--------------+--------------+--------------+--------------+--------------+--------------+--------------+--------------+--------------+--------------+--------------+--------------+--------------+--------------+--------------+--------------+--------------+--------------+--------------+--------------+--------------+--------------+--------------+--------------+--------------+--------------+--------------+--------------+--------------+--------------+--------------+--------------+--------------+--------------+--------------+--------------+--------------+--------------+--------------+--------------+--------------+--------------+--------------+--------------+--------------+--------------+--------------+--------------+--------------+--------------+--------------+--------------+--------------+--------------+--------------+--------------+--------------+--------------+--------------+--------------+--------------+--------------+--------------+--------------+
|        Metric        |  HWThread 0 |  HWThread 1 |  HWThread 2 |  HWThread 3 |  HWThread 4 |  HWThread 5 |  HWThread 6 |  HWThread 7 |  HWThread 8 |  HWThread 9 | HWThread 10 | HWThread 11 | HWThread 12 | HWThread 13 | HWThread 14 | HWThread 15 | HWThread 16 | HWThread 17 | HWThread 18 | HWThread 19 | HWThread 20 | HWThread 21 | HWThread 22 | HWThread 23 | HWThread 24 | HWThread 25 | HWThread 26 | HWThread 27 | HWThread 28 | HWThread 29 | HWThread 30 | HWThread 31 | HWThread 32 | HWThread 33 | HWThread 34 | HWThread 35 | HWThread 36 | HWThread 37 | HWThread 38 | HWThread 39 | HWThread 40 | HWThread 41 | HWThread 42 | HWThread 43 | HWThread 44 | HWThread 45 | HWThread 46 | HWThread 47 | HWThread 48 | HWThread 49 | HWThread 50 | HWThread 51 | HWThread 52 | HWThread 53 | HWThread 54 | HWThread 55 | HWThread 56 | HWThread 57 | HWThread 58 | HWThread 59 | HWThread 60 | HWThread 61 | HWThread 62 | HWThread 63 | HWThread 64 | HWThread 65 | HWThread 66 | HWThread 67 | HWThread 68 | HWThread 69 | HWThread 70 | HWThread 71 | HWThread 72 | HWThread 73 | HWThread 74 | HWThread 75 | HWThread 76 | HWThread 77 | HWThread 78 | HWThread 79 | HWThread 80 | HWThread 81 | HWThread 82 | HWThread 83 | HWThread 84 | HWThread 85 | HWThread 86 | HWThread 87 | HWThread 88 | HWThread 89 | HWThread 90 | HWThread 91 | HWThread 92 | HWThread 93 | HWThread 94 | HWThread 95 | HWThread 96 | HWThread 97 | HWThread 98 | HWThread 99 | HWThread 100 | HWThread 101 | HWThread 102 | HWThread 103 | HWThread 104 | HWThread 105 | HWThread 106 | HWThread 107 | HWThread 108 | HWThread 109 | HWThread 110 | HWThread 111 | HWThread 112 | HWThread 113 | HWThread 114 | HWThread 115 | HWThread 116 | HWThread 117 | HWThread 118 | HWThread 119 | HWThread 120 | HWThread 121 | HWThread 122 | HWThread 123 | HWThread 124 | HWThread 125 | HWThread 126 | HWThread 127 | HWThread 128 | HWThread 129 | HWThread 130 | HWThread 131 | HWThread 132 | HWThread 133 | HWThread 134 | HWThread 135 | HWThread 136 | HWThread 137 | HWThread 138 | HWThread 139 | HWThread 140 | HWThread 141 | HWThread 142 | HWThread 143 | HWThread 144 | HWThread 145 | HWThread 146 | HWThread 147 | HWThread 148 | HWThread 149 | HWThread 150 | HWThread 151 | HWThread 152 | HWThread 153 | HWThread 154 | HWThread 155 | HWThread 156 | HWThread 157 | HWThread 158 | HWThread 159 | HWThread 160 | HWThread 161 | HWThread 162 | HWThread 163 | HWThread 164 | HWThread 165 | HWThread 166 | HWThread 167 | HWThread 168 | HWThread 169 | HWThread 170 | HWThread 171 | HWThread 172 | HWThread 173 | HWThread 174 | HWThread 175 | HWThread 176 | HWThread 177 | HWThread 178 | HWThread 179 | HWThread 180 | HWThread 181 | HWThread 182 | HWThread 183 | HWThread 184 | HWThread 185 | HWThread 186 | HWThread 187 | HWThread 188 | HWThread 189 | HWThread 190 | HWThread 191 | HWThread 192 | HWThread 193 | HWThread 194 | HWThread 195 | HWThread 196 | HWThread 197 | HWThread 198 | HWThread 199 | HWThread 200 | HWThread 201 | HWThread 202 | HWThread 203 | HWThread 204 | HWThread 205 | HWThread 206 | HWThread 207 | HWThread 208 | HWThread 209 | HWThread 210 | HWThread 211 | HWThread 212 | HWThread 213 | HWThread 214 | HWThread 215 | HWThread 216 | HWThread 217 | HWThread 218 | HWThread 219 | HWThread 220 | HWThread 221 | HWThread 222 | HWThread 223 | HWThread 224 | HWThread 225 | HWThread 226 | HWThread 227 | HWThread 228 | HWThread 229 | HWThread 230 | HWThread 231 | HWThread 232 | HWThread 233 | HWThread 234 | HWThread 235 | HWThread 236 | HWThread 237 | HWThread 238 | HWThread 239 | HWThread 240 | HWThread 241 | HWThread 242 | HWThread 243 | HWThread 244 | HWThread 245 | HWThread 246 | HWThread 247 | HWThread 248 | HWThread 249 | HWThread 250 | HWThread 251 | HWThread 252 | HWThread 253 | HWThread 254 | HWThread 255 |
+----------------------+-------------+-------------+-------------+-------------+-------------+-------------+-------------+-------------+-------------+-------------+-------------+-------------+-------------+-------------+-------------+-------------+-------------+-------------+-------------+-------------+-------------+-------------+-------------+-------------+-------------+-------------+-------------+-------------+-------------+-------------+-------------+-------------+-------------+-------------+-------------+-------------+-------------+-------------+-------------+-------------+-------------+-------------+-------------+-------------+-------------+-------------+-------------+-------------+-------------+-------------+-------------+-------------+-------------+-------------+-------------+-------------+-------------+-------------+-------------+-------------+-------------+-------------+-------------+-------------+-------------+-------------+-------------+-------------+-------------+-------------+-------------+-------------+-------------+-------------+-------------+-------------+-------------+-------------+-------------+-------------+-------------+-------------+-------------+-------------+-------------+-------------+-------------+-------------+-------------+-------------+-------------+-------------+-------------+-------------+-------------+-------------+-------------+-------------+-------------+-------------+--------------+--------------+--------------+--------------+--------------+--------------+--------------+--------------+--------------+--------------+--------------+--------------+--------------+--------------+--------------+--------------+--------------+--------------+--------------+--------------+--------------+--------------+--------------+--------------+--------------+--------------+--------------+--------------+--------------+--------------+--------------+--------------+--------------+--------------+--------------+--------------+--------------+--------------+--------------+--------------+--------------+--------------+--------------+--------------+--------------+--------------+--------------+--------------+--------------+--------------+--------------+--------------+--------------+--------------+--------------+--------------+--------------+--------------+--------------+--------------+--------------+--------------+--------------+--------------+--------------+--------------+--------------+--------------+--------------+--------------+--------------+--------------+--------------+--------------+--------------+--------------+--------------+--------------+--------------+--------------+--------------+--------------+--------------+--------------+--------------+--------------+--------------+--------------+--------------+--------------+--------------+--------------+--------------+--------------+--------------+--------------+--------------+--------------+--------------+--------------+--------------+--------------+--------------+--------------+--------------+--------------+--------------+--------------+--------------+--------------+--------------+--------------+--------------+--------------+--------------+--------------+--------------+--------------+--------------+--------------+--------------+--------------+--------------+--------------+--------------+--------------+--------------+--------------+--------------+--------------+--------------+--------------+--------------+--------------+--------------+--------------+--------------+--------------+--------------+--------------+--------------+--------------+--------------+--------------+--------------+--------------+--------------+--------------+--------------+--------------+--------------+--------------+--------------+--------------+--------------+--------------+
|  Runtime (RDTSC) [s] |      2.0061 |      2.0063 |      2.0063 |      2.0063 |      2.0061 |      2.0062 |      2.0064 |      2.0066 |      2.0063 |      2.0066 |      2.0064 |      2.0073 |      2.0061 |      2.0064 |      2.0061 |      2.0061 |      2.0068 |      2.0067 |      2.0068 |      2.0062 |      2.0062 |      2.0061 |      2.0068 |      2.0068 |      2.0061 |      2.0063 |      2.0061 |      2.0073 |      2.0063 |      2.0064 |      2.0063 |      2.0061 |      2.0063 |      2.0061 |      2.0063 |      2.0063 |      2.0061 |      2.0063 |      2.0061 |      2.0063 |      2.0062 |      2.0069 |      2.0063 |      2.0072 |      2.0066 |      2.0061 |      2.0064 |      2.0061 |      2.0064 |      2.0069 |      2.0063 |      2.0062 |      2.0063 |      2.0064 |      2.0062 |      2.0069 |      2.0071 |      2.0069 |      2.0061 |      2.0062 |      2.0061 |      2.0063 |      2.0064 |      2.0063 |      2.0061 |      2.0063 |      2.0064 |      2.0064 |      2.0064 |      2.0064 |      2.0062 |      2.0061 |      2.0063 |      2.0063 |      2.0063 |      2.0063 |      2.0062 |      2.0061 |      2.0062 |      2.0061 |      2.0069 |      2.0069 |      2.0069 |      2.0074 |      2.0069 |      2.0069 |      2.0063 |      2.0066 |      2.0108 |      2.0061 |      2.0076 |      2.0067 |      2.0109 |      2.0079 |      2.0061 |      2.0073 |      2.0063 |      2.0061 |      2.0061 |      2.0063 |       2.0066 |       2.0067 |       2.0067 |       2.0063 |       2.0063 |       2.0063 |       2.0063 |       2.0061 |       2.0062 |       2.0063 |       2.0061 |       2.0068 |       2.0062 |       2.0061 |       2.0066 |       2.0063 |       2.0080 |       2.0064 |       2.0062 |       2.0061 |       2.0064 |       2.0068 |       2.0063 |       2.0062 |       2.0068 |       2.0063 |       2.0062 |       2.0063 |       2.0061 |       2.0064 |       2.0064 |       2.0062 |       2.0062 |       2.0062 |       2.0061 |       2.0064 |       2.0109 |       2.0073 |       2.0061 |       2.0064 |       2.0062 |       2.0108 |       2.0064 |       2.0092 |       2.0069 |       2.0073 |       2.0067 |       2.0064 |       2.0064 |       2.0068 |       2.0063 |       2.0061 |       2.0062 |       2.0061 |       2.0061 |       2.0063 |       2.0061 |       2.0062 |       2.0064 |       2.0061 |       2.0064 |       2.0072 |       2.0061 |       2.0064 |       2.0077 |       2.0064 |       2.0072 |       2.0064 |       2.0062 |       2.0063 |       2.0063 |       2.0063 |       2.0061 |       2.0062 |       2.0067 |       2.0064 |       2.0061 |       2.0064 |       2.0062 |       2.0061 |       2.0062 |       2.0064 |       2.0063 |       2.0064 |       2.0061 |       2.0061 |       2.0061 |       2.0063 |       2.0061 |       2.0061 |       2.0073 |       2.0072 |       2.0061 |       2.0063 |       2.0063 |       2.0063 |       2.0061 |       2.0061 |       2.0061 |       2.0064 |       2.0064 |       2.0061 |       2.0064 |       2.0061 |       2.0063 |       2.0062 |       2.0063 |       2.0061 |       2.0061 |       2.0063 |       2.0063 |       2.0062 |       2.0064 |       2.0062 |       2.0066 |       2.0061 |       2.0063 |       2.0064 |       2.0063 |       2.0066 |       2.0063 |       2.0066 |       2.0063 |       2.0061 |       2.0063 |       2.0064 |       2.0068 |       2.0061 |       2.0063 |       2.0061 |       2.0063 |       2.0062 |       2.0063 |       2.0062 |       2.0061 |       2.0061 |       2.0064 |       2.0063 |       2.0064 |       2.0063 |       2.0069 |       2.0063 |       2.0073 |       2.0061 |       2.0061 |       2.0063 |       2.0063 |       2.0061 |       2.0068 |       2.0061 |       2.0061 |       2.0063 |       2.0069 |       2.0064 |       2.0069 |       2.0064 |
| Runtime unhalted [s] |      1.8010 |      1.8008 |      1.8009 |      1.8008 |      1.8010 |      1.8013 |      1.8010 |      1.8013 |      1.7920 |      1.7925 |      1.7921 |      1.7932 |      1.7923 |      1.7920 |      1.7917 |      1.7921 |      1.8039 |      1.8040 |      1.8039 |      1.8039 |      1.8036 |      1.8032 |      1.8039 |      1.8039 |      1.7984 |      1.7981 |      1.7985 |      1.7992 |      1.7982 |      1.7986 |      1.7981 |      1.7984 |      1.7916 |      1.7916 |      1.7923 |      1.7912 |      1.7919 |      1.7911 |      1.7918 |      1.7916 |      1.8009 |      1.8010 |      1.8005 |      1.8013 |      1.8007 |      1.7999 |      1.8004 |      1.8005 |      1.8016 |      1.8022 |      1.8019 |      1.8020 |      1.8016 |      1.8016 |      1.8020 |      1.8024 |      1.7956 |      1.7952 |      1.7952 |      1.7950 |      1.7947 |      1.7946 |      1.7951 |      1.7950 |      1.7954 |      1.7949 |      1.7945 |      1.7951 |      1.7949 |      1.7945 |      1.7955 |      1.7954 |      1.7988 |      1.7987 |      1.7987 |      1.7997 |      1.7992 |      1.7991 |      1.7993 |      1.7992 |      1.8016 |      1.8014 |      1.8014 |      1.8016 |      1.8022 |      1.8016 |      1.8005 |      1.8015 |      1.7979 |      1.7974 |      1.7978 |      1.7976 |      1.7981 |      1.7982 |      1.7972 |      1.7978 |      1.8026 |      1.8027 |      1.8018 |      1.8027 |       1.8020 |       1.8026 |       1.8027 |       1.8021 |       1.8000 |       1.8005 |       1.8005 |       1.8003 |       1.8001 |       1.7999 |       1.8002 |       1.8007 |       1.8013 |       1.8012 |       1.8002 |       1.8003 |       1.8010 |       1.8003 |       1.8014 |       1.8006 |       1.7955 |       1.7961 |       1.7950 |       1.7959 |       1.7961 |       1.7955 |       1.7959 |       1.7952 |       1.7947 |       1.7945 |       1.7944 |       1.7948 |       1.7948 |       1.7947 |       1.7945 |       1.7944 |       1.8063 |       1.8061 |       1.8057 |       1.8055 |       1.8059 |       1.8062 |       1.8054 |       1.8062 |       1.8104 |       1.8097 |       1.8103 |       1.8092 |       1.8092 |       1.8101 |       1.8091 |       1.8087 |       1.8034 |       1.8036 |       1.8036 |       1.8034 |       1.8030 |       1.8034 |       1.8038 |       1.8027 |       1.7977 |       1.7981 |       1.7967 |       1.7977 |       1.7983 |       1.7975 |       1.7981 |       1.7977 |       1.8041 |       1.8038 |       1.8034 |       1.8033 |       1.8040 |       1.8039 |       1.8044 |       1.8037 |       1.8005 |       1.7999 |       1.7999 |       1.8000 |       1.8004 |       1.7999 |       1.7994 |       1.7999 |       1.8052 |       1.8058 |       1.8061 |       1.8060 |       1.8064 |       1.8055 |       1.8059 |       1.8068 |       1.7949 |       1.7955 |       1.7954 |       1.7951 |       1.7958 |       1.7949 |       1.7958 |       1.7955 |       1.7966 |       1.7969 |       1.7965 |       1.7969 |       1.7965 |       1.7969 |       1.7965 |       1.7962 |       1.8101 |       1.8099 |       1.8098 |       1.8102 |       1.8100 |       1.8104 |       1.8104 |       1.8102 |       1.8008 |       1.8011 |       1.8010 |       1.8015 |       1.8010 |       1.8012 |       1.8015 |       1.8014 |       1.8114 |       1.8117 |       1.8117 |       1.8118 |       1.8114 |       1.8118 |       1.8114 |       1.8120 |       1.7963 |       1.7970 |       1.7976 |       1.7973 |       1.7971 |       1.7972 |       1.7971 |       1.7971 |       1.8037 |       1.8036 |       1.8037 |       1.8037 |       1.8037 |       1.8036 |       1.8041 |       1.8026 |       1.8015 |       1.8013 |       1.8012 |       1.8010 |       1.8015 |       1.8009 |       1.8009 |       1.8010 |
|      Clock [MHz]     |   2414.7613 |   2414.5663 |   2415.1175 |   2414.2705 |   2414.7405 |   2415.0069 |   2414.7771 |   2414.5745 |   2403.2564 |   2404.5969 |   2403.8766 |   2403.0215 |   2404.4262 |   2403.9784 |   2403.3448 |   2403.7760 |   2417.5261 |   2418.0963 |   2417.5446 |   2418.6443 |   2418.2587 |   2418.2910 |   2417.7791 |   2417.4818 |   2411.9408 |   2411.3659 |   2412.0223 |   2411.0785 |   2411.4381 |   2411.3355 |   2411.3598 |   2411.9428 |   2401.9637 |   2402.7588 |   2403.0027 |   2402.0533 |   2402.6254 |   2402.3616 |   2402.0069 |   2401.9857 |   2414.6899 |   2413.5057 |   2413.7005 |   2413.6726 |   2414.0091 |   2413.7261 |   2413.6922 |   2413.9751 |   2415.9227 |   2415.7372 |   2415.8118 |   2416.6088 |   2415.9933 |   2415.8819 |   2416.6462 |   2416.7858 |   2406.5742 |   2406.3981 |   2407.3142 |   2407.3487 |   2406.5623 |   2406.6298 |   2406.7960 |   2406.7931 |   2407.2666 |   2406.4031 |   2406.4220 |   2406.6094 |   2406.3304 |   2406.4164 |   2407.3380 |   2407.2600 |   2411.9936 |   2411.9690 |   2412.1617 |   2413.2683 |   2412.9725 |   2412.8279 |   2412.9920 |   2413.5631 |   2415.0272 |   2415.6955 |   2415.6970 |   2414.6124 |   2415.1862 |   2415.0207 |   2415.6659 |   2415.5673 |   2409.5114 |   2410.6078 |   2409.5897 |   2410.2212 |   2409.5799 |   2409.4947 |   2409.9298 |   2409.6016 |   2417.0318 |   2417.2927 |   2417.3032 |   2417.6693 |    2417.5412 |    2417.8091 |    2417.6072 |    2416.5362 |    2413.1531 |    2413.9080 |    2413.5622 |    2413.9696 |    2414.0289 |    2413.1610 |    2413.6730 |    2413.3259 |    2415.2125 |    2415.2017 |    2414.0266 |    2414.8833 |    2413.9211 |    2414.8986 |    2415.2750 |    2414.7143 |    2407.1123 |    2407.0221 |    2407.1337 |    2408.0689 |    2407.3348 |    2407.8923 |    2407.8584 |    2407.8672 |    2406.2846 |    2405.6334 |    2405.6320 |    2406.2925 |    2406.3758 |    2406.2938 |    2405.6336 |    2405.6342 |    2420.2194 |    2420.2856 |    2421.1951 |    2420.6449 |    2421.1053 |    2419.9596 |    2420.3917 |    2419.9595 |    2426.1493 |    2425.8031 |    2426.5213 |    2426.0643 |    2426.0659 |    2425.9636 |    2426.0660 |    2426.6187 |    2418.6433 |    2418.8047 |    2418.8053 |    2418.2477 |    2418.7411 |    2418.6002 |    2418.2082 |    2417.9477 |    2410.0628 |    2409.4839 |    2409.8626 |    2410.0606 |    2409.7189 |    2409.7585 |    2409.4741 |    2410.0377 |    2418.7609 |    2418.3486 |    2418.4165 |    2418.1882 |    2418.7441 |    2418.7810 |    2418.6759 |    2418.1031 |    2413.9868 |    2412.9569 |    2413.8252 |    2413.8445 |    2413.9185 |    2412.9897 |    2413.0850 |    2413.2372 |    2421.7169 |    2421.8522 |    2421.7076 |    2421.3054 |    2422.0392 |    2421.1955 |    2421.4715 |    2421.0775 |    2407.1202 |    2407.3201 |    2407.0575 |    2407.1977 |    2407.7500 |    2407.0996 |    2407.7380 |    2407.3065 |    2408.4355 |    2409.0939 |    2408.4794 |    2409.3922 |    2408.4459 |    2409.1383 |    2408.4221 |    2409.0394 |    2426.9686 |    2426.5706 |    2426.3092 |    2427.0398 |    2426.6075 |    2427.2877 |    2426.8664 |    2427.2535 |    2415.4702 |    2415.2618 |    2415.2350 |    2415.5342 |    2415.2316 |    2415.2198 |    2415.9580 |    2415.9132 |    2428.5393 |    2428.8508 |    2428.6567 |    2429.3142 |    2428.5365 |    2429.2174 |    2428.5379 |    2429.5375 |    2409.8276 |    2409.1941 |    2410.1827 |    2409.8342 |    2409.2266 |    2409.5118 |    2409.2513 |    2409.2262 |    2417.7764 |    2418.7390 |    2417.6651 |    2418.0958 |    2418.0986 |    2418.6757 |    2418.8197 |    2418.3749 |    2414.2998 |    2415.1960 |    2415.1687 |    2414.6231 |    2414.2374 |    2414.4012 |    2414.9687 |    2414.3985 |
|          CPI         |      0.2359 |      0.2361 |      0.2361 |      0.2361 |      0.2361 |      0.2361 |      0.2361 |      0.2362 |      0.2350 |      0.2350 |      0.2350 |      0.2351 |      0.2350 |      0.2350 |      0.2350 |      0.2350 |      0.2364 |      0.2364 |      0.2364 |      0.2364 |      0.2364 |      0.2364 |      0.2364 |      0.2364 |      0.2358 |      0.2358 |      0.2358 |      0.2359 |      0.2358 |      0.2358 |      0.2358 |      0.2358 |      0.2351 |      0.2351 |      0.2351 |      0.2350 |      0.2351 |      0.2351 |      0.2350 |      0.2351 |      0.2361 |      0.2360 |      0.2361 |      0.2362 |      0.2362 |      0.2361 |      0.2361 |      0.2361 |      0.2362 |      0.2363 |      0.2362 |      0.2362 |      0.2362 |      0.2362 |      0.2362 |      0.2363 |      0.2354 |      0.2354 |      0.2353 |      0.2353 |      0.2353 |      0.2354 |      0.2353 |      0.2353 |      0.2354 |      0.2354 |      0.2354 |      0.2354 |      0.2354 |      0.2354 |      0.2354 |      0.2354 |      0.2359 |      0.2359 |      0.2359 |      0.2359 |      0.2359 |      0.2359 |      0.2359 |      0.2358 |      0.2362 |      0.2362 |      0.2362 |      0.2363 |      0.2362 |      0.2362 |      0.2362 |      0.2362 |      0.2362 |      0.2357 |      0.2358 |      0.2357 |      0.2362 |      0.2359 |      0.2356 |      0.2358 |      0.2364 |      0.2364 |      0.2364 |      0.2364 |       0.2364 |       0.2364 |       0.2364 |       0.2364 |       0.2360 |       0.2360 |       0.2360 |       0.2360 |       0.2360 |       0.2360 |       0.2360 |       0.2361 |       0.2362 |       0.2362 |       0.2362 |       0.2362 |       0.2363 |       0.2362 |       0.2361 |       0.2361 |       0.2355 |       0.2355 |       0.2355 |       0.2355 |       0.2355 |       0.2355 |       0.2354 |       0.2355 |       0.2351 |       0.2351 |       0.2351 |       0.2351 |       0.2350 |       0.2350 |       0.2350 |       0.2351 |       0.2370 |       0.2365 |       0.2364 |       0.2365 |       0.2364 |       0.2369 |       0.2364 |       0.2367 |       0.2370 |       0.2371 |       0.2370 |       0.2370 |       0.2370 |       0.2370 |       0.2370 |       0.2369 |       0.2362 |       0.2362 |       0.2362 |       0.2362 |       0.2362 |       0.2362 |       0.2362 |       0.2362 |       0.2355 |       0.2356 |       0.2354 |       0.2355 |       0.2356 |       0.2355 |       0.2355 |       0.2355 |       0.2362 |       0.2362 |       0.2362 |       0.2362 |       0.2362 |       0.2362 |       0.2362 |       0.2362 |       0.2357 |       0.2358 |       0.2357 |       0.2357 |       0.2357 |       0.2358 |       0.2357 |       0.2358 |       0.2365 |       0.2365 |       0.2365 |       0.2365 |       0.2365 |       0.2365 |       0.2366 |       0.2366 |       0.2352 |       0.2352 |       0.2352 |       0.2352 |       0.2352 |       0.2352 |       0.2352 |       0.2352 |       0.2353 |       0.2353 |       0.2353 |       0.2353 |       0.2353 |       0.2353 |       0.2353 |       0.2353 |       0.2370 |       0.2370 |       0.2370 |       0.2370 |       0.2370 |       0.2370 |       0.2370 |       0.2370 |       0.2360 |       0.2360 |       0.2360 |       0.2360 |       0.2359 |       0.2360 |       0.2360 |       0.2359 |       0.2372 |       0.2372 |       0.2373 |       0.2372 |       0.2372 |       0.2372 |       0.2372 |       0.2372 |       0.2354 |       0.2354 |       0.2354 |       0.2354 |       0.2354 |       0.2354 |       0.2354 |       0.2354 |       0.2363 |       0.2362 |       0.2363 |       0.2362 |       0.2362 |       0.2362 |       0.2362 |       0.2362 |       0.2359 |       0.2359 |       0.2359 |       0.2359 |       0.2359 |       0.2359 |       0.2359 |       0.2359 |
|     SP [MFLOP/s]     | 128458.3581 | 128444.0160 | 128447.6012 | 128441.6473 | 128458.3581 | 128448.4336 | 128437.9984 | 128422.0609 | 128443.8880 | 128426.4129 | 128438.7026 | 128382.0744 | 128458.4862 | 128441.0071 | 128458.7423 | 128458.9344 | 128411.0541 | 128418.7330 | 128411.8859 | 128452.5313 | 128452.4672 | 128458.6783 | 128409.9023 | 128411.3740 | 128458.4222 | 128442.6716 | 128458.4862 | 128381.2429 | 128442.2235 | 128436.0140 | 128443.9520 | 128458.3581 | 128447.0891 | 128454.3241 | 128447.0891 | 128443.7599 | 128458.1660 | 128447.0891 | 128458.2941 | 128441.7754 | 128450.4824 | 128405.2955 | 128442.7356 | 128388.9823 | 128425.0048 | 128458.4862 | 128440.9431 | 128458.4222 | 128441.1352 | 128406.5751 | 128444.5282 | 128450.6745 | 128443.4398 | 128440.8151 | 128452.4032 | 128405.5514 | 128390.1337 | 128407.9828 | 128458.4222 | 128452.0190 | 128458.2941 | 128443.8240 | 128438.3825 | 128442.4155 | 128454.3241 | 128441.9034 | 128438.5745 | 128438.3185 | 128440.6230 | 128440.4950 | 128452.6593 | 128454.7723 | 128441.2632 | 128444.0800 | 128443.0557 | 128447.6012 | 128452.5313 | 128454.6442 | 128448.6256 | 128458.6783 | 128409.1985 | 128406.9590 | 128408.7506 | 128376.9579 | 128407.0230 | 128406.7671 | 128443.5039 | 128426.0289 | 128157.0799 | 128458.4222 | 128359.8207 | 128421.8049 | 128153.6384 | 128339.9396 | 128458.5502 | 128382.5221 | 128442.9277 | 128458.6783 | 128458.6783 | 128446.6409 |  128423.0208 |  128421.8049 |  128421.8689 |  128441.9034 |  128442.8637 |  128446.9610 |  128445.2324 |  128458.2941 |  128448.4336 |  128446.8970 |  128458.4222 |  128411.8220 |  128453.1075 |  128458.2941 |  128425.8369 |  128441.8394 |  128335.2739 |  128438.8946 |  128450.6745 |  128458.2941 |  128437.2302 |  128411.1181 |  128442.5436 |  128450.4824 |  128411.3740 |  128445.1044 |  128450.5464 |  128443.1838 |  128454.0680 |  128435.8220 |  128438.0624 |  128450.5464 |  128452.5313 |  128450.5464 |  128454.1320 |  128435.8220 |  128152.6187 |  128383.5455 |  128458.1660 |  128438.0624 |  128451.4428 |  128159.4381 |  128437.9344 |  128261.3705 |  128408.2387 |  128379.6440 |  128416.6852 |  128435.9500 |  128436.9742 |  128411.8220 |  128444.0160 |  128458.6143 |  128452.4672 |  128454.0680 |  128454.0039 |  128441.5193 |  128458.4222 |  128452.3392 |  128437.8704 |  128458.4862 |  128438.3825 |  128388.0228 |  128458.4862 |  128438.0624 |  128354.9618 |  128438.4465 |  128384.3769 |  128437.8064 |  128452.6593 |  128441.8394 |  128443.6959 |  128441.8394 |  128458.0380 |  128451.3788 |  128421.2929 |  128438.9586 |  128458.4222 |  128438.1904 |  128450.5464 |  128458.3581 |  128448.3055 |  128436.9742 |  128446.2568 |  128440.3030 |  128458.7423 |  128457.5257 |  128458.0380 |  128442.6716 |  128458.1020 |  128458.0380 |  128381.0511 |  128384.5049 |  128458.5502 |  128441.7754 |  128442.7996 |  128442.5436 |  128454.1320 |  128458.2941 |  128458.1020 |  128438.9586 |  128438.3185 |  128454.3241 |  128440.6230 |  128458.1660 |  128442.5436 |  128452.0831 |  128443.2478 |  128458.5502 |  128454.3881 |  128441.5833 |  128441.4553 |  128450.3543 |  128438.5745 |  128452.0190 |  128423.9168 |  128454.0039 |  128443.9520 |  128437.9344 |  128443.7599 |  128424.9408 |  128441.5833 |  128423.9808 |  128443.8880 |  128457.4617 |  128444.4642 |  128436.9102 |  128411.6940 |  128458.3581 |  128446.3848 |  128454.9644 |  128443.5679 |  128452.4032 |  128443.8880 |  128450.2903 |  128457.9099 |  128457.9739 |  128438.3185 |  128441.5193 |  128437.7423 |  128441.5833 |  128408.4307 |  128447.4092 |  128379.5801 |  128458.2301 |  128458.2301 |  128447.4092 |  128444.0160 |  128458.4862 |  128410.9901 |  128458.3581 |  128458.3581 |  128441.7113 |  128408.7506 |  128440.6230 |  128408.7506 |  128435.8860 |
+----------------------+-------------+-------------+-------------+-------------+-------------+-------------+-------------+-------------+-------------+-------------+-------------+-------------+-------------+-------------+-------------+-------------+-------------+-------------+-------------+-------------+-------------+-------------+-------------+-------------+-------------+-------------+-------------+-------------+-------------+-------------+-------------+-------------+-------------+-------------+-------------+-------------+-------------+-------------+-------------+-------------+-------------+-------------+-------------+-------------+-------------+-------------+-------------+-------------+-------------+-------------+-------------+-------------+-------------+-------------+-------------+-------------+-------------+-------------+-------------+-------------+-------------+-------------+-------------+-------------+-------------+-------------+-------------+-------------+-------------+-------------+-------------+-------------+-------------+-------------+-------------+-------------+-------------+-------------+-------------+-------------+-------------+-------------+-------------+-------------+-------------+-------------+-------------+-------------+-------------+-------------+-------------+-------------+-------------+-------------+-------------+-------------+-------------+-------------+-------------+-------------+--------------+--------------+--------------+--------------+--------------+--------------+--------------+--------------+--------------+--------------+--------------+--------------+--------------+--------------+--------------+--------------+--------------+--------------+--------------+--------------+--------------+--------------+--------------+--------------+--------------+--------------+--------------+--------------+--------------+--------------+--------------+--------------+--------------+--------------+--------------+--------------+--------------+--------------+--------------+--------------+--------------+--------------+--------------+--------------+--------------+--------------+--------------+--------------+--------------+--------------+--------------+--------------+--------------+--------------+--------------+--------------+--------------+--------------+--------------+--------------+--------------+--------------+--------------+--------------+--------------+--------------+--------------+--------------+--------------+--------------+--------------+--------------+--------------+--------------+--------------+--------------+--------------+--------------+--------------+--------------+--------------+--------------+--------------+--------------+--------------+--------------+--------------+--------------+--------------+--------------+--------------+--------------+--------------+--------------+--------------+--------------+--------------+--------------+--------------+--------------+--------------+--------------+--------------+--------------+--------------+--------------+--------------+--------------+--------------+--------------+--------------+--------------+--------------+--------------+--------------+--------------+--------------+--------------+--------------+--------------+--------------+--------------+--------------+--------------+--------------+--------------+--------------+--------------+--------------+--------------+--------------+--------------+--------------+--------------+--------------+--------------+--------------+--------------+--------------+--------------+--------------+--------------+--------------+--------------+--------------+--------------+--------------+--------------+--------------+--------------+--------------+--------------+--------------+--------------+--------------+--------------+
+---------------------------+--------------+-------------+-------------+-------------+
|           Metric          |      Sum     |     Min     |     Max     |     Avg     |
+---------------------------+--------------+-------------+-------------+-------------+
|  Runtime (RDTSC) [s] STAT |     513.6585 |      2.0061 |      2.0109 |      2.0065 |
| Runtime unhalted [s] STAT |     460.9194 |      1.7911 |      1.8120 |      1.8005 |
|      Clock [MHz] STAT     |  617994.7531 |   2401.9637 |   2429.5375 |   2414.0420 |
|          CPI STAT         |      60.4045 |      0.2350 |      0.2373 |      0.2360 |
|     SP [MFLOP/s] STAT     | 3.287888e+07 | 128152.6187 | 128458.9344 | 128433.1099 |
+---------------------------+--------------+-------------+-------------+-------------+
