--------------------------------------------------------------------------------
CPU name:	AMD EPYC 9755 128-Core Processor               
CPU type:	AMD K1A (Zen5) architecture
CPU clock:	2.70 GHz
--------------------------------------------------------------------------------
Region bench, Group 1: FLOPS_SP
+-------------------+------------+------------+------------+------------+------------+------------+------------+------------+------------+------------+-------------+-------------+-------------+-------------+-------------+-------------+-------------+-------------+-------------+-------------+-------------+-------------+-------------+-------------+-------------+-------------+-------------+-------------+-------------+-------------+-------------+-------------+-------------+-------------+-------------+-------------+-------------+-------------+-------------+-------------+-------------+-------------+-------------+-------------+-------------+-------------+-------------+-------------+-------------+-------------+-------------+-------------+-------------+-------------+-------------+-------------+-------------+-------------+-------------+-------------+-------------+-------------+-------------+-------------+-------------+-------------+-------------+-------------+-------------+-------------+-------------+-------------+-------------+-------------+-------------+-------------+-------------+-------------+-------------+-------------+-------------+-------------+-------------+-------------+-------------+-------------+-------------+-------------+-------------+-------------+-------------+-------------+-------------+-------------+-------------+-------------+-------------+-------------+-------------+-------------+--------------+--------------+--------------+--------------+--------------+--------------+--------------+--------------+--------------+--------------+--------------+--------------+--------------+--------------+--------------+--------------+--------------+--------------+--------------+--------------+--------------+--------------+--------------+--------------+--------------+--------------+--------------+--------------+--------------+--------------+--------------+--------------+--------------+--------------+--------------+--------------+--------------+--------------+--------------+--------------+--------------+--------------+--------------+--------------+--------------+--------------+--------------+--------------+--------------+--------------+--------------+--------------+--------------+--------------+--------------+--------------+--------------+--------------+--------------+--------------+--------------+--------------+--------------+--------------+--------------+--------------+--------------+--------------+--------------+--------------+--------------+--------------+--------------+--------------+--------------+--------------+--------------+--------------+--------------+--------------+--------------+--------------+--------------+--------------+--------------+--------------+--------------+--------------+--------------+--------------+--------------+--------------+--------------+--------------+--------------+--------------+--------------+--------------+--------------+--------------+--------------+--------------+--------------+--------------+--------------+--------------+--------------+--------------+--------------+--------------+--------------+--------------+--------------+--------------+--------------+--------------+--------------+--------------+--------------+--------------+--------------+--------------+--------------+--------------+--------------+--------------+--------------+--------------+--------------+--------------+--------------+--------------+--------------+--------------+--------------+--------------+--------------+--------------+--------------+--------------+--------------+--------------+--------------+--------------+--------------+--------------+--------------+--------------+--------------+--------------+--------------+--------------+--------------+--------------+--------------+--------------+
|    Region Info    | HWThread 0 | HWThread 1 | HWThread 2 | HWThread 3 | HWThread 4 | HWThread 5 | HWThread 6 | HWThread 7 | HWThread 8 | HWThread 9 | HWThread 10 | HWThread 11 | HWThread 12 | HWThread 13 | HWThread 14 | HWThread 15 | HWThread 16 | HWThread 17 | HWThread 18 | HWThread 19 | HWThread 20 | HWThread 21 | HWThread 22 | HWThread 23 | HWThread 24 | HWThread 25 | HWThread 26 | HWThread 27 | HWThread 28 | HWThread 29 | HWThread 30 | HWThread 31 | HWThread 32 | HWThread 33 | HWThread 34 | HWThread 35 | HWThread 36 | HWThread 37 | HWThread 38 | HWThread 39 | HWThread 40 | HWThread 41 | HWThread 42 | HWThread 43 | HWThread 44 | HWThread 45 | HWThread 46 | HWThread 47 | HWThread 48 | HWThread 49 | HWThread 50 | HWThread 51 | HWThread 52 | HWThread 53 | HWThread 54 | HWThread 55 | HWThread 56 | HWThread 57 | HWThread 58 | HWThread 59 | HWThread 60 | HWThread 61 | HWThread 62 | HWThread 63 | HWThread 64 | HWThread 65 | HWThread 66 | HWThread 67 | HWThread 68 | HWThread 69 | HWThread 70 | HWThread 71 | HWThread 72 | HWThread 73 | HWThread 74 | HWThread 75 | HWThread 76 | HWThread 77 | HWThread 78 | HWThread 79 | HWThread 80 | HWThread 81 | HWThread 82 | HWThread 83 | HWThread 84 | HWThread 85 | HWThread 86 | HWThread 87 | HWThread 88 | HWThread 89 | HWThread 90 | HWThread 91 | HWThread 92 | HWThread 93 | HWThread 94 | HWThread 95 | HWThread 96 | HWThread 97 | HWThread 98 | HWThread 99 | HWThread 100 | HWThread 101 | HWThread 102 | HWThread 103 | HWThread 104 | HWThread 105 | HWThread 106 | HWThread 107 | HWThread 108 | HWThread 109 | HWThread 110 | HWThread 111 | HWThread 112 | HWThread 113 | HWThread 114 | HWThread 115 | HWThread 116 | HWThread 117 | HWThread 118 | HWThread 119 | HWThread 120 | HWThread 121 | HWThread 122 | HWThread 123 | HWThread 124 | HWThread 125 | HWThread 126 | HWThread 127 | HWThread 128 | HWThread 129 | HWThread 130 | HWThread 131 | HWThread 132 | HWThread 133 | HWThread 134 | HWThread 135 | HWThread 136 | HWThread 137 | HWThread 138 | HWThread 139 | HWThread 140 | HWThread 141 | HWThread 142 | HWThread 143 | HWThread 144 | HWThread 145 | HWThread 146 | HWThread 147 | HWThread 148 | HWThread 149 | HWThread 150 | HWThread 151 | HWThread 152 | HWThread 153 | HWThread 154 | HWThread 155 | HWThread 156 | HWThread 157 | HWThread 158 | HWThread 159 | HWThread 160 | HWThread 161 | HWThread 162 | HWThread 163 | HWThread 164 | HWThread 165 | HWThread 166 | HWThread 167 | HWThread 168 | HWThread 169 | HWThread 170 | HWThread 171 | HWThread 172 | HWThread 173 | HWThread 174 | HWThread 175 | HWThread 176 | HWThread 177 | HWThread 178 | HWThread 179 | HWThread 180 | HWThread 181 | HWThread 182 | HWThread 183 | HWThread 184 | HWThread 185 | HWThread 186 | HWThread 187 | HWThread 188 | HWThread 189 | HWThread 190 | HWThread 191 | HWThread 192 | HWThread 193 | HWThread 194 | HWThread 195 | HWThread 196 | HWThread 197 | HWThread 198 | HWThread 199 | HWThread 200 | HWThread 201 | HWThread 202 | HWThread 203 | HWThread 204 | HWThread 205 | HWThread 206 | HWThread 207 | HWThread 208 | HWThread 209 | HWThread 210 | HWThread 211 | HWThread 212 | HWThread 213 | HWThread 214 | HWThread 215 | HWThread 216 | HWThread 217 | HWThread 218 | HWThread 219 | HWThread 220 | HWThread 221 | HWThread 222 | HWThread 223 | HWThread 224 | HWThread 225 | HWThread 226 | HWThread 227 | HWThread 228 | HWThread 229 | HWThread 230 | HWThread 231 | HWThread 232 | HWThread 233 | HWThread 234 | HWThread 235 | HWThread 236 | HWThread 237 | HWThread 238 | HWThread 239 | HWThread 240 | HWThread 241 | HWThread 242 | HWThread 243 | HWThread 244 | HWThread 245 | HWThread 246 | HWThread 247 | HWThread 248 | HWThread 249 | HWThread 250 | HWThread 251 | HWThread 252 | HWThread 253 | HWThread 254 | HWThread 255 |
+-------------------+------------+------------+------------+------------+------------+------------+------------+------------+------------+------------+-------------+-------------+-------------+-------------+-------------+-------------+-------------+-------------+-------------+-------------+-------------+-------------+-------------+-------------+-------------+-------------+-------------+-------------+-------------+-------------+-------------+-------------+-------------+-------------+-------------+-------------+-------------+-------------+-------------+-------------+-------------+-------------+-------------+-------------+-------------+-------------+-------------+-------------+-------------+-------------+-------------+-------------+-------------+-------------+-------------+-------------+-------------+-------------+-------------+-------------+-------------+-------------+-------------+-------------+-------------+-------------+-------------+-------------+-------------+-------------+-------------+-------------+-------------+-------------+-------------+-------------+-------------+-------------+-------------+-------------+-------------+-------------+-------------+-------------+-------------+-------------+-------------+-------------+-------------+-------------+-------------+-------------+-------------+-------------+-------------+-------------+-------------+-------------+-------------+-------------+--------------+--------------+--------------+--------------+--------------+--------------+--------------+--------------+--------------+--------------+--------------+--------------+--------------+--------------+--------------+--------------+--------------+--------------+--------------+--------------+--------------+--------------+--------------+--------------+--------------+--------------+--------------+--------------+--------------+--------------+--------------+--------------+--------------+--------------+--------------+--------------+--------------+--------------+--------------+--------------+--------------+--------------+--------------+--------------+--------------+--------------+--------------+--------------+--------------+--------------+--------------+--------------+--------------+--------------+--------------+--------------+--------------+--------------+--------------+--------------+--------------+--------------+--------------+--------------+--------------+--------------+--------------+--------------+--------------+--------------+--------------+--------------+--------------+--------------+--------------+--------------+--------------+--------------+--------------+--------------+--------------+--------------+--------------+--------------+--------------+--------------+--------------+--------------+--------------+--------------+--------------+--------------+--------------+--------------+--------------+--------------+--------------+--------------+--------------+--------------+--------------+--------------+--------------+--------------+--------------+--------------+--------------+--------------+--------------+--------------+--------------+--------------+--------------+--------------+--------------+--------------+--------------+--------------+--------------+--------------+--------------+--------------+--------------+--------------+--------------+--------------+--------------+--------------+--------------+--------------+--------------+--------------+--------------+--------------+--------------+--------------+--------------+--------------+--------------+--------------+--------------+--------------+--------------+--------------+--------------+--------------+--------------+--------------+--------------+--------------+--------------+--------------+--------------+--------------+--------------+--------------+
| RDTSC Runtime [s] |   2.006523 |   2.006425 |   2.006536 |   2.006483 |   2.006525 |   2.006385 |   2.006314 |   2.006409 |   2.006645 |   2.006285 |    2.006681 |    2.006588 |    2.006306 |    2.006633 |    2.006633 |    2.006659 |    2.006393 |    2.006596 |    2.006572 |    2.006432 |    2.006348 |    2.006279 |    2.006582 |    2.006590 |    2.006445 |    2.006354 |    2.010870 |    2.006285 |    2.006285 |    2.006507 |    2.006676 |    2.010915 |    2.006374 |    2.007062 |    2.006920 |    2.007062 |    2.007173 |    2.006379 |    2.006439 |    2.006920 |    2.006295 |    2.006298 |    2.006310 |    2.006352 |    2.006455 |    2.006645 |    2.006633 |    2.006296 |    2.006351 |    2.006426 |    2.006352 |    2.006445 |    2.006422 |    2.006351 |    2.006668 |    2.006358 |    2.007131 |    2.007424 |    2.007535 |    2.006716 |    2.007003 |    2.007723 |    2.006349 |    2.006309 |    2.006590 |    2.006350 |    2.006613 |    2.006311 |    2.006480 |    2.006296 |    2.006684 |    2.006564 |    2.006479 |    2.006424 |    2.006436 |    2.007038 |    2.006706 |    2.006287 |    2.006409 |    2.006496 |    2.006586 |    2.006455 |    2.007103 |    2.006282 |    2.006611 |    2.006649 |    2.006453 |    2.006495 |    2.011171 |    2.011193 |    2.007541 |    2.006680 |    2.011167 |    2.011037 |    2.007147 |    2.011037 |    2.006536 |    2.006400 |    2.006375 |    2.006577 |     2.006400 |     2.006454 |     2.006296 |     2.006441 |     2.007025 |     2.006255 |     2.007025 |     2.006364 |     2.006296 |     2.006286 |     2.006289 |     2.006660 |     2.006379 |     2.006312 |     2.006287 |     2.006344 |     2.006450 |     2.006312 |     2.006399 |     2.006661 |     2.006433 |     2.006348 |     2.006685 |     2.006470 |     2.006311 |     2.006452 |     2.006504 |     2.006583 |     2.006930 |     2.006412 |     2.006918 |     2.006873 |     2.006354 |     2.006378 |     2.006931 |     2.006318 |     2.006402 |     2.006300 |     2.007130 |     2.006625 |     2.006574 |     2.007148 |     2.007150 |     2.006676 |     2.007623 |     2.007187 |     2.006289 |     2.007045 |     2.006288 |     2.006954 |     2.006538 |     2.006502 |     2.006503 |     2.006619 |     2.006404 |     2.006319 |     2.007166 |     2.006448 |     2.006352 |     2.006428 |     2.007104 |     2.007167 |     2.007502 |     2.007115 |     2.006296 |     2.006299 |     2.006318 |     2.007150 |     2.006630 |     2.006587 |     2.006585 |     2.006385 |     2.006454 |     2.006565 |     2.006339 |     2.006534 |     2.006605 |     2.006606 |     2.006295 |     2.006483 |     2.006385 |     2.006281 |     2.006532 |     2.006529 |     2.006401 |     2.007123 |     2.006662 |     2.007954 |     2.007123 |     2.006300 |     2.006464 |     2.007165 |     2.006534 |     2.006580 |     2.006565 |     2.006402 |     2.006402 |     2.006402 |     2.006410 |     2.006520 |     2.006294 |     2.006422 |     2.006615 |     2.007059 |     2.006581 |     2.007971 |     2.006510 |     2.006521 |     2.007484 |     2.006352 |     2.007111 |     2.007103 |     2.006507 |     2.007517 |     2.006288 |     2.006539 |     2.006502 |     2.006444 |     2.006284 |     2.006284 |     2.007035 |     2.006410 |     2.006410 |     2.006670 |     2.007636 |     2.006506 |     2.006426 |     2.006507 |     2.008026 |     2.006303 |     2.006526 |     2.008044 |     2.007039 |     2.006469 |     2.006346 |     2.006315 |     2.006479 |     2.006437 |     2.007441 |     2.007151 |     2.007557 |     2.006510 |     2.007047 |     2.006685 |     2.007103 |     2.006670 |     2.007488 |     2.007136 |     2.006285 |     2.007163 |     2.007030 |     2.006410 |     2.007523 |     2.006422 |     2.007523 |     2.006460 |
|     call count    |          1 |          1 |          1 |          1 |          1 |          1 |          1 |          1 |          1 |          1 |           1 |           1 |           1 |           1 |           1 |           1 |           1 |           1 |           1 |           1 |           1 |           1 |           1 |           1 |           1 |           1 |           1 |           1 |           1 |           1 |           1 |           1 |           1 |           1 |           1 |           1 |           1 |           1 |           1 |           1 |           1 |           1 |           1 |           1 |           1 |           1 |           1 |           1 |           1 |           1 |           1 |           1 |           1 |           1 |           1 |           1 |           1 |           1 |           1 |           1 |           1 |           1 |           1 |           1 |           1 |           1 |           1 |           1 |           1 |           1 |           1 |           1 |           1 |           1 |           1 |           1 |           1 |           1 |           1 |           1 |           1 |           1 |           1 |           1 |           1 |           1 |           1 |           1 |           1 |           1 |           1 |           1 |           1 |           1 |           1 |           1 |           1 |           1 |           1 |           1 |            1 |            1 |            1 |            1 |            1 |            1 |            1 |            1 |            1 |            1 |            1 |            1 |            1 |            1 |            1 |            1 |            1 |            1 |            1 |            1 |            1 |            1 |            1 |            1 |            1 |            1 |            1 |            1 |            1 |            1 |            1 |            1 |            1 |            1 |            1 |            1 |            1 |            1 |            1 |            1 |            1 |            1 |            1 |            1 |            1 |            1 |            1 |            1 |            1 |            1 |            1 |            1 |            1 |            1 |            1 |            1 |            1 |            1 |            1 |            1 |            1 |            1 |            1 |            1 |            1 |            1 |            1 |            1 |            1 |            1 |            1 |            1 |            1 |            1 |            1 |            1 |            1 |            1 |            1 |            1 |            1 |            1 |            1 |            1 |            1 |            1 |            1 |            1 |            1 |            1 |            1 |            1 |            1 |            1 |            1 |            1 |            1 |            1 |            1 |            1 |            1 |            1 |            1 |            1 |            1 |            1 |            1 |            1 |            1 |            1 |            1 |            1 |            1 |            1 |            1 |            1 |            1 |            1 |            1 |            1 |            1 |            1 |            1 |            1 |            1 |            1 |            1 |            1 |            1 |            1 |            1 |            1 |            1 |            1 |            1 |            1 |            1 |            1 |            1 |            1 |            1 |            1 |            1 |            1 |            1 |            1 |            1 |            1 |            1 |            1 |            1 |            1 |            1 |            1 |            1 |            1 |
+-------------------+------------+------------+------------+------------+------------+------------+------------+------------+------------+------------+-------------+-------------+-------------+-------------+-------------+-------------+-------------+-------------+-------------+-------------+-------------+-------------+-------------+-------------+-------------+-------------+-------------+-------------+-------------+-------------+-------------+-------------+-------------+-------------+-------------+-------------+-------------+-------------+-------------+-------------+-------------+-------------+-------------+-------------+-------------+-------------+-------------+-------------+-------------+-------------+-------------+-------------+-------------+-------------+-------------+-------------+-------------+-------------+-------------+-------------+-------------+-------------+-------------+-------------+-------------+-------------+-------------+-------------+-------------+-------------+-------------+-------------+-------------+-------------+-------------+-------------+-------------+-------------+-------------+-------------+-------------+-------------+-------------+-------------+-------------+-------------+-------------+-------------+-------------+-------------+-------------+-------------+-------------+-------------+-------------+-------------+-------------+-------------+-------------+-------------+--------------+--------------+--------------+--------------+--------------+--------------+--------------+--------------+--------------+--------------+--------------+--------------+--------------+--------------+--------------+--------------+--------------+--------------+--------------+--------------+--------------+--------------+--------------+--------------+--------------+--------------+--------------+--------------+--------------+--------------+--------------+--------------+--------------+--------------+--------------+--------------+--------------+--------------+--------------+--------------+--------------+--------------+--------------+--------------+--------------+--------------+--------------+--------------+--------------+--------------+--------------+--------------+--------------+--------------+--------------+--------------+--------------+--------------+--------------+--------------+--------------+--------------+--------------+--------------+--------------+--------------+--------------+--------------+--------------+--------------+--------------+--------------+--------------+--------------+--------------+--------------+--------------+--------------+--------------+--------------+--------------+--------------+--------------+--------------+--------------+--------------+--------------+--------------+--------------+--------------+--------------+--------------+--------------+--------------+--------------+--------------+--------------+--------------+--------------+--------------+--------------+--------------+--------------+--------------+--------------+--------------+--------------+--------------+--------------+--------------+--------------+--------------+--------------+--------------+--------------+--------------+--------------+--------------+--------------+--------------+--------------+--------------+--------------+--------------+--------------+--------------+--------------+--------------+--------------+--------------+--------------+--------------+--------------+--------------+--------------+--------------+--------------+--------------+--------------+--------------+--------------+--------------+--------------+--------------+--------------+--------------+--------------+--------------+--------------+--------------+--------------+--------------+--------------+--------------+--------------+--------------+
+-------------------------------------+---------+--------------+--------------+--------------+--------------+--------------+--------------+--------------+--------------+--------------+--------------+--------------+--------------+--------------+--------------+--------------+--------------+--------------+--------------+--------------+--------------+--------------+--------------+--------------+--------------+--------------+--------------+--------------+--------------+--------------+--------------+--------------+--------------+--------------+--------------+--------------+--------------+--------------+--------------+--------------+--------------+--------------+--------------+--------------+--------------+--------------+--------------+--------------+--------------+--------------+--------------+--------------+--------------+--------------+--------------+--------------+--------------+--------------+--------------+--------------+--------------+--------------+--------------+--------------+--------------+--------------+--------------+--------------+--------------+--------------+--------------+--------------+--------------+--------------+--------------+--------------+--------------+--------------+--------------+--------------+--------------+--------------+--------------+--------------+--------------+--------------+--------------+--------------+--------------+--------------+--------------+--------------+--------------+--------------+--------------+--------------+--------------+--------------+--------------+--------------+--------------+--------------+--------------+--------------+--------------+--------------+--------------+--------------+--------------+--------------+--------------+--------------+--------------+--------------+--------------+--------------+--------------+--------------+--------------+--------------+--------------+--------------+--------------+--------------+--------------+--------------+--------------+--------------+--------------+--------------+--------------+--------------+--------------+--------------+--------------+--------------+--------------+--------------+--------------+--------------+--------------+--------------+--------------+--------------+--------------+--------------+--------------+--------------+--------------+--------------+--------------+--------------+--------------+--------------+--------------+--------------+--------------+--------------+--------------+--------------+--------------+--------------+--------------+--------------+--------------+--------------+--------------+--------------+--------------+--------------+--------------+--------------+--------------+--------------+--------------+--------------+--------------+--------------+--------------+--------------+--------------+--------------+--------------+--------------+--------------+--------------+--------------+--------------+--------------+--------------+--------------+--------------+--------------+--------------+--------------+--------------+--------------+--------------+--------------+--------------+--------------+--------------+--------------+--------------+--------------+--------------+--------------+--------------+--------------+--------------+--------------+--------------+--------------+--------------+--------------+--------------+--------------+--------------+--------------+--------------+--------------+--------------+--------------+--------------+--------------+--------------+--------------+--------------+--------------+--------------+--------------+--------------+--------------+--------------+--------------+--------------+--------------+--------------+--------------+--------------+--------------+--------------+--------------+--------------+--------------+--------------+--------------+--------------+--------------+--------------+--------------+--------------+--------------+--------------+--------------+--------------+--------------+
|                Event                | Counter |  HWThread 0  |  HWThread 1  |  HWThread 2  |  HWThread 3  |  HWThread 4  |  HWThread 5  |  HWThread 6  |  HWThread 7  |  HWThread 8  |  HWThread 9  |  HWThread 10 |  HWThread 11 |  HWThread 12 |  HWThread 13 |  HWThread 14 |  HWThread 15 |  HWThread 16 |  HWThread 17 |  HWThread 18 |  HWThread 19 |  HWThread 20 |  HWThread 21 |  HWThread 22 |  HWThread 23 |  HWThread 24 |  HWThread 25 |  HWThread 26 |  HWThread 27 |  HWThread 28 |  HWThread 29 |  HWThread 30 |  HWThread 31 |  HWThread 32 |  HWThread 33 |  HWThread 34 |  HWThread 35 |  HWThread 36 |  HWThread 37 |  HWThread 38 |  HWThread 39 |  HWThread 40 |  HWThread 41 |  HWThread 42 |  HWThread 43 |  HWThread 44 |  HWThread 45 |  HWThread 46 |  HWThread 47 |  HWThread 48 |  HWThread 49 |  HWThread 50 |  HWThread 51 |  HWThread 52 |  HWThread 53 |  HWThread 54 |  HWThread 55 |  HWThread 56 |  HWThread 57 |  HWThread 58 |  HWThread 59 |  HWThread 60 |  HWThread 61 |  HWThread 62 |  HWThread 63 |  HWThread 64 |  HWThread 65 |  HWThread 66 |  HWThread 67 |  HWThread 68 |  HWThread 69 |  HWThread 70 |  HWThread 71 |  HWThread 72 |  HWThread 73 |  HWThread 74 |  HWThread 75 |  HWThread 76 |  HWThread 77 |  HWThread 78 |  HWThread 79 |  HWThread 80 |  HWThread 81 |  HWThread 82 |  HWThread 83 |  HWThread 84 |  HWThread 85 |  HWThread 86 |  HWThread 87 |  HWThread 88 |  HWThread 89 |  HWThread 90 |  HWThread 91 |  HWThread 92 |  HWThread 93 |  HWThread 94 |  HWThread 95 |  HWThread 96 |  HWThread 97 |  HWThread 98 |  HWThread 99 | HWThread 100 | HWThread 101 | HWThread 102 | HWThread 103 | HWThread 104 | HWThread 105 | HWThread 106 | HWThread 107 | HWThread 108 | HWThread 109 | HWThread 110 | HWThread 111 | HWThread 112 | HWThread 113 | HWThread 114 | HWThread 115 | HWThread 116 | HWThread 117 | HWThread 118 | HWThread 119 | HWThread 120 | HWThread 121 | HWThread 122 | HWThread 123 | HWThread 124 | HWThread 125 | HWThread 126 | HWThread 127 | HWThread 128 | HWThread 129 | HWThread 130 | HWThread 131 | HWThread 132 | HWThread 133 | HWThread 134 | HWThread 135 | HWThread 136 | HWThread 137 | HWThread 138 | HWThread 139 | HWThread 140 | HWThread 141 | HWThread 142 | HWThread 143 | HWThread 144 | HWThread 145 | HWThread 146 | HWThread 147 | HWThread 148 | HWThread 149 | HWThread 150 | HWThread 151 | HWThread 152 | HWThread 153 | HWThread 154 | HWThread 155 | HWThread 156 | HWThread 157 | HWThread 158 | HWThread 159 | HWThread 160 | HWThread 161 | HWThread 162 | HWThread 163 | HWThread 164 | HWThread 165 | HWThread 166 | HWThread 167 | HWThread 168 | HWThread 169 | HWThread 170 | HWThread 171 | HWThread 172 | HWThread 173 | HWThread 174 | HWThread 175 | HWThread 176 | HWThread 177 | HWThread 178 | HWThread 179 | HWThread 180 | HWThread 181 | HWThread 182 | HWThread 183 | HWThread 184 | HWThread 185 | HWThread 186 | HWThread 187 | HWThread 188 | HWThread 189 | HWThread 190 | HWThread 191 | HWThread 192 | HWThread 193 | HWThread 194 | HWThread 195 | HWThread 196 | HWThread 197 | HWThread 198 | HWThread 199 | HWThread 200 | HWThread 201 | HWThread 202 | HWThread 203 | HWThread 204 | HWThread 205 | HWThread 206 | HWThread 207 | HWThread 208 | HWThread 209 | HWThread 210 | HWThread 211 | HWThread 212 | HWThread 213 | HWThread 214 | HWThread 215 | HWThread 216 | HWThread 217 | HWThread 218 | HWThread 219 | HWThread 220 | HWThread 221 | HWThread 222 | HWThread 223 | HWThread 224 | HWThread 225 | HWThread 226 | HWThread 227 | HWThread 228 | HWThread 229 | HWThread 230 | HWThread 231 | HWThread 232 | HWThread 233 | HWThread 234 | HWThread 235 | HWThread 236 | HWThread 237 | HWThread 238 | HWThread 239 | HWThread 240 | HWThread 241 | HWThread 242 | HWThread 243 | HWThread 244 | HWThread 245 | HWThread 246 | HWThread 247 | HWThread 248 | HWThread 249 | HWThread 250 | HWThread 251 | HWThread 252 | HWThread 253 | HWThread 254 | HWThread 255 |
+-------------------------------------+---------+--------------+--------------+--------------+--------------+--------------+--------------+--------------+--------------+--------------+--------------+--------------+--------------+--------------+--------------+--------------+--------------+--------------+--------------+--------------+--------------+--------------+--------------+--------------+--------------+--------------+--------------+--------------+--------------+--------------+--------------+--------------+--------------+--------------+--------------+--------------+--------------+--------------+--------------+--------------+--------------+--------------+--------------+--------------+--------------+--------------+--------------+--------------+--------------+--------------+--------------+--------------+--------------+--------------+--------------+--------------+--------------+--------------+--------------+--------------+--------------+--------------+--------------+--------------+--------------+--------------+--------------+--------------+--------------+--------------+--------------+--------------+--------------+--------------+--------------+--------------+--------------+--------------+--------------+--------------+--------------+--------------+--------------+--------------+--------------+--------------+--------------+--------------+--------------+--------------+--------------+--------------+--------------+--------------+--------------+--------------+--------------+--------------+--------------+--------------+--------------+--------------+--------------+--------------+--------------+--------------+--------------+--------------+--------------+--------------+--------------+--------------+--------------+--------------+--------------+--------------+--------------+--------------+--------------+--------------+--------------+--------------+--------------+--------------+--------------+--------------+--------------+--------------+--------------+--------------+--------------+--------------+--------------+--------------+--------------+--------------+--------------+--------------+--------------+--------------+--------------+--------------+--------------+--------------+--------------+--------------+--------------+--------------+--------------+--------------+--------------+--------------+--------------+--------------+--------------+--------------+--------------+--------------+--------------+--------------+--------------+--------------+--------------+--------------+--------------+--------------+--------------+--------------+--------------+--------------+--------------+--------------+--------------+--------------+--------------+--------------+--------------+--------------+--------------+--------------+--------------+--------------+--------------+--------------+--------------+--------------+--------------+--------------+--------------+--------------+--------------+--------------+--------------+--------------+--------------+--------------+--------------+--------------+--------------+--------------+--------------+--------------+--------------+--------------+--------------+--------------+--------------+--------------+--------------+--------------+--------------+--------------+--------------+--------------+--------------+--------------+--------------+--------------+--------------+--------------+--------------+--------------+--------------+--------------+--------------+--------------+--------------+--------------+--------------+--------------+--------------+--------------+--------------+--------------+--------------+--------------+--------------+--------------+--------------+--------------+--------------+--------------+--------------+--------------+--------------+--------------+--------------+--------------+--------------+--------------+--------------+--------------+--------------+--------------+--------------+--------------+--------------+
|           ACTUAL_CPU_CLOCK          |  FIXC1  |   4855019000 |   4854328000 |   4854346000 |   4854021000 |   4855418000 |   4854778000 |   4853643000 |   4853374000 |   4831699000 |   4831841000 |   4830910000 |   4832472000 |   4830472000 |   4831628000 |   4831775000 |   4831918000 |   4859563000 |   4860785000 |   4861293000 |   4859801000 |   4860284000 |   4859405000 |   4861300000 |   4860920000 |   4846032000 |   4845438000 |   4847365000 |   4846174000 |   4846692000 |   4845731000 |   4845843000 |   4847625000 |   4830310000 |   4832425000 |   4832436000 |   4832674000 |   4832311000 |   4830846000 |   4831282000 |   4832669000 |   4854362000 |   4853666000 |   4853578000 |   4854432000 |   4856061000 |   4854446000 |   4855210000 |   4854415000 |   4857148000 |   4856398000 |   4858369000 |   4857536000 |   4858581000 |   4856173000 |   4858479000 |   4858335000 |   4835166000 |   4835557000 |   4835596000 |   4835029000 |   4836752000 |   4835816000 |   4834856000 |   4834947000 |   4839740000 |   4839399000 |   4839963000 |   4839997000 |   4839086000 |   4838073000 |   4839031000 |   4840352000 |   4848248000 |   4848970000 |   4849758000 |   4850032000 |   4850158000 |   4848151000 |   4850167000 |   4850303000 |   4856454000 |   4855764000 |   4854430000 |   4855218000 |   4856727000 |   4856734000 |   4855490000 |   4856199000 |   4848679000 |   4846998000 |   4846366000 |   4844917000 |   4848307000 |   4846818000 |   4847473000 |   4846949000 |   4860682000 |   4859264000 |   4857818000 |   4858944000 |   4859613000 |   4860138000 |   4858990000 |   4859374000 |   4849433000 |   4851172000 |   4850877000 |   4850124000 |   4849461000 |   4851073000 |   4852283000 |   4852197000 |   4854140000 |   4854238000 |   4853069000 |   4853000000 |   4851686000 |   4853154000 |   4854096000 |   4852700000 |   4840515000 |   4838310000 |   4840437000 |   4840145000 |   4838336000 |   4838385000 |   4840589000 |   4841057000 |   4840257000 |   4838912000 |   4840342000 |   4840318000 |   4840116000 |   4838824000 |   4840349000 |   4839900000 |   4868987000 |   4870041000 |   4869843000 |   4869523000 |   4868404000 |   4869587000 |   4870011000 |   4868140000 |   4881372000 |   4881337000 |   4879386000 |   4879126000 |   4879123000 |   4881168000 |   4879631000 |   4879584000 |   4863914000 |   4864260000 |   4864492000 |   4864461000 |   4864713000 |   4863832000 |   4864234000 |   4864501000 |   4851421000 |   4851487000 |   4851540000 |   4850904000 |   4850336000 |   4850251000 |   4849872000 |   4851441000 |   4860222000 |   4860710000 |   4860747000 |   4858862000 |   4859823000 |   4860288000 |   4861395000 |   4860753000 |   4847808000 |   4848261000 |   4846960000 |   4847663000 |   4847075000 |   4846572000 |   4847392000 |   4848003000 |   4864473000 |   4865054000 |   4864209000 |   4865815000 |   4866439000 |   4863882000 |   4864596000 |   4864830000 |   4841526000 |   4841556000 |   4841659000 |   4840414000 |   4840580000 |   4840751000 |   4840507000 |   4841526000 |   4842993000 |   4843375000 |   4843636000 |   4843071000 |   4843550000 |   4845088000 |   4843925000 |   4843989000 |   4883078000 |   4881577000 |   4882339000 |   4881393000 |   4881832000 |   4881971000 |   4881716000 |   4880878000 |   4854863000 |   4855275000 |   4856163000 |   4855982000 |   4856099000 |   4854734000 |   4855377000 |   4856231000 |   4885712000 |   4882528000 |   4884270000 |   4883116000 |   4885714000 |   4883476000 |   4884370000 |   4885711000 |   4845821000 |   4846023000 |   4845546000 |   4845325000 |   4845991000 |   4846576000 |   4847387000 |   4846919000 |   4862279000 |   4859939000 |   4860855000 |   4860760000 |   4862137000 |   4860483000 |   4862153000 |   4861961000 |   4849393000 |   4851840000 |   4848979000 |   4850355000 |   4851770000 |   4849799000 |   4852111000 |   4851696000 |
|            MAX_CPU_CLOCK            |  FIXC2  |   5420774000 |   5421105000 |   5419547000 |   5419442000 |   5420428000 |   5420863000 |   5419848000 |   5419817000 |   5417681000 |   5417680000 |   5418144000 |   5420782000 |   5417789000 |   5417623000 |   5417675000 |   5419605000 |   5417254000 |   5417123000 |   5419456000 |   5417490000 |   5419813000 |   5416996000 |   5419439000 |   5417256000 |   5420144000 |   5419736000 |   5424558000 |   5420549000 |   5420421000 |   5420787000 |   5420941000 |   5424014000 |   5417262000 |   5418865000 |   5419779000 |   5420694000 |   5418920000 |   5418092000 |   5419980000 |   5421608000 |   5421032000 |   5419764000 |   5419747000 |   5421116000 |   5420424000 |   5419321000 |   5420547000 |   5421060000 |   5420652000 |   5420079000 |   5420269000 |   5419915000 |   5420695000 |   5420659000 |   5420448000 |   5420459000 |   5420448000 |   5422081000 |   5422432000 |   5419195000 |   5422888000 |   5422569000 |   5418104000 |   5418939000 |   5420842000 |   5419842000 |   5420970000 |   5420992000 |   5421417000 |   5420619000 |   5420643000 |   5420654000 |   5419855000 |   5419483000 |   5421593000 |   5420982000 |   5421252000 |   5419667000 |   5420149000 |   5420297000 |   5420118000 |   5420821000 |   5419921000 |   5421089000 |   5420571000 |   5420567000 |   5420667000 |   5420433000 |   5424625000 |   5422930000 |   5422339000 |   5420125000 |   5424101000 |   5422946000 |   5421628000 |   5423188000 |   5420362000 |   5421199000 |   5417775000 |   5417505000 |   5420780000 |   5420157000 |   5420634000 |   5420123000 |   5418897000 |   5419727000 |   5419090000 |   5419845000 |   5419322000 |   5420226000 |   5420412000 |   5420406000 |   5420518000 |   5420576000 |   5419699000 |   5419780000 |   5419924000 |   5419752000 |   5420283000 |   5419332000 |   5420502000 |   5419692000 |   5420459000 |   5420836000 |   5419134000 |   5419653000 |   5420403000 |   5420644000 |   5421888000 |   5420529000 |   5421614000 |   5421575000 |   5420603000 |   5420720000 |   5421977000 |   5421140000 |   5421002000 |   5420329000 |   5421935000 |   5420679000 |   5420557000 |   5421812000 |   5422165000 |   5420614000 |   5423204000 |   5422028000 |   5420228000 |   5420943000 |   5420943000 |   5422553000 |   5420475000 |   5420447000 |   5420070000 |   5421001000 |   5421204000 |   5421135000 |   5421609000 |   5420241000 |   5421038000 |   5421214000 |   5421657000 |   5422016000 |   5422284000 |   5421814000 |   5421164000 |   5421056000 |   5420685000 |   5421819000 |   5420046000 |   5420865000 |   5419892000 |   5419855000 |   5420330000 |   5420776000 |   5420766000 |   5420022000 |   5420576000 |   5420411000 |   5420211000 |   5420127000 |   5420446000 |   5419086000 |   5420674000 |   5420151000 |   5420784000 |   5420707000 |   5420208000 |   5422584000 |   5421312000 |   5419737000 |   5419538000 |   5418954000 |   5420043000 |   5420115000 |   5420385000 |   5420305000 |   5420593000 |   5420973000 |   5420415000 |   5420565000 |   5420274000 |   5420665000 |   5420533000 |   5420490000 |   5420471000 |   5423622000 |   5420161000 |   5420413000 |   5423828000 |   5420935000 |   5421749000 |   5420593000 |   5421346000 |   5422571000 |   5420878000 |   5420773000 |   5420979000 |   5420639000 |   5420054000 |   5420772000 |   5420953000 |   5420987000 |   5421077000 |   5421033000 |   5423447000 |   5419890000 |   5420138000 |   5419494000 |   5423605000 |   5421094000 |   5420028000 |   5423602000 |   5420070000 |   5419291000 |   5419900000 |   5419592000 |   5419391000 |   5420236000 |   5422522000 |   5419669000 |   5423947000 |   5419489000 |   5420739000 |   5419681000 |   5421758000 |   5419603000 |   5421838000 |   5421382000 |   5420233000 |   5421749000 |   5419871000 |   5420741000 |   5423856000 |   5420876000 |   5423366000 |   5420759000 |
|         RETIRED_INSTRUCTIONS        |   PMC0  |  20410910000 |  20412960000 |  20412900000 |  20413190000 |  20412900000 |  20413140000 |  20412670000 |  20412900000 |  20408170000 |  20407950000 |  20408000000 |  20408030000 |  20407860000 |  20407960000 |  20407990000 |  20408020000 |  20413330000 |  20413430000 |  20413230000 |  20413310000 |  20413280000 |  20413270000 |  20413350000 |  20413370000 |  20410480000 |  20410500000 |  20412510000 |  20410470000 |  20410410000 |  20410510000 |  20410540000 |  20412520000 |  20407660000 |  20409310000 |  20409250000 |  20408790000 |  20409200000 |  20408900000 |  20408910000 |  20409250000 |  20412290000 |  20412370000 |  20412230000 |  20412190000 |  20412270000 |  20412190000 |  20412140000 |  20412210000 |  20412580000 |  20412540000 |  20412440000 |  20412580000 |  20412530000 |  20412500000 |  20408900000 |  20412460000 |  20408910000 |  20409250000 |  20409210000 |  20409020000 |  20408280000 |  20408570000 |  20407970000 |  20407910000 |  20409460000 |  20409460000 |  20409460000 |  20409430000 |  20409400000 |  20409330000 |  20409440000 |  20409440000 |  20411280000 |  20411260000 |  20411210000 |  20411520000 |  20411310000 |  20411190000 |  20411200000 |  20411250000 |  20412490000 |  20412450000 |  20412650000 |  20412440000 |  20412450000 |  20412480000 |  20412370000 |  20412430000 |  20412950000 |  20413020000 |  20411340000 |  20410970000 |  20412130000 |  20412090000 |  20410300000 |  20412030000 |  20413740000 |  20413540000 |  20413490000 |  20413600000 |  20413420000 |  20413510000 |  20413550000 |  20413450000 |  20412270000 |  20411980000 |  20412070000 |  20411980000 |  20411850000 |  20411790000 |  20411810000 |  20411910000 |  20412270000 |  20412160000 |  20412110000 |  20412170000 |  20412140000 |  20411830000 |  20412110000 |  20412180000 |  20410040000 |  20410030000 |  20410090000 |  20410080000 |  20409210000 |  20409250000 |  20409200000 |  20409200000 |  20409010000 |  20408840000 |  20408980000 |  20409000000 |  20408750000 |  20408800000 |  20408950000 |  20408740000 |  20414170000 |  20414100000 |  20414350000 |  20414280000 |  20414120000 |  20414420000 |  20414420000 |  20414140000 |  20416790000 |  20416390000 |  20416070000 |  20416360000 |  20416000000 |  20416310000 |  20416030000 |  20416050000 |  20413230000 |  20413200000 |  20413040000 |  20413090000 |  20412640000 |  20412370000 |  20412320000 |  20412330000 |  20410990000 |  20411060000 |  20411230000 |  20411050000 |  20410670000 |  20410790000 |  20410630000 |  20410990000 |  20412170000 |  20412170000 |  20412140000 |  20412170000 |  20412020000 |  20412120000 |  20412110000 |  20412130000 |  20410000000 |  20409770000 |  20409700000 |  20409760000 |  20409640000 |  20409690000 |  20409700000 |  20409720000 |  20413420000 |  20413770000 |  20413530000 |  20414020000 |  20412830000 |  20412690000 |  20412570000 |  20412940000 |  20408990000 |  20409020000 |  20408980000 |  20409050000 |  20408830000 |  20409000000 |  20408990000 |  20409000000 |  20409590000 |  20409630000 |  20409590000 |  20409890000 |  20409560000 |  20410170000 |  20409610000 |  20409550000 |  20417070000 |  20416410000 |  20416640000 |  20416650000 |  20416400000 |  20408710000 |  20416390000 |  20416400000 |  20411700000 |  20411690000 |  20411600000 |  20411650000 |  20411140000 |  20411190000 |  20410850000 |  20410980000 |  20417370000 |  20416930000 |  20416780000 |  20416890000 |  20417480000 |  20416800000 |  20416810000 |  20417490000 |  20410500000 |  20410360000 |  20410280000 |  20410270000 |  20410240000 |  20409790000 |  20410490000 |  20410480000 |  20413350000 |  20412740000 |  20412910000 |  20412880000 |  20412970000 |  20412860000 |  20413120000 |  20412950000 |  20410780000 |  20411160000 |  20411020000 |  20410870000 |  20410360000 |  20410040000 |  20412480000 |  20410080000 |
|         CPU_CLOCKS_UNHALTED         |   PMC1  |   4813899000 |   4823489000 |   4823199000 |   4823575000 |   4823136000 |   4823350000 |   4822479000 |   4823117000 |   4796372000 |   4796110000 |   4796589000 |   4796609000 |   4795725000 |   4796361000 |   4796427000 |   4796663000 |   4826237000 |   4826824000 |   4825755000 |   4826235000 |   4826021000 |   4825913000 |   4826413000 |   4826636000 |   4809811000 |   4809697000 |   4819927000 |   4809389000 |   4809285000 |   4809721000 |   4809899000 |   4819930000 |   4800617000 |   4802280000 |   4801685000 |   4800726000 |   4801858000 |   4800491000 |   4799780000 |   4801681000 |   4818907000 |   4819076000 |   4818588000 |   4818970000 |   4818781000 |   4819189000 |   4818634000 |   4818506000 |   4821000000 |   4821279000 |   4821017000 |   4821305000 |   4821151000 |   4820989000 |   4821338000 |   4820812000 |   4799745000 |   4801627000 |   4801794000 |   4800212000 |   4800335000 |   4802179000 |   4798938000 |   4798493000 |   4804742000 |   4804591000 |   4804734000 |   4804382000 |   4804366000 |   4804271000 |   4804588000 |   4804631000 |   4814866000 |   4814690000 |   4814452000 |   4816140000 |   4815091000 |   4814263000 |   4814489000 |   4814738000 |   4821605000 |   4821334000 |   4822416000 |   4821068000 |   4821407000 |   4821555000 |   4820810000 |   4821412000 |   4822259000 |   4822643000 |   4813286000 |   4811786000 |   4821890000 |   4821889000 |   4812466000 |   4821577000 |   4826760000 |   4826506000 |   4826240000 |   4826689000 |   4825964000 |   4826290000 |   4825587000 |   4826021000 |   4818520000 |   4816815000 |   4818277000 |   4817044000 |   4816604000 |   4816724000 |   4816721000 |   4817432000 |   4818876000 |   4818866000 |   4818647000 |   4818851000 |   4818827000 |   4818730000 |   4818593000 |   4819051000 |   4806088000 |   4805913000 |   4806366000 |   4806172000 |   4805583000 |   4805934000 |   4805771000 |   4806020000 |   4800805000 |   4799790000 |   4800675000 |   4800588000 |   4799336000 |   4799566000 |   4800364000 |   4799224000 |   4829180000 |   4829098000 |   4830582000 |   4829660000 |   4829269000 |   4830615000 |   4830566000 |   4829430000 |   4842549000 |   4841897000 |   4839789000 |   4841281000 |   4839611000 |   4841088000 |   4839824000 |   4840066000 |   4823968000 |   4824204000 |   4823301000 |   4823463000 |   4824995000 |   4823604000 |   4823236000 |   4823333000 |   4811825000 |   4812219000 |   4812791000 |   4812061000 |   4810031000 |   4810326000 |   4809931000 |   4811866000 |   4820607000 |   4820613000 |   4820438000 |   4820463000 |   4820260000 |   4820343000 |   4819894000 |   4820371000 |   4807713000 |   4807786000 |   4807250000 |   4807592000 |   4807012000 |   4807146000 |   4807374000 |   4807511000 |   4825339000 |   4826973000 |   4825897000 |   4828694000 |   4826487000 |   4825196000 |   4824486000 |   4826757000 |   4801689000 |   4801885000 |   4801647000 |   4801586000 |   4801282000 |   4801516000 |   4801246000 |   4801335000 |   4803629000 |   4804171000 |   4803991000 |   4805193000 |   4803824000 |   4807249000 |   4803784000 |   4803785000 |   4844404000 |   4842034000 |   4843449000 |   4843320000 |   4842011000 |   4844144000 |   4841502000 |   4841994000 |   4816288000 |   4816329000 |   4815698000 |   4815909000 |   4817286000 |   4815768000 |   4815791000 |   4816220000 |   4847452000 |   4844886000 |   4844556000 |   4844584000 |   4848113000 |   4844241000 |   4844226000 |   4847763000 |   4809052000 |   4807875000 |   4807426000 |   4807651000 |   4807630000 |   4807606000 |   4809537000 |   4808986000 |   4823805000 |   4821489000 |   4822467000 |   4821876000 |   4822536000 |   4821850000 |   4823268000 |   4822618000 |   4810541000 |   4812671000 |   4812178000 |   4811030000 |   4812843000 |   4810764000 |   4812567000 |   4810725000 |
|                MERGE                |   PMC3  |            0 |            0 |            0 |            0 |            0 |            0 |            0 |            0 |            0 |            0 |            0 |            0 |            0 |            0 |            0 |            0 |            0 |            0 |            0 |            0 |            0 |            0 |            0 |            0 |            0 |            0 |            0 |            0 |            0 |            0 |            0 |            0 |            0 |            0 |            0 |            0 |            0 |            0 |            0 |            0 |            0 |            0 |            0 |            0 |            0 |            0 |            0 |            0 |            0 |            0 |            0 |            0 |            0 |            0 |            0 |            0 |            0 |            0 |            0 |            0 |            0 |            0 |            0 |            0 |            0 |            0 |            0 |            0 |            0 |            0 |            0 |            0 |            0 |            0 |            0 |            0 |            0 |            0 |            0 |            0 |            0 |            0 |            0 |            0 |            0 |            0 |            0 |            0 |            0 |            0 |            0 |            0 |            0 |            0 |            0 |            0 |            0 |            0 |            0 |            0 |            0 |            0 |            0 |            0 |            0 |            0 |            0 |            0 |            0 |            0 |            0 |            0 |            0 |            0 |            0 |            0 |            0 |            0 |            0 |            0 |            0 |            0 |            0 |            0 |            0 |            0 |            0 |            0 |            0 |            0 |            0 |            0 |            0 |            0 |            0 |            0 |            0 |            0 |            0 |            0 |            0 |            0 |            0 |            0 |            0 |            0 |            0 |            0 |            0 |            0 |            0 |            0 |            0 |            0 |            0 |            0 |            0 |            0 |            0 |            0 |            0 |            0 |            0 |            0 |            0 |            0 |            0 |            0 |            0 |            0 |            0 |            0 |            0 |            0 |            0 |            0 |            0 |            0 |            0 |            0 |            0 |            0 |            0 |            0 |            0 |            0 |            0 |            0 |            0 |            0 |            0 |            0 |            0 |            0 |            0 |            0 |            0 |            0 |            0 |            0 |            0 |            0 |            0 |            0 |            0 |            0 |            0 |            0 |            0 |            0 |            0 |            0 |            0 |            0 |            0 |            0 |            0 |            0 |            0 |            0 |            0 |            0 |            0 |            0 |            0 |            0 |            0 |            0 |            0 |            0 |            0 |            0 |            0 |            0 |            0 |            0 |            0 |            0 |            0 |            0 |            0 |            0 |            0 |            0 |            0 |            0 |            0 |            0 |            0 |            0 |            0 |            0 |            0 |            0 |            0 |            0 |
| RETIRED_SSE_AVX_FLOPS_ALL_SP_SCALAR |   PMC2  |            0 |            0 |            0 |            0 |            0 |            0 |            0 |            0 |            0 |            0 |            0 |            0 |            0 |            0 |            0 |            0 |            0 |            0 |            0 |            0 |            0 |            0 |            0 |            0 |            0 |            0 |            0 |            0 |            0 |            0 |            0 |            0 |            0 |            0 |            0 |            0 |            0 |            0 |            0 |            0 |            0 |            0 |            0 |            0 |            0 |            0 |            0 |            0 |            0 |            0 |            0 |            0 |            0 |            0 |            0 |            0 |            0 |            0 |            0 |            0 |            0 |            0 |            0 |            0 |            0 |            0 |            0 |            0 |            0 |            0 |            0 |            0 |            0 |            0 |            0 |            0 |            0 |            0 |            0 |            0 |            0 |            0 |            0 |            0 |            0 |            0 |            0 |            0 |            0 |            0 |            0 |            0 |            0 |            0 |            0 |            0 |            0 |            0 |            0 |            0 |            0 |            0 |            0 |            0 |            0 |            0 |            0 |            0 |            0 |            0 |            0 |            0 |            0 |            0 |            0 |            0 |            0 |            0 |            0 |            0 |            0 |            0 |            0 |            0 |            0 |            0 |            0 |            0 |            0 |            0 |            0 |            0 |            0 |            0 |            0 |            0 |            0 |            0 |            0 |            0 |            0 |            0 |            0 |            0 |            0 |            0 |            0 |            0 |            0 |            0 |            0 |            0 |            0 |            0 |            0 |            0 |            0 |            0 |            0 |            0 |            0 |            0 |            0 |            0 |            0 |            0 |            0 |            0 |            0 |            0 |            0 |            0 |            0 |            0 |            0 |            0 |            0 |            0 |            0 |            0 |            0 |            0 |            0 |            0 |            0 |            0 |            0 |            0 |            0 |            0 |            0 |            0 |            0 |            0 |            0 |            0 |            0 |            0 |            0 |            0 |            0 |            0 |            0 |            0 |            0 |            0 |            0 |            0 |            0 |            0 |            0 |            0 |            0 |            0 |            0 |            0 |            0 |            0 |            0 |            0 |            0 |            0 |            0 |            0 |            0 |            0 |            0 |            0 |            0 |            0 |            0 |            0 |            0 |            0 |            0 |            0 |            0 |            0 |            0 |            0 |            0 |            0 |            0 |            0 |            0 |            0 |            0 |            0 |            0 |            0 |            0 |            0 |            0 |            0 |            0 |            0 |
|                MERGE                |   PMC5  |            0 |            0 |            0 |            0 |            0 |            0 |            0 |            0 |            0 |            0 |            0 |            0 |            0 |            0 |            0 |            0 |            0 |            0 |            0 |            0 |            0 |            0 |            0 |            0 |            0 |            0 |            0 |            0 |            0 |            0 |            0 |            0 |            0 |            0 |            0 |            0 |            0 |            0 |            0 |            0 |            0 |            0 |            0 |            0 |            0 |            0 |            0 |            0 |            0 |            0 |            0 |            0 |            0 |            0 |            0 |            0 |            0 |            0 |            0 |            0 |            0 |            0 |            0 |            0 |            0 |            0 |            0 |            0 |            0 |            0 |            0 |            0 |            0 |            0 |            0 |            0 |            0 |            0 |            0 |            0 |            0 |            0 |            0 |            0 |            0 |            0 |            0 |            0 |            0 |            0 |            0 |            0 |            0 |            0 |            0 |            0 |            0 |            0 |            0 |            0 |            0 |            0 |            0 |            0 |            0 |            0 |            0 |            0 |            0 |            0 |            0 |            0 |            0 |            0 |            0 |            0 |            0 |            0 |            0 |            0 |            0 |            0 |            0 |            0 |            0 |            0 |            0 |            0 |            0 |            0 |            0 |            0 |            0 |            0 |            0 |            0 |            0 |            0 |            0 |            0 |            0 |            0 |            0 |            0 |            0 |            0 |            0 |            0 |            0 |            0 |            0 |            0 |            0 |            0 |            0 |            0 |            0 |            0 |            0 |            0 |            0 |            0 |            0 |            0 |            0 |            0 |            0 |            0 |            0 |            0 |            0 |            0 |            0 |            0 |            0 |            0 |            0 |            0 |            0 |            0 |            0 |            0 |            0 |            0 |            0 |            0 |            0 |            0 |            0 |            0 |            0 |            0 |            0 |            0 |            0 |            0 |            0 |            0 |            0 |            0 |            0 |            0 |            0 |            0 |            0 |            0 |            0 |            0 |            0 |            0 |            0 |            0 |            0 |            0 |            0 |            0 |            0 |            0 |            0 |            0 |            0 |            0 |            0 |            0 |            0 |            0 |            0 |            0 |            0 |            0 |            0 |            0 |            0 |            0 |            0 |            0 |            0 |            0 |            0 |            0 |            0 |            0 |            0 |            0 |            0 |            0 |            0 |            0 |            0 |            0 |            0 |            0 |            0 |            0 |            0 |            0 |
| RETIRED_SSE_AVX_FLOPS_ALL_SP_PACKED |   PMC4  | 257698000000 | 257698000000 | 257698000000 | 257698000000 | 257698000000 | 257698000000 | 257698000000 | 257698000000 | 257698000000 | 257698000000 | 257698000000 | 257698000000 | 257698000000 | 257698000000 | 257698000000 | 257698000000 | 257698000000 | 257698000000 | 257698000000 | 257698000000 | 257698000000 | 257698000000 | 257698000000 | 257698000000 | 257698000000 | 257698000000 | 257698000000 | 257698000000 | 257698000000 | 257698000000 | 257698000000 | 257698000000 | 257698000000 | 257698000000 | 257698000000 | 257698000000 | 257698000000 | 257698000000 | 257698000000 | 257698000000 | 257698000000 | 257698000000 | 257698000000 | 257698000000 | 257698000000 | 257698000000 | 257698000000 | 257698000000 | 257698000000 | 257698000000 | 257698000000 | 257698000000 | 257698000000 | 257698000000 | 257698000000 | 257698000000 | 257698000000 | 257698000000 | 257698000000 | 257698000000 | 257698000000 | 257698000000 | 257698000000 | 257698000000 | 257698000000 | 257698000000 | 257698000000 | 257698000000 | 257698000000 | 257698000000 | 257698000000 | 257698000000 | 257698000000 | 257698000000 | 257698000000 | 257698000000 | 257698000000 | 257698000000 | 257698000000 | 257698000000 | 257698000000 | 257698000000 | 257698000000 | 257698000000 | 257698000000 | 257698000000 | 257698000000 | 257698000000 | 257698000000 | 257698000000 | 257698000000 | 257698000000 | 257698000000 | 257698000000 | 257698000000 | 257698000000 | 257698000000 | 257698000000 | 257698000000 | 257698000000 | 257698000000 | 257698000000 | 257698000000 | 257698000000 | 257698000000 | 257698000000 | 257698000000 | 257698000000 | 257698000000 | 257698000000 | 257698000000 | 257698000000 | 257698000000 | 257698000000 | 257698000000 | 257698000000 | 257698000000 | 257698000000 | 257698000000 | 257698000000 | 257698000000 | 257698000000 | 257698000000 | 257698000000 | 257698000000 | 257698000000 | 257698000000 | 257698000000 | 257698000000 | 257698000000 | 257698000000 | 257698000000 | 257698000000 | 257698000000 | 257698000000 | 257698000000 | 257698000000 | 257698000000 | 257698000000 | 257698000000 | 257698000000 | 257698000000 | 257698000000 | 257698000000 | 257698000000 | 257698000000 | 257698000000 | 257698000000 | 257698000000 | 257698000000 | 257698000000 | 257698000000 | 257698000000 | 257698000000 | 257698000000 | 257698000000 | 257698000000 | 257698000000 | 257698000000 | 257698000000 | 257698000000 | 257698000000 | 257698000000 | 257698000000 | 257698000000 | 257698000000 | 257698000000 | 257698000000 | 257698000000 | 257698000000 | 257698000000 | 257698000000 | 257698000000 | 257698000000 | 257698000000 | 257698000000 | 257698000000 | 257698000000 | 257698000000 | 257698000000 | 257698000000 | 257698000000 | 257698000000 | 257698000000 | 257698000000 | 257698000000 | 257698000000 | 257698000000 | 257698000000 | 257698000000 | 257698000000 | 257698000000 | 257698000000 | 257698000000 | 257698000000 | 257698000000 | 257698000000 | 257698000000 | 257698000000 | 257698000000 | 257698000000 | 257698000000 | 257698000000 | 257698000000 | 257698000000 | 257698000000 | 257698000000 | 257698000000 | 257698000000 | 257698000000 | 257698000000 | 257698000000 | 257698000000 | 257698000000 | 257698000000 | 257698000000 | 257698000000 | 257698000000 | 257698000000 | 257698000000 | 257698000000 | 257698000000 | 257698000000 | 257698000000 | 257698000000 | 257698000000 | 257698000000 | 257698000000 | 257698000000 | 257698000000 | 257698000000 | 257698000000 | 257698000000 | 257698000000 | 257698000000 | 257698000000 | 257698000000 | 257698000000 | 257698000000 | 257698000000 | 257698000000 | 257698000000 | 257698000000 | 257698000000 | 257698000000 | 257698000000 | 257698000000 | 257698000000 | 257698000000 | 257698000000 | 257698000000 | 257698000000 | 257698000000 | 257698000000 | 257698000000 | 257698000000 |
+-------------------------------------+---------+--------------+--------------+--------------+--------------+--------------+--------------+--------------+--------------+--------------+--------------+--------------+--------------+--------------+--------------+--------------+--------------+--------------+--------------+--------------+--------------+--------------+--------------+--------------+--------------+--------------+--------------+--------------+--------------+--------------+--------------+--------------+--------------+--------------+--------------+--------------+--------------+--------------+--------------+--------------+--------------+--------------+--------------+--------------+--------------+--------------+--------------+--------------+--------------+--------------+--------------+--------------+--------------+--------------+--------------+--------------+--------------+--------------+--------------+--------------+--------------+--------------+--------------+--------------+--------------+--------------+--------------+--------------+--------------+--------------+--------------+--------------+--------------+--------------+--------------+--------------+--------------+--------------+--------------+--------------+--------------+--------------+--------------+--------------+--------------+--------------+--------------+--------------+--------------+--------------+--------------+--------------+--------------+--------------+--------------+--------------+--------------+--------------+--------------+--------------+--------------+--------------+--------------+--------------+--------------+--------------+--------------+--------------+--------------+--------------+--------------+--------------+--------------+--------------+--------------+--------------+--------------+--------------+--------------+--------------+--------------+--------------+--------------+--------------+--------------+--------------+--------------+--------------+--------------+--------------+--------------+--------------+--------------+--------------+--------------+--------------+--------------+--------------+--------------+--------------+--------------+--------------+--------------+--------------+--------------+--------------+--------------+--------------+--------------+--------------+--------------+--------------+--------------+--------------+--------------+--------------+--------------+--------------+--------------+--------------+--------------+--------------+--------------+--------------+--------------+--------------+--------------+--------------+--------------+--------------+--------------+--------------+--------------+--------------+--------------+--------------+--------------+--------------+--------------+--------------+--------------+--------------+--------------+--------------+--------------+--------------+--------------+--------------+--------------+--------------+--------------+--------------+--------------+--------------+--------------+--------------+--------------+--------------+--------------+--------------+--------------+--------------+--------------+--------------+--------------+--------------+--------------+--------------+--------------+--------------+--------------+--------------+--------------+--------------+--------------+--------------+--------------+--------------+--------------+--------------+--------------+--------------+--------------+--------------+--------------+--------------+--------------+--------------+--------------+--------------+--------------+--------------+--------------+--------------+--------------+--------------+--------------+--------------+--------------+--------------+--------------+--------------+--------------+--------------+--------------+--------------+--------------+--------------+--------------+--------------+--------------+--------------+--------------+--------------+--------------+--------------+--------------+
+------------------------------------------+---------+----------------+--------------+--------------+--------------+
|                   Event                  | Counter |       Sum      |      Min     |      Max     |      Avg     |
+------------------------------------------+---------+----------------+--------------+--------------+--------------+
|           ACTUAL_CPU_CLOCK STAT          |  FIXC1  |  1242474426000 |   4830310000 |   4885714000 | 4.853416e+09 |
|            MAX_CPU_CLOCK STAT            |  FIXC2  |  1387664868000 |   5416996000 |   5424625000 | 5.420566e+09 |
|         RETIRED_INSTRUCTIONS STAT        |   PMC0  |  5225393060000 |  20407660000 |  20417490000 | 2.041169e+10 |
|         CPU_CLOCKS_UNHALTED STAT         |   PMC1  |  1233110675000 |   4795725000 |   4848113000 | 4.816839e+09 |
|                MERGE STAT                |   PMC3  |              0 |            0 |            0 |            0 |
| RETIRED_SSE_AVX_FLOPS_ALL_SP_SCALAR STAT |   PMC2  |              0 |            0 |            0 |            0 |
|                MERGE STAT                |   PMC5  |              0 |            0 |            0 |            0 |
| RETIRED_SSE_AVX_FLOPS_ALL_SP_PACKED STAT |   PMC4  | 65970688000000 | 257698000000 | 257698000000 | 257698000000 |
+------------------------------------------+---------+----------------+--------------+--------------+--------------+
+----------------------+-------------+-------------+-------------+-------------+-------------+-------------+-------------+-------------+-------------+-------------+-------------+-------------+-------------+-------------+-------------+-------------+-------------+-------------+-------------+-------------+-------------+-------------+-------------+-------------+-------------+-------------+-------------+-------------+-------------+-------------+-------------+-------------+-------------+-------------+-------------+-------------+-------------+-------------+-------------+-------------+-------------+-------------+-------------+-------------+-------------+-------------+-------------+-------------+-------------+-------------+-------------+-------------+-------------+-------------+-------------+-------------+-------------+-------------+-------------+-------------+-------------+-------------+-------------+-------------+-------------+-------------+-------------+-------------+-------------+-------------+-------------+-------------+-------------+-------------+-------------+-------------+-------------+-------------+-------------+-------------+-------------+-------------+-------------+-------------+-------------+-------------+-------------+-------------+-------------+-------------+-------------+-------------+-------------+-------------+-------------+-------------+-------------+-------------+-------------+-------------+--------------+--------------+--------------+--------------+--------------+--------------+--------------+--------------+--------------+--------------+--------------+--------------+--------------+--------------+--------------+--------------+--------------+--------------+--------------+--------------+--------------+--------------+--------------+--------------+--------------+--------------+--------------+--------------+--------------+--------------+--------------+--------------+--------------+--------------+--------------+--------------+--------------+--------------+--------------+--------------+--------------+--------------+--------------+--------------+--------------+--------------+--------------+--------------+--------------+--------------+--------------+--------------+--------------+--------------+--------------+--------------+--------------+--------------+--------------+--------------+--------------+--------------+--------------+--------------+--------------+--------------+--------------+--------------+--------------+--------------+--------------+--------------+--------------+--------------+--------------+--------------+--------------+--------------+--------------+--------------+--------------+--------------+--------------+--------------+--------------+--------------+--------------+--------------+--------------+--------------+--------------+--------------+--------------+--------------+--------------+--------------+--------------+--------------+--------------+--------------+--------------+--------------+--------------+--------------+--------------+--------------+--------------+--------------+--------------+--------------+--------------+--------------+--------------+--------------+--------------+--------------+--------------+--------------+--------------+--------------+--------------+--------------+--------------+--------------+--------------+--------------+--------------+--------------+--------------+--------------+--------------+--------------+--------------+--------------+--------------+--------------+--------------+--------------+--------------+--------------+--------------+--------------+--------------+--------------+--------------+--------------+--------------+--------------+--------------+--------------+--------------+--------------+--------------+--------------+--------------+--------------+
|        Metric        |  HWThread 0 |  HWThread 1 |  HWThread 2 |  HWThread 3 |  HWThread 4 |  HWThread 5 |  HWThread 6 |  HWThread 7 |  HWThread 8 |  HWThread 9 | HWThread 10 | HWThread 11 | HWThread 12 | HWThread 13 | HWThread 14 | HWThread 15 | HWThread 16 | HWThread 17 | HWThread 18 | HWThread 19 | HWThread 20 | HWThread 21 | HWThread 22 | HWThread 23 | HWThread 24 | HWThread 25 | HWThread 26 | HWThread 27 | HWThread 28 | HWThread 29 | HWThread 30 | HWThread 31 | HWThread 32 | HWThread 33 | HWThread 34 | HWThread 35 | HWThread 36 | HWThread 37 | HWThread 38 | HWThread 39 | HWThread 40 | HWThread 41 | HWThread 42 | HWThread 43 | HWThread 44 | HWThread 45 | HWThread 46 | HWThread 47 | HWThread 48 | HWThread 49 | HWThread 50 | HWThread 51 | HWThread 52 | HWThread 53 | HWThread 54 | HWThread 55 | HWThread 56 | HWThread 57 | HWThread 58 | HWThread 59 | HWThread 60 | HWThread 61 | HWThread 62 | HWThread 63 | HWThread 64 | HWThread 65 | HWThread 66 | HWThread 67 | HWThread 68 | HWThread 69 | HWThread 70 | HWThread 71 | HWThread 72 | HWThread 73 | HWThread 74 | HWThread 75 | HWThread 76 | HWThread 77 | HWThread 78 | HWThread 79 | HWThread 80 | HWThread 81 | HWThread 82 | HWThread 83 | HWThread 84 | HWThread 85 | HWThread 86 | HWThread 87 | HWThread 88 | HWThread 89 | HWThread 90 | HWThread 91 | HWThread 92 | HWThread 93 | HWThread 94 | HWThread 95 | HWThread 96 | HWThread 97 | HWThread 98 | HWThread 99 | HWThread 100 | HWThread 101 | HWThread 102 | HWThread 103 | HWThread 104 | HWThread 105 | HWThread 106 | HWThread 107 | HWThread 108 | HWThread 109 | HWThread 110 | HWThread 111 | HWThread 112 | HWThread 113 | HWThread 114 | HWThread 115 | HWThread 116 | HWThread 117 | HWThread 118 | HWThread 119 | HWThread 120 | HWThread 121 | HWThread 122 | HWThread 123 | HWThread 124 | HWThread 125 | HWThread 126 | HWThread 127 | HWThread 128 | HWThread 129 | HWThread 130 | HWThread 131 | HWThread 132 | HWThread 133 | HWThread 134 | HWThread 135 | HWThread 136 | HWThread 137 | HWThread 138 | HWThread 139 | HWThread 140 | HWThread 141 | HWThread 142 | HWThread 143 | HWThread 144 | HWThread 145 | HWThread 146 | HWThread 147 | HWThread 148 | HWThread 149 | HWThread 150 | HWThread 151 | HWThread 152 | HWThread 153 | HWThread 154 | HWThread 155 | HWThread 156 | HWThread 157 | HWThread 158 | HWThread 159 | HWThread 160 | HWThread 161 | HWThread 162 | HWThread 163 | HWThread 164 | HWThread 165 | HWThread 166 | HWThread 167 | HWThread 168 | HWThread 169 | HWThread 170 | HWThread 171 | HWThread 172 | HWThread 173 | HWThread 174 | HWThread 175 | HWThread 176 | HWThread 177 | HWThread 178 | HWThread 179 | HWThread 180 | HWThread 181 | HWThread 182 | HWThread 183 | HWThread 184 | HWThread 185 | HWThread 186 | HWThread 187 | HWThread 188 | HWThread 189 | HWThread 190 | HWThread 191 | HWThread 192 | HWThread 193 | HWThread 194 | HWThread 195 | HWThread 196 | HWThread 197 | HWThread 198 | HWThread 199 | HWThread 200 | HWThread 201 | HWThread 202 | HWThread 203 | HWThread 204 | HWThread 205 | HWThread 206 | HWThread 207 | HWThread 208 | HWThread 209 | HWThread 210 | HWThread 211 | HWThread 212 | HWThread 213 | HWThread 214 | HWThread 215 | HWThread 216 | HWThread 217 | HWThread 218 | HWThread 219 | HWThread 220 | HWThread 221 | HWThread 222 | HWThread 223 | HWThread 224 | HWThread 225 | HWThread 226 | HWThread 227 | HWThread 228 | HWThread 229 | HWThread 230 | HWThread 231 | HWThread 232 | HWThread 233 | HWThread 234 | HWThread 235 | HWThread 236 | HWThread 237 | HWThread 238 | HWThread 239 | HWThread 240 | HWThread 241 | HWThread 242 | HWThread 243 | HWThread 244 | HWThread 245 | HWThread 246 | HWThread 247 | HWThread 248 | HWThread 249 | HWThread 250 | HWThread 251 | HWThread 252 | HWThread 253 | HWThread 254 | HWThread 255 |
+----------------------+-------------+-------------+-------------+-------------+-------------+-------------+-------------+-------------+-------------+-------------+-------------+-------------+-------------+-------------+-------------+-------------+-------------+-------------+-------------+-------------+-------------+-------------+-------------+-------------+-------------+-------------+-------------+-------------+-------------+-------------+-------------+-------------+-------------+-------------+-------------+-------------+-------------+-------------+-------------+-------------+-------------+-------------+-------------+-------------+-------------+-------------+-------------+-------------+-------------+-------------+-------------+-------------+-------------+-------------+-------------+-------------+-------------+-------------+-------------+-------------+-------------+-------------+-------------+-------------+-------------+-------------+-------------+-------------+-------------+-------------+-------------+-------------+-------------+-------------+-------------+-------------+-------------+-------------+-------------+-------------+-------------+-------------+-------------+-------------+-------------+-------------+-------------+-------------+-------------+-------------+-------------+-------------+-------------+-------------+-------------+-------------+-------------+-------------+-------------+-------------+--------------+--------------+--------------+--------------+--------------+--------------+--------------+--------------+--------------+--------------+--------------+--------------+--------------+--------------+--------------+--------------+--------------+--------------+--------------+--------------+--------------+--------------+--------------+--------------+--------------+--------------+--------------+--------------+--------------+--------------+--------------+--------------+--------------+--------------+--------------+--------------+--------------+--------------+--------------+--------------+--------------+--------------+--------------+--------------+--------------+--------------+--------------+--------------+--------------+--------------+--------------+--------------+--------------+--------------+--------------+--------------+--------------+--------------+--------------+--------------+--------------+--------------+--------------+--------------+--------------+--------------+--------------+--------------+--------------+--------------+--------------+--------------+--------------+--------------+--------------+--------------+--------------+--------------+--------------+--------------+--------------+--------------+--------------+--------------+--------------+--------------+--------------+--------------+--------------+--------------+--------------+--------------+--------------+--------------+--------------+--------------+--------------+--------------+--------------+--------------+--------------+--------------+--------------+--------------+--------------+--------------+--------------+--------------+--------------+--------------+--------------+--------------+--------------+--------------+--------------+--------------+--------------+--------------+--------------+--------------+--------------+--------------+--------------+--------------+--------------+--------------+--------------+--------------+--------------+--------------+--------------+--------------+--------------+--------------+--------------+--------------+--------------+--------------+--------------+--------------+--------------+--------------+--------------+--------------+--------------+--------------+--------------+--------------+--------------+--------------+--------------+--------------+--------------+--------------+--------------+--------------+
|  Runtime (RDTSC) [s] |      2.0065 |      2.0064 |      2.0065 |      2.0065 |      2.0065 |      2.0064 |      2.0063 |      2.0064 |      2.0066 |      2.0063 |      2.0067 |      2.0066 |      2.0063 |      2.0066 |      2.0066 |      2.0067 |      2.0064 |      2.0066 |      2.0066 |      2.0064 |      2.0063 |      2.0063 |      2.0066 |      2.0066 |      2.0064 |      2.0064 |      2.0109 |      2.0063 |      2.0063 |      2.0065 |      2.0067 |      2.0109 |      2.0064 |      2.0071 |      2.0069 |      2.0071 |      2.0072 |      2.0064 |      2.0064 |      2.0069 |      2.0063 |      2.0063 |      2.0063 |      2.0064 |      2.0065 |      2.0066 |      2.0066 |      2.0063 |      2.0064 |      2.0064 |      2.0064 |      2.0064 |      2.0064 |      2.0064 |      2.0067 |      2.0064 |      2.0071 |      2.0074 |      2.0075 |      2.0067 |      2.0070 |      2.0077 |      2.0063 |      2.0063 |      2.0066 |      2.0063 |      2.0066 |      2.0063 |      2.0065 |      2.0063 |      2.0067 |      2.0066 |      2.0065 |      2.0064 |      2.0064 |      2.0070 |      2.0067 |      2.0063 |      2.0064 |      2.0065 |      2.0066 |      2.0065 |      2.0071 |      2.0063 |      2.0066 |      2.0066 |      2.0065 |      2.0065 |      2.0112 |      2.0112 |      2.0075 |      2.0067 |      2.0112 |      2.0110 |      2.0071 |      2.0110 |      2.0065 |      2.0064 |      2.0064 |      2.0066 |       2.0064 |       2.0065 |       2.0063 |       2.0064 |       2.0070 |       2.0063 |       2.0070 |       2.0064 |       2.0063 |       2.0063 |       2.0063 |       2.0067 |       2.0064 |       2.0063 |       2.0063 |       2.0063 |       2.0065 |       2.0063 |       2.0064 |       2.0067 |       2.0064 |       2.0063 |       2.0067 |       2.0065 |       2.0063 |       2.0065 |       2.0065 |       2.0066 |       2.0069 |       2.0064 |       2.0069 |       2.0069 |       2.0064 |       2.0064 |       2.0069 |       2.0063 |       2.0064 |       2.0063 |       2.0071 |       2.0066 |       2.0066 |       2.0071 |       2.0072 |       2.0067 |       2.0076 |       2.0072 |       2.0063 |       2.0070 |       2.0063 |       2.0070 |       2.0065 |       2.0065 |       2.0065 |       2.0066 |       2.0064 |       2.0063 |       2.0072 |       2.0064 |       2.0064 |       2.0064 |       2.0071 |       2.0072 |       2.0075 |       2.0071 |       2.0063 |       2.0063 |       2.0063 |       2.0072 |       2.0066 |       2.0066 |       2.0066 |       2.0064 |       2.0065 |       2.0066 |       2.0063 |       2.0065 |       2.0066 |       2.0066 |       2.0063 |       2.0065 |       2.0064 |       2.0063 |       2.0065 |       2.0065 |       2.0064 |       2.0071 |       2.0067 |       2.0080 |       2.0071 |       2.0063 |       2.0065 |       2.0072 |       2.0065 |       2.0066 |       2.0066 |       2.0064 |       2.0064 |       2.0064 |       2.0064 |       2.0065 |       2.0063 |       2.0064 |       2.0066 |       2.0071 |       2.0066 |       2.0080 |       2.0065 |       2.0065 |       2.0075 |       2.0064 |       2.0071 |       2.0071 |       2.0065 |       2.0075 |       2.0063 |       2.0065 |       2.0065 |       2.0064 |       2.0063 |       2.0063 |       2.0070 |       2.0064 |       2.0064 |       2.0067 |       2.0076 |       2.0065 |       2.0064 |       2.0065 |       2.0080 |       2.0063 |       2.0065 |       2.0080 |       2.0070 |       2.0065 |       2.0063 |       2.0063 |       2.0065 |       2.0064 |       2.0074 |       2.0072 |       2.0076 |       2.0065 |       2.0070 |       2.0067 |       2.0071 |       2.0067 |       2.0075 |       2.0071 |       2.0063 |       2.0072 |       2.0070 |       2.0064 |       2.0075 |       2.0064 |       2.0075 |       2.0065 |
| Runtime unhalted [s] |      1.8006 |      1.8004 |      1.8004 |      1.8003 |      1.8008 |      1.8005 |      1.8001 |      1.8000 |      1.7920 |      1.7920 |      1.7917 |      1.7923 |      1.7915 |      1.7920 |      1.7920 |      1.7921 |      1.8023 |      1.8028 |      1.8030 |      1.8024 |      1.8026 |      1.8023 |      1.8030 |      1.8028 |      1.7973 |      1.7971 |      1.7978 |      1.7974 |      1.7975 |      1.7972 |      1.7972 |      1.7979 |      1.7915 |      1.7923 |      1.7923 |      1.7923 |      1.7922 |      1.7917 |      1.7918 |      1.7923 |      1.8004 |      1.8001 |      1.8001 |      1.8004 |      1.8010 |      1.8004 |      1.8007 |      1.8004 |      1.8014 |      1.8011 |      1.8019 |      1.8016 |      1.8020 |      1.8011 |      1.8019 |      1.8019 |      1.7933 |      1.7934 |      1.7934 |      1.7932 |      1.7939 |      1.7935 |      1.7932 |      1.7932 |      1.7950 |      1.7948 |      1.7951 |      1.7951 |      1.7947 |      1.7944 |      1.7947 |      1.7952 |      1.7981 |      1.7984 |      1.7987 |      1.7988 |      1.7988 |      1.7981 |      1.7988 |      1.7989 |      1.8012 |      1.8009 |      1.8004 |      1.8007 |      1.8013 |      1.8013 |      1.8008 |      1.8011 |      1.7983 |      1.7977 |      1.7974 |      1.7969 |      1.7981 |      1.7976 |      1.7978 |      1.7976 |      1.8027 |      1.8022 |      1.8017 |      1.8021 |       1.8023 |       1.8025 |       1.8021 |       1.8023 |       1.7986 |       1.7992 |       1.7991 |       1.7988 |       1.7986 |       1.7992 |       1.7996 |       1.7996 |       1.8003 |       1.8003 |       1.7999 |       1.7999 |       1.7994 |       1.7999 |       1.8003 |       1.7998 |       1.7953 |       1.7944 |       1.7952 |       1.7951 |       1.7944 |       1.7945 |       1.7953 |       1.7955 |       1.7952 |       1.7947 |       1.7952 |       1.7952 |       1.7951 |       1.7946 |       1.7952 |       1.7950 |       1.8058 |       1.8062 |       1.8061 |       1.8060 |       1.8056 |       1.8060 |       1.8062 |       1.8055 |       1.8104 |       1.8104 |       1.8097 |       1.8096 |       1.8096 |       1.8103 |       1.8098 |       1.8097 |       1.8039 |       1.8041 |       1.8041 |       1.8041 |       1.8042 |       1.8039 |       1.8041 |       1.8042 |       1.7993 |       1.7993 |       1.7993 |       1.7991 |       1.7989 |       1.7989 |       1.7987 |       1.7993 |       1.8026 |       1.8027 |       1.8028 |       1.8021 |       1.8024 |       1.8026 |       1.8030 |       1.8028 |       1.7980 |       1.7981 |       1.7976 |       1.7979 |       1.7977 |       1.7975 |       1.7978 |       1.7980 |       1.8041 |       1.8044 |       1.8040 |       1.8046 |       1.8049 |       1.8039 |       1.8042 |       1.8043 |       1.7956 |       1.7956 |       1.7957 |       1.7952 |       1.7953 |       1.7953 |       1.7953 |       1.7956 |       1.7962 |       1.7963 |       1.7964 |       1.7962 |       1.7964 |       1.7970 |       1.7965 |       1.7965 |       1.8110 |       1.8105 |       1.8108 |       1.8104 |       1.8106 |       1.8106 |       1.8105 |       1.8102 |       1.8006 |       1.8007 |       1.8011 |       1.8010 |       1.8010 |       1.8005 |       1.8008 |       1.8011 |       1.8120 |       1.8108 |       1.8115 |       1.8111 |       1.8120 |       1.8112 |       1.8115 |       1.8120 |       1.7972 |       1.7973 |       1.7971 |       1.7970 |       1.7973 |       1.7975 |       1.7978 |       1.7976 |       1.8033 |       1.8025 |       1.8028 |       1.8028 |       1.8033 |       1.8027 |       1.8033 |       1.8032 |       1.7985 |       1.7995 |       1.7984 |       1.7989 |       1.7994 |       1.7987 |       1.7996 |       1.7994 |
|      Clock [MHz]     |   2414.8761 |   2414.3850 |   2415.0880 |   2414.9731 |   2415.2288 |   2414.7166 |   2414.6042 |   2414.4842 |   2404.6489 |   2404.7200 |   2404.0507 |   2403.6578 |   2403.9903 |   2404.6393 |   2404.6894 |   2403.9042 |   2418.7069 |   2419.3736 |   2418.5849 |   2418.7200 |   2417.9236 |   2418.7435 |   2418.5959 |   2419.3814 |   2410.6862 |   2410.5722 |   2409.3872 |   2410.5767 |   2410.8913 |   2410.2505 |   2410.2378 |   2409.7581 |   2404.1435 |   2404.4847 |   2404.0847 |   2403.7973 |   2404.4036 |   2404.0420 |   2403.4214 |   2403.3895 |   2414.4344 |   2414.6531 |   2414.6169 |   2414.4318 |   2415.5504 |   2415.2385 |   2415.0723 |   2414.4483 |   2415.9895 |   2415.8718 |   2416.7676 |   2416.5110 |   2416.6831 |   2415.5014 |   2416.7425 |   2416.6659 |   2405.1459 |   2404.6160 |   2404.4797 |   2405.6339 |   2404.8523 |   2404.5284 |   2406.0322 |   2405.7067 |   2407.2462 |   2407.5207 |   2407.3003 |   2407.3074 |   2406.6656 |   2406.5160 |   2406.9819 |   2407.6341 |   2411.9172 |   2412.4419 |   2411.8949 |   2412.3031 |   2412.2456 |   2411.9526 |   2412.7409 |   2412.7427 |   2415.8823 |   2415.2258 |   2414.9632 |   2414.8348 |   2415.8162 |   2415.8214 |   2415.1581 |   2415.6150 |   2410.0105 |   2409.9280 |   2409.8764 |   2410.1400 |   2410.0584 |   2409.8314 |   2410.7430 |   2409.7890 |   2417.8767 |   2416.7981 |   2417.6059 |   2418.2868 |    2417.1585 |    2417.6975 |    2416.9137 |    2417.3326 |    2412.9332 |    2413.4288 |    2413.5657 |    2412.8549 |    2412.7579 |    2413.1574 |    2413.6764 |    2413.6363 |    2414.5530 |    2414.5759 |    2414.3850 |    2414.3146 |    2413.5968 |    2414.4037 |    2414.6358 |    2414.3649 |    2407.7827 |    2407.0456 |    2407.7630 |    2407.4503 |    2407.3064 |    2407.1002 |    2407.8635 |    2407.9892 |    2407.0389 |    2406.9733 |    2407.2028 |    2407.2082 |    2407.5394 |    2406.8448 |    2407.0451 |    2407.1934 |    2421.7219 |    2422.5469 |    2421.7309 |    2422.1328 |    2421.6307 |    2421.6585 |    2421.7117 |    2421.4740 |    2426.8961 |    2427.4051 |    2427.2407 |    2426.7912 |    2426.7898 |    2427.0861 |    2427.2520 |    2427.2411 |    2419.6147 |    2419.3713 |    2419.3961 |    2419.4114 |    2419.3252 |    2419.4976 |    2419.3418 |    2419.3961 |    2412.6935 |    2412.5666 |    2412.4737 |    2412.3665 |    2412.3733 |    2412.3790 |    2412.3556 |    2412.6313 |    2417.7888 |    2417.6662 |    2418.1187 |    2417.1974 |    2417.4636 |    2417.4960 |    2418.0511 |    2418.0637 |    2411.3775 |    2411.6762 |    2411.1180 |    2411.5051 |    2411.0707 |    2411.4255 |    2411.1270 |    2411.6636 |    2419.5741 |    2419.8974 |    2419.6999 |    2419.4382 |    2420.3162 |    2419.7475 |    2420.1915 |    2420.5688 |    2408.4895 |    2408.4725 |    2408.4037 |    2407.8200 |    2407.7746 |    2407.6909 |    2407.8174 |    2408.2576 |    2409.1166 |    2409.1329 |    2409.3214 |    2409.0594 |    2409.3062 |    2408.6710 |    2409.6305 |    2409.5503 |    2427.4650 |    2428.0139 |    2428.0283 |    2428.0756 |    2427.9567 |    2427.4773 |    2428.1086 |    2427.7388 |    2414.7072 |    2415.0636 |    2415.7660 |    2415.3560 |    2415.3336 |    2414.6395 |    2414.9192 |    2415.3636 |    2428.9450 |    2428.9552 |    2429.7106 |    2429.4252 |    2428.8753 |    2428.8872 |    2429.8096 |    2428.8751 |    2410.6141 |    2411.0612 |    2410.5529 |    2410.5800 |    2411.0007 |    2410.9159 |    2410.3028 |    2411.3388 |    2417.0724 |    2417.8965 |    2417.7946 |    2418.2193 |    2417.9777 |    2418.1163 |    2417.9500 |    2418.0579 |    2412.3185 |    2412.8609 |    2412.2737 |    2412.5710 |    2411.8888 |    2412.2343 |    2412.2762 |    2413.2300 |
|          CPI         |      0.2358 |      0.2363 |      0.2363 |      0.2363 |      0.2363 |      0.2363 |      0.2362 |      0.2363 |      0.2350 |      0.2350 |      0.2350 |      0.2350 |      0.2350 |      0.2350 |      0.2350 |      0.2350 |      0.2364 |      0.2365 |      0.2364 |      0.2364 |      0.2364 |      0.2364 |      0.2364 |      0.2364 |      0.2357 |      0.2356 |      0.2361 |      0.2356 |      0.2356 |      0.2356 |      0.2357 |      0.2361 |      0.2352 |      0.2353 |      0.2353 |      0.2352 |      0.2353 |      0.2352 |      0.2352 |      0.2353 |      0.2361 |      0.2361 |      0.2361 |      0.2361 |      0.2361 |      0.2361 |      0.2361 |      0.2361 |      0.2362 |      0.2362 |      0.2362 |      0.2362 |      0.2362 |      0.2362 |      0.2362 |      0.2362 |      0.2352 |      0.2353 |      0.2353 |      0.2352 |      0.2352 |      0.2353 |      0.2352 |      0.2351 |      0.2354 |      0.2354 |      0.2354 |      0.2354 |      0.2354 |      0.2354 |      0.2354 |      0.2354 |      0.2359 |      0.2359 |      0.2359 |      0.2360 |      0.2359 |      0.2359 |      0.2359 |      0.2359 |      0.2362 |      0.2362 |      0.2362 |      0.2362 |      0.2362 |      0.2362 |      0.2362 |      0.2362 |      0.2362 |      0.2363 |      0.2358 |      0.2357 |      0.2362 |      0.2362 |      0.2358 |      0.2362 |      0.2364 |      0.2364 |      0.2364 |      0.2364 |       0.2364 |       0.2364 |       0.2364 |       0.2364 |       0.2361 |       0.2360 |       0.2361 |       0.2360 |       0.2360 |       0.2360 |       0.2360 |       0.2360 |       0.2361 |       0.2361 |       0.2361 |       0.2361 |       0.2361 |       0.2361 |       0.2361 |       0.2361 |       0.2355 |       0.2355 |       0.2355 |       0.2355 |       0.2355 |       0.2355 |       0.2355 |       0.2355 |       0.2352 |       0.2352 |       0.2352 |       0.2352 |       0.2352 |       0.2352 |       0.2352 |       0.2352 |       0.2366 |       0.2366 |       0.2366 |       0.2366 |       0.2366 |       0.2366 |       0.2366 |       0.2366 |       0.2372 |       0.2372 |       0.2371 |       0.2371 |       0.2370 |       0.2371 |       0.2371 |       0.2371 |       0.2363 |       0.2363 |       0.2363 |       0.2363 |       0.2364 |       0.2363 |       0.2363 |       0.2363 |       0.2357 |       0.2358 |       0.2358 |       0.2358 |       0.2357 |       0.2357 |       0.2357 |       0.2357 |       0.2362 |       0.2362 |       0.2362 |       0.2362 |       0.2361 |       0.2362 |       0.2361 |       0.2362 |       0.2356 |       0.2356 |       0.2355 |       0.2356 |       0.2355 |       0.2355 |       0.2355 |       0.2356 |       0.2364 |       0.2365 |       0.2364 |       0.2365 |       0.2364 |       0.2364 |       0.2363 |       0.2365 |       0.2353 |       0.2353 |       0.2353 |       0.2353 |       0.2353 |       0.2353 |       0.2353 |       0.2353 |       0.2354 |       0.2354 |       0.2354 |       0.2354 |       0.2354 |       0.2355 |       0.2354 |       0.2354 |       0.2373 |       0.2372 |       0.2372 |       0.2372 |       0.2372 |       0.2374 |       0.2371 |       0.2372 |       0.2360 |       0.2360 |       0.2359 |       0.2359 |       0.2360 |       0.2359 |       0.2359 |       0.2360 |       0.2374 |       0.2373 |       0.2373 |       0.2373 |       0.2374 |       0.2373 |       0.2373 |       0.2374 |       0.2356 |       0.2356 |       0.2355 |       0.2356 |       0.2355 |       0.2356 |       0.2356 |       0.2356 |       0.2363 |       0.2362 |       0.2362 |       0.2362 |       0.2362 |       0.2362 |       0.2363 |       0.2363 |       0.2357 |       0.2358 |       0.2358 |       0.2357 |       0.2358 |       0.2357 |       0.2358 |       0.2357 |
|     SP [MFLOP/s]     | 128430.1251 | 128436.3981 | 128429.2931 | 128432.6855 | 128429.9971 | 128438.9586 | 128443.5039 | 128437.4223 | 128422.3169 | 128445.3605 | 128420.0129 | 128425.9649 | 128444.0160 | 128423.0848 | 128423.0848 | 128421.4209 | 128438.4465 | 128425.4529 | 128426.9889 | 128435.9500 | 128441.3272 | 128445.7446 | 128426.3489 | 128425.8369 | 128435.1178 | 128440.9431 | 128152.4912 | 128445.3605 | 128445.3605 | 128431.1493 | 128420.3329 | 128149.6234 | 128439.6628 | 128395.6350 | 128404.7197 | 128395.6350 | 128388.5345 | 128439.3427 | 128435.5019 | 128404.7197 | 128444.7202 | 128444.5282 | 128443.7599 | 128441.0712 | 128434.4777 | 128422.3169 | 128423.0848 | 128444.6562 | 128441.1352 | 128436.3341 | 128441.0712 | 128435.1178 | 128436.5901 | 128441.1352 | 128420.8449 | 128440.6871 | 128391.2211 | 128372.4813 | 128365.3834 | 128417.7731 | 128399.4095 | 128353.3635 | 128441.2632 | 128443.8240 | 128425.8369 | 128441.1992 | 128424.3648 | 128443.6959 | 128432.8775 | 128444.6562 | 128419.8210 | 128427.5009 | 128432.9415 | 128436.4621 | 128435.6939 | 128397.1704 | 128418.4131 | 128445.2324 | 128437.4223 | 128431.8533 | 128426.0929 | 128434.4777 | 128393.0122 | 128445.5525 | 128424.4928 | 128422.0609 | 128434.6057 | 128431.9173 | 128133.3114 | 128131.9098 | 128364.9998 | 128420.0769 | 128133.5662 | 128141.8492 | 128390.1976 | 128141.8492 | 128429.2931 | 128437.9984 | 128439.5988 | 128426.6689 |  128437.9984 |  128434.5417 |  128444.6562 |  128435.3739 |  128398.0020 |  128447.2811 |  128398.0020 |  128440.3030 |  128444.6562 |  128445.2964 |  128445.1044 |  128421.3569 |  128439.3427 |  128443.6319 |  128445.2324 |  128441.5833 |  128434.7978 |  128443.6319 |  128438.0624 |  128421.2929 |  128435.8860 |  128441.3272 |  128419.7570 |  128433.5176 |  128443.6959 |  128434.6698 |  128431.3413 |  128426.2849 |  128404.0799 |  128437.2302 |  128404.8476 |  128407.7268 |  128440.9431 |  128439.4067 |  128404.0159 |  128443.2478 |  128437.8704 |  128444.4001 |  128391.2851 |  128423.5968 |  128426.8609 |  128390.1337 |  128390.0057 |  128420.3329 |  128359.7568 |  128387.6390 |  128445.1044 |  128396.7225 |  128445.1684 |  128402.5444 |  128429.1651 |  128431.4693 |  128431.4053 |  128423.9808 |  128437.7423 |  128443.1838 |  128388.9823 |  128434.9258 |  128441.0712 |  128436.2060 |  128392.9482 |  128388.9183 |  128367.4935 |  128392.2446 |  128444.6562 |  128444.4642 |  128443.2478 |  128390.0057 |  128423.2768 |  128426.0289 |  128426.1569 |  128438.9586 |  128434.5417 |  128427.4369 |  128441.9034 |  128429.4211 |  128424.8768 |  128424.8128 |  128444.7202 |  128432.6855 |  128438.9586 |  128445.6165 |  128429.5491 |  128429.7411 |  128437.9344 |  128391.7328 |  128421.2289 |  128338.5974 |  128391.7328 |  128444.4001 |  128433.9016 |  128389.0462 |  128429.4211 |  128426.4769 |  128427.4369 |  128437.8704 |  128437.8704 |  128437.8704 |  128437.3583 |  128430.3172 |  128444.7843 |  128436.5901 |  128424.2368 |  128395.8269 |  128426.4129 |  128337.5109 |  128430.9572 |  128430.2532 |  128368.6445 |  128441.0712 |  128392.5005 |  128393.0122 |  128431.1493 |  128366.5344 |  128445.1684 |  128429.1011 |  128431.4693 |  128435.1818 |  128445.4245 |  128445.4245 |  128397.3623 |  128437.3583 |  128437.3583 |  128420.7169 |  128358.9256 |  128431.2133 |  128436.3341 |  128431.1493 |  128333.9957 |  128444.2081 |  128429.9331 |  128332.8453 |  128397.1064 |  128433.5816 |  128441.4553 |  128443.4398 |  128432.9415 |  128435.6299 |  128371.3942 |  128389.9418 |  128363.9767 |  128430.9572 |  128396.5946 |  128419.7570 |  128393.0122 |  128420.7169 |  128368.3888 |  128390.9013 |  128445.3605 |  128389.1742 |  128397.6821 |  128437.3583 |  128366.1507 |  128436.5901 |  128366.1507 |  128434.1577 |
+----------------------+-------------+-------------+-------------+-------------+-------------+-------------+-------------+-------------+-------------+-------------+-------------+-------------+-------------+-------------+-------------+-------------+-------------+-------------+-------------+-------------+-------------+-------------+-------------+-------------+-------------+-------------+-------------+-------------+-------------+-------------+-------------+-------------+-------------+-------------+-------------+-------------+-------------+-------------+-------------+-------------+-------------+-------------+-------------+-------------+-------------+-------------+-------------+-------------+-------------+-------------+-------------+-------------+-------------+-------------+-------------+-------------+-------------+-------------+-------------+-------------+-------------+-------------+-------------+-------------+-------------+-------------+-------------+-------------+-------------+-------------+-------------+-------------+-------------+-------------+-------------+-------------+-------------+-------------+-------------+-------------+-------------+-------------+-------------+-------------+-------------+-------------+-------------+-------------+-------------+-------------+-------------+-------------+-------------+-------------+-------------+-------------+-------------+-------------+-------------+-------------+--------------+--------------+--------------+--------------+--------------+--------------+--------------+--------------+--------------+--------------+--------------+--------------+--------------+--------------+--------------+--------------+--------------+--------------+--------------+--------------+--------------+--------------+--------------+--------------+--------------+--------------+--------------+--------------+--------------+--------------+--------------+--------------+--------------+--------------+--------------+--------------+--------------+--------------+--------------+--------------+--------------+--------------+--------------+--------------+--------------+--------------+--------------+--------------+--------------+--------------+--------------+--------------+--------------+--------------+--------------+--------------+--------------+--------------+--------------+--------------+--------------+--------------+--------------+--------------+--------------+--------------+--------------+--------------+--------------+--------------+--------------+--------------+--------------+--------------+--------------+--------------+--------------+--------------+--------------+--------------+--------------+--------------+--------------+--------------+--------------+--------------+--------------+--------------+--------------+--------------+--------------+--------------+--------------+--------------+--------------+--------------+--------------+--------------+--------------+--------------+--------------+--------------+--------------+--------------+--------------+--------------+--------------+--------------+--------------+--------------+--------------+--------------+--------------+--------------+--------------+--------------+--------------+--------------+--------------+--------------+--------------+--------------+--------------+--------------+--------------+--------------+--------------+--------------+--------------+--------------+--------------+--------------+--------------+--------------+--------------+--------------+--------------+--------------+--------------+--------------+--------------+--------------+--------------+--------------+--------------+--------------+--------------+--------------+--------------+--------------+--------------+--------------+--------------+--------------+--------------+--------------+
+---------------------------+--------------+-------------+-------------+-------------+
|           Metric          |      Sum     |     Min     |     Max     |     Avg     |
+---------------------------+--------------+-------------+-------------+-------------+
|  Runtime (RDTSC) [s] STAT |     513.7307 |      2.0063 |      2.0112 |      2.0068 |
| Runtime unhalted [s] STAT |     460.8102 |      1.7915 |      1.8120 |      1.8000 |
|      Clock [MHz] STAT     |  618027.8092 |   2403.3895 |   2429.8096 |   2414.1711 |
|          CPI STAT         |      60.4132 |      0.2350 |      0.2374 |      0.2360 |
|     SP [MFLOP/s] STAT     | 3.287422e+07 | 128131.9098 | 128447.2811 | 128414.9117 |
+---------------------------+--------------+-------------+-------------+-------------+
