--------------------------------------------------------------------------------
CPU name:	AMD EPYC 9755 128-Core Processor               
CPU type:	AMD K1A (Zen5) architecture
CPU clock:	2.70 GHz
--------------------------------------------------------------------------------
Region bench, Group 1: FLOPS_SP
+-------------------+------------+------------+------------+------------+------------+------------+------------+------------+------------+------------+-------------+-------------+-------------+-------------+-------------+-------------+-------------+-------------+-------------+-------------+-------------+-------------+-------------+-------------+-------------+-------------+-------------+-------------+-------------+-------------+-------------+-------------+-------------+-------------+-------------+-------------+-------------+-------------+-------------+-------------+-------------+-------------+-------------+-------------+-------------+-------------+-------------+-------------+-------------+-------------+-------------+-------------+-------------+-------------+-------------+-------------+-------------+-------------+-------------+-------------+-------------+-------------+-------------+-------------+-------------+-------------+-------------+-------------+-------------+-------------+-------------+-------------+-------------+-------------+-------------+-------------+-------------+-------------+-------------+-------------+-------------+-------------+-------------+-------------+-------------+-------------+-------------+-------------+-------------+-------------+-------------+-------------+-------------+-------------+-------------+-------------+-------------+-------------+-------------+-------------+--------------+--------------+--------------+--------------+--------------+--------------+--------------+--------------+--------------+--------------+--------------+--------------+--------------+--------------+--------------+--------------+--------------+--------------+--------------+--------------+--------------+--------------+--------------+--------------+--------------+--------------+--------------+--------------+--------------+--------------+--------------+--------------+--------------+--------------+--------------+--------------+--------------+--------------+--------------+--------------+--------------+--------------+--------------+--------------+--------------+--------------+--------------+--------------+--------------+--------------+--------------+--------------+--------------+--------------+--------------+--------------+--------------+--------------+--------------+--------------+--------------+--------------+--------------+--------------+--------------+--------------+--------------+--------------+--------------+--------------+--------------+--------------+--------------+--------------+--------------+--------------+--------------+--------------+--------------+--------------+--------------+--------------+--------------+--------------+--------------+--------------+--------------+--------------+--------------+--------------+--------------+--------------+--------------+--------------+--------------+--------------+--------------+--------------+--------------+--------------+--------------+--------------+--------------+--------------+--------------+--------------+--------------+--------------+--------------+--------------+--------------+--------------+--------------+--------------+--------------+--------------+--------------+--------------+--------------+--------------+--------------+--------------+--------------+--------------+--------------+--------------+--------------+--------------+--------------+--------------+--------------+--------------+--------------+--------------+--------------+--------------+--------------+--------------+--------------+--------------+--------------+--------------+--------------+--------------+--------------+--------------+--------------+--------------+--------------+--------------+--------------+--------------+--------------+--------------+--------------+--------------+
|    Region Info    | HWThread 0 | HWThread 1 | HWThread 2 | HWThread 3 | HWThread 4 | HWThread 5 | HWThread 6 | HWThread 7 | HWThread 8 | HWThread 9 | HWThread 10 | HWThread 11 | HWThread 12 | HWThread 13 | HWThread 14 | HWThread 15 | HWThread 16 | HWThread 17 | HWThread 18 | HWThread 19 | HWThread 20 | HWThread 21 | HWThread 22 | HWThread 23 | HWThread 24 | HWThread 25 | HWThread 26 | HWThread 27 | HWThread 28 | HWThread 29 | HWThread 30 | HWThread 31 | HWThread 32 | HWThread 33 | HWThread 34 | HWThread 35 | HWThread 36 | HWThread 37 | HWThread 38 | HWThread 39 | HWThread 40 | HWThread 41 | HWThread 42 | HWThread 43 | HWThread 44 | HWThread 45 | HWThread 46 | HWThread 47 | HWThread 48 | HWThread 49 | HWThread 50 | HWThread 51 | HWThread 52 | HWThread 53 | HWThread 54 | HWThread 55 | HWThread 56 | HWThread 57 | HWThread 58 | HWThread 59 | HWThread 60 | HWThread 61 | HWThread 62 | HWThread 63 | HWThread 64 | HWThread 65 | HWThread 66 | HWThread 67 | HWThread 68 | HWThread 69 | HWThread 70 | HWThread 71 | HWThread 72 | HWThread 73 | HWThread 74 | HWThread 75 | HWThread 76 | HWThread 77 | HWThread 78 | HWThread 79 | HWThread 80 | HWThread 81 | HWThread 82 | HWThread 83 | HWThread 84 | HWThread 85 | HWThread 86 | HWThread 87 | HWThread 88 | HWThread 89 | HWThread 90 | HWThread 91 | HWThread 92 | HWThread 93 | HWThread 94 | HWThread 95 | HWThread 96 | HWThread 97 | HWThread 98 | HWThread 99 | HWThread 100 | HWThread 101 | HWThread 102 | HWThread 103 | HWThread 104 | HWThread 105 | HWThread 106 | HWThread 107 | HWThread 108 | HWThread 109 | HWThread 110 | HWThread 111 | HWThread 112 | HWThread 113 | HWThread 114 | HWThread 115 | HWThread 116 | HWThread 117 | HWThread 118 | HWThread 119 | HWThread 120 | HWThread 121 | HWThread 122 | HWThread 123 | HWThread 124 | HWThread 125 | HWThread 126 | HWThread 127 | HWThread 128 | HWThread 129 | HWThread 130 | HWThread 131 | HWThread 132 | HWThread 133 | HWThread 134 | HWThread 135 | HWThread 136 | HWThread 137 | HWThread 138 | HWThread 139 | HWThread 140 | HWThread 141 | HWThread 142 | HWThread 143 | HWThread 144 | HWThread 145 | HWThread 146 | HWThread 147 | HWThread 148 | HWThread 149 | HWThread 150 | HWThread 151 | HWThread 152 | HWThread 153 | HWThread 154 | HWThread 155 | HWThread 156 | HWThread 157 | HWThread 158 | HWThread 159 | HWThread 160 | HWThread 161 | HWThread 162 | HWThread 163 | HWThread 164 | HWThread 165 | HWThread 166 | HWThread 167 | HWThread 168 | HWThread 169 | HWThread 170 | HWThread 171 | HWThread 172 | HWThread 173 | HWThread 174 | HWThread 175 | HWThread 176 | HWThread 177 | HWThread 178 | HWThread 179 | HWThread 180 | HWThread 181 | HWThread 182 | HWThread 183 | HWThread 184 | HWThread 185 | HWThread 186 | HWThread 187 | HWThread 188 | HWThread 189 | HWThread 190 | HWThread 191 | HWThread 192 | HWThread 193 | HWThread 194 | HWThread 195 | HWThread 196 | HWThread 197 | HWThread 198 | HWThread 199 | HWThread 200 | HWThread 201 | HWThread 202 | HWThread 203 | HWThread 204 | HWThread 205 | HWThread 206 | HWThread 207 | HWThread 208 | HWThread 209 | HWThread 210 | HWThread 211 | HWThread 212 | HWThread 213 | HWThread 214 | HWThread 215 | HWThread 216 | HWThread 217 | HWThread 218 | HWThread 219 | HWThread 220 | HWThread 221 | HWThread 222 | HWThread 223 | HWThread 224 | HWThread 225 | HWThread 226 | HWThread 227 | HWThread 228 | HWThread 229 | HWThread 230 | HWThread 231 | HWThread 232 | HWThread 233 | HWThread 234 | HWThread 235 | HWThread 236 | HWThread 237 | HWThread 238 | HWThread 239 | HWThread 240 | HWThread 241 | HWThread 242 | HWThread 243 | HWThread 244 | HWThread 245 | HWThread 246 | HWThread 247 | HWThread 248 | HWThread 249 | HWThread 250 | HWThread 251 | HWThread 252 | HWThread 253 | HWThread 254 | HWThread 255 |
+-------------------+------------+------------+------------+------------+------------+------------+------------+------------+------------+------------+-------------+-------------+-------------+-------------+-------------+-------------+-------------+-------------+-------------+-------------+-------------+-------------+-------------+-------------+-------------+-------------+-------------+-------------+-------------+-------------+-------------+-------------+-------------+-------------+-------------+-------------+-------------+-------------+-------------+-------------+-------------+-------------+-------------+-------------+-------------+-------------+-------------+-------------+-------------+-------------+-------------+-------------+-------------+-------------+-------------+-------------+-------------+-------------+-------------+-------------+-------------+-------------+-------------+-------------+-------------+-------------+-------------+-------------+-------------+-------------+-------------+-------------+-------------+-------------+-------------+-------------+-------------+-------------+-------------+-------------+-------------+-------------+-------------+-------------+-------------+-------------+-------------+-------------+-------------+-------------+-------------+-------------+-------------+-------------+-------------+-------------+-------------+-------------+-------------+-------------+--------------+--------------+--------------+--------------+--------------+--------------+--------------+--------------+--------------+--------------+--------------+--------------+--------------+--------------+--------------+--------------+--------------+--------------+--------------+--------------+--------------+--------------+--------------+--------------+--------------+--------------+--------------+--------------+--------------+--------------+--------------+--------------+--------------+--------------+--------------+--------------+--------------+--------------+--------------+--------------+--------------+--------------+--------------+--------------+--------------+--------------+--------------+--------------+--------------+--------------+--------------+--------------+--------------+--------------+--------------+--------------+--------------+--------------+--------------+--------------+--------------+--------------+--------------+--------------+--------------+--------------+--------------+--------------+--------------+--------------+--------------+--------------+--------------+--------------+--------------+--------------+--------------+--------------+--------------+--------------+--------------+--------------+--------------+--------------+--------------+--------------+--------------+--------------+--------------+--------------+--------------+--------------+--------------+--------------+--------------+--------------+--------------+--------------+--------------+--------------+--------------+--------------+--------------+--------------+--------------+--------------+--------------+--------------+--------------+--------------+--------------+--------------+--------------+--------------+--------------+--------------+--------------+--------------+--------------+--------------+--------------+--------------+--------------+--------------+--------------+--------------+--------------+--------------+--------------+--------------+--------------+--------------+--------------+--------------+--------------+--------------+--------------+--------------+--------------+--------------+--------------+--------------+--------------+--------------+--------------+--------------+--------------+--------------+--------------+--------------+--------------+--------------+--------------+--------------+--------------+--------------+
| RDTSC Runtime [s] |   1.718312 |   1.718420 |   1.718777 |   1.722916 |   1.718577 |   1.718466 |   1.718429 |   1.718454 |   1.720790 |   1.718856 |    1.718582 |    1.718428 |    1.721910 |    1.718316 |    1.718315 |    1.718737 |    1.718582 |    1.718773 |    1.718379 |    1.718798 |    1.718380 |    1.718773 |    1.719424 |    1.718513 |    1.718414 |    1.718319 |    1.718319 |    1.718399 |    1.718399 |    1.718476 |    1.718474 |    1.718511 |    1.718556 |    1.718315 |    1.718766 |    1.718753 |    1.718770 |    1.718421 |    1.718763 |    1.718580 |    1.718838 |    1.718472 |    1.719405 |    1.719815 |    1.719403 |    1.718318 |    1.718316 |    1.718794 |    1.718473 |    1.718510 |    1.719013 |    1.718315 |    1.718399 |    1.718315 |    1.718449 |    1.718440 |    1.719215 |    1.718313 |    1.718978 |    1.719036 |    1.718739 |    1.718388 |    1.718388 |    1.718738 |    1.718819 |    1.718853 |    1.718398 |    1.718496 |    1.718791 |    1.718312 |    1.718773 |    1.718310 |    1.718377 |    1.718314 |    1.718419 |    1.718312 |    1.718471 |    1.718421 |    1.718312 |    1.718418 |    1.718405 |    1.718310 |    1.718775 |    1.718771 |    1.718771 |    1.718313 |    1.718313 |    1.718736 |    1.718452 |    1.718469 |    1.718600 |    1.718312 |    1.718439 |    1.718470 |    1.718415 |    1.718577 |    1.718311 |    1.718317 |    1.718386 |    1.718412 |     1.718577 |     1.718822 |     1.718313 |     1.718315 |     1.718780 |     1.718766 |     1.718776 |     1.718769 |     1.718819 |     1.718315 |     1.718762 |     1.718316 |     1.718389 |     1.718761 |     1.718320 |     1.718417 |     1.718526 |     1.718421 |     1.718457 |     1.718315 |     1.718311 |     1.718314 |     1.718428 |     1.718815 |     1.718388 |     1.718870 |     1.718913 |     1.718866 |     1.718740 |     1.718763 |     1.718391 |     1.718880 |     1.718763 |     1.718762 |     1.718765 |     1.718740 |     1.718422 |     1.718508 |     1.718390 |     1.718388 |     1.718389 |     1.718313 |     1.718736 |     1.718738 |     1.718521 |     1.718501 |     1.718315 |     1.718584 |     1.718317 |     1.718737 |     1.718477 |     1.718321 |     1.718795 |     1.718605 |     1.718454 |     1.718583 |     1.718795 |     1.718796 |     1.718633 |     1.718822 |     1.718844 |     1.718505 |     1.718792 |     1.718459 |     1.719025 |     1.718394 |     1.718854 |     1.718796 |     1.722469 |     1.718734 |     1.722468 |     1.719527 |     1.719798 |     1.719450 |     1.718761 |     1.719517 |     1.718820 |     1.718826 |     1.718829 |     1.718820 |     1.718820 |     1.718819 |     1.718827 |     1.718820 |     1.718584 |     1.718421 |     1.718514 |     1.718762 |     1.718541 |     1.718585 |     1.718585 |     1.718584 |     1.718586 |     1.718760 |     1.719358 |     1.718587 |     1.718477 |     1.719400 |     1.718789 |     1.718320 |     1.718320 |     1.721992 |     1.721950 |     1.718432 |     1.718824 |     1.718821 |     1.718831 |     1.718830 |     1.719329 |     1.718315 |     1.718460 |     1.718457 |     1.718460 |     1.718564 |     1.718382 |     1.720491 |     1.718318 |     1.718319 |     1.718775 |     1.718765 |     1.718587 |     1.718765 |     1.718317 |     1.718765 |     1.718323 |     1.722008 |     1.718587 |     1.718315 |     1.718828 |     1.718828 |     1.721682 |     1.718741 |     1.718424 |     1.718518 |     1.718442 |     1.718444 |     1.718448 |     1.718446 |     1.718315 |     1.718426 |     1.719520 |     1.718426 |     1.722921 |     1.718454 |     1.719859 |     1.719775 |     1.722472 |     1.718828 |     1.718803 |     1.718790 |     1.718422 |     1.718441 |     1.718424 |     1.718823 |     1.718934 |     1.718795 |
|     call count    |          1 |          1 |          1 |          1 |          1 |          1 |          1 |          1 |          1 |          1 |           1 |           1 |           1 |           1 |           1 |           1 |           1 |           1 |           1 |           1 |           1 |           1 |           1 |           1 |           1 |           1 |           1 |           1 |           1 |           1 |           1 |           1 |           1 |           1 |           1 |           1 |           1 |           1 |           1 |           1 |           1 |           1 |           1 |           1 |           1 |           1 |           1 |           1 |           1 |           1 |           1 |           1 |           1 |           1 |           1 |           1 |           1 |           1 |           1 |           1 |           1 |           1 |           1 |           1 |           1 |           1 |           1 |           1 |           1 |           1 |           1 |           1 |           1 |           1 |           1 |           1 |           1 |           1 |           1 |           1 |           1 |           1 |           1 |           1 |           1 |           1 |           1 |           1 |           1 |           1 |           1 |           1 |           1 |           1 |           1 |           1 |           1 |           1 |           1 |           1 |            1 |            1 |            1 |            1 |            1 |            1 |            1 |            1 |            1 |            1 |            1 |            1 |            1 |            1 |            1 |            1 |            1 |            1 |            1 |            1 |            1 |            1 |            1 |            1 |            1 |            1 |            1 |            1 |            1 |            1 |            1 |            1 |            1 |            1 |            1 |            1 |            1 |            1 |            1 |            1 |            1 |            1 |            1 |            1 |            1 |            1 |            1 |            1 |            1 |            1 |            1 |            1 |            1 |            1 |            1 |            1 |            1 |            1 |            1 |            1 |            1 |            1 |            1 |            1 |            1 |            1 |            1 |            1 |            1 |            1 |            1 |            1 |            1 |            1 |            1 |            1 |            1 |            1 |            1 |            1 |            1 |            1 |            1 |            1 |            1 |            1 |            1 |            1 |            1 |            1 |            1 |            1 |            1 |            1 |            1 |            1 |            1 |            1 |            1 |            1 |            1 |            1 |            1 |            1 |            1 |            1 |            1 |            1 |            1 |            1 |            1 |            1 |            1 |            1 |            1 |            1 |            1 |            1 |            1 |            1 |            1 |            1 |            1 |            1 |            1 |            1 |            1 |            1 |            1 |            1 |            1 |            1 |            1 |            1 |            1 |            1 |            1 |            1 |            1 |            1 |            1 |            1 |            1 |            1 |            1 |            1 |            1 |            1 |            1 |            1 |            1 |            1 |            1 |            1 |            1 |            1 |
+-------------------+------------+------------+------------+------------+------------+------------+------------+------------+------------+------------+-------------+-------------+-------------+-------------+-------------+-------------+-------------+-------------+-------------+-------------+-------------+-------------+-------------+-------------+-------------+-------------+-------------+-------------+-------------+-------------+-------------+-------------+-------------+-------------+-------------+-------------+-------------+-------------+-------------+-------------+-------------+-------------+-------------+-------------+-------------+-------------+-------------+-------------+-------------+-------------+-------------+-------------+-------------+-------------+-------------+-------------+-------------+-------------+-------------+-------------+-------------+-------------+-------------+-------------+-------------+-------------+-------------+-------------+-------------+-------------+-------------+-------------+-------------+-------------+-------------+-------------+-------------+-------------+-------------+-------------+-------------+-------------+-------------+-------------+-------------+-------------+-------------+-------------+-------------+-------------+-------------+-------------+-------------+-------------+-------------+-------------+-------------+-------------+-------------+-------------+--------------+--------------+--------------+--------------+--------------+--------------+--------------+--------------+--------------+--------------+--------------+--------------+--------------+--------------+--------------+--------------+--------------+--------------+--------------+--------------+--------------+--------------+--------------+--------------+--------------+--------------+--------------+--------------+--------------+--------------+--------------+--------------+--------------+--------------+--------------+--------------+--------------+--------------+--------------+--------------+--------------+--------------+--------------+--------------+--------------+--------------+--------------+--------------+--------------+--------------+--------------+--------------+--------------+--------------+--------------+--------------+--------------+--------------+--------------+--------------+--------------+--------------+--------------+--------------+--------------+--------------+--------------+--------------+--------------+--------------+--------------+--------------+--------------+--------------+--------------+--------------+--------------+--------------+--------------+--------------+--------------+--------------+--------------+--------------+--------------+--------------+--------------+--------------+--------------+--------------+--------------+--------------+--------------+--------------+--------------+--------------+--------------+--------------+--------------+--------------+--------------+--------------+--------------+--------------+--------------+--------------+--------------+--------------+--------------+--------------+--------------+--------------+--------------+--------------+--------------+--------------+--------------+--------------+--------------+--------------+--------------+--------------+--------------+--------------+--------------+--------------+--------------+--------------+--------------+--------------+--------------+--------------+--------------+--------------+--------------+--------------+--------------+--------------+--------------+--------------+--------------+--------------+--------------+--------------+--------------+--------------+--------------+--------------+--------------+--------------+--------------+--------------+--------------+--------------+--------------+--------------+
+-------------------------------------+---------+-------------+-------------+-------------+-------------+-------------+-------------+-------------+-------------+-------------+-------------+-------------+-------------+-------------+-------------+-------------+-------------+-------------+-------------+-------------+-------------+-------------+-------------+-------------+-------------+-------------+-------------+-------------+-------------+-------------+-------------+-------------+-------------+-------------+-------------+-------------+-------------+-------------+-------------+-------------+-------------+-------------+-------------+-------------+-------------+-------------+-------------+-------------+-------------+-------------+-------------+-------------+-------------+-------------+-------------+-------------+-------------+-------------+-------------+-------------+-------------+-------------+-------------+-------------+-------------+-------------+-------------+-------------+-------------+-------------+-------------+-------------+-------------+-------------+-------------+-------------+-------------+-------------+-------------+-------------+-------------+-------------+-------------+-------------+-------------+-------------+-------------+-------------+-------------+-------------+-------------+-------------+-------------+-------------+-------------+-------------+-------------+-------------+-------------+-------------+-------------+--------------+--------------+--------------+--------------+--------------+--------------+--------------+--------------+--------------+--------------+--------------+--------------+--------------+--------------+--------------+--------------+--------------+--------------+--------------+--------------+--------------+--------------+--------------+--------------+--------------+--------------+--------------+--------------+--------------+--------------+--------------+--------------+--------------+--------------+--------------+--------------+--------------+--------------+--------------+--------------+--------------+--------------+--------------+--------------+--------------+--------------+--------------+--------------+--------------+--------------+--------------+--------------+--------------+--------------+--------------+--------------+--------------+--------------+--------------+--------------+--------------+--------------+--------------+--------------+--------------+--------------+--------------+--------------+--------------+--------------+--------------+--------------+--------------+--------------+--------------+--------------+--------------+--------------+--------------+--------------+--------------+--------------+--------------+--------------+--------------+--------------+--------------+--------------+--------------+--------------+--------------+--------------+--------------+--------------+--------------+--------------+--------------+--------------+--------------+--------------+--------------+--------------+--------------+--------------+--------------+--------------+--------------+--------------+--------------+--------------+--------------+--------------+--------------+--------------+--------------+--------------+--------------+--------------+--------------+--------------+--------------+--------------+--------------+--------------+--------------+--------------+--------------+--------------+--------------+--------------+--------------+--------------+--------------+--------------+--------------+--------------+--------------+--------------+--------------+--------------+--------------+--------------+--------------+--------------+--------------+--------------+--------------+--------------+--------------+--------------+--------------+--------------+--------------+--------------+--------------+--------------+
|                Event                | Counter |  HWThread 0 |  HWThread 1 |  HWThread 2 |  HWThread 3 |  HWThread 4 |  HWThread 5 |  HWThread 6 |  HWThread 7 |  HWThread 8 |  HWThread 9 | HWThread 10 | HWThread 11 | HWThread 12 | HWThread 13 | HWThread 14 | HWThread 15 | HWThread 16 | HWThread 17 | HWThread 18 | HWThread 19 | HWThread 20 | HWThread 21 | HWThread 22 | HWThread 23 | HWThread 24 | HWThread 25 | HWThread 26 | HWThread 27 | HWThread 28 | HWThread 29 | HWThread 30 | HWThread 31 | HWThread 32 | HWThread 33 | HWThread 34 | HWThread 35 | HWThread 36 | HWThread 37 | HWThread 38 | HWThread 39 | HWThread 40 | HWThread 41 | HWThread 42 | HWThread 43 | HWThread 44 | HWThread 45 | HWThread 46 | HWThread 47 | HWThread 48 | HWThread 49 | HWThread 50 | HWThread 51 | HWThread 52 | HWThread 53 | HWThread 54 | HWThread 55 | HWThread 56 | HWThread 57 | HWThread 58 | HWThread 59 | HWThread 60 | HWThread 61 | HWThread 62 | HWThread 63 | HWThread 64 | HWThread 65 | HWThread 66 | HWThread 67 | HWThread 68 | HWThread 69 | HWThread 70 | HWThread 71 | HWThread 72 | HWThread 73 | HWThread 74 | HWThread 75 | HWThread 76 | HWThread 77 | HWThread 78 | HWThread 79 | HWThread 80 | HWThread 81 | HWThread 82 | HWThread 83 | HWThread 84 | HWThread 85 | HWThread 86 | HWThread 87 | HWThread 88 | HWThread 89 | HWThread 90 | HWThread 91 | HWThread 92 | HWThread 93 | HWThread 94 | HWThread 95 | HWThread 96 | HWThread 97 | HWThread 98 | HWThread 99 | HWThread 100 | HWThread 101 | HWThread 102 | HWThread 103 | HWThread 104 | HWThread 105 | HWThread 106 | HWThread 107 | HWThread 108 | HWThread 109 | HWThread 110 | HWThread 111 | HWThread 112 | HWThread 113 | HWThread 114 | HWThread 115 | HWThread 116 | HWThread 117 | HWThread 118 | HWThread 119 | HWThread 120 | HWThread 121 | HWThread 122 | HWThread 123 | HWThread 124 | HWThread 125 | HWThread 126 | HWThread 127 | HWThread 128 | HWThread 129 | HWThread 130 | HWThread 131 | HWThread 132 | HWThread 133 | HWThread 134 | HWThread 135 | HWThread 136 | HWThread 137 | HWThread 138 | HWThread 139 | HWThread 140 | HWThread 141 | HWThread 142 | HWThread 143 | HWThread 144 | HWThread 145 | HWThread 146 | HWThread 147 | HWThread 148 | HWThread 149 | HWThread 150 | HWThread 151 | HWThread 152 | HWThread 153 | HWThread 154 | HWThread 155 | HWThread 156 | HWThread 157 | HWThread 158 | HWThread 159 | HWThread 160 | HWThread 161 | HWThread 162 | HWThread 163 | HWThread 164 | HWThread 165 | HWThread 166 | HWThread 167 | HWThread 168 | HWThread 169 | HWThread 170 | HWThread 171 | HWThread 172 | HWThread 173 | HWThread 174 | HWThread 175 | HWThread 176 | HWThread 177 | HWThread 178 | HWThread 179 | HWThread 180 | HWThread 181 | HWThread 182 | HWThread 183 | HWThread 184 | HWThread 185 | HWThread 186 | HWThread 187 | HWThread 188 | HWThread 189 | HWThread 190 | HWThread 191 | HWThread 192 | HWThread 193 | HWThread 194 | HWThread 195 | HWThread 196 | HWThread 197 | HWThread 198 | HWThread 199 | HWThread 200 | HWThread 201 | HWThread 202 | HWThread 203 | HWThread 204 | HWThread 205 | HWThread 206 | HWThread 207 | HWThread 208 | HWThread 209 | HWThread 210 | HWThread 211 | HWThread 212 | HWThread 213 | HWThread 214 | HWThread 215 | HWThread 216 | HWThread 217 | HWThread 218 | HWThread 219 | HWThread 220 | HWThread 221 | HWThread 222 | HWThread 223 | HWThread 224 | HWThread 225 | HWThread 226 | HWThread 227 | HWThread 228 | HWThread 229 | HWThread 230 | HWThread 231 | HWThread 232 | HWThread 233 | HWThread 234 | HWThread 235 | HWThread 236 | HWThread 237 | HWThread 238 | HWThread 239 | HWThread 240 | HWThread 241 | HWThread 242 | HWThread 243 | HWThread 244 | HWThread 245 | HWThread 246 | HWThread 247 | HWThread 248 | HWThread 249 | HWThread 250 | HWThread 251 | HWThread 252 | HWThread 253 | HWThread 254 | HWThread 255 |
+-------------------------------------+---------+-------------+-------------+-------------+-------------+-------------+-------------+-------------+-------------+-------------+-------------+-------------+-------------+-------------+-------------+-------------+-------------+-------------+-------------+-------------+-------------+-------------+-------------+-------------+-------------+-------------+-------------+-------------+-------------+-------------+-------------+-------------+-------------+-------------+-------------+-------------+-------------+-------------+-------------+-------------+-------------+-------------+-------------+-------------+-------------+-------------+-------------+-------------+-------------+-------------+-------------+-------------+-------------+-------------+-------------+-------------+-------------+-------------+-------------+-------------+-------------+-------------+-------------+-------------+-------------+-------------+-------------+-------------+-------------+-------------+-------------+-------------+-------------+-------------+-------------+-------------+-------------+-------------+-------------+-------------+-------------+-------------+-------------+-------------+-------------+-------------+-------------+-------------+-------------+-------------+-------------+-------------+-------------+-------------+-------------+-------------+-------------+-------------+-------------+-------------+-------------+--------------+--------------+--------------+--------------+--------------+--------------+--------------+--------------+--------------+--------------+--------------+--------------+--------------+--------------+--------------+--------------+--------------+--------------+--------------+--------------+--------------+--------------+--------------+--------------+--------------+--------------+--------------+--------------+--------------+--------------+--------------+--------------+--------------+--------------+--------------+--------------+--------------+--------------+--------------+--------------+--------------+--------------+--------------+--------------+--------------+--------------+--------------+--------------+--------------+--------------+--------------+--------------+--------------+--------------+--------------+--------------+--------------+--------------+--------------+--------------+--------------+--------------+--------------+--------------+--------------+--------------+--------------+--------------+--------------+--------------+--------------+--------------+--------------+--------------+--------------+--------------+--------------+--------------+--------------+--------------+--------------+--------------+--------------+--------------+--------------+--------------+--------------+--------------+--------------+--------------+--------------+--------------+--------------+--------------+--------------+--------------+--------------+--------------+--------------+--------------+--------------+--------------+--------------+--------------+--------------+--------------+--------------+--------------+--------------+--------------+--------------+--------------+--------------+--------------+--------------+--------------+--------------+--------------+--------------+--------------+--------------+--------------+--------------+--------------+--------------+--------------+--------------+--------------+--------------+--------------+--------------+--------------+--------------+--------------+--------------+--------------+--------------+--------------+--------------+--------------+--------------+--------------+--------------+--------------+--------------+--------------+--------------+--------------+--------------+--------------+--------------+--------------+--------------+--------------+--------------+--------------+
|           ACTUAL_CPU_CLOCK          |  FIXC1  |  4156134000 |  4157506000 |  4157252000 |  4158548000 |  4155865000 |  4156360000 |  4156747000 |  4156213000 |  4145628000 |  4145050000 |  4143455000 |  4143808000 |  4145921000 |  4143656000 |  4143561000 |  4144331000 |  4174986000 |  4176575000 |  4175503000 |  4176990000 |  4175538000 |  4176732000 |  4177516000 |  4174594000 |  4157846000 |  4158386000 |  4158160000 |  4158525000 |  4158185000 |  4158078000 |  4158233000 |  4157459000 |  4136382000 |  4138559000 |  4137666000 |  4137584000 |  4138058000 |  4138482000 |  4137695000 |  4136011000 |  4156333000 |  4155395000 |  4156582000 |  4157072000 |  4157471000 |  4156448000 |  4154909000 |  4157346000 |  4152576000 |  4150543000 |  4154160000 |  4151232000 |  4150904000 |  4151283000 |  4151259000 |  4151250000 |  4151262000 |  4150215000 |  4151848000 |  4150943000 |  4150501000 |  4149752000 |  4149553000 |  4150567000 |  4149079000 |  4149377000 |  4146447000 |  4148088000 |  4147764000 |  4148567000 |  4149729000 |  4146585000 |  4151087000 |  4151847000 |  4152048000 |  4151992000 |  4152219000 |  4152159000 |  4152071000 |  4152133000 |  4152956000 |  4153175000 |  4154114000 |  4154125000 |  4155955000 |  4152808000 |  4152844000 |  4153834000 |  4151269000 |  4150453000 |  4150854000 |  4153072000 |  4152973000 |  4150669000 |  4150391000 |  4150484000 |  4163852000 |  4163897000 |  4163986000 |  4164212000 |   4163601000 |   4165016000 |   4162563000 |   4163491000 |   4163032000 |   4163491000 |   4164762000 |   4163958000 |   4163293000 |   4162980000 |   4164640000 |   4162904000 |   4161631000 |   4163595000 |   4161651000 |   4162364000 |   4162045000 |   4161677000 |   4161122000 |   4162214000 |   4151347000 |   4151416000 |   4151915000 |   4154808000 |   4151404000 |   4152808000 |   4152831000 |   4153496000 |   4143745000 |   4142667000 |   4144194000 |   4145785000 |   4144980000 |   4144930000 |   4145121000 |   4142945000 |   4172127000 |   4171671000 |   4172285000 |   4173579000 |   4171972000 |   4172203000 |   4173726000 |   4174301000 |   4179724000 |   4179623000 |   4180159000 |   4180148000 |   4179541000 |   4180765000 |   4179724000 |   4180589000 |   4168251000 |   4168316000 |   4168208000 |   4168154000 |   4169484000 |   4168268000 |   4166834000 |   4168290000 |   4153525000 |   4151741000 |   4153388000 |   4151845000 |   4153911000 |   4152285000 |   4153451000 |   4153637000 |   4166535000 |   4165752000 |   4165038000 |   4165502000 |   4164541000 |   4164470000 |   4163959000 |   4165996000 |   4161289000 |   4160689000 |   4160628000 |   4161304000 |   4161097000 |   4161089000 |   4160804000 |   4160733000 |   4168560000 |   4169887000 |   4168482000 |   4171203000 |   4170549000 |   4169972000 |   4169533000 |   4170147000 |   4148403000 |   4149630000 |   4150503000 |   4149223000 |   4149695000 |   4150280000 |   4150303000 |   4149383000 |   4151563000 |   4154314000 |   4153709000 |   4151760000 |   4153342000 |   4152921000 |   4153530000 |   4152944000 |   4189690000 |   4186827000 |   4186750000 |   4187106000 |   4186652000 |   4187805000 |   4186631000 |   4188463000 |   4162308000 |   4162362000 |   4162968000 |   4163482000 |   4162248000 |   4162795000 |   4162360000 |   4162698000 |   4185032000 |   4187966000 |   4185029000 |   4184956000 |   4186418000 |   4186599000 |   4187284000 |   4185971000 |   4149169000 |   4147569000 |   4148186000 |   4148188000 |   4149621000 |   4148182000 |   4148344000 |   4148004000 |   4163136000 |   4160776000 |   4163017000 |   4162011000 |   4163237000 |   4162527000 |   4164286000 |   4162885000 |   4166507000 |   4166464000 |   4165225000 |   4166078000 |   4166197000 |   4166634000 |   4164928000 |   4165643000 |
|            MAX_CPU_CLOCK            |  FIXC2  |  4645044000 |  4645814000 |  4645707000 |  4648579000 |  4643613000 |  4644471000 |  4644571000 |  4643094000 |  4650095000 |  4647818000 |  4646782000 |  4646247000 |  4650456000 |  4646044000 |  4646892000 |  4647304000 |  4646526000 |  4647644000 |  4645416000 |  4647111000 |  4645436000 |  4646937000 |  4648774000 |  4646159000 |  4645915000 |  4646473000 |  4645363000 |  4645742000 |  4645445000 |  4646178000 |  4646340000 |  4646375000 |  4644601000 |  4645375000 |  4643793000 |  4644534000 |  4645648000 |  4646298000 |  4645709000 |  4642599000 |  4645992000 |  4644678000 |  4647280000 |  4648468000 |  4648364000 |  4645367000 |  4645104000 |  4647390000 |  4646149000 |  4644448000 |  4648195000 |  4644302000 |  4644487000 |  4644456000 |  4644483000 |  4644498000 |  4649276000 |  4645062000 |  4647734000 |  4647619000 |  4647213000 |  4646126000 |  4645802000 |  4647327000 |  4647080000 |  4647443000 |  4642464000 |  4645862000 |  4644121000 |  4645403000 |  4646924000 |  4645022000 |  4642532000 |  4642277000 |  4642658000 |  4644866000 |  4642826000 |  4644707000 |  4644787000 |  4644747000 |  4642558000 |  4642789000 |  4644137000 |  4643960000 |  4647711000 |  4642481000 |  4642513000 |  4644024000 |  4644504000 |  4641822000 |  4642509000 |  4645564000 |  4645627000 |  4643286000 |  4641777000 |  4642881000 |  4646095000 |  4646575000 |  4645385000 |  4645531000 |   4646716000 |   4647554000 |   4645154000 |   4645685000 |   4645857000 |   4645867000 |   4647108000 |   4647094000 |   4646027000 |   4646851000 |   4647118000 |   4646781000 |   4645831000 |   4647209000 |   4645799000 |   4645632000 |   4646131000 |   4645888000 |   4646139000 |   4645424000 |   4642236000 |   4642549000 |   4644411000 |   4646924000 |   4642277000 |   4644016000 |   4644003000 |   4645973000 |   4645744000 |   4643006000 |   4645396000 |   4647223000 |   4647378000 |   4647187000 |   4647490000 |   4643343000 |   4644355000 |   4644691000 |   4644426000 |   4645385000 |   4644285000 |   4644204000 |   4647341000 |   4647422000 |   4646325000 |   4645631000 |   4646829000 |   4646779000 |   4646129000 |   4647466000 |   4646317000 |   4645420000 |   4645849000 |   4646953000 |   4645834000 |   4646739000 |   4647329000 |   4645860000 |   4645065000 |   4645918000 |   4645899000 |   4644525000 |   4646112000 |   4644664000 |   4646456000 |   4644347000 |   4646191000 |   4645904000 |   4649884000 |   4646845000 |   4648853000 |   4649472000 |   4648157000 |   4647653000 |   4645866000 |   4649049000 |   4647708000 |   4646086000 |   4646070000 |   4647742000 |   4647405000 |   4647392000 |   4646225000 |   4646080000 |   4644930000 |   4645863000 |   4644743000 |   4647601000 |   4646622000 |   4646879000 |   4646352000 |   4646131000 |   4646407000 |   4647219000 |   4649493000 |   4646433000 |   4646029000 |   4649210000 |   4647424000 |   4645644000 |   4645667000 |   4649731000 |   4650012000 |   4645932000 |   4647055000 |   4647365000 |   4647173000 |   4647501000 |   4649464000 |   4645174000 |   4644452000 |   4644550000 |   4644216000 |   4645716000 |   4644255000 |   4648103000 |   4646457000 |   4645507000 |   4647394000 |   4647104000 |   4646387000 |   4647286000 |   4646511000 |   4647131000 |   4645822000 |   4649881000 |   4646726000 |   4646559000 |   4647499000 |   4647696000 |   4650091000 |   4647265000 |   4645954000 |   4644707000 |   4644533000 |   4644533000 |   4645581000 |   4644520000 |   4644698000 |   4644426000 |   4649006000 |   4644458000 |   4648877000 |   4646244000 |   4649274000 |   4648098000 |   4649732000 |   4647372000 |   4647315000 |   4647316000 |   4644835000 |   4645790000 |   4646874000 |   4647413000 |   4643868000 |   4645972000 |
|         RETIRED_INSTRUCTIONS        |   PMC0  | 10740840000 | 10741270000 | 10741480000 | 10743740000 | 10741290000 | 10741580000 | 10741450000 | 10741940000 | 10739900000 | 10738960000 | 10738440000 | 10738990000 | 10740190000 | 10738930000 | 10738130000 | 10739020000 | 10744810000 | 10744310000 | 10744560000 | 10744890000 | 10744640000 | 10744560000 | 10744770000 | 10744640000 | 10741410000 | 10741150000 | 10741590000 | 10741540000 | 10741060000 | 10741470000 | 10741510000 | 10741720000 | 10737800000 | 10738130000 | 10738410000 | 10737630000 | 10738230000 | 10738060000 | 10738150000 | 10737920000 | 10741020000 | 10741140000 | 10741590000 | 10741560000 | 10741700000 | 10740590000 | 10740810000 | 10740910000 | 10740600000 | 10740040000 | 10740690000 | 10740120000 | 10740460000 | 10740390000 | 10740650000 | 10740440000 | 10740360000 | 10739630000 | 10739880000 | 10739990000 | 10740070000 | 10739540000 | 10739690000 | 10739980000 | 10740250000 | 10740310000 | 10739810000 | 10740110000 | 10739970000 | 10739670000 | 10739930000 | 10739400000 | 10740400000 | 10740740000 | 10740710000 | 10740480000 | 10740950000 | 10740590000 | 10740860000 | 10740940000 | 10740780000 | 10740770000 | 10741280000 | 10741000000 | 10740920000 | 10741030000 | 10740580000 | 10741030000 | 10740600000 | 10740580000 | 10740520000 | 10740760000 | 10740510000 | 10740630000 | 10740300000 | 10740390000 | 10742970000 | 10742500000 | 10742860000 | 10742910000 |  10742780000 |  10742770000 |  10742630000 |  10742540000 |  10742570000 |  10742660000 |  10743210000 |  10742510000 |  10742680000 |  10742800000 |  10742390000 |  10742620000 |  10742460000 |  10742470000 |  10742220000 |  10742380000 |  10742650000 |  10742330000 |  10742120000 |  10742030000 |  10740750000 |  10740530000 |  10740610000 |  10740730000 |  10740990000 |  10741100000 |  10740980000 |  10740920000 |  10738090000 |  10738220000 |  10738440000 |  10738300000 |  10738470000 |  10738400000 |  10738270000 |  10738300000 |  10743390000 |  10743110000 |  10743730000 |  10743480000 |  10743170000 |  10743300000 |  10743070000 |  10743390000 |  10744780000 |  10744940000 |  10744560000 |  10744630000 |  10744490000 |  10744560000 |  10744490000 |  10744440000 |  10742710000 |  10742630000 |  10742530000 |  10743080000 |  10742820000 |  10742840000 |  10742480000 |  10742740000 |  10739850000 |  10740430000 |  10739840000 |  10740040000 |  10740060000 |  10740150000 |  10740020000 |  10740250000 |  10743580000 |  10741350000 |  10743500000 |  10742410000 |  10742180000 |  10742360000 |  10742170000 |  10742290000 |  10740820000 |  10741400000 |  10741090000 |  10741300000 |  10741010000 |  10741580000 |  10741430000 |  10741600000 |  10743150000 |  10743170000 |  10743060000 |  10743030000 |  10742930000 |  10743140000 |  10742810000 |  10742940000 |  10738960000 |  10739520000 |  10739060000 |  10739260000 |  10739050000 |  10739320000 |  10738850000 |  10739480000 |  10739400000 |  10741080000 |  10740910000 |  10739170000 |  10739750000 |  10740040000 |  10739810000 |  10740100000 |  10746570000 |  10746120000 |  10746220000 |  10745920000 |  10746450000 |  10746070000 |  10745870000 |  10747270000 |  10742740000 |  10742560000 |  10742530000 |  10742120000 |  10742860000 |  10743010000 |  10742570000 |  10742530000 |  10745390000 |  10747430000 |  10745380000 |  10745580000 |  10745350000 |  10746030000 |  10746590000 |  10746140000 |  10738640000 |  10739030000 |  10739500000 |  10738900000 |  10739250000 |  10739230000 |  10739070000 |  10739320000 |  10742010000 |  10741330000 |  10743720000 |  10741410000 |  10741770000 |  10742060000 |  10742860000 |  10741870000 |  10741960000 |  10742100000 |  10742170000 |  10742110000 |  10741920000 |  10741800000 |  10741820000 |  10742030000 |
|         CPU_CLOCKS_UNHALTED         |   PMC1  |  4123507000 |  4126489000 |  4126819000 |  4136706000 |  4126245000 |  4126112000 |  4125404000 |  4126184000 |  4115384000 |  4110949000 |  4110256000 |  4110054000 |  4118004000 |  4110066000 |  4109517000 |  4110716000 |  4143198000 |  4143631000 |  4142638000 |  4143513000 |  4142457000 |  4143076000 |  4144553000 |  4142909000 |  4124991000 |  4124866000 |  4124637000 |  4125140000 |  4124729000 |  4125221000 |  4125033000 |  4125039000 |  4106895000 |  4106196000 |  4107255000 |  4106197000 |  4107256000 |  4106578000 |  4106587000 |  4106622000 |  4123710000 |  4123244000 |  4125067000 |  4126160000 |  4124784000 |  4122721000 |  4121395000 |  4123396000 |  4119658000 |  4119835000 |  4120453000 |  4119545000 |  4119501000 |  4119407000 |  4119194000 |  4119522000 |  4117273000 |  4116069000 |  4117259000 |  4117383000 |  4116685000 |  4116177000 |  4115553000 |  4116447000 |  4116999000 |  4117159000 |  4116005000 |  4116261000 |  4116684000 |  4115926000 |  4116454000 |  4115486000 |  4120828000 |  4120663000 |  4120814000 |  4120727000 |  4120784000 |  4120822000 |  4120409000 |  4120759000 |  4122328000 |  4122093000 |  4122950000 |  4123006000 |  4122598000 |  4121982000 |  4121682000 |  4122695000 |  4119925000 |  4120095000 |  4120134000 |  4119548000 |  4119776000 |  4119883000 |  4119504000 |  4119821000 |  4132570000 |  4132820000 |  4132557000 |  4132681000 |   4132425000 |   4133377000 |   4132047000 |   4132287000 |   4131991000 |   4131770000 |   4131718000 |   4131866000 |   4131900000 |   4130888000 |   4131625000 |   4130783000 |   4130007000 |   4131004000 |   4130061000 |   4130258000 |   4130141000 |   4130140000 |   4129998000 |   4129842000 |   4121255000 |   4121454000 |   4121346000 |   4122518000 |   4121238000 |   4122229000 |   4122195000 |   4122158000 |   4108329000 |   4108570000 |   4107657000 |   4108584000 |   4108111000 |   4108354000 |   4108040000 |   4108237000 |   4136688000 |   4137095000 |   4136469000 |   4136783000 |   4136448000 |   4136284000 |   4136924000 |   4137126000 |   4143510000 |   4143567000 |   4142829000 |   4143470000 |   4142856000 |   4143749000 |   4143009000 |   4142711000 |   4132417000 |   4131996000 |   4131629000 |   4131847000 |   4132257000 |   4131939000 |   4131724000 |   4132157000 |   4118123000 |   4117360000 |   4117938000 |   4117345000 |   4118169000 |   4116807000 |   4117556000 |   4117906000 |   4136423000 |   4127967000 |   4136358000 |   4129751000 |   4129692000 |   4129345000 |   4127596000 |   4129482000 |   4124186000 |   4124321000 |   4124102000 |   4124166000 |   4123890000 |   4124101000 |   4123973000 |   4123917000 |   4134029000 |   4133798000 |   4133688000 |   4134435000 |   4133499000 |   4133834000 |   4133553000 |   4133767000 |   4112823000 |   4113494000 |   4114444000 |   4112872000 |   4112342000 |   4114621000 |   4113106000 |   4112135000 |   4114763000 |   4123479000 |   4123208000 |   4115256000 |   4115823000 |   4115914000 |   4115608000 |   4115918000 |   4153596000 |   4151606000 |   4151805000 |   4151611000 |   4151617000 |   4151864000 |   4151458000 |   4156080000 |   4131354000 |   4131458000 |   4132109000 |   4128209000 |   4131563000 |   4132027000 |   4131083000 |   4131379000 |   4148244000 |   4157207000 |   4148872000 |   4148407000 |   4149291000 |   4149295000 |   4155886000 |   4148992000 |   4112698000 |   4112940000 |   4112515000 |   4112669000 |   4112712000 |   4112624000 |   4112389000 |   4112608000 |   4127744000 |   4125542000 |   4135121000 |   4125438000 |   4128380000 |   4128326000 |   4134200000 |   4126017000 |   4129282000 |   4129566000 |   4128365000 |   4128534000 |   4128232000 |   4128548000 |   4129093000 |   4128872000 |
|                MERGE                |   PMC3  |           0 |           0 |           0 |           0 |           0 |           0 |           0 |           0 |           0 |           0 |           0 |           0 |           0 |           0 |           0 |           0 |           0 |           0 |           0 |           0 |           0 |           0 |           0 |           0 |           0 |           0 |           0 |           0 |           0 |           0 |           0 |           0 |           0 |           0 |           0 |           0 |           0 |           0 |           0 |           0 |           0 |           0 |           0 |           0 |           0 |           0 |           0 |           0 |           0 |           0 |           0 |           0 |           0 |           0 |           0 |           0 |           0 |           0 |           0 |           0 |           0 |           0 |           0 |           0 |           0 |           0 |           0 |           0 |           0 |           0 |           0 |           0 |           0 |           0 |           0 |           0 |           0 |           0 |           0 |           0 |           0 |           0 |           0 |           0 |           0 |           0 |           0 |           0 |           0 |           0 |           0 |           0 |           0 |           0 |           0 |           0 |           0 |           0 |           0 |           0 |            0 |            0 |            0 |            0 |            0 |            0 |            0 |            0 |            0 |            0 |            0 |            0 |            0 |            0 |            0 |            0 |            0 |            0 |            0 |            0 |            0 |            0 |            0 |            0 |            0 |            0 |            0 |            0 |            0 |            0 |            0 |            0 |            0 |            0 |            0 |            0 |            0 |            0 |            0 |            0 |            0 |            0 |            0 |            0 |            0 |            0 |            0 |            0 |            0 |            0 |            0 |            0 |            0 |            0 |            0 |            0 |            0 |            0 |            0 |            0 |            0 |            0 |            0 |            0 |            0 |            0 |            0 |            0 |            0 |            0 |            0 |            0 |            0 |            0 |            0 |            0 |            0 |            0 |            0 |            0 |            0 |            0 |            0 |            0 |            0 |            0 |            0 |            0 |            0 |            0 |            0 |            0 |            0 |            0 |            0 |            0 |            0 |            0 |            0 |            0 |            0 |            0 |            0 |            0 |            0 |            0 |            0 |            0 |            0 |            0 |            0 |            0 |            0 |            0 |            0 |            0 |            0 |            0 |            0 |            0 |            0 |            0 |            0 |            0 |            0 |            0 |            0 |            0 |            0 |            0 |            0 |            0 |            0 |            0 |            0 |            0 |            0 |            0 |            0 |            0 |            0 |            0 |            0 |            0 |            0 |            0 |            0 |            0 |            0 |            0 |            0 |            0 |            0 |            0 |            0 |            0 |
| RETIRED_SSE_AVX_FLOPS_ALL_SP_SCALAR |   PMC2  |  8589935000 |  8589935000 |  8589935000 |  8589935000 |  8589935000 |  8589935000 |  8589935000 |  8589935000 |  8589935000 |  8589935000 |  8589935000 |  8589935000 |  8589935000 |  8589935000 |  8589935000 |  8589935000 |  8589935000 |  8589935000 |  8589935000 |  8589935000 |  8589935000 |  8589935000 |  8589935000 |  8589935000 |  8589935000 |  8589935000 |  8589935000 |  8589935000 |  8589935000 |  8589935000 |  8589935000 |  8589935000 |  8589935000 |  8589935000 |  8589935000 |  8589935000 |  8589935000 |  8589935000 |  8589935000 |  8589935000 |  8589935000 |  8589935000 |  8589935000 |  8589935000 |  8589935000 |  8589935000 |  8589935000 |  8589935000 |  8589935000 |  8589935000 |  8589935000 |  8589935000 |  8589935000 |  8589935000 |  8589935000 |  8589935000 |  8589935000 |  8589935000 |  8589935000 |  8589935000 |  8589935000 |  8589935000 |  8589935000 |  8589935000 |  8589935000 |  8589935000 |  8589935000 |  8589935000 |  8589935000 |  8589935000 |  8589935000 |  8589935000 |  8589935000 |  8589935000 |  8589935000 |  8589935000 |  8589935000 |  8589935000 |  8589935000 |  8589935000 |  8589935000 |  8589935000 |  8589935000 |  8589935000 |  8589935000 |  8589935000 |  8589935000 |  8589935000 |  8589935000 |  8589935000 |  8589935000 |  8589935000 |  8589935000 |  8589935000 |  8589935000 |  8589935000 |  8589935000 |  8589935000 |  8589935000 |  8589935000 |   8589935000 |   8589935000 |   8589935000 |   8589935000 |   8589935000 |   8589935000 |   8589935000 |   8589935000 |   8589935000 |   8589935000 |   8589935000 |   8589935000 |   8589935000 |   8589935000 |   8589935000 |   8589935000 |   8589935000 |   8589935000 |   8589935000 |   8589935000 |   8589935000 |   8589935000 |   8589935000 |   8589935000 |   8589935000 |   8589935000 |   8589935000 |   8589935000 |   8589935000 |   8589935000 |   8589935000 |   8589935000 |   8589935000 |   8589935000 |   8589935000 |   8589935000 |   8589935000 |   8589935000 |   8589935000 |   8589935000 |   8589935000 |   8589935000 |   8589935000 |   8589935000 |   8589935000 |   8589935000 |   8589935000 |   8589935000 |   8589935000 |   8589935000 |   8589935000 |   8589935000 |   8589935000 |   8589935000 |   8589935000 |   8589935000 |   8589935000 |   8589935000 |   8589935000 |   8589935000 |   8589935000 |   8589935000 |   8589935000 |   8589935000 |   8589935000 |   8589935000 |   8589935000 |   8589935000 |   8589935000 |   8589935000 |   8589935000 |   8589935000 |   8589935000 |   8589935000 |   8589935000 |   8589935000 |   8589935000 |   8589935000 |   8589935000 |   8589935000 |   8589935000 |   8589935000 |   8589935000 |   8589935000 |   8589935000 |   8589935000 |   8589935000 |   8589935000 |   8589935000 |   8589935000 |   8589935000 |   8589935000 |   8589935000 |   8589935000 |   8589935000 |   8589935000 |   8589935000 |   8589935000 |   8589935000 |   8589935000 |   8589935000 |   8589935000 |   8589935000 |   8589935000 |   8589935000 |   8589935000 |   8589935000 |   8589935000 |   8589935000 |   8589935000 |   8589935000 |   8589935000 |   8589935000 |   8589935000 |   8589935000 |   8589935000 |   8589935000 |   8589935000 |   8589935000 |   8589935000 |   8589935000 |   8589935000 |   8589935000 |   8589935000 |   8589935000 |   8589935000 |   8589935000 |   8589935000 |   8589935000 |   8589935000 |   8589935000 |   8589935000 |   8589935000 |   8589935000 |   8589935000 |   8589935000 |   8589935000 |   8589935000 |   8589935000 |   8589935000 |   8589935000 |   8589935000 |   8589935000 |   8589935000 |   8589935000 |   8589935000 |   8589935000 |   8589935000 |   8589935000 |   8589935000 |   8589935000 |   8589935000 |   8589935000 |   8589935000 |   8589935000 |   8589935000 |
|                MERGE                |   PMC5  |           0 |           0 |           0 |           0 |           0 |           0 |           0 |           0 |           0 |           0 |           0 |           0 |           0 |           0 |           0 |           0 |           0 |           0 |           0 |           0 |           0 |           0 |           0 |           0 |           0 |           0 |           0 |           0 |           0 |           0 |           0 |           0 |           0 |           0 |           0 |           0 |           0 |           0 |           0 |           0 |           0 |           0 |           0 |           0 |           0 |           0 |           0 |           0 |           0 |           0 |           0 |           0 |           0 |           0 |           0 |           0 |           0 |           0 |           0 |           0 |           0 |           0 |           0 |           0 |           0 |           0 |           0 |           0 |           0 |           0 |           0 |           0 |           0 |           0 |           0 |           0 |           0 |           0 |           0 |           0 |           0 |           0 |           0 |           0 |           0 |           0 |           0 |           0 |           0 |           0 |           0 |           0 |           0 |           0 |           0 |           0 |           0 |           0 |           0 |           0 |            0 |            0 |            0 |            0 |            0 |            0 |            0 |            0 |            0 |            0 |            0 |            0 |            0 |            0 |            0 |            0 |            0 |            0 |            0 |            0 |            0 |            0 |            0 |            0 |            0 |            0 |            0 |            0 |            0 |            0 |            0 |            0 |            0 |            0 |            0 |            0 |            0 |            0 |            0 |            0 |            0 |            0 |            0 |            0 |            0 |            0 |            0 |            0 |            0 |            0 |            0 |            0 |            0 |            0 |            0 |            0 |            0 |            0 |            0 |            0 |            0 |            0 |            0 |            0 |            0 |            0 |            0 |            0 |            0 |            0 |            0 |            0 |            0 |            0 |            0 |            0 |            0 |            0 |            0 |            0 |            0 |            0 |            0 |            0 |            0 |            0 |            0 |            0 |            0 |            0 |            0 |            0 |            0 |            0 |            0 |            0 |            0 |            0 |            0 |            0 |            0 |            0 |            0 |            0 |            0 |            0 |            0 |            0 |            0 |            0 |            0 |            0 |            0 |            0 |            0 |            0 |            0 |            0 |            0 |            0 |            0 |            0 |            0 |            0 |            0 |            0 |            0 |            0 |            0 |            0 |            0 |            0 |            0 |            0 |            0 |            0 |            0 |            0 |            0 |            0 |            0 |            0 |            0 |            0 |            0 |            0 |            0 |            0 |            0 |            0 |            0 |            0 |            0 |            0 |            0 |            0 |
| RETIRED_SSE_AVX_FLOPS_ALL_SP_PACKED |   PMC4  |           0 |           0 |           0 |           0 |           0 |           0 |           0 |           0 |           0 |           0 |           0 |           0 |           0 |           0 |           0 |           0 |           0 |           0 |           0 |           0 |           0 |           0 |           0 |           0 |           0 |           0 |           0 |           0 |           0 |           0 |           0 |           0 |           0 |           0 |           0 |           0 |           0 |           0 |           0 |           0 |           0 |           0 |           0 |           0 |           0 |           0 |           0 |           0 |           0 |           0 |           0 |           0 |           0 |           0 |           0 |           0 |           0 |           0 |           0 |           0 |           0 |           0 |           0 |           0 |           0 |           0 |           0 |           0 |           0 |           0 |           0 |           0 |           0 |           0 |           0 |           0 |           0 |           0 |           0 |           0 |           0 |           0 |           0 |           0 |           0 |           0 |           0 |           0 |           0 |           0 |           0 |           0 |           0 |           0 |           0 |           0 |           0 |           0 |           0 |           0 |            0 |            0 |            0 |            0 |            0 |            0 |            0 |            0 |            0 |            0 |            0 |            0 |            0 |            0 |            0 |            0 |            0 |            0 |            0 |            0 |            0 |            0 |            0 |            0 |            0 |            0 |            0 |            0 |            0 |            0 |            0 |            0 |            0 |            0 |            0 |            0 |            0 |            0 |            0 |            0 |            0 |            0 |            0 |            0 |            0 |            0 |            0 |            0 |            0 |            0 |            0 |            0 |            0 |            0 |            0 |            0 |            0 |            0 |            0 |            0 |            0 |            0 |            0 |            0 |            0 |            0 |            0 |            0 |            0 |            0 |            0 |            0 |            0 |            0 |            0 |            0 |            0 |            0 |            0 |            0 |            0 |            0 |            0 |            0 |            0 |            0 |            0 |            0 |            0 |            0 |            0 |            0 |            0 |            0 |            0 |            0 |            0 |            0 |            0 |            0 |            0 |            0 |            0 |            0 |            0 |            0 |            0 |            0 |            0 |            0 |            0 |            0 |            0 |            0 |            0 |            0 |            0 |            0 |            0 |            0 |            0 |            0 |            0 |            0 |            0 |            0 |            0 |            0 |            0 |            0 |            0 |            0 |            0 |            0 |            0 |            0 |            0 |            0 |            0 |            0 |            0 |            0 |            0 |            0 |            0 |            0 |            0 |            0 |            0 |            0 |            0 |            0 |            0 |            0 |            0 |            0 |
+-------------------------------------+---------+-------------+-------------+-------------+-------------+-------------+-------------+-------------+-------------+-------------+-------------+-------------+-------------+-------------+-------------+-------------+-------------+-------------+-------------+-------------+-------------+-------------+-------------+-------------+-------------+-------------+-------------+-------------+-------------+-------------+-------------+-------------+-------------+-------------+-------------+-------------+-------------+-------------+-------------+-------------+-------------+-------------+-------------+-------------+-------------+-------------+-------------+-------------+-------------+-------------+-------------+-------------+-------------+-------------+-------------+-------------+-------------+-------------+-------------+-------------+-------------+-------------+-------------+-------------+-------------+-------------+-------------+-------------+-------------+-------------+-------------+-------------+-------------+-------------+-------------+-------------+-------------+-------------+-------------+-------------+-------------+-------------+-------------+-------------+-------------+-------------+-------------+-------------+-------------+-------------+-------------+-------------+-------------+-------------+-------------+-------------+-------------+-------------+-------------+-------------+-------------+--------------+--------------+--------------+--------------+--------------+--------------+--------------+--------------+--------------+--------------+--------------+--------------+--------------+--------------+--------------+--------------+--------------+--------------+--------------+--------------+--------------+--------------+--------------+--------------+--------------+--------------+--------------+--------------+--------------+--------------+--------------+--------------+--------------+--------------+--------------+--------------+--------------+--------------+--------------+--------------+--------------+--------------+--------------+--------------+--------------+--------------+--------------+--------------+--------------+--------------+--------------+--------------+--------------+--------------+--------------+--------------+--------------+--------------+--------------+--------------+--------------+--------------+--------------+--------------+--------------+--------------+--------------+--------------+--------------+--------------+--------------+--------------+--------------+--------------+--------------+--------------+--------------+--------------+--------------+--------------+--------------+--------------+--------------+--------------+--------------+--------------+--------------+--------------+--------------+--------------+--------------+--------------+--------------+--------------+--------------+--------------+--------------+--------------+--------------+--------------+--------------+--------------+--------------+--------------+--------------+--------------+--------------+--------------+--------------+--------------+--------------+--------------+--------------+--------------+--------------+--------------+--------------+--------------+--------------+--------------+--------------+--------------+--------------+--------------+--------------+--------------+--------------+--------------+--------------+--------------+--------------+--------------+--------------+--------------+--------------+--------------+--------------+--------------+--------------+--------------+--------------+--------------+--------------+--------------+--------------+--------------+--------------+--------------+--------------+--------------+--------------+--------------+--------------+--------------+--------------+--------------+
+------------------------------------------+---------+---------------+-------------+-------------+--------------+
|                   Event                  | Counter |      Sum      |     Min     |     Max     |      Avg     |
+------------------------------------------+---------+---------------+-------------+-------------+--------------+
|           ACTUAL_CPU_CLOCK STAT          |  FIXC1  | 1064872920000 |  4136011000 |  4189690000 | 4.159660e+09 |
|            MAX_CPU_CLOCK STAT            |  FIXC2  | 1189380406000 |  4641777000 |  4650456000 | 4.646017e+09 |
|         RETIRED_INSTRUCTIONS STAT        |   PMC0  | 2749842160000 | 10737630000 | 10747430000 | 1.074157e+10 |
|         CPU_CLOCKS_UNHALTED STAT         |   PMC1  | 1056251693000 |  4106196000 |  4157207000 | 4.125983e+09 |
|                MERGE STAT                |   PMC3  |             0 |           0 |           0 |            0 |
| RETIRED_SSE_AVX_FLOPS_ALL_SP_SCALAR STAT |   PMC2  | 2199023360000 |  8589935000 |  8589935000 |   8589935000 |
|                MERGE STAT                |   PMC5  |             0 |           0 |           0 |            0 |
| RETIRED_SSE_AVX_FLOPS_ALL_SP_PACKED STAT |   PMC4  |             0 |           0 |           0 |            0 |
+------------------------------------------+---------+---------------+-------------+-------------+--------------+
+----------------------+------------+------------+------------+------------+------------+------------+------------+------------+------------+------------+-------------+-------------+-------------+-------------+-------------+-------------+-------------+-------------+-------------+-------------+-------------+-------------+-------------+-------------+-------------+-------------+-------------+-------------+-------------+-------------+-------------+-------------+-------------+-------------+-------------+-------------+-------------+-------------+-------------+-------------+-------------+-------------+-------------+-------------+-------------+-------------+-------------+-------------+-------------+-------------+-------------+-------------+-------------+-------------+-------------+-------------+-------------+-------------+-------------+-------------+-------------+-------------+-------------+-------------+-------------+-------------+-------------+-------------+-------------+-------------+-------------+-------------+-------------+-------------+-------------+-------------+-------------+-------------+-------------+-------------+-------------+-------------+-------------+-------------+-------------+-------------+-------------+-------------+-------------+-------------+-------------+-------------+-------------+-------------+-------------+-------------+-------------+-------------+-------------+-------------+--------------+--------------+--------------+--------------+--------------+--------------+--------------+--------------+--------------+--------------+--------------+--------------+--------------+--------------+--------------+--------------+--------------+--------------+--------------+--------------+--------------+--------------+--------------+--------------+--------------+--------------+--------------+--------------+--------------+--------------+--------------+--------------+--------------+--------------+--------------+--------------+--------------+--------------+--------------+--------------+--------------+--------------+--------------+--------------+--------------+--------------+--------------+--------------+--------------+--------------+--------------+--------------+--------------+--------------+--------------+--------------+--------------+--------------+--------------+--------------+--------------+--------------+--------------+--------------+--------------+--------------+--------------+--------------+--------------+--------------+--------------+--------------+--------------+--------------+--------------+--------------+--------------+--------------+--------------+--------------+--------------+--------------+--------------+--------------+--------------+--------------+--------------+--------------+--------------+--------------+--------------+--------------+--------------+--------------+--------------+--------------+--------------+--------------+--------------+--------------+--------------+--------------+--------------+--------------+--------------+--------------+--------------+--------------+--------------+--------------+--------------+--------------+--------------+--------------+--------------+--------------+--------------+--------------+--------------+--------------+--------------+--------------+--------------+--------------+--------------+--------------+--------------+--------------+--------------+--------------+--------------+--------------+--------------+--------------+--------------+--------------+--------------+--------------+--------------+--------------+--------------+--------------+--------------+--------------+--------------+--------------+--------------+--------------+--------------+--------------+--------------+--------------+--------------+--------------+--------------+--------------+
|        Metric        | HWThread 0 | HWThread 1 | HWThread 2 | HWThread 3 | HWThread 4 | HWThread 5 | HWThread 6 | HWThread 7 | HWThread 8 | HWThread 9 | HWThread 10 | HWThread 11 | HWThread 12 | HWThread 13 | HWThread 14 | HWThread 15 | HWThread 16 | HWThread 17 | HWThread 18 | HWThread 19 | HWThread 20 | HWThread 21 | HWThread 22 | HWThread 23 | HWThread 24 | HWThread 25 | HWThread 26 | HWThread 27 | HWThread 28 | HWThread 29 | HWThread 30 | HWThread 31 | HWThread 32 | HWThread 33 | HWThread 34 | HWThread 35 | HWThread 36 | HWThread 37 | HWThread 38 | HWThread 39 | HWThread 40 | HWThread 41 | HWThread 42 | HWThread 43 | HWThread 44 | HWThread 45 | HWThread 46 | HWThread 47 | HWThread 48 | HWThread 49 | HWThread 50 | HWThread 51 | HWThread 52 | HWThread 53 | HWThread 54 | HWThread 55 | HWThread 56 | HWThread 57 | HWThread 58 | HWThread 59 | HWThread 60 | HWThread 61 | HWThread 62 | HWThread 63 | HWThread 64 | HWThread 65 | HWThread 66 | HWThread 67 | HWThread 68 | HWThread 69 | HWThread 70 | HWThread 71 | HWThread 72 | HWThread 73 | HWThread 74 | HWThread 75 | HWThread 76 | HWThread 77 | HWThread 78 | HWThread 79 | HWThread 80 | HWThread 81 | HWThread 82 | HWThread 83 | HWThread 84 | HWThread 85 | HWThread 86 | HWThread 87 | HWThread 88 | HWThread 89 | HWThread 90 | HWThread 91 | HWThread 92 | HWThread 93 | HWThread 94 | HWThread 95 | HWThread 96 | HWThread 97 | HWThread 98 | HWThread 99 | HWThread 100 | HWThread 101 | HWThread 102 | HWThread 103 | HWThread 104 | HWThread 105 | HWThread 106 | HWThread 107 | HWThread 108 | HWThread 109 | HWThread 110 | HWThread 111 | HWThread 112 | HWThread 113 | HWThread 114 | HWThread 115 | HWThread 116 | HWThread 117 | HWThread 118 | HWThread 119 | HWThread 120 | HWThread 121 | HWThread 122 | HWThread 123 | HWThread 124 | HWThread 125 | HWThread 126 | HWThread 127 | HWThread 128 | HWThread 129 | HWThread 130 | HWThread 131 | HWThread 132 | HWThread 133 | HWThread 134 | HWThread 135 | HWThread 136 | HWThread 137 | HWThread 138 | HWThread 139 | HWThread 140 | HWThread 141 | HWThread 142 | HWThread 143 | HWThread 144 | HWThread 145 | HWThread 146 | HWThread 147 | HWThread 148 | HWThread 149 | HWThread 150 | HWThread 151 | HWThread 152 | HWThread 153 | HWThread 154 | HWThread 155 | HWThread 156 | HWThread 157 | HWThread 158 | HWThread 159 | HWThread 160 | HWThread 161 | HWThread 162 | HWThread 163 | HWThread 164 | HWThread 165 | HWThread 166 | HWThread 167 | HWThread 168 | HWThread 169 | HWThread 170 | HWThread 171 | HWThread 172 | HWThread 173 | HWThread 174 | HWThread 175 | HWThread 176 | HWThread 177 | HWThread 178 | HWThread 179 | HWThread 180 | HWThread 181 | HWThread 182 | HWThread 183 | HWThread 184 | HWThread 185 | HWThread 186 | HWThread 187 | HWThread 188 | HWThread 189 | HWThread 190 | HWThread 191 | HWThread 192 | HWThread 193 | HWThread 194 | HWThread 195 | HWThread 196 | HWThread 197 | HWThread 198 | HWThread 199 | HWThread 200 | HWThread 201 | HWThread 202 | HWThread 203 | HWThread 204 | HWThread 205 | HWThread 206 | HWThread 207 | HWThread 208 | HWThread 209 | HWThread 210 | HWThread 211 | HWThread 212 | HWThread 213 | HWThread 214 | HWThread 215 | HWThread 216 | HWThread 217 | HWThread 218 | HWThread 219 | HWThread 220 | HWThread 221 | HWThread 222 | HWThread 223 | HWThread 224 | HWThread 225 | HWThread 226 | HWThread 227 | HWThread 228 | HWThread 229 | HWThread 230 | HWThread 231 | HWThread 232 | HWThread 233 | HWThread 234 | HWThread 235 | HWThread 236 | HWThread 237 | HWThread 238 | HWThread 239 | HWThread 240 | HWThread 241 | HWThread 242 | HWThread 243 | HWThread 244 | HWThread 245 | HWThread 246 | HWThread 247 | HWThread 248 | HWThread 249 | HWThread 250 | HWThread 251 | HWThread 252 | HWThread 253 | HWThread 254 | HWThread 255 |
+----------------------+------------+------------+------------+------------+------------+------------+------------+------------+------------+------------+-------------+-------------+-------------+-------------+-------------+-------------+-------------+-------------+-------------+-------------+-------------+-------------+-------------+-------------+-------------+-------------+-------------+-------------+-------------+-------------+-------------+-------------+-------------+-------------+-------------+-------------+-------------+-------------+-------------+-------------+-------------+-------------+-------------+-------------+-------------+-------------+-------------+-------------+-------------+-------------+-------------+-------------+-------------+-------------+-------------+-------------+-------------+-------------+-------------+-------------+-------------+-------------+-------------+-------------+-------------+-------------+-------------+-------------+-------------+-------------+-------------+-------------+-------------+-------------+-------------+-------------+-------------+-------------+-------------+-------------+-------------+-------------+-------------+-------------+-------------+-------------+-------------+-------------+-------------+-------------+-------------+-------------+-------------+-------------+-------------+-------------+-------------+-------------+-------------+-------------+--------------+--------------+--------------+--------------+--------------+--------------+--------------+--------------+--------------+--------------+--------------+--------------+--------------+--------------+--------------+--------------+--------------+--------------+--------------+--------------+--------------+--------------+--------------+--------------+--------------+--------------+--------------+--------------+--------------+--------------+--------------+--------------+--------------+--------------+--------------+--------------+--------------+--------------+--------------+--------------+--------------+--------------+--------------+--------------+--------------+--------------+--------------+--------------+--------------+--------------+--------------+--------------+--------------+--------------+--------------+--------------+--------------+--------------+--------------+--------------+--------------+--------------+--------------+--------------+--------------+--------------+--------------+--------------+--------------+--------------+--------------+--------------+--------------+--------------+--------------+--------------+--------------+--------------+--------------+--------------+--------------+--------------+--------------+--------------+--------------+--------------+--------------+--------------+--------------+--------------+--------------+--------------+--------------+--------------+--------------+--------------+--------------+--------------+--------------+--------------+--------------+--------------+--------------+--------------+--------------+--------------+--------------+--------------+--------------+--------------+--------------+--------------+--------------+--------------+--------------+--------------+--------------+--------------+--------------+--------------+--------------+--------------+--------------+--------------+--------------+--------------+--------------+--------------+--------------+--------------+--------------+--------------+--------------+--------------+--------------+--------------+--------------+--------------+--------------+--------------+--------------+--------------+--------------+--------------+--------------+--------------+--------------+--------------+--------------+--------------+--------------+--------------+--------------+--------------+--------------+--------------+
|  Runtime (RDTSC) [s] |     1.7183 |     1.7184 |     1.7188 |     1.7229 |     1.7186 |     1.7185 |     1.7184 |     1.7185 |     1.7208 |     1.7189 |      1.7186 |      1.7184 |      1.7219 |      1.7183 |      1.7183 |      1.7187 |      1.7186 |      1.7188 |      1.7184 |      1.7188 |      1.7184 |      1.7188 |      1.7194 |      1.7185 |      1.7184 |      1.7183 |      1.7183 |      1.7184 |      1.7184 |      1.7185 |      1.7185 |      1.7185 |      1.7186 |      1.7183 |      1.7188 |      1.7188 |      1.7188 |      1.7184 |      1.7188 |      1.7186 |      1.7188 |      1.7185 |      1.7194 |      1.7198 |      1.7194 |      1.7183 |      1.7183 |      1.7188 |      1.7185 |      1.7185 |      1.7190 |      1.7183 |      1.7184 |      1.7183 |      1.7184 |      1.7184 |      1.7192 |      1.7183 |      1.7190 |      1.7190 |      1.7187 |      1.7184 |      1.7184 |      1.7187 |      1.7188 |      1.7189 |      1.7184 |      1.7185 |      1.7188 |      1.7183 |      1.7188 |      1.7183 |      1.7184 |      1.7183 |      1.7184 |      1.7183 |      1.7185 |      1.7184 |      1.7183 |      1.7184 |      1.7184 |      1.7183 |      1.7188 |      1.7188 |      1.7188 |      1.7183 |      1.7183 |      1.7187 |      1.7185 |      1.7185 |      1.7186 |      1.7183 |      1.7184 |      1.7185 |      1.7184 |      1.7186 |      1.7183 |      1.7183 |      1.7184 |      1.7184 |       1.7186 |       1.7188 |       1.7183 |       1.7183 |       1.7188 |       1.7188 |       1.7188 |       1.7188 |       1.7188 |       1.7183 |       1.7188 |       1.7183 |       1.7184 |       1.7188 |       1.7183 |       1.7184 |       1.7185 |       1.7184 |       1.7185 |       1.7183 |       1.7183 |       1.7183 |       1.7184 |       1.7188 |       1.7184 |       1.7189 |       1.7189 |       1.7189 |       1.7187 |       1.7188 |       1.7184 |       1.7189 |       1.7188 |       1.7188 |       1.7188 |       1.7187 |       1.7184 |       1.7185 |       1.7184 |       1.7184 |       1.7184 |       1.7183 |       1.7187 |       1.7187 |       1.7185 |       1.7185 |       1.7183 |       1.7186 |       1.7183 |       1.7187 |       1.7185 |       1.7183 |       1.7188 |       1.7186 |       1.7185 |       1.7186 |       1.7188 |       1.7188 |       1.7186 |       1.7188 |       1.7188 |       1.7185 |       1.7188 |       1.7185 |       1.7190 |       1.7184 |       1.7189 |       1.7188 |       1.7225 |       1.7187 |       1.7225 |       1.7195 |       1.7198 |       1.7194 |       1.7188 |       1.7195 |       1.7188 |       1.7188 |       1.7188 |       1.7188 |       1.7188 |       1.7188 |       1.7188 |       1.7188 |       1.7186 |       1.7184 |       1.7185 |       1.7188 |       1.7185 |       1.7186 |       1.7186 |       1.7186 |       1.7186 |       1.7188 |       1.7194 |       1.7186 |       1.7185 |       1.7194 |       1.7188 |       1.7183 |       1.7183 |       1.7220 |       1.7220 |       1.7184 |       1.7188 |       1.7188 |       1.7188 |       1.7188 |       1.7193 |       1.7183 |       1.7185 |       1.7185 |       1.7185 |       1.7186 |       1.7184 |       1.7205 |       1.7183 |       1.7183 |       1.7188 |       1.7188 |       1.7186 |       1.7188 |       1.7183 |       1.7188 |       1.7183 |       1.7220 |       1.7186 |       1.7183 |       1.7188 |       1.7188 |       1.7217 |       1.7187 |       1.7184 |       1.7185 |       1.7184 |       1.7184 |       1.7184 |       1.7184 |       1.7183 |       1.7184 |       1.7195 |       1.7184 |       1.7229 |       1.7185 |       1.7199 |       1.7198 |       1.7225 |       1.7188 |       1.7188 |       1.7188 |       1.7184 |       1.7184 |       1.7184 |       1.7188 |       1.7189 |       1.7188 |
| Runtime unhalted [s] |     1.5414 |     1.5419 |     1.5418 |     1.5423 |     1.5413 |     1.5415 |     1.5417 |     1.5415 |     1.5375 |     1.5373 |      1.5367 |      1.5369 |      1.5376 |      1.5368 |      1.5368 |      1.5371 |      1.5484 |      1.5490 |      1.5486 |      1.5492 |      1.5486 |      1.5491 |      1.5494 |      1.5483 |      1.5421 |      1.5423 |      1.5422 |      1.5423 |      1.5422 |      1.5422 |      1.5422 |      1.5419 |      1.5341 |      1.5349 |      1.5346 |      1.5346 |      1.5347 |      1.5349 |      1.5346 |      1.5340 |      1.5415 |      1.5412 |      1.5416 |      1.5418 |      1.5419 |      1.5415 |      1.5410 |      1.5419 |      1.5401 |      1.5394 |      1.5407 |      1.5396 |      1.5395 |      1.5396 |      1.5396 |      1.5396 |      1.5396 |      1.5392 |      1.5398 |      1.5395 |      1.5393 |      1.5391 |      1.5390 |      1.5394 |      1.5388 |      1.5389 |      1.5378 |      1.5384 |      1.5383 |      1.5386 |      1.5391 |      1.5379 |      1.5396 |      1.5398 |      1.5399 |      1.5399 |      1.5400 |      1.5400 |      1.5399 |      1.5399 |      1.5403 |      1.5403 |      1.5407 |      1.5407 |      1.5414 |      1.5402 |      1.5402 |      1.5406 |      1.5396 |      1.5393 |      1.5395 |      1.5403 |      1.5403 |      1.5394 |      1.5393 |      1.5393 |      1.5443 |      1.5443 |      1.5443 |      1.5444 |       1.5442 |       1.5447 |       1.5438 |       1.5442 |       1.5440 |       1.5442 |       1.5446 |       1.5443 |       1.5441 |       1.5440 |       1.5446 |       1.5439 |       1.5435 |       1.5442 |       1.5435 |       1.5437 |       1.5436 |       1.5435 |       1.5433 |       1.5437 |       1.5397 |       1.5397 |       1.5399 |       1.5409 |       1.5397 |       1.5402 |       1.5402 |       1.5405 |       1.5368 |       1.5364 |       1.5370 |       1.5376 |       1.5373 |       1.5373 |       1.5373 |       1.5365 |       1.5474 |       1.5472 |       1.5474 |       1.5479 |       1.5473 |       1.5474 |       1.5480 |       1.5482 |       1.5502 |       1.5501 |       1.5503 |       1.5503 |       1.5501 |       1.5506 |       1.5502 |       1.5505 |       1.5459 |       1.5459 |       1.5459 |       1.5459 |       1.5464 |       1.5459 |       1.5454 |       1.5459 |       1.5405 |       1.5398 |       1.5404 |       1.5398 |       1.5406 |       1.5400 |       1.5404 |       1.5405 |       1.5453 |       1.5450 |       1.5447 |       1.5449 |       1.5445 |       1.5445 |       1.5443 |       1.5451 |       1.5433 |       1.5431 |       1.5431 |       1.5433 |       1.5433 |       1.5433 |       1.5432 |       1.5431 |       1.5460 |       1.5465 |       1.5460 |       1.5470 |       1.5468 |       1.5466 |       1.5464 |       1.5466 |       1.5386 |       1.5390 |       1.5393 |       1.5389 |       1.5390 |       1.5393 |       1.5393 |       1.5389 |       1.5397 |       1.5408 |       1.5405 |       1.5398 |       1.5404 |       1.5402 |       1.5405 |       1.5402 |       1.5539 |       1.5528 |       1.5528 |       1.5529 |       1.5527 |       1.5532 |       1.5527 |       1.5534 |       1.5437 |       1.5437 |       1.5440 |       1.5442 |       1.5437 |       1.5439 |       1.5437 |       1.5439 |       1.5521 |       1.5532 |       1.5521 |       1.5521 |       1.5527 |       1.5527 |       1.5530 |       1.5525 |       1.5388 |       1.5383 |       1.5385 |       1.5385 |       1.5390 |       1.5385 |       1.5385 |       1.5384 |       1.5440 |       1.5432 |       1.5440 |       1.5436 |       1.5441 |       1.5438 |       1.5445 |       1.5439 |       1.5453 |       1.5453 |       1.5448 |       1.5451 |       1.5452 |       1.5453 |       1.5447 |       1.5450 |
|      Clock [MHz]     |  2412.4882 |  2412.8846 |  2412.7928 |  2412.0538 |  2413.0754 |  2412.9170 |  2413.0897 |  2413.5473 |  2403.7760 |  2404.6183 |   2404.2289 |   2404.7106 |   2403.7593 |   2404.7275 |   2404.2335 |   2404.4671 |   2422.6582 |   2422.9972 |   2423.5371 |   2423.5159 |   2423.5470 |   2423.4570 |   2422.9540 |   2422.6220 |   2413.0295 |   2413.0531 |   2413.4985 |   2413.5134 |   2413.4704 |   2413.0275 |   2413.0333 |   2412.5660 |   2401.2519 |   2402.1154 |   2402.4152 |   2401.9843 |   2401.6834 |   2401.5935 |   2401.4412 |   2402.0719 |   2412.1114 |   2412.2493 |   2411.5874 |   2411.2553 |   2411.5407 |   2412.5027 |   2411.7460 |   2411.9735 |   2409.8496 |   2409.5520 |   2409.7077 |   2410.0277 |   2409.7413 |   2409.9774 |   2409.9495 |   2409.9365 |   2407.4668 |   2409.0431 |   2408.6055 |   2408.1400 |   2408.0940 |   2408.2227 |   2408.2752 |   2408.0732 |   2407.3378 |   2407.3227 |   2408.2028 |   2407.3938 |   2408.1082 |   2407.9097 |   2407.7958 |   2406.9567 |   2410.8624 |   2411.4362 |   2411.3551 |   2410.1763 |   2411.3671 |   2410.3557 |   2410.2631 |   2410.3199 |   2411.9343 |   2411.9415 |   2411.7866 |   2411.8849 |   2411.0000 |   2411.8884 |   2411.8927 |   2411.6827 |   2409.9444 |   2410.8629 |   2410.7390 |   2410.4410 |   2410.3508 |   2410.2282 |   2410.8502 |   2410.3310 |   2416.4215 |   2416.1980 |   2416.8686 |   2416.9238 |    2415.9529 |    2416.3382 |    2416.1628 |    2416.4252 |    2416.0694 |    2416.3306 |    2416.4227 |    2415.9635 |    2416.1324 |    2415.5224 |    2416.3467 |    2415.5147 |    2415.2698 |    2415.6931 |    2415.2980 |    2415.7987 |    2415.3541 |    2415.2669 |    2414.8143 |    2415.8198 |    2411.1671 |    2411.0446 |    2410.3677 |    2410.7428 |    2411.1789 |    2411.0912 |    2411.1113 |    2410.4748 |    2404.9344 |    2405.7266 |    2405.3752 |    2405.3526 |    2404.8054 |    2404.8752 |    2404.8292 |    2405.7134 |    2422.1308 |    2421.6909 |    2422.1855 |    2422.4366 |    2422.0774 |    2422.2537 |    2421.5023 |    2421.7937 |    2425.5125 |    2425.8162 |    2425.5018 |    2425.5215 |    2425.5086 |    2425.5209 |    2425.5166 |    2426.4870 |    2419.1024 |    2418.5654 |    2419.0853 |    2418.5828 |    2419.0474 |    2419.1066 |    2418.6882 |    2419.0892 |    2410.5301 |    2410.2075 |    2410.3401 |    2410.1958 |    2410.4651 |    2410.6157 |    2410.3356 |    2410.5925 |    2416.0082 |    2417.1339 |    2415.6758 |    2415.6232 |    2415.7492 |    2415.9700 |    2416.6027 |    2416.1295 |    2414.0960 |    2414.5906 |    2414.5635 |    2414.0870 |    2414.1420 |    2414.1441 |    2414.5851 |    2414.6192 |    2419.7604 |    2420.0446 |    2419.8126 |    2419.9031 |    2420.0335 |    2419.5648 |    2419.5845 |    2420.0559 |    2407.2943 |    2407.5855 |    2406.9143 |    2407.7566 |    2408.2399 |    2406.9315 |    2407.8698 |    2408.2584 |    2409.5117 |    2409.0010 |    2408.5046 |    2409.4886 |    2409.8242 |    2409.4192 |    2409.8721 |    2409.3621 |    2429.6543 |    2430.2364 |    2430.5695 |    2430.7249 |    2430.6361 |    2430.5205 |    2430.6035 |    2429.6540 |    2415.3373 |    2415.8625 |    2415.2332 |    2415.6821 |    2415.3388 |    2415.1889 |    2415.3394 |    2415.2132 |    2428.8557 |    2428.4368 |    2428.3814 |    2428.4263 |    2428.7833 |    2428.7854 |    2427.9316 |    2428.6463 |    2407.9735 |    2407.6912 |    2408.1396 |    2408.1407 |    2408.4292 |    2408.1440 |    2408.1458 |    2408.0894 |    2414.4932 |    2415.4874 |    2414.4911 |    2415.2756 |    2414.4126 |    2414.6116 |    2414.7830 |    2415.1965 |    2417.3275 |    2417.3020 |    2417.8740 |    2417.8720 |    2417.3770 |    2417.3502 |    2418.2050 |    2417.5249 |
|          CPI         |     0.3839 |     0.3842 |     0.3842 |     0.3850 |     0.3841 |     0.3841 |     0.3841 |     0.3841 |     0.3832 |     0.3828 |      0.3828 |      0.3827 |      0.3834 |      0.3827 |      0.3827 |      0.3828 |      0.3856 |      0.3857 |      0.3856 |      0.3856 |      0.3855 |      0.3856 |      0.3857 |      0.3856 |      0.3840 |      0.3840 |      0.3840 |      0.3840 |      0.3840 |      0.3840 |      0.3840 |      0.3840 |      0.3825 |      0.3824 |      0.3825 |      0.3824 |      0.3825 |      0.3824 |      0.3824 |      0.3824 |      0.3839 |      0.3839 |      0.3840 |      0.3841 |      0.3840 |      0.3838 |      0.3837 |      0.3839 |      0.3836 |      0.3836 |      0.3836 |      0.3836 |      0.3835 |      0.3835 |      0.3835 |      0.3836 |      0.3833 |      0.3833 |      0.3834 |      0.3834 |      0.3833 |      0.3833 |      0.3832 |      0.3833 |      0.3833 |      0.3833 |      0.3832 |      0.3833 |      0.3833 |      0.3832 |      0.3833 |      0.3832 |      0.3837 |      0.3836 |      0.3837 |      0.3837 |      0.3837 |      0.3837 |      0.3836 |      0.3836 |      0.3838 |      0.3838 |      0.3838 |      0.3839 |      0.3838 |      0.3838 |      0.3837 |      0.3838 |      0.3836 |      0.3836 |      0.3836 |      0.3835 |      0.3836 |      0.3836 |      0.3836 |      0.3836 |      0.3847 |      0.3847 |      0.3847 |      0.3847 |       0.3847 |       0.3848 |       0.3846 |       0.3847 |       0.3846 |       0.3846 |       0.3846 |       0.3846 |       0.3846 |       0.3845 |       0.3846 |       0.3845 |       0.3845 |       0.3845 |       0.3845 |       0.3845 |       0.3845 |       0.3845 |       0.3845 |       0.3845 |       0.3837 |       0.3837 |       0.3837 |       0.3838 |       0.3837 |       0.3838 |       0.3838 |       0.3838 |       0.3826 |       0.3826 |       0.3825 |       0.3826 |       0.3826 |       0.3826 |       0.3826 |       0.3826 |       0.3850 |       0.3851 |       0.3850 |       0.3851 |       0.3850 |       0.3850 |       0.3851 |       0.3851 |       0.3856 |       0.3856 |       0.3856 |       0.3856 |       0.3856 |       0.3857 |       0.3856 |       0.3856 |       0.3847 |       0.3846 |       0.3846 |       0.3846 |       0.3847 |       0.3846 |       0.3846 |       0.3846 |       0.3834 |       0.3834 |       0.3834 |       0.3834 |       0.3834 |       0.3833 |       0.3834 |       0.3834 |       0.3850 |       0.3843 |       0.3850 |       0.3844 |       0.3844 |       0.3844 |       0.3842 |       0.3844 |       0.3840 |       0.3840 |       0.3840 |       0.3840 |       0.3839 |       0.3839 |       0.3839 |       0.3839 |       0.3848 |       0.3848 |       0.3848 |       0.3848 |       0.3848 |       0.3848 |       0.3848 |       0.3848 |       0.3830 |       0.3830 |       0.3831 |       0.3830 |       0.3829 |       0.3831 |       0.3830 |       0.3829 |       0.3831 |       0.3839 |       0.3839 |       0.3832 |       0.3832 |       0.3832 |       0.3832 |       0.3832 |       0.3865 |       0.3863 |       0.3864 |       0.3863 |       0.3863 |       0.3864 |       0.3863 |       0.3867 |       0.3846 |       0.3846 |       0.3846 |       0.3843 |       0.3846 |       0.3846 |       0.3846 |       0.3846 |       0.3860 |       0.3868 |       0.3861 |       0.3861 |       0.3861 |       0.3861 |       0.3867 |       0.3861 |       0.3830 |       0.3830 |       0.3829 |       0.3830 |       0.3830 |       0.3830 |       0.3829 |       0.3829 |       0.3843 |       0.3841 |       0.3849 |       0.3841 |       0.3843 |       0.3843 |       0.3848 |       0.3841 |       0.3844 |       0.3844 |       0.3843 |       0.3843 |       0.3843 |       0.3843 |       0.3844 |       0.3844 |
|     SP [MFLOP/s]     |  4999.0543 |  4998.7401 |  4997.7019 |  4985.6958 |  4998.2835 |  4998.6063 |  4998.7139 |  4998.6412 |  4991.8555 |  4997.4722 |   4998.2689 |   4998.7169 |   4988.6086 |   4999.0427 |   4999.0456 |   4997.8182 |   4998.2689 |   4997.7135 |   4998.8594 |   4997.6408 |   4998.8565 |   4997.7135 |   4995.8213 |   4998.4696 |   4998.7576 |   4999.0339 |   4999.0339 |   4998.8012 |   4998.8012 |   4998.5772 |   4998.5830 |   4998.4754 |   4998.3445 |   4999.0456 |   4997.7338 |   4997.7716 |   4997.7222 |   4998.7372 |   4997.7426 |   4998.2747 |   4997.5245 |   4998.5889 |   4995.8765 |   4994.6855 |   4995.8823 |   4999.0368 |   4999.0427 |   4997.6524 |   4998.5860 |   4998.4783 |   4997.0157 |   4999.0456 |   4998.8012 |   4999.0456 |   4998.6558 |   4998.6819 |   4996.4286 |   4999.0514 |   4997.1175 |   4996.9489 |   4997.8123 |   4998.8332 |   4998.8332 |   4997.8153 |   4997.5797 |   4997.4809 |   4998.8041 |   4998.5191 |   4997.6611 |   4999.0543 |   4997.7135 |   4999.0601 |   4998.8652 |   4999.0485 |   4998.7430 |   4999.0543 |   4998.5918 |   4998.7372 |   4999.0543 |   4998.7459 |   4998.7838 |   4999.0601 |   4997.7077 |   4997.7193 |   4997.7193 |   4999.0514 |   4999.0514 |   4997.8211 |   4998.6470 |   4998.5976 |   4998.2166 |   4999.0543 |   4998.6849 |   4998.5947 |   4998.7547 |   4998.2835 |   4999.0572 |   4999.0398 |   4998.8390 |   4998.7634 |    4998.2835 |    4997.5710 |    4999.0514 |    4999.0456 |    4997.6931 |    4997.7338 |    4997.7048 |    4997.7251 |    4997.5797 |    4999.0456 |    4997.7455 |    4999.0427 |    4998.8303 |    4997.7484 |    4999.0310 |    4998.7488 |    4998.4318 |    4998.7372 |    4998.6325 |    4999.0456 |    4999.0572 |    4999.0485 |    4998.7169 |    4997.5914 |    4998.8332 |    4997.4315 |    4997.3064 |    4997.4431 |    4997.8094 |    4997.7426 |    4998.8245 |    4997.4024 |    4997.7426 |    4997.7455 |    4997.7367 |    4997.8094 |    4998.7343 |    4998.4842 |    4998.8274 |    4998.8332 |    4998.8303 |    4999.0514 |    4997.8211 |    4997.8153 |    4998.4463 |    4998.5045 |    4999.0456 |    4998.2631 |    4999.0398 |    4997.8182 |    4998.5743 |    4999.0281 |    4997.6495 |    4998.2020 |    4998.6412 |    4998.2660 |    4997.6495 |    4997.6466 |    4998.1206 |    4997.5710 |    4997.5070 |    4998.4929 |    4997.6582 |    4998.6267 |    4996.9808 |    4998.8158 |    4997.4780 |    4997.6466 |    4986.9896 |    4997.8269 |    4986.9925 |    4995.5220 |    4994.7348 |    4995.7457 |    4997.7484 |    4995.5511 |    4997.5768 |    4997.5594 |    4997.5507 |    4997.5768 |    4997.5768 |    4997.5797 |    4997.5565 |    4997.5768 |    4998.2631 |    4998.7372 |    4998.4667 |    4997.7455 |    4998.3882 |    4998.2602 |    4998.2602 |    4998.2631 |    4998.2573 |    4997.7513 |    4996.0130 |    4998.2544 |    4998.5743 |    4995.8910 |    4997.6670 |    4999.0310 |    4999.0310 |    4988.3710 |    4988.4927 |    4998.7052 |    4997.5652 |    4997.5739 |    4997.5448 |    4997.5478 |    4996.0973 |    4999.0456 |    4998.6238 |    4998.6325 |    4998.6238 |    4998.3213 |    4998.8507 |    4992.7230 |    4999.0368 |    4999.0339 |    4997.7077 |    4997.7367 |    4998.2544 |    4997.7367 |    4999.0398 |    4997.7367 |    4999.0223 |    4988.3247 |    4998.2544 |    4999.0456 |    4997.5536 |    4997.5536 |    4989.2692 |    4997.8065 |    4998.7285 |    4998.4551 |    4998.6761 |    4998.6703 |    4998.6587 |    4998.6645 |    4999.0456 |    4998.7227 |    4995.5424 |    4998.7227 |    4985.6813 |    4998.6412 |    4994.5577 |    4994.8016 |    4986.9809 |    4997.5536 |    4997.6263 |    4997.6641 |    4998.7343 |    4998.6790 |    4998.7285 |    4997.5681 |    4997.2454 |    4997.6495 |
+----------------------+------------+------------+------------+------------+------------+------------+------------+------------+------------+------------+-------------+-------------+-------------+-------------+-------------+-------------+-------------+-------------+-------------+-------------+-------------+-------------+-------------+-------------+-------------+-------------+-------------+-------------+-------------+-------------+-------------+-------------+-------------+-------------+-------------+-------------+-------------+-------------+-------------+-------------+-------------+-------------+-------------+-------------+-------------+-------------+-------------+-------------+-------------+-------------+-------------+-------------+-------------+-------------+-------------+-------------+-------------+-------------+-------------+-------------+-------------+-------------+-------------+-------------+-------------+-------------+-------------+-------------+-------------+-------------+-------------+-------------+-------------+-------------+-------------+-------------+-------------+-------------+-------------+-------------+-------------+-------------+-------------+-------------+-------------+-------------+-------------+-------------+-------------+-------------+-------------+-------------+-------------+-------------+-------------+-------------+-------------+-------------+-------------+-------------+--------------+--------------+--------------+--------------+--------------+--------------+--------------+--------------+--------------+--------------+--------------+--------------+--------------+--------------+--------------+--------------+--------------+--------------+--------------+--------------+--------------+--------------+--------------+--------------+--------------+--------------+--------------+--------------+--------------+--------------+--------------+--------------+--------------+--------------+--------------+--------------+--------------+--------------+--------------+--------------+--------------+--------------+--------------+--------------+--------------+--------------+--------------+--------------+--------------+--------------+--------------+--------------+--------------+--------------+--------------+--------------+--------------+--------------+--------------+--------------+--------------+--------------+--------------+--------------+--------------+--------------+--------------+--------------+--------------+--------------+--------------+--------------+--------------+--------------+--------------+--------------+--------------+--------------+--------------+--------------+--------------+--------------+--------------+--------------+--------------+--------------+--------------+--------------+--------------+--------------+--------------+--------------+--------------+--------------+--------------+--------------+--------------+--------------+--------------+--------------+--------------+--------------+--------------+--------------+--------------+--------------+--------------+--------------+--------------+--------------+--------------+--------------+--------------+--------------+--------------+--------------+--------------+--------------+--------------+--------------+--------------+--------------+--------------+--------------+--------------+--------------+--------------+--------------+--------------+--------------+--------------+--------------+--------------+--------------+--------------+--------------+--------------+--------------+--------------+--------------+--------------+--------------+--------------+--------------+--------------+--------------+--------------+--------------+--------------+--------------+--------------+--------------+--------------+--------------+--------------+--------------+
+---------------------------+--------------+-----------+-----------+-----------+
|           Metric          |      Sum     |    Min    |    Max    |    Avg    |
+---------------------------+--------------+-----------+-----------+-----------+
|  Runtime (RDTSC) [s] STAT |     440.0084 |    1.7183 |    1.7229 |    1.7188 |
| Runtime unhalted [s] STAT |     394.9405 |    1.5340 |    1.5539 |    1.5427 |
|      Clock [MHz] STAT     |  617991.3531 | 2401.2519 | 2430.7249 | 2414.0287 |
|          CPI STAT         |      98.3324 |    0.3824 |    0.3868 |    0.3841 |
|     SP [MFLOP/s] STAT     | 1.279407e+06 | 4985.6813 | 4999.0601 | 4997.6825 |
+---------------------------+--------------+-----------+-----------+-----------+
