--------------------------------------------------------------------------------
CPU name:	AMD EPYC 9755 128-Core Processor               
CPU type:	AMD K1A (Zen5) architecture
CPU clock:	2.70 GHz
--------------------------------------------------------------------------------
Region bench, Group 1: FLOPS_SP
+-------------------+------------+------------+------------+------------+------------+------------+------------+------------+------------+------------+-------------+-------------+-------------+-------------+-------------+-------------+-------------+-------------+-------------+-------------+-------------+-------------+-------------+-------------+-------------+-------------+-------------+-------------+-------------+-------------+-------------+-------------+-------------+-------------+-------------+-------------+-------------+-------------+-------------+-------------+-------------+-------------+-------------+-------------+-------------+-------------+-------------+-------------+-------------+-------------+-------------+-------------+-------------+-------------+-------------+-------------+-------------+-------------+-------------+-------------+-------------+-------------+-------------+-------------+-------------+-------------+-------------+-------------+-------------+-------------+-------------+-------------+-------------+-------------+-------------+-------------+-------------+-------------+-------------+-------------+-------------+-------------+-------------+-------------+-------------+-------------+-------------+-------------+-------------+-------------+-------------+-------------+-------------+-------------+-------------+-------------+-------------+-------------+-------------+-------------+--------------+--------------+--------------+--------------+--------------+--------------+--------------+--------------+--------------+--------------+--------------+--------------+--------------+--------------+--------------+--------------+--------------+--------------+--------------+--------------+--------------+--------------+--------------+--------------+--------------+--------------+--------------+--------------+--------------+--------------+--------------+--------------+--------------+--------------+--------------+--------------+--------------+--------------+--------------+--------------+--------------+--------------+--------------+--------------+--------------+--------------+--------------+--------------+--------------+--------------+--------------+--------------+--------------+--------------+--------------+--------------+--------------+--------------+--------------+--------------+--------------+--------------+--------------+--------------+--------------+--------------+--------------+--------------+--------------+--------------+--------------+--------------+--------------+--------------+--------------+--------------+--------------+--------------+--------------+--------------+--------------+--------------+--------------+--------------+--------------+--------------+--------------+--------------+--------------+--------------+--------------+--------------+--------------+--------------+--------------+--------------+--------------+--------------+--------------+--------------+--------------+--------------+--------------+--------------+--------------+--------------+--------------+--------------+--------------+--------------+--------------+--------------+--------------+--------------+--------------+--------------+--------------+--------------+--------------+--------------+--------------+--------------+--------------+--------------+--------------+--------------+--------------+--------------+--------------+--------------+--------------+--------------+--------------+--------------+--------------+--------------+--------------+--------------+--------------+--------------+--------------+--------------+--------------+--------------+--------------+--------------+--------------+--------------+--------------+--------------+--------------+--------------+--------------+--------------+--------------+--------------+
|    Region Info    | HWThread 0 | HWThread 1 | HWThread 2 | HWThread 3 | HWThread 4 | HWThread 5 | HWThread 6 | HWThread 7 | HWThread 8 | HWThread 9 | HWThread 10 | HWThread 11 | HWThread 12 | HWThread 13 | HWThread 14 | HWThread 15 | HWThread 16 | HWThread 17 | HWThread 18 | HWThread 19 | HWThread 20 | HWThread 21 | HWThread 22 | HWThread 23 | HWThread 24 | HWThread 25 | HWThread 26 | HWThread 27 | HWThread 28 | HWThread 29 | HWThread 30 | HWThread 31 | HWThread 32 | HWThread 33 | HWThread 34 | HWThread 35 | HWThread 36 | HWThread 37 | HWThread 38 | HWThread 39 | HWThread 40 | HWThread 41 | HWThread 42 | HWThread 43 | HWThread 44 | HWThread 45 | HWThread 46 | HWThread 47 | HWThread 48 | HWThread 49 | HWThread 50 | HWThread 51 | HWThread 52 | HWThread 53 | HWThread 54 | HWThread 55 | HWThread 56 | HWThread 57 | HWThread 58 | HWThread 59 | HWThread 60 | HWThread 61 | HWThread 62 | HWThread 63 | HWThread 64 | HWThread 65 | HWThread 66 | HWThread 67 | HWThread 68 | HWThread 69 | HWThread 70 | HWThread 71 | HWThread 72 | HWThread 73 | HWThread 74 | HWThread 75 | HWThread 76 | HWThread 77 | HWThread 78 | HWThread 79 | HWThread 80 | HWThread 81 | HWThread 82 | HWThread 83 | HWThread 84 | HWThread 85 | HWThread 86 | HWThread 87 | HWThread 88 | HWThread 89 | HWThread 90 | HWThread 91 | HWThread 92 | HWThread 93 | HWThread 94 | HWThread 95 | HWThread 96 | HWThread 97 | HWThread 98 | HWThread 99 | HWThread 100 | HWThread 101 | HWThread 102 | HWThread 103 | HWThread 104 | HWThread 105 | HWThread 106 | HWThread 107 | HWThread 108 | HWThread 109 | HWThread 110 | HWThread 111 | HWThread 112 | HWThread 113 | HWThread 114 | HWThread 115 | HWThread 116 | HWThread 117 | HWThread 118 | HWThread 119 | HWThread 120 | HWThread 121 | HWThread 122 | HWThread 123 | HWThread 124 | HWThread 125 | HWThread 126 | HWThread 127 | HWThread 128 | HWThread 129 | HWThread 130 | HWThread 131 | HWThread 132 | HWThread 133 | HWThread 134 | HWThread 135 | HWThread 136 | HWThread 137 | HWThread 138 | HWThread 139 | HWThread 140 | HWThread 141 | HWThread 142 | HWThread 143 | HWThread 144 | HWThread 145 | HWThread 146 | HWThread 147 | HWThread 148 | HWThread 149 | HWThread 150 | HWThread 151 | HWThread 152 | HWThread 153 | HWThread 154 | HWThread 155 | HWThread 156 | HWThread 157 | HWThread 158 | HWThread 159 | HWThread 160 | HWThread 161 | HWThread 162 | HWThread 163 | HWThread 164 | HWThread 165 | HWThread 166 | HWThread 167 | HWThread 168 | HWThread 169 | HWThread 170 | HWThread 171 | HWThread 172 | HWThread 173 | HWThread 174 | HWThread 175 | HWThread 176 | HWThread 177 | HWThread 178 | HWThread 179 | HWThread 180 | HWThread 181 | HWThread 182 | HWThread 183 | HWThread 184 | HWThread 185 | HWThread 186 | HWThread 187 | HWThread 188 | HWThread 189 | HWThread 190 | HWThread 191 | HWThread 192 | HWThread 193 | HWThread 194 | HWThread 195 | HWThread 196 | HWThread 197 | HWThread 198 | HWThread 199 | HWThread 200 | HWThread 201 | HWThread 202 | HWThread 203 | HWThread 204 | HWThread 205 | HWThread 206 | HWThread 207 | HWThread 208 | HWThread 209 | HWThread 210 | HWThread 211 | HWThread 212 | HWThread 213 | HWThread 214 | HWThread 215 | HWThread 216 | HWThread 217 | HWThread 218 | HWThread 219 | HWThread 220 | HWThread 221 | HWThread 222 | HWThread 223 | HWThread 224 | HWThread 225 | HWThread 226 | HWThread 227 | HWThread 228 | HWThread 229 | HWThread 230 | HWThread 231 | HWThread 232 | HWThread 233 | HWThread 234 | HWThread 235 | HWThread 236 | HWThread 237 | HWThread 238 | HWThread 239 | HWThread 240 | HWThread 241 | HWThread 242 | HWThread 243 | HWThread 244 | HWThread 245 | HWThread 246 | HWThread 247 | HWThread 248 | HWThread 249 | HWThread 250 | HWThread 251 | HWThread 252 | HWThread 253 | HWThread 254 | HWThread 255 |
+-------------------+------------+------------+------------+------------+------------+------------+------------+------------+------------+------------+-------------+-------------+-------------+-------------+-------------+-------------+-------------+-------------+-------------+-------------+-------------+-------------+-------------+-------------+-------------+-------------+-------------+-------------+-------------+-------------+-------------+-------------+-------------+-------------+-------------+-------------+-------------+-------------+-------------+-------------+-------------+-------------+-------------+-------------+-------------+-------------+-------------+-------------+-------------+-------------+-------------+-------------+-------------+-------------+-------------+-------------+-------------+-------------+-------------+-------------+-------------+-------------+-------------+-------------+-------------+-------------+-------------+-------------+-------------+-------------+-------------+-------------+-------------+-------------+-------------+-------------+-------------+-------------+-------------+-------------+-------------+-------------+-------------+-------------+-------------+-------------+-------------+-------------+-------------+-------------+-------------+-------------+-------------+-------------+-------------+-------------+-------------+-------------+-------------+-------------+--------------+--------------+--------------+--------------+--------------+--------------+--------------+--------------+--------------+--------------+--------------+--------------+--------------+--------------+--------------+--------------+--------------+--------------+--------------+--------------+--------------+--------------+--------------+--------------+--------------+--------------+--------------+--------------+--------------+--------------+--------------+--------------+--------------+--------------+--------------+--------------+--------------+--------------+--------------+--------------+--------------+--------------+--------------+--------------+--------------+--------------+--------------+--------------+--------------+--------------+--------------+--------------+--------------+--------------+--------------+--------------+--------------+--------------+--------------+--------------+--------------+--------------+--------------+--------------+--------------+--------------+--------------+--------------+--------------+--------------+--------------+--------------+--------------+--------------+--------------+--------------+--------------+--------------+--------------+--------------+--------------+--------------+--------------+--------------+--------------+--------------+--------------+--------------+--------------+--------------+--------------+--------------+--------------+--------------+--------------+--------------+--------------+--------------+--------------+--------------+--------------+--------------+--------------+--------------+--------------+--------------+--------------+--------------+--------------+--------------+--------------+--------------+--------------+--------------+--------------+--------------+--------------+--------------+--------------+--------------+--------------+--------------+--------------+--------------+--------------+--------------+--------------+--------------+--------------+--------------+--------------+--------------+--------------+--------------+--------------+--------------+--------------+--------------+--------------+--------------+--------------+--------------+--------------+--------------+--------------+--------------+--------------+--------------+--------------+--------------+--------------+--------------+--------------+--------------+--------------+--------------+
| RDTSC Runtime [s] |   1.717191 |   1.717697 |   1.717682 |   1.718292 |   1.718711 |   1.717642 |   1.717641 |   1.717195 |   1.717512 |   1.721826 |    1.717531 |    1.717900 |    1.717475 |    1.717194 |    1.721822 |    1.717478 |    1.717674 |    1.717587 |    1.717111 |    1.717493 |    1.717092 |    1.717200 |    1.717080 |    1.717112 |    1.717916 |    1.717533 |    1.717654 |    1.717163 |    1.717083 |    1.717519 |    1.717159 |    1.717118 |    1.717078 |    1.717079 |    1.717289 |    1.717287 |    1.717158 |    1.717506 |    1.717110 |    1.717507 |    1.717078 |    1.717078 |    1.717190 |    1.719087 |    1.717083 |    1.717080 |    1.717165 |    1.717183 |    1.717491 |    1.717081 |    1.717682 |    1.721828 |    1.717187 |    1.717972 |    1.721901 |    1.721828 |    1.717161 |    1.717188 |    1.717284 |    1.717112 |    1.717216 |    1.717082 |    1.717315 |    1.717650 |    1.717938 |    1.717603 |    1.717469 |    1.717433 |    1.717646 |    1.717192 |    1.717658 |    1.717435 |    1.717667 |    1.717659 |    1.717077 |    1.717213 |    1.717080 |    1.717640 |    1.717640 |    1.717641 |    1.717196 |    1.717678 |    1.717334 |    1.717669 |    1.717670 |    1.717111 |    1.717167 |    1.717085 |    1.717082 |    1.717654 |    1.717680 |    1.717175 |    1.717675 |    1.717659 |    1.717197 |    1.717435 |    1.717159 |    1.717446 |    1.717434 |    1.717108 |     1.717515 |     1.717463 |     1.717544 |     1.717489 |     1.717449 |     1.717478 |     1.717538 |     1.717566 |     1.717642 |     1.717931 |     1.717318 |     1.717676 |     1.717543 |     1.717109 |     1.717283 |     1.717076 |     1.717550 |     1.717166 |     1.717184 |     1.717077 |     1.717080 |     1.717647 |     1.717554 |     1.717565 |     1.717278 |     1.717168 |     1.717080 |     1.717189 |     1.717643 |     1.717899 |     1.717534 |     1.717302 |     1.717595 |     1.717281 |     1.717279 |     1.717561 |     1.717135 |     1.717693 |     1.717658 |     1.717469 |     1.717143 |     1.717693 |     1.717342 |     1.717695 |     1.717488 |     1.717896 |     1.717412 |     1.717538 |     1.717148 |     1.717569 |     1.717151 |     1.717461 |     1.718189 |     1.717261 |     1.717930 |     1.718852 |     1.718272 |     1.717930 |     1.718175 |     1.717171 |     1.717474 |     1.717549 |     1.717488 |     1.717514 |     1.717508 |     1.717414 |     1.717501 |     1.717414 |     1.717072 |     1.717514 |     1.717907 |     1.717526 |     1.717907 |     1.717187 |     1.717524 |     1.717497 |     1.717104 |     1.717106 |     1.717675 |     1.717154 |     1.717187 |     1.717154 |     1.717674 |     1.717649 |     1.717152 |     1.717470 |     1.717156 |     1.717073 |     1.717181 |     1.717672 |     1.717696 |     1.717413 |     1.717115 |     1.717474 |     1.717673 |     1.717704 |     1.717648 |     1.717651 |     1.717673 |     1.717102 |     1.717083 |     1.717639 |     1.717190 |     1.717634 |     1.717189 |     1.717077 |     1.717190 |     1.717077 |     1.717533 |     1.717430 |     1.717684 |     1.717285 |     1.717081 |     1.717432 |     1.717670 |     1.717170 |     1.717715 |     1.717523 |     1.717637 |     1.717157 |     1.717278 |     1.717632 |     1.717533 |     1.717157 |     1.717414 |     1.721819 |     1.717431 |     1.717462 |     1.717155 |     1.717525 |     1.721621 |     1.717468 |     1.717678 |     1.717305 |     1.717967 |     1.717314 |     1.717671 |     1.717288 |     1.717159 |     1.717691 |     1.717343 |     1.717561 |     1.717896 |     1.717443 |     1.717440 |     1.717284 |     1.717471 |     1.717201 |     1.717075 |     1.717634 |     1.717156 |     1.718650 |     1.717643 |     1.717195 |     1.721220 |     1.717105 |
|     call count    |          1 |          1 |          1 |          1 |          1 |          1 |          1 |          1 |          1 |          1 |           1 |           1 |           1 |           1 |           1 |           1 |           1 |           1 |           1 |           1 |           1 |           1 |           1 |           1 |           1 |           1 |           1 |           1 |           1 |           1 |           1 |           1 |           1 |           1 |           1 |           1 |           1 |           1 |           1 |           1 |           1 |           1 |           1 |           1 |           1 |           1 |           1 |           1 |           1 |           1 |           1 |           1 |           1 |           1 |           1 |           1 |           1 |           1 |           1 |           1 |           1 |           1 |           1 |           1 |           1 |           1 |           1 |           1 |           1 |           1 |           1 |           1 |           1 |           1 |           1 |           1 |           1 |           1 |           1 |           1 |           1 |           1 |           1 |           1 |           1 |           1 |           1 |           1 |           1 |           1 |           1 |           1 |           1 |           1 |           1 |           1 |           1 |           1 |           1 |           1 |            1 |            1 |            1 |            1 |            1 |            1 |            1 |            1 |            1 |            1 |            1 |            1 |            1 |            1 |            1 |            1 |            1 |            1 |            1 |            1 |            1 |            1 |            1 |            1 |            1 |            1 |            1 |            1 |            1 |            1 |            1 |            1 |            1 |            1 |            1 |            1 |            1 |            1 |            1 |            1 |            1 |            1 |            1 |            1 |            1 |            1 |            1 |            1 |            1 |            1 |            1 |            1 |            1 |            1 |            1 |            1 |            1 |            1 |            1 |            1 |            1 |            1 |            1 |            1 |            1 |            1 |            1 |            1 |            1 |            1 |            1 |            1 |            1 |            1 |            1 |            1 |            1 |            1 |            1 |            1 |            1 |            1 |            1 |            1 |            1 |            1 |            1 |            1 |            1 |            1 |            1 |            1 |            1 |            1 |            1 |            1 |            1 |            1 |            1 |            1 |            1 |            1 |            1 |            1 |            1 |            1 |            1 |            1 |            1 |            1 |            1 |            1 |            1 |            1 |            1 |            1 |            1 |            1 |            1 |            1 |            1 |            1 |            1 |            1 |            1 |            1 |            1 |            1 |            1 |            1 |            1 |            1 |            1 |            1 |            1 |            1 |            1 |            1 |            1 |            1 |            1 |            1 |            1 |            1 |            1 |            1 |            1 |            1 |            1 |            1 |            1 |            1 |            1 |            1 |            1 |            1 |
+-------------------+------------+------------+------------+------------+------------+------------+------------+------------+------------+------------+-------------+-------------+-------------+-------------+-------------+-------------+-------------+-------------+-------------+-------------+-------------+-------------+-------------+-------------+-------------+-------------+-------------+-------------+-------------+-------------+-------------+-------------+-------------+-------------+-------------+-------------+-------------+-------------+-------------+-------------+-------------+-------------+-------------+-------------+-------------+-------------+-------------+-------------+-------------+-------------+-------------+-------------+-------------+-------------+-------------+-------------+-------------+-------------+-------------+-------------+-------------+-------------+-------------+-------------+-------------+-------------+-------------+-------------+-------------+-------------+-------------+-------------+-------------+-------------+-------------+-------------+-------------+-------------+-------------+-------------+-------------+-------------+-------------+-------------+-------------+-------------+-------------+-------------+-------------+-------------+-------------+-------------+-------------+-------------+-------------+-------------+-------------+-------------+-------------+-------------+--------------+--------------+--------------+--------------+--------------+--------------+--------------+--------------+--------------+--------------+--------------+--------------+--------------+--------------+--------------+--------------+--------------+--------------+--------------+--------------+--------------+--------------+--------------+--------------+--------------+--------------+--------------+--------------+--------------+--------------+--------------+--------------+--------------+--------------+--------------+--------------+--------------+--------------+--------------+--------------+--------------+--------------+--------------+--------------+--------------+--------------+--------------+--------------+--------------+--------------+--------------+--------------+--------------+--------------+--------------+--------------+--------------+--------------+--------------+--------------+--------------+--------------+--------------+--------------+--------------+--------------+--------------+--------------+--------------+--------------+--------------+--------------+--------------+--------------+--------------+--------------+--------------+--------------+--------------+--------------+--------------+--------------+--------------+--------------+--------------+--------------+--------------+--------------+--------------+--------------+--------------+--------------+--------------+--------------+--------------+--------------+--------------+--------------+--------------+--------------+--------------+--------------+--------------+--------------+--------------+--------------+--------------+--------------+--------------+--------------+--------------+--------------+--------------+--------------+--------------+--------------+--------------+--------------+--------------+--------------+--------------+--------------+--------------+--------------+--------------+--------------+--------------+--------------+--------------+--------------+--------------+--------------+--------------+--------------+--------------+--------------+--------------+--------------+--------------+--------------+--------------+--------------+--------------+--------------+--------------+--------------+--------------+--------------+--------------+--------------+--------------+--------------+--------------+--------------+--------------+--------------+
+-------------------------------------+---------+-------------+-------------+-------------+-------------+-------------+-------------+-------------+-------------+-------------+-------------+-------------+-------------+-------------+-------------+-------------+-------------+-------------+-------------+-------------+-------------+-------------+-------------+-------------+-------------+-------------+-------------+-------------+-------------+-------------+-------------+-------------+-------------+-------------+-------------+-------------+-------------+-------------+-------------+-------------+-------------+-------------+-------------+-------------+-------------+-------------+-------------+-------------+-------------+-------------+-------------+-------------+-------------+-------------+-------------+-------------+-------------+-------------+-------------+-------------+-------------+-------------+-------------+-------------+-------------+-------------+-------------+-------------+-------------+-------------+-------------+-------------+-------------+-------------+-------------+-------------+-------------+-------------+-------------+-------------+-------------+-------------+-------------+-------------+-------------+-------------+-------------+-------------+-------------+-------------+-------------+-------------+-------------+-------------+-------------+-------------+-------------+-------------+-------------+-------------+-------------+--------------+--------------+--------------+--------------+--------------+--------------+--------------+--------------+--------------+--------------+--------------+--------------+--------------+--------------+--------------+--------------+--------------+--------------+--------------+--------------+--------------+--------------+--------------+--------------+--------------+--------------+--------------+--------------+--------------+--------------+--------------+--------------+--------------+--------------+--------------+--------------+--------------+--------------+--------------+--------------+--------------+--------------+--------------+--------------+--------------+--------------+--------------+--------------+--------------+--------------+--------------+--------------+--------------+--------------+--------------+--------------+--------------+--------------+--------------+--------------+--------------+--------------+--------------+--------------+--------------+--------------+--------------+--------------+--------------+--------------+--------------+--------------+--------------+--------------+--------------+--------------+--------------+--------------+--------------+--------------+--------------+--------------+--------------+--------------+--------------+--------------+--------------+--------------+--------------+--------------+--------------+--------------+--------------+--------------+--------------+--------------+--------------+--------------+--------------+--------------+--------------+--------------+--------------+--------------+--------------+--------------+--------------+--------------+--------------+--------------+--------------+--------------+--------------+--------------+--------------+--------------+--------------+--------------+--------------+--------------+--------------+--------------+--------------+--------------+--------------+--------------+--------------+--------------+--------------+--------------+--------------+--------------+--------------+--------------+--------------+--------------+--------------+--------------+--------------+--------------+--------------+--------------+--------------+--------------+--------------+--------------+--------------+--------------+--------------+--------------+--------------+--------------+--------------+--------------+--------------+--------------+
|                Event                | Counter |  HWThread 0 |  HWThread 1 |  HWThread 2 |  HWThread 3 |  HWThread 4 |  HWThread 5 |  HWThread 6 |  HWThread 7 |  HWThread 8 |  HWThread 9 | HWThread 10 | HWThread 11 | HWThread 12 | HWThread 13 | HWThread 14 | HWThread 15 | HWThread 16 | HWThread 17 | HWThread 18 | HWThread 19 | HWThread 20 | HWThread 21 | HWThread 22 | HWThread 23 | HWThread 24 | HWThread 25 | HWThread 26 | HWThread 27 | HWThread 28 | HWThread 29 | HWThread 30 | HWThread 31 | HWThread 32 | HWThread 33 | HWThread 34 | HWThread 35 | HWThread 36 | HWThread 37 | HWThread 38 | HWThread 39 | HWThread 40 | HWThread 41 | HWThread 42 | HWThread 43 | HWThread 44 | HWThread 45 | HWThread 46 | HWThread 47 | HWThread 48 | HWThread 49 | HWThread 50 | HWThread 51 | HWThread 52 | HWThread 53 | HWThread 54 | HWThread 55 | HWThread 56 | HWThread 57 | HWThread 58 | HWThread 59 | HWThread 60 | HWThread 61 | HWThread 62 | HWThread 63 | HWThread 64 | HWThread 65 | HWThread 66 | HWThread 67 | HWThread 68 | HWThread 69 | HWThread 70 | HWThread 71 | HWThread 72 | HWThread 73 | HWThread 74 | HWThread 75 | HWThread 76 | HWThread 77 | HWThread 78 | HWThread 79 | HWThread 80 | HWThread 81 | HWThread 82 | HWThread 83 | HWThread 84 | HWThread 85 | HWThread 86 | HWThread 87 | HWThread 88 | HWThread 89 | HWThread 90 | HWThread 91 | HWThread 92 | HWThread 93 | HWThread 94 | HWThread 95 | HWThread 96 | HWThread 97 | HWThread 98 | HWThread 99 | HWThread 100 | HWThread 101 | HWThread 102 | HWThread 103 | HWThread 104 | HWThread 105 | HWThread 106 | HWThread 107 | HWThread 108 | HWThread 109 | HWThread 110 | HWThread 111 | HWThread 112 | HWThread 113 | HWThread 114 | HWThread 115 | HWThread 116 | HWThread 117 | HWThread 118 | HWThread 119 | HWThread 120 | HWThread 121 | HWThread 122 | HWThread 123 | HWThread 124 | HWThread 125 | HWThread 126 | HWThread 127 | HWThread 128 | HWThread 129 | HWThread 130 | HWThread 131 | HWThread 132 | HWThread 133 | HWThread 134 | HWThread 135 | HWThread 136 | HWThread 137 | HWThread 138 | HWThread 139 | HWThread 140 | HWThread 141 | HWThread 142 | HWThread 143 | HWThread 144 | HWThread 145 | HWThread 146 | HWThread 147 | HWThread 148 | HWThread 149 | HWThread 150 | HWThread 151 | HWThread 152 | HWThread 153 | HWThread 154 | HWThread 155 | HWThread 156 | HWThread 157 | HWThread 158 | HWThread 159 | HWThread 160 | HWThread 161 | HWThread 162 | HWThread 163 | HWThread 164 | HWThread 165 | HWThread 166 | HWThread 167 | HWThread 168 | HWThread 169 | HWThread 170 | HWThread 171 | HWThread 172 | HWThread 173 | HWThread 174 | HWThread 175 | HWThread 176 | HWThread 177 | HWThread 178 | HWThread 179 | HWThread 180 | HWThread 181 | HWThread 182 | HWThread 183 | HWThread 184 | HWThread 185 | HWThread 186 | HWThread 187 | HWThread 188 | HWThread 189 | HWThread 190 | HWThread 191 | HWThread 192 | HWThread 193 | HWThread 194 | HWThread 195 | HWThread 196 | HWThread 197 | HWThread 198 | HWThread 199 | HWThread 200 | HWThread 201 | HWThread 202 | HWThread 203 | HWThread 204 | HWThread 205 | HWThread 206 | HWThread 207 | HWThread 208 | HWThread 209 | HWThread 210 | HWThread 211 | HWThread 212 | HWThread 213 | HWThread 214 | HWThread 215 | HWThread 216 | HWThread 217 | HWThread 218 | HWThread 219 | HWThread 220 | HWThread 221 | HWThread 222 | HWThread 223 | HWThread 224 | HWThread 225 | HWThread 226 | HWThread 227 | HWThread 228 | HWThread 229 | HWThread 230 | HWThread 231 | HWThread 232 | HWThread 233 | HWThread 234 | HWThread 235 | HWThread 236 | HWThread 237 | HWThread 238 | HWThread 239 | HWThread 240 | HWThread 241 | HWThread 242 | HWThread 243 | HWThread 244 | HWThread 245 | HWThread 246 | HWThread 247 | HWThread 248 | HWThread 249 | HWThread 250 | HWThread 251 | HWThread 252 | HWThread 253 | HWThread 254 | HWThread 255 |
+-------------------------------------+---------+-------------+-------------+-------------+-------------+-------------+-------------+-------------+-------------+-------------+-------------+-------------+-------------+-------------+-------------+-------------+-------------+-------------+-------------+-------------+-------------+-------------+-------------+-------------+-------------+-------------+-------------+-------------+-------------+-------------+-------------+-------------+-------------+-------------+-------------+-------------+-------------+-------------+-------------+-------------+-------------+-------------+-------------+-------------+-------------+-------------+-------------+-------------+-------------+-------------+-------------+-------------+-------------+-------------+-------------+-------------+-------------+-------------+-------------+-------------+-------------+-------------+-------------+-------------+-------------+-------------+-------------+-------------+-------------+-------------+-------------+-------------+-------------+-------------+-------------+-------------+-------------+-------------+-------------+-------------+-------------+-------------+-------------+-------------+-------------+-------------+-------------+-------------+-------------+-------------+-------------+-------------+-------------+-------------+-------------+-------------+-------------+-------------+-------------+-------------+-------------+--------------+--------------+--------------+--------------+--------------+--------------+--------------+--------------+--------------+--------------+--------------+--------------+--------------+--------------+--------------+--------------+--------------+--------------+--------------+--------------+--------------+--------------+--------------+--------------+--------------+--------------+--------------+--------------+--------------+--------------+--------------+--------------+--------------+--------------+--------------+--------------+--------------+--------------+--------------+--------------+--------------+--------------+--------------+--------------+--------------+--------------+--------------+--------------+--------------+--------------+--------------+--------------+--------------+--------------+--------------+--------------+--------------+--------------+--------------+--------------+--------------+--------------+--------------+--------------+--------------+--------------+--------------+--------------+--------------+--------------+--------------+--------------+--------------+--------------+--------------+--------------+--------------+--------------+--------------+--------------+--------------+--------------+--------------+--------------+--------------+--------------+--------------+--------------+--------------+--------------+--------------+--------------+--------------+--------------+--------------+--------------+--------------+--------------+--------------+--------------+--------------+--------------+--------------+--------------+--------------+--------------+--------------+--------------+--------------+--------------+--------------+--------------+--------------+--------------+--------------+--------------+--------------+--------------+--------------+--------------+--------------+--------------+--------------+--------------+--------------+--------------+--------------+--------------+--------------+--------------+--------------+--------------+--------------+--------------+--------------+--------------+--------------+--------------+--------------+--------------+--------------+--------------+--------------+--------------+--------------+--------------+--------------+--------------+--------------+--------------+--------------+--------------+--------------+--------------+--------------+--------------+
|           ACTUAL_CPU_CLOCK          |  FIXC1  |  4154750000 |  4155288000 |  4155167000 |  4155708000 |  4156541000 |  4154700000 |  4155756000 |  4154334000 |  4141637000 |  4142605000 |  4142479000 |  4143410000 |  4143706000 |  4140452000 |  4144317000 |  4143344000 |  4174664000 |  4174176000 |  4173501000 |  4175513000 |  4172542000 |  4172285000 |  4173218000 |  4173494000 |  4160022000 |  4158646000 |  4159256000 |  4157569000 |  4158159000 |  4159184000 |  4158221000 |  4158145000 |  4137943000 |  4139156000 |  4139070000 |  4138997000 |  4139192000 |  4140651000 |  4139061000 |  4140499000 |  4150072000 |  4151142000 |  4150569000 |  4152084000 |  4150494000 |  4150155000 |  4150637000 |  4149757000 |  4151090000 |  4149696000 |  4150956000 |  4150249000 |  4150022000 |  4149721000 |  4152176000 |  4151981000 |  4148235000 |  4147754000 |  4147931000 |  4148228000 |  4148562000 |  4148393000 |  4147851000 |  4149628000 |  4145844000 |  4145761000 |  4145468000 |  4144359000 |  4144401000 |  4144279000 |  4145730000 |  4145561000 |  4152506000 |  4151847000 |  4151578000 |  4151207000 |  4150891000 |  4153018000 |  4152726000 |  4151726000 |  4157650000 |  4158339000 |  4156740000 |  4158205000 |  4158272000 |  4157145000 |  4157695000 |  4157029000 |  4153922000 |  4155010000 |  4155438000 |  4154692000 |  4154782000 |  4155209000 |  4154520000 |  4155199000 |  4161697000 |  4163639000 |  4162050000 |  4161638000 |   4162686000 |   4163682000 |   4163103000 |   4162919000 |   4160070000 |   4159937000 |   4160121000 |   4160298000 |   4159624000 |   4160002000 |   4158596000 |   4159930000 |   4159873000 |   4159223000 |   4159410000 |   4159735000 |   4159276000 |   4158390000 |   4158520000 |   4159612000 |   4148599000 |   4149560000 |   4148951000 |   4148253000 |   4148529000 |   4149726000 |   4149102000 |   4147982000 |   4144524000 |   4142957000 |   4142964000 |   4144681000 |   4142995000 |   4143010000 |   4141643000 |   4143151000 |   4169678000 |   4170331000 |   4170075000 |   4172320000 |   4169051000 |   4170726000 |   4170258000 |   4170780000 |   4175065000 |   4175751000 |   4174839000 |   4175067000 |   4174399000 |   4175644000 |   4174857000 |   4175538000 |   4168183000 |   4165083000 |   4167341000 |   4167319000 |   4168718000 |   4167200000 |   4168429000 |   4166471000 |   4150715000 |   4149781000 |   4150636000 |   4149594000 |   4149907000 |   4149659000 |   4149985000 |   4149265000 |   4157962000 |   4159341000 |   4159419000 |   4159389000 |   4161042000 |   4157706000 |   4159445000 |   4160866000 |   4158160000 |   4157265000 |   4159640000 |   4157187000 |   4157495000 |   4157345000 |   4158283000 |   4158227000 |   4169842000 |   4171164000 |   4169904000 |   4169737000 |   4169304000 |   4170978000 |   4170682000 |   4170802000 |   4146581000 |   4147228000 |   4147060000 |   4147129000 |   4147118000 |   4147722000 |   4147690000 |   4146839000 |   4150203000 |   4150480000 |   4149759000 |   4150168000 |   4149732000 |   4149810000 |   4149940000 |   4150019000 |   4182440000 |   4183747000 |   4184732000 |   4182821000 |   4183611000 |   4183999000 |   4183475000 |   4182000000 |   4158236000 |   4158279000 |   4157797000 |   4157110000 |   4157182000 |   4158277000 |   4159292000 |   4156729000 |   4184256000 |   4185205000 |   4184636000 |   4185421000 |   4183918000 |   4185249000 |   4184894000 |   4185219000 |   4148209000 |   4146902000 |   4148810000 |   4146331000 |   4148070000 |   4147074000 |   4147266000 |   4147503000 |   4159088000 |   4158633000 |   4158751000 |   4160133000 |   4158670000 |   4158812000 |   4160155000 |   4157632000 |   4165291000 |   4165506000 |   4164079000 |   4166710000 |   4165879000 |   4164084000 |   4167233000 |   4164231000 |
|            MAX_CPU_CLOCK            |  FIXC2  |  4642012000 |  4643172000 |  4643114000 |  4645029000 |  4646358000 |  4642954000 |  4644257000 |  4641947000 |  4641004000 |  4643668000 |  4643412000 |  4644741000 |  4644273000 |  4639362000 |  4647420000 |  4644668000 |  4643745000 |  4642691000 |  4642876000 |  4644560000 |  4641559000 |  4641994000 |  4641742000 |  4642951000 |  4644654000 |  4643554000 |  4643818000 |  4643121000 |  4643050000 |  4644618000 |  4643119000 |  4642906000 |  4642699000 |  4642199000 |  4643789000 |  4642774000 |  4643173000 |  4644242000 |  4642973000 |  4644089000 |  4641991000 |  4642542000 |  4641904000 |  4645313000 |  4641716000 |  4642136000 |  4642767000 |  4641645000 |  4643938000 |  4642945000 |  4643906000 |  4643846000 |  4643473000 |  4642855000 |  4647755000 |  4647579000 |  4643094000 |  4643342000 |  4643387000 |  4642180000 |  4643606000 |  4642321000 |  4643390000 |  4644203000 |  4644292000 |  4643964000 |  4643792000 |  4643128000 |  4643125000 |  4643025000 |  4644110000 |  4644685000 |  4644122000 |  4643055000 |  4642645000 |  4641990000 |  4641586000 |  4643996000 |  4644414000 |  4643016000 |  4642854000 |  4643953000 |  4643432000 |  4644707000 |  4643893000 |  4642206000 |  4642852000 |  4642944000 |  4642920000 |  4644429000 |  4644118000 |  4642896000 |  4644298000 |  4643856000 |  4642816000 |  4644586000 |  4642919000 |  4644413000 |  4643183000 |  4642854000 |   4643502000 |   4644424000 |   4643925000 |   4644646000 |   4643807000 |   4644630000 |   4645331000 |   4644216000 |   4644461000 |   4643877000 |   4643612000 |   4643830000 |   4643655000 |   4642940000 |   4642983000 |   4642610000 |   4642999000 |   4641670000 |   4642918000 |   4642463000 |   4642176000 |   4644395000 |   4643582000 |   4643611000 |   4643075000 |   4643343000 |   4642663000 |   4643092000 |   4644301000 |   4641604000 |   4641635000 |   4644303000 |   4641700000 |   4643895000 |   4641982000 |   4643104000 |   4639896000 |   4640416000 |   4640226000 |   4644489000 |   4638776000 |   4641103000 |   4641707000 |   4642518000 |   4640718000 |   4642974000 |   4640422000 |   4640756000 |   4641502000 |   4641837000 |   4642782000 |   4641657000 |   4645915000 |   4640232000 |   4644565000 |   4644792000 |   4646673000 |   4643361000 |   4646111000 |   4643305000 |   4644576000 |   4643132000 |   4644454000 |   4642986000 |   4643348000 |   4643106000 |   4643395000 |   4643422000 |   4640521000 |   4641430000 |   4641496000 |   4641582000 |   4645056000 |   4640105000 |   4641561000 |   4644837000 |   4642498000 |   4641191000 |   4644588000 |   4641627000 |   4641692000 |   4641273000 |   4642724000 |   4642630000 |   4639531000 |   4642837000 |   4639676000 |   4639576000 |   4639761000 |   4642646000 |   4640892000 |   4641138000 |   4642537000 |   4644438000 |   4644315000 |   4644354000 |   4644341000 |   4644206000 |   4644093000 |   4642778000 |   4642774000 |   4644326000 |   4643179000 |   4644420000 |   4642951000 |   4643683000 |   4643376000 |   4642560000 |   4641367000 |   4643084000 |   4644490000 |   4641888000 |   4642868000 |   4643181000 |   4642977000 |   4641638000 |   4643478000 |   4642995000 |   4642302000 |   4641125000 |   4642406000 |   4643046000 |   4644434000 |   4641701000 |   4643563000 |   4646188000 |   4644286000 |   4644489000 |   4643294000 |   4644246000 |   4645789000 |   4644183000 |   4644294000 |   4643271000 |   4646256000 |   4643521000 |   4644212000 |   4642671000 |   4642867000 |   4644463000 |   4644100000 |   4643453000 |   4643465000 |   4644368000 |   4643239000 |   4643622000 |   4644518000 |   4641938000 |   4642326000 |   4644097000 |   4641644000 |   4646785000 |   4644309000 |   4641758000 |   4646463000 |   4641646000 |
|         RETIRED_INSTRUCTIONS        |   PMC0  | 10740650000 | 10741470000 | 10740860000 | 10741170000 | 10741600000 | 10740910000 | 10741190000 | 10740600000 | 10738620000 | 10740060000 | 10738390000 | 10738680000 | 10738780000 | 10738830000 | 10740390000 | 10738630000 | 10743830000 | 10744150000 | 10743920000 | 10744690000 | 10743880000 | 10744120000 | 10744590000 | 10743990000 | 10742140000 | 10742040000 | 10741680000 | 10741430000 | 10741280000 | 10741660000 | 10741610000 | 10740910000 | 10738240000 | 10738320000 | 10738340000 | 10737860000 | 10737940000 | 10738380000 | 10738580000 | 10738460000 | 10739600000 | 10740180000 | 10740150000 | 10741020000 | 10740400000 | 10739860000 | 10739920000 | 10740040000 | 10740120000 | 10739810000 | 10740040000 | 10741770000 | 10739780000 | 10740340000 | 10741400000 | 10741950000 | 10739250000 | 10739840000 | 10739290000 | 10739280000 | 10739480000 | 10739800000 | 10739740000 | 10739640000 | 10738930000 | 10739080000 | 10738980000 | 10738960000 | 10739070000 | 10738930000 | 10738890000 | 10738900000 | 10740070000 | 10740630000 | 10739950000 | 10740520000 | 10739930000 | 10740650000 | 10740270000 | 10740880000 | 10741510000 | 10740730000 | 10741590000 | 10741500000 | 10741380000 | 10740950000 | 10741280000 | 10741410000 | 10740670000 | 10740340000 | 10740410000 | 10740890000 | 10741120000 | 10741200000 | 10740720000 | 10740810000 | 10742320000 | 10742140000 | 10742170000 | 10742470000 |  10742720000 |  10742260000 |  10742590000 |  10742680000 |  10741810000 |  10741410000 |  10741590000 |  10741460000 |  10741720000 |  10741600000 |  10741720000 |  10741940000 |  10741670000 |  10742370000 |  10742270000 |  10742040000 |  10742210000 |  10741870000 |  10742090000 |  10742030000 |  10739330000 |  10739860000 |  10739830000 |  10740050000 |  10739620000 |  10739630000 |  10740070000 |  10739720000 |  10738200000 |  10738060000 |  10738230000 |  10737940000 |  10737900000 |  10738120000 |  10737980000 |  10737630000 |  10742740000 |  10743260000 |  10743160000 |  10743410000 |  10742990000 |  10742910000 |  10743100000 |  10742680000 |  10744060000 |  10744050000 |  10743740000 |  10744220000 |  10743860000 |  10744140000 |  10743520000 |  10743630000 |  10742180000 |  10742170000 |  10742340000 |  10742600000 |  10742680000 |  10742780000 |  10742730000 |  10742200000 |  10739420000 |  10739600000 |  10739230000 |  10739420000 |  10739120000 |  10739570000 |  10739130000 |  10739300000 |  10740770000 |  10741150000 |  10741330000 |  10740750000 |  10741720000 |  10740760000 |  10741150000 |  10741010000 |  10740830000 |  10740860000 |  10740950000 |  10740690000 |  10740620000 |  10740680000 |  10741070000 |  10740590000 |  10743170000 |  10743190000 |  10743110000 |  10742840000 |  10742900000 |  10743320000 |  10743420000 |  10743110000 |  10738740000 |  10739030000 |  10738760000 |  10738780000 |  10738850000 |  10738660000 |  10738890000 |  10738690000 |  10739250000 |  10739570000 |  10739440000 |  10739220000 |  10739040000 |  10738860000 |  10738770000 |  10738940000 |  10745560000 |  10745490000 |  10745550000 |  10745250000 |  10745540000 |  10745400000 |  10745700000 |  10745080000 |  10740880000 |  10740730000 |  10740890000 |  10741000000 |  10740390000 |  10740860000 |  10741080000 |  10741190000 |  10745090000 |  10746920000 |  10745560000 |  10745460000 |  10744910000 |  10745350000 |  10747290000 |  10745290000 |  10739190000 |  10738840000 |  10739190000 |  10738390000 |  10738910000 |  10738540000 |  10739300000 |  10738790000 |  10740870000 |  10740960000 |  10740820000 |  10741050000 |  10741180000 |  10740490000 |  10740590000 |  10740670000 |  10741660000 |  10741970000 |  10742020000 |  10742700000 |  10741870000 |  10741600000 |  10743530000 |  10742050000 |
|         CPU_CLOCKS_UNHALTED         |   PMC1  |  4119612000 |  4123448000 |  4122635000 |  4124906000 |  4125504000 |  4123135000 |  4122694000 |  4122503000 |  4109170000 |  4119362000 |  4109013000 |  4109829000 |  4108888000 |  4108628000 |  4119046000 |  4108822000 |  4140840000 |  4140715000 |  4139670000 |  4140661000 |  4139535000 |  4139923000 |  4139364000 |  4139551000 |  4126421000 |  4125806000 |  4125811000 |  4124487000 |  4124256000 |  4125510000 |  4124507000 |  4124178000 |  4107936000 |  4107539000 |  4108350000 |  4107175000 |  4107639000 |  4108643000 |  4107054000 |  4108397000 |  4117092000 |  4116865000 |  4117246000 |  4121486000 |  4116665000 |  4117048000 |  4116204000 |  4117014000 |  4116929000 |  4116079000 |  4117011000 |  4127155000 |  4115905000 |  4117950000 |  4126748000 |  4126571000 |  4114193000 |  4114937000 |  4114881000 |  4114957000 |  4114761000 |  4114435000 |  4114793000 |  4115420000 |  4112851000 |  4112154000 |  4111844000 |  4111634000 |  4112128000 |  4111277000 |  4111980000 |  4111736000 |  4119514000 |  4119504000 |  4118079000 |  4118544000 |  4118137000 |  4119389000 |  4119219000 |  4119408000 |  4124478000 |  4125325000 |  4124447000 |  4125550000 |  4125335000 |  4124166000 |  4123878000 |  4124073000 |  4120628000 |  4121901000 |  4121791000 |  4120845000 |  4120838000 |  4121469000 |  4120158000 |  4120883000 |  4129774000 |  4130701000 |  4130446000 |  4129914000 |   4130460000 |   4130491000 |   4130502000 |   4130503000 |   4126554000 |   4126881000 |   4126557000 |   4126926000 |   4126980000 |   4127604000 |   4126124000 |   4127021000 |   4127148000 |   4128367000 |   4128724000 |   4128397000 |   4129162000 |   4128579000 |   4128532000 |   4128420000 |   4116088000 |   4117143000 |   4116811000 |   4117007000 |   4116158000 |   4116023000 |   4115722000 |   4115921000 |   4106951000 |   4107615000 |   4106550000 |   4106089000 |   4106509000 |   4105983000 |   4105924000 |   4106355000 |   4133918000 |   4135062000 |   4134674000 |   4134463000 |   4133712000 |   4134771000 |   4133972000 |   4134804000 |   4139324000 |   4140182000 |   4139082000 |   4139329000 |   4138318000 |   4139414000 |   4138254000 |   4138963000 |   4132061000 |   4130453000 |   4131502000 |   4133890000 |   4131573000 |   4131186000 |   4131693000 |   4129532000 |   4113408000 |   4113675000 |   4113388000 |   4113138000 |   4113442000 |   4113396000 |   4113144000 |   4113076000 |   4122062000 |   4123055000 |   4123756000 |   4122965000 |   4123648000 |   4122309000 |   4122681000 |   4122761000 |   4120954000 |   4121119000 |   4121970000 |   4121199000 |   4120933000 |   4121275000 |   4121835000 |   4121894000 |   4134141000 |   4134922000 |   4134041000 |   4133978000 |   4133941000 |   4134588000 |   4135099000 |   4134593000 |   4109503000 |   4110297000 |   4110501000 |   4110527000 |   4110359000 |   4110451000 |   4110210000 |   4109263000 |   4112383000 |   4113517000 |   4112480000 |   4113472000 |   4112339000 |   4112215000 |   4112241000 |   4112067000 |   4147752000 |   4147586000 |   4147679000 |   4147209000 |   4146503000 |   4147419000 |   4147809000 |   4146821000 |   4122404000 |   4122203000 |   4122197000 |   4121531000 |   4121077000 |   4122084000 |   4121427000 |   4120993000 |   4147490000 |   4158096000 |   4147459000 |   4147718000 |   4146775000 |   4147476000 |   4157019000 |   4147490000 |   4111156000 |   4110660000 |   4111944000 |   4110634000 |   4111141000 |   4109982000 |   4109850000 |   4110970000 |   4121709000 |   4122229000 |   4122787000 |   4121970000 |   4121827000 |   4121661000 |   4121836000 |   4121444000 |   4127795000 |   4129035000 |   4127959000 |   4131273000 |   4128515000 |   4128003000 |   4136807000 |   4127647000 |
|                MERGE                |   PMC3  |           0 |           0 |           0 |           0 |           0 |           0 |           0 |           0 |           0 |           0 |           0 |           0 |           0 |           0 |           0 |           0 |           0 |           0 |           0 |           0 |           0 |           0 |           0 |           0 |           0 |           0 |           0 |           0 |           0 |           0 |           0 |           0 |           0 |           0 |           0 |           0 |           0 |           0 |           0 |           0 |           0 |           0 |           0 |           0 |           0 |           0 |           0 |           0 |           0 |           0 |           0 |           0 |           0 |           0 |           0 |           0 |           0 |           0 |           0 |           0 |           0 |           0 |           0 |           0 |           0 |           0 |           0 |           0 |           0 |           0 |           0 |           0 |           0 |           0 |           0 |           0 |           0 |           0 |           0 |           0 |           0 |           0 |           0 |           0 |           0 |           0 |           0 |           0 |           0 |           0 |           0 |           0 |           0 |           0 |           0 |           0 |           0 |           0 |           0 |           0 |            0 |            0 |            0 |            0 |            0 |            0 |            0 |            0 |            0 |            0 |            0 |            0 |            0 |            0 |            0 |            0 |            0 |            0 |            0 |            0 |            0 |            0 |            0 |            0 |            0 |            0 |            0 |            0 |            0 |            0 |            0 |            0 |            0 |            0 |            0 |            0 |            0 |            0 |            0 |            0 |            0 |            0 |            0 |            0 |            0 |            0 |            0 |            0 |            0 |            0 |            0 |            0 |            0 |            0 |            0 |            0 |            0 |            0 |            0 |            0 |            0 |            0 |            0 |            0 |            0 |            0 |            0 |            0 |            0 |            0 |            0 |            0 |            0 |            0 |            0 |            0 |            0 |            0 |            0 |            0 |            0 |            0 |            0 |            0 |            0 |            0 |            0 |            0 |            0 |            0 |            0 |            0 |            0 |            0 |            0 |            0 |            0 |            0 |            0 |            0 |            0 |            0 |            0 |            0 |            0 |            0 |            0 |            0 |            0 |            0 |            0 |            0 |            0 |            0 |            0 |            0 |            0 |            0 |            0 |            0 |            0 |            0 |            0 |            0 |            0 |            0 |            0 |            0 |            0 |            0 |            0 |            0 |            0 |            0 |            0 |            0 |            0 |            0 |            0 |            0 |            0 |            0 |            0 |            0 |            0 |            0 |            0 |            0 |            0 |            0 |            0 |            0 |            0 |            0 |            0 |            0 |
| RETIRED_SSE_AVX_FLOPS_ALL_SP_SCALAR |   PMC2  |  8589935000 |  8589935000 |  8589935000 |  8589935000 |  8589935000 |  8589935000 |  8589935000 |  8589935000 |  8589935000 |  8589935000 |  8589935000 |  8589935000 |  8589935000 |  8589935000 |  8589935000 |  8589935000 |  8589935000 |  8589935000 |  8589935000 |  8589935000 |  8589935000 |  8589935000 |  8589935000 |  8589935000 |  8589935000 |  8589935000 |  8589935000 |  8589935000 |  8589935000 |  8589935000 |  8589935000 |  8589935000 |  8589935000 |  8589935000 |  8589935000 |  8589935000 |  8589935000 |  8589935000 |  8589935000 |  8589935000 |  8589935000 |  8589935000 |  8589935000 |  8589935000 |  8589935000 |  8589935000 |  8589935000 |  8589935000 |  8589935000 |  8589935000 |  8589935000 |  8589935000 |  8589935000 |  8589935000 |  8589935000 |  8589935000 |  8589935000 |  8589935000 |  8589935000 |  8589935000 |  8589935000 |  8589935000 |  8589935000 |  8589935000 |  8589935000 |  8589935000 |  8589935000 |  8589935000 |  8589935000 |  8589935000 |  8589935000 |  8589935000 |  8589935000 |  8589935000 |  8589935000 |  8589935000 |  8589935000 |  8589935000 |  8589935000 |  8589935000 |  8589935000 |  8589935000 |  8589935000 |  8589935000 |  8589935000 |  8589935000 |  8589935000 |  8589935000 |  8589935000 |  8589935000 |  8589935000 |  8589935000 |  8589935000 |  8589935000 |  8589935000 |  8589935000 |  8589935000 |  8589935000 |  8589935000 |  8589935000 |   8589935000 |   8589935000 |   8589935000 |   8589935000 |   8589935000 |   8589935000 |   8589935000 |   8589935000 |   8589935000 |   8589935000 |   8589935000 |   8589935000 |   8589935000 |   8589935000 |   8589935000 |   8589935000 |   8589935000 |   8589935000 |   8589935000 |   8589935000 |   8589935000 |   8589935000 |   8589935000 |   8589935000 |   8589935000 |   8589935000 |   8589935000 |   8589935000 |   8589935000 |   8589935000 |   8589935000 |   8589935000 |   8589935000 |   8589935000 |   8589935000 |   8589935000 |   8589935000 |   8589935000 |   8589935000 |   8589935000 |   8589935000 |   8589935000 |   8589935000 |   8589935000 |   8589935000 |   8589935000 |   8589935000 |   8589935000 |   8589935000 |   8589935000 |   8589935000 |   8589935000 |   8589935000 |   8589935000 |   8589935000 |   8589935000 |   8589935000 |   8589935000 |   8589935000 |   8589935000 |   8589935000 |   8589935000 |   8589935000 |   8589935000 |   8589935000 |   8589935000 |   8589935000 |   8589935000 |   8589935000 |   8589935000 |   8589935000 |   8589935000 |   8589935000 |   8589935000 |   8589935000 |   8589935000 |   8589935000 |   8589935000 |   8589935000 |   8589935000 |   8589935000 |   8589935000 |   8589935000 |   8589935000 |   8589935000 |   8589935000 |   8589935000 |   8589935000 |   8589935000 |   8589935000 |   8589935000 |   8589935000 |   8589935000 |   8589935000 |   8589935000 |   8589935000 |   8589935000 |   8589935000 |   8589935000 |   8589935000 |   8589935000 |   8589935000 |   8589935000 |   8589935000 |   8589935000 |   8589935000 |   8589935000 |   8589935000 |   8589935000 |   8589935000 |   8589935000 |   8589935000 |   8589935000 |   8589935000 |   8589935000 |   8589935000 |   8589935000 |   8589935000 |   8589935000 |   8589935000 |   8589935000 |   8589935000 |   8589935000 |   8589935000 |   8589935000 |   8589935000 |   8589935000 |   8589935000 |   8589935000 |   8589935000 |   8589935000 |   8589935000 |   8589935000 |   8589935000 |   8589935000 |   8589935000 |   8589935000 |   8589935000 |   8589935000 |   8589935000 |   8589935000 |   8589935000 |   8589935000 |   8589935000 |   8589935000 |   8589935000 |   8589935000 |   8589935000 |   8589935000 |   8589935000 |   8589935000 |   8589935000 |   8589935000 |   8589935000 |   8589935000 |   8589935000 |
|                MERGE                |   PMC5  |           0 |           0 |           0 |           0 |           0 |           0 |           0 |           0 |           0 |           0 |           0 |           0 |           0 |           0 |           0 |           0 |           0 |           0 |           0 |           0 |           0 |           0 |           0 |           0 |           0 |           0 |           0 |           0 |           0 |           0 |           0 |           0 |           0 |           0 |           0 |           0 |           0 |           0 |           0 |           0 |           0 |           0 |           0 |           0 |           0 |           0 |           0 |           0 |           0 |           0 |           0 |           0 |           0 |           0 |           0 |           0 |           0 |           0 |           0 |           0 |           0 |           0 |           0 |           0 |           0 |           0 |           0 |           0 |           0 |           0 |           0 |           0 |           0 |           0 |           0 |           0 |           0 |           0 |           0 |           0 |           0 |           0 |           0 |           0 |           0 |           0 |           0 |           0 |           0 |           0 |           0 |           0 |           0 |           0 |           0 |           0 |           0 |           0 |           0 |           0 |            0 |            0 |            0 |            0 |            0 |            0 |            0 |            0 |            0 |            0 |            0 |            0 |            0 |            0 |            0 |            0 |            0 |            0 |            0 |            0 |            0 |            0 |            0 |            0 |            0 |            0 |            0 |            0 |            0 |            0 |            0 |            0 |            0 |            0 |            0 |            0 |            0 |            0 |            0 |            0 |            0 |            0 |            0 |            0 |            0 |            0 |            0 |            0 |            0 |            0 |            0 |            0 |            0 |            0 |            0 |            0 |            0 |            0 |            0 |            0 |            0 |            0 |            0 |            0 |            0 |            0 |            0 |            0 |            0 |            0 |            0 |            0 |            0 |            0 |            0 |            0 |            0 |            0 |            0 |            0 |            0 |            0 |            0 |            0 |            0 |            0 |            0 |            0 |            0 |            0 |            0 |            0 |            0 |            0 |            0 |            0 |            0 |            0 |            0 |            0 |            0 |            0 |            0 |            0 |            0 |            0 |            0 |            0 |            0 |            0 |            0 |            0 |            0 |            0 |            0 |            0 |            0 |            0 |            0 |            0 |            0 |            0 |            0 |            0 |            0 |            0 |            0 |            0 |            0 |            0 |            0 |            0 |            0 |            0 |            0 |            0 |            0 |            0 |            0 |            0 |            0 |            0 |            0 |            0 |            0 |            0 |            0 |            0 |            0 |            0 |            0 |            0 |            0 |            0 |            0 |            0 |
| RETIRED_SSE_AVX_FLOPS_ALL_SP_PACKED |   PMC4  |           0 |           0 |           0 |           0 |           0 |           0 |           0 |           0 |           0 |           0 |           0 |           0 |           0 |           0 |           0 |           0 |           0 |           0 |           0 |           0 |           0 |           0 |           0 |           0 |           0 |           0 |           0 |           0 |           0 |           0 |           0 |           0 |           0 |           0 |           0 |           0 |           0 |           0 |           0 |           0 |           0 |           0 |           0 |           0 |           0 |           0 |           0 |           0 |           0 |           0 |           0 |           0 |           0 |           0 |           0 |           0 |           0 |           0 |           0 |           0 |           0 |           0 |           0 |           0 |           0 |           0 |           0 |           0 |           0 |           0 |           0 |           0 |           0 |           0 |           0 |           0 |           0 |           0 |           0 |           0 |           0 |           0 |           0 |           0 |           0 |           0 |           0 |           0 |           0 |           0 |           0 |           0 |           0 |           0 |           0 |           0 |           0 |           0 |           0 |           0 |            0 |            0 |            0 |            0 |            0 |            0 |            0 |            0 |            0 |            0 |            0 |            0 |            0 |            0 |            0 |            0 |            0 |            0 |            0 |            0 |            0 |            0 |            0 |            0 |            0 |            0 |            0 |            0 |            0 |            0 |            0 |            0 |            0 |            0 |            0 |            0 |            0 |            0 |            0 |            0 |            0 |            0 |            0 |            0 |            0 |            0 |            0 |            0 |            0 |            0 |            0 |            0 |            0 |            0 |            0 |            0 |            0 |            0 |            0 |            0 |            0 |            0 |            0 |            0 |            0 |            0 |            0 |            0 |            0 |            0 |            0 |            0 |            0 |            0 |            0 |            0 |            0 |            0 |            0 |            0 |            0 |            0 |            0 |            0 |            0 |            0 |            0 |            0 |            0 |            0 |            0 |            0 |            0 |            0 |            0 |            0 |            0 |            0 |            0 |            0 |            0 |            0 |            0 |            0 |            0 |            0 |            0 |            0 |            0 |            0 |            0 |            0 |            0 |            0 |            0 |            0 |            0 |            0 |            0 |            0 |            0 |            0 |            0 |            0 |            0 |            0 |            0 |            0 |            0 |            0 |            0 |            0 |            0 |            0 |            0 |            0 |            0 |            0 |            0 |            0 |            0 |            0 |            0 |            0 |            0 |            0 |            0 |            0 |            0 |            0 |            0 |            0 |            0 |            0 |            0 |            0 |
+-------------------------------------+---------+-------------+-------------+-------------+-------------+-------------+-------------+-------------+-------------+-------------+-------------+-------------+-------------+-------------+-------------+-------------+-------------+-------------+-------------+-------------+-------------+-------------+-------------+-------------+-------------+-------------+-------------+-------------+-------------+-------------+-------------+-------------+-------------+-------------+-------------+-------------+-------------+-------------+-------------+-------------+-------------+-------------+-------------+-------------+-------------+-------------+-------------+-------------+-------------+-------------+-------------+-------------+-------------+-------------+-------------+-------------+-------------+-------------+-------------+-------------+-------------+-------------+-------------+-------------+-------------+-------------+-------------+-------------+-------------+-------------+-------------+-------------+-------------+-------------+-------------+-------------+-------------+-------------+-------------+-------------+-------------+-------------+-------------+-------------+-------------+-------------+-------------+-------------+-------------+-------------+-------------+-------------+-------------+-------------+-------------+-------------+-------------+-------------+-------------+-------------+-------------+--------------+--------------+--------------+--------------+--------------+--------------+--------------+--------------+--------------+--------------+--------------+--------------+--------------+--------------+--------------+--------------+--------------+--------------+--------------+--------------+--------------+--------------+--------------+--------------+--------------+--------------+--------------+--------------+--------------+--------------+--------------+--------------+--------------+--------------+--------------+--------------+--------------+--------------+--------------+--------------+--------------+--------------+--------------+--------------+--------------+--------------+--------------+--------------+--------------+--------------+--------------+--------------+--------------+--------------+--------------+--------------+--------------+--------------+--------------+--------------+--------------+--------------+--------------+--------------+--------------+--------------+--------------+--------------+--------------+--------------+--------------+--------------+--------------+--------------+--------------+--------------+--------------+--------------+--------------+--------------+--------------+--------------+--------------+--------------+--------------+--------------+--------------+--------------+--------------+--------------+--------------+--------------+--------------+--------------+--------------+--------------+--------------+--------------+--------------+--------------+--------------+--------------+--------------+--------------+--------------+--------------+--------------+--------------+--------------+--------------+--------------+--------------+--------------+--------------+--------------+--------------+--------------+--------------+--------------+--------------+--------------+--------------+--------------+--------------+--------------+--------------+--------------+--------------+--------------+--------------+--------------+--------------+--------------+--------------+--------------+--------------+--------------+--------------+--------------+--------------+--------------+--------------+--------------+--------------+--------------+--------------+--------------+--------------+--------------+--------------+--------------+--------------+--------------+--------------+--------------+--------------+
+------------------------------------------+---------+---------------+-------------+-------------+--------------+
|                   Event                  | Counter |      Sum      |     Min     |     Max     |      Avg     |
+------------------------------------------+---------+---------------+-------------+-------------+--------------+
|           ACTUAL_CPU_CLOCK STAT          |  FIXC1  | 1064387053000 |  4137943000 |  4185421000 | 4.157762e+09 |
|            MAX_CPU_CLOCK STAT            |  FIXC2  | 1188654810000 |  4638776000 |  4647755000 | 4.643183e+09 |
|         RETIRED_INSTRUCTIONS STAT        |   PMC0  | 2749723100000 | 10737630000 | 10747290000 | 1.074111e+10 |
|         CPU_CLOCKS_UNHALTED STAT         |   PMC1  | 1055573681000 |  4105924000 |  4158096000 | 4.123335e+09 |
|                MERGE STAT                |   PMC3  |             0 |           0 |           0 |            0 |
| RETIRED_SSE_AVX_FLOPS_ALL_SP_SCALAR STAT |   PMC2  | 2199023360000 |  8589935000 |  8589935000 |   8589935000 |
|                MERGE STAT                |   PMC5  |             0 |           0 |           0 |            0 |
| RETIRED_SSE_AVX_FLOPS_ALL_SP_PACKED STAT |   PMC4  |             0 |           0 |           0 |            0 |
+------------------------------------------+---------+---------------+-------------+-------------+--------------+
+----------------------+------------+------------+------------+------------+------------+------------+------------+------------+------------+------------+-------------+-------------+-------------+-------------+-------------+-------------+-------------+-------------+-------------+-------------+-------------+-------------+-------------+-------------+-------------+-------------+-------------+-------------+-------------+-------------+-------------+-------------+-------------+-------------+-------------+-------------+-------------+-------------+-------------+-------------+-------------+-------------+-------------+-------------+-------------+-------------+-------------+-------------+-------------+-------------+-------------+-------------+-------------+-------------+-------------+-------------+-------------+-------------+-------------+-------------+-------------+-------------+-------------+-------------+-------------+-------------+-------------+-------------+-------------+-------------+-------------+-------------+-------------+-------------+-------------+-------------+-------------+-------------+-------------+-------------+-------------+-------------+-------------+-------------+-------------+-------------+-------------+-------------+-------------+-------------+-------------+-------------+-------------+-------------+-------------+-------------+-------------+-------------+-------------+-------------+--------------+--------------+--------------+--------------+--------------+--------------+--------------+--------------+--------------+--------------+--------------+--------------+--------------+--------------+--------------+--------------+--------------+--------------+--------------+--------------+--------------+--------------+--------------+--------------+--------------+--------------+--------------+--------------+--------------+--------------+--------------+--------------+--------------+--------------+--------------+--------------+--------------+--------------+--------------+--------------+--------------+--------------+--------------+--------------+--------------+--------------+--------------+--------------+--------------+--------------+--------------+--------------+--------------+--------------+--------------+--------------+--------------+--------------+--------------+--------------+--------------+--------------+--------------+--------------+--------------+--------------+--------------+--------------+--------------+--------------+--------------+--------------+--------------+--------------+--------------+--------------+--------------+--------------+--------------+--------------+--------------+--------------+--------------+--------------+--------------+--------------+--------------+--------------+--------------+--------------+--------------+--------------+--------------+--------------+--------------+--------------+--------------+--------------+--------------+--------------+--------------+--------------+--------------+--------------+--------------+--------------+--------------+--------------+--------------+--------------+--------------+--------------+--------------+--------------+--------------+--------------+--------------+--------------+--------------+--------------+--------------+--------------+--------------+--------------+--------------+--------------+--------------+--------------+--------------+--------------+--------------+--------------+--------------+--------------+--------------+--------------+--------------+--------------+--------------+--------------+--------------+--------------+--------------+--------------+--------------+--------------+--------------+--------------+--------------+--------------+--------------+--------------+--------------+--------------+--------------+--------------+
|        Metric        | HWThread 0 | HWThread 1 | HWThread 2 | HWThread 3 | HWThread 4 | HWThread 5 | HWThread 6 | HWThread 7 | HWThread 8 | HWThread 9 | HWThread 10 | HWThread 11 | HWThread 12 | HWThread 13 | HWThread 14 | HWThread 15 | HWThread 16 | HWThread 17 | HWThread 18 | HWThread 19 | HWThread 20 | HWThread 21 | HWThread 22 | HWThread 23 | HWThread 24 | HWThread 25 | HWThread 26 | HWThread 27 | HWThread 28 | HWThread 29 | HWThread 30 | HWThread 31 | HWThread 32 | HWThread 33 | HWThread 34 | HWThread 35 | HWThread 36 | HWThread 37 | HWThread 38 | HWThread 39 | HWThread 40 | HWThread 41 | HWThread 42 | HWThread 43 | HWThread 44 | HWThread 45 | HWThread 46 | HWThread 47 | HWThread 48 | HWThread 49 | HWThread 50 | HWThread 51 | HWThread 52 | HWThread 53 | HWThread 54 | HWThread 55 | HWThread 56 | HWThread 57 | HWThread 58 | HWThread 59 | HWThread 60 | HWThread 61 | HWThread 62 | HWThread 63 | HWThread 64 | HWThread 65 | HWThread 66 | HWThread 67 | HWThread 68 | HWThread 69 | HWThread 70 | HWThread 71 | HWThread 72 | HWThread 73 | HWThread 74 | HWThread 75 | HWThread 76 | HWThread 77 | HWThread 78 | HWThread 79 | HWThread 80 | HWThread 81 | HWThread 82 | HWThread 83 | HWThread 84 | HWThread 85 | HWThread 86 | HWThread 87 | HWThread 88 | HWThread 89 | HWThread 90 | HWThread 91 | HWThread 92 | HWThread 93 | HWThread 94 | HWThread 95 | HWThread 96 | HWThread 97 | HWThread 98 | HWThread 99 | HWThread 100 | HWThread 101 | HWThread 102 | HWThread 103 | HWThread 104 | HWThread 105 | HWThread 106 | HWThread 107 | HWThread 108 | HWThread 109 | HWThread 110 | HWThread 111 | HWThread 112 | HWThread 113 | HWThread 114 | HWThread 115 | HWThread 116 | HWThread 117 | HWThread 118 | HWThread 119 | HWThread 120 | HWThread 121 | HWThread 122 | HWThread 123 | HWThread 124 | HWThread 125 | HWThread 126 | HWThread 127 | HWThread 128 | HWThread 129 | HWThread 130 | HWThread 131 | HWThread 132 | HWThread 133 | HWThread 134 | HWThread 135 | HWThread 136 | HWThread 137 | HWThread 138 | HWThread 139 | HWThread 140 | HWThread 141 | HWThread 142 | HWThread 143 | HWThread 144 | HWThread 145 | HWThread 146 | HWThread 147 | HWThread 148 | HWThread 149 | HWThread 150 | HWThread 151 | HWThread 152 | HWThread 153 | HWThread 154 | HWThread 155 | HWThread 156 | HWThread 157 | HWThread 158 | HWThread 159 | HWThread 160 | HWThread 161 | HWThread 162 | HWThread 163 | HWThread 164 | HWThread 165 | HWThread 166 | HWThread 167 | HWThread 168 | HWThread 169 | HWThread 170 | HWThread 171 | HWThread 172 | HWThread 173 | HWThread 174 | HWThread 175 | HWThread 176 | HWThread 177 | HWThread 178 | HWThread 179 | HWThread 180 | HWThread 181 | HWThread 182 | HWThread 183 | HWThread 184 | HWThread 185 | HWThread 186 | HWThread 187 | HWThread 188 | HWThread 189 | HWThread 190 | HWThread 191 | HWThread 192 | HWThread 193 | HWThread 194 | HWThread 195 | HWThread 196 | HWThread 197 | HWThread 198 | HWThread 199 | HWThread 200 | HWThread 201 | HWThread 202 | HWThread 203 | HWThread 204 | HWThread 205 | HWThread 206 | HWThread 207 | HWThread 208 | HWThread 209 | HWThread 210 | HWThread 211 | HWThread 212 | HWThread 213 | HWThread 214 | HWThread 215 | HWThread 216 | HWThread 217 | HWThread 218 | HWThread 219 | HWThread 220 | HWThread 221 | HWThread 222 | HWThread 223 | HWThread 224 | HWThread 225 | HWThread 226 | HWThread 227 | HWThread 228 | HWThread 229 | HWThread 230 | HWThread 231 | HWThread 232 | HWThread 233 | HWThread 234 | HWThread 235 | HWThread 236 | HWThread 237 | HWThread 238 | HWThread 239 | HWThread 240 | HWThread 241 | HWThread 242 | HWThread 243 | HWThread 244 | HWThread 245 | HWThread 246 | HWThread 247 | HWThread 248 | HWThread 249 | HWThread 250 | HWThread 251 | HWThread 252 | HWThread 253 | HWThread 254 | HWThread 255 |
+----------------------+------------+------------+------------+------------+------------+------------+------------+------------+------------+------------+-------------+-------------+-------------+-------------+-------------+-------------+-------------+-------------+-------------+-------------+-------------+-------------+-------------+-------------+-------------+-------------+-------------+-------------+-------------+-------------+-------------+-------------+-------------+-------------+-------------+-------------+-------------+-------------+-------------+-------------+-------------+-------------+-------------+-------------+-------------+-------------+-------------+-------------+-------------+-------------+-------------+-------------+-------------+-------------+-------------+-------------+-------------+-------------+-------------+-------------+-------------+-------------+-------------+-------------+-------------+-------------+-------------+-------------+-------------+-------------+-------------+-------------+-------------+-------------+-------------+-------------+-------------+-------------+-------------+-------------+-------------+-------------+-------------+-------------+-------------+-------------+-------------+-------------+-------------+-------------+-------------+-------------+-------------+-------------+-------------+-------------+-------------+-------------+-------------+-------------+--------------+--------------+--------------+--------------+--------------+--------------+--------------+--------------+--------------+--------------+--------------+--------------+--------------+--------------+--------------+--------------+--------------+--------------+--------------+--------------+--------------+--------------+--------------+--------------+--------------+--------------+--------------+--------------+--------------+--------------+--------------+--------------+--------------+--------------+--------------+--------------+--------------+--------------+--------------+--------------+--------------+--------------+--------------+--------------+--------------+--------------+--------------+--------------+--------------+--------------+--------------+--------------+--------------+--------------+--------------+--------------+--------------+--------------+--------------+--------------+--------------+--------------+--------------+--------------+--------------+--------------+--------------+--------------+--------------+--------------+--------------+--------------+--------------+--------------+--------------+--------------+--------------+--------------+--------------+--------------+--------------+--------------+--------------+--------------+--------------+--------------+--------------+--------------+--------------+--------------+--------------+--------------+--------------+--------------+--------------+--------------+--------------+--------------+--------------+--------------+--------------+--------------+--------------+--------------+--------------+--------------+--------------+--------------+--------------+--------------+--------------+--------------+--------------+--------------+--------------+--------------+--------------+--------------+--------------+--------------+--------------+--------------+--------------+--------------+--------------+--------------+--------------+--------------+--------------+--------------+--------------+--------------+--------------+--------------+--------------+--------------+--------------+--------------+--------------+--------------+--------------+--------------+--------------+--------------+--------------+--------------+--------------+--------------+--------------+--------------+--------------+--------------+--------------+--------------+--------------+--------------+
|  Runtime (RDTSC) [s] |     1.7172 |     1.7177 |     1.7177 |     1.7183 |     1.7187 |     1.7176 |     1.7176 |     1.7172 |     1.7175 |     1.7218 |      1.7175 |      1.7179 |      1.7175 |      1.7172 |      1.7218 |      1.7175 |      1.7177 |      1.7176 |      1.7171 |      1.7175 |      1.7171 |      1.7172 |      1.7171 |      1.7171 |      1.7179 |      1.7175 |      1.7177 |      1.7172 |      1.7171 |      1.7175 |      1.7172 |      1.7171 |      1.7171 |      1.7171 |      1.7173 |      1.7173 |      1.7172 |      1.7175 |      1.7171 |      1.7175 |      1.7171 |      1.7171 |      1.7172 |      1.7191 |      1.7171 |      1.7171 |      1.7172 |      1.7172 |      1.7175 |      1.7171 |      1.7177 |      1.7218 |      1.7172 |      1.7180 |      1.7219 |      1.7218 |      1.7172 |      1.7172 |      1.7173 |      1.7171 |      1.7172 |      1.7171 |      1.7173 |      1.7176 |      1.7179 |      1.7176 |      1.7175 |      1.7174 |      1.7176 |      1.7172 |      1.7177 |      1.7174 |      1.7177 |      1.7177 |      1.7171 |      1.7172 |      1.7171 |      1.7176 |      1.7176 |      1.7176 |      1.7172 |      1.7177 |      1.7173 |      1.7177 |      1.7177 |      1.7171 |      1.7172 |      1.7171 |      1.7171 |      1.7177 |      1.7177 |      1.7172 |      1.7177 |      1.7177 |      1.7172 |      1.7174 |      1.7172 |      1.7174 |      1.7174 |      1.7171 |       1.7175 |       1.7175 |       1.7175 |       1.7175 |       1.7174 |       1.7175 |       1.7175 |       1.7176 |       1.7176 |       1.7179 |       1.7173 |       1.7177 |       1.7175 |       1.7171 |       1.7173 |       1.7171 |       1.7175 |       1.7172 |       1.7172 |       1.7171 |       1.7171 |       1.7176 |       1.7176 |       1.7176 |       1.7173 |       1.7172 |       1.7171 |       1.7172 |       1.7176 |       1.7179 |       1.7175 |       1.7173 |       1.7176 |       1.7173 |       1.7173 |       1.7176 |       1.7171 |       1.7177 |       1.7177 |       1.7175 |       1.7171 |       1.7177 |       1.7173 |       1.7177 |       1.7175 |       1.7179 |       1.7174 |       1.7175 |       1.7171 |       1.7176 |       1.7172 |       1.7175 |       1.7182 |       1.7173 |       1.7179 |       1.7189 |       1.7183 |       1.7179 |       1.7182 |       1.7172 |       1.7175 |       1.7175 |       1.7175 |       1.7175 |       1.7175 |       1.7174 |       1.7175 |       1.7174 |       1.7171 |       1.7175 |       1.7179 |       1.7175 |       1.7179 |       1.7172 |       1.7175 |       1.7175 |       1.7171 |       1.7171 |       1.7177 |       1.7172 |       1.7172 |       1.7172 |       1.7177 |       1.7176 |       1.7172 |       1.7175 |       1.7172 |       1.7171 |       1.7172 |       1.7177 |       1.7177 |       1.7174 |       1.7171 |       1.7175 |       1.7177 |       1.7177 |       1.7176 |       1.7177 |       1.7177 |       1.7171 |       1.7171 |       1.7176 |       1.7172 |       1.7176 |       1.7172 |       1.7171 |       1.7172 |       1.7171 |       1.7175 |       1.7174 |       1.7177 |       1.7173 |       1.7171 |       1.7174 |       1.7177 |       1.7172 |       1.7177 |       1.7175 |       1.7176 |       1.7172 |       1.7173 |       1.7176 |       1.7175 |       1.7172 |       1.7174 |       1.7218 |       1.7174 |       1.7175 |       1.7172 |       1.7175 |       1.7216 |       1.7175 |       1.7177 |       1.7173 |       1.7180 |       1.7173 |       1.7177 |       1.7173 |       1.7172 |       1.7177 |       1.7173 |       1.7176 |       1.7179 |       1.7174 |       1.7174 |       1.7173 |       1.7175 |       1.7172 |       1.7171 |       1.7176 |       1.7172 |       1.7187 |       1.7176 |       1.7172 |       1.7212 |       1.7171 |
| Runtime unhalted [s] |     1.5409 |     1.5411 |     1.5411 |     1.5413 |     1.5416 |     1.5409 |     1.5413 |     1.5408 |     1.5361 |     1.5364 |      1.5364 |      1.5367 |      1.5368 |      1.5356 |      1.5370 |      1.5367 |      1.5483 |      1.5481 |      1.5479 |      1.5486 |      1.5475 |      1.5474 |      1.5478 |      1.5479 |      1.5429 |      1.5424 |      1.5426 |      1.5420 |      1.5422 |      1.5426 |      1.5422 |      1.5422 |      1.5347 |      1.5351 |      1.5351 |      1.5351 |      1.5351 |      1.5357 |      1.5351 |      1.5356 |      1.5392 |      1.5396 |      1.5394 |      1.5399 |      1.5393 |      1.5392 |      1.5394 |      1.5391 |      1.5396 |      1.5390 |      1.5395 |      1.5392 |      1.5392 |      1.5391 |      1.5400 |      1.5399 |      1.5385 |      1.5383 |      1.5384 |      1.5385 |      1.5386 |      1.5386 |      1.5384 |      1.5390 |      1.5376 |      1.5376 |      1.5375 |      1.5371 |      1.5371 |      1.5370 |      1.5376 |      1.5375 |      1.5401 |      1.5398 |      1.5397 |      1.5396 |      1.5395 |      1.5403 |      1.5402 |      1.5398 |      1.5420 |      1.5422 |      1.5417 |      1.5422 |      1.5422 |      1.5418 |      1.5420 |      1.5418 |      1.5406 |      1.5410 |      1.5412 |      1.5409 |      1.5409 |      1.5411 |      1.5408 |      1.5411 |      1.5435 |      1.5442 |      1.5436 |      1.5435 |       1.5439 |       1.5442 |       1.5440 |       1.5439 |       1.5429 |       1.5428 |       1.5429 |       1.5430 |       1.5427 |       1.5429 |       1.5423 |       1.5428 |       1.5428 |       1.5426 |       1.5426 |       1.5428 |       1.5426 |       1.5423 |       1.5423 |       1.5427 |       1.5386 |       1.5390 |       1.5388 |       1.5385 |       1.5386 |       1.5391 |       1.5388 |       1.5384 |       1.5371 |       1.5365 |       1.5365 |       1.5372 |       1.5366 |       1.5366 |       1.5361 |       1.5366 |       1.5465 |       1.5467 |       1.5466 |       1.5474 |       1.5462 |       1.5468 |       1.5467 |       1.5469 |       1.5485 |       1.5487 |       1.5484 |       1.5485 |       1.5482 |       1.5487 |       1.5484 |       1.5486 |       1.5459 |       1.5447 |       1.5456 |       1.5456 |       1.5461 |       1.5455 |       1.5460 |       1.5453 |       1.5394 |       1.5391 |       1.5394 |       1.5390 |       1.5391 |       1.5390 |       1.5391 |       1.5389 |       1.5421 |       1.5426 |       1.5426 |       1.5426 |       1.5432 |       1.5420 |       1.5427 |       1.5432 |       1.5422 |       1.5418 |       1.5427 |       1.5418 |       1.5419 |       1.5419 |       1.5422 |       1.5422 |       1.5465 |       1.5470 |       1.5465 |       1.5465 |       1.5463 |       1.5469 |       1.5468 |       1.5469 |       1.5379 |       1.5381 |       1.5381 |       1.5381 |       1.5381 |       1.5383 |       1.5383 |       1.5380 |       1.5392 |       1.5393 |       1.5391 |       1.5392 |       1.5391 |       1.5391 |       1.5391 |       1.5392 |       1.5512 |       1.5517 |       1.5520 |       1.5513 |       1.5516 |       1.5518 |       1.5516 |       1.5510 |       1.5422 |       1.5422 |       1.5420 |       1.5418 |       1.5418 |       1.5422 |       1.5426 |       1.5416 |       1.5519 |       1.5522 |       1.5520 |       1.5523 |       1.5517 |       1.5522 |       1.5521 |       1.5522 |       1.5385 |       1.5380 |       1.5387 |       1.5378 |       1.5384 |       1.5381 |       1.5381 |       1.5382 |       1.5425 |       1.5424 |       1.5424 |       1.5429 |       1.5424 |       1.5424 |       1.5429 |       1.5420 |       1.5448 |       1.5449 |       1.5444 |       1.5454 |       1.5450 |       1.5444 |       1.5455 |       1.5444 |
|      Clock [MHz]     |  2413.2627 |  2412.9722 |  2412.9320 |  2412.2513 |  2412.0447 |  2412.7440 |  2412.6802 |  2413.0548 |  2406.1685 |  2405.3502 |   2405.4097 |   2405.2619 |   2405.6761 |   2406.3315 |   2404.4016 |   2405.2613 |   2423.9247 |   2424.1915 |   2423.7030 |   2423.9922 |   2423.8336 |   2423.4572 |   2424.1307 |   2423.6597 |   2414.9504 |   2414.7235 |   2414.9404 |   2414.3233 |   2414.7028 |   2414.4826 |   2414.7029 |   2414.7696 |   2403.1448 |   2404.1081 |   2403.2350 |   2403.7180 |   2403.6247 |   2403.9185 |   2403.6522 |   2403.9095 |   2410.5564 |   2410.8917 |   2410.8902 |   2410.0003 |   2410.9443 |   2410.5293 |   2410.4816 |   2410.5531 |   2410.1368 |   2409.8427 |   2410.0756 |   2409.6962 |   2409.7580 |   2409.9039 |   2408.7875 |   2408.7656 |   2408.9170 |   2408.5090 |   2408.5884 |   2409.3872 |   2408.8412 |   2409.4098 |   2408.5404 |   2409.1505 |   2406.9075 |   2407.0293 |   2406.9483 |   2406.6485 |   2406.6745 |   2406.6554 |   2406.9356 |   2406.5395 |   2410.8634 |   2411.0347 |   2411.0914 |   2411.2162 |   2411.2425 |   2411.2261 |   2410.8395 |   2410.9847 |   2414.5091 |   2414.3378 |   2413.6802 |   2413.8681 |   2414.3301 |   2414.5529 |   2414.5363 |   2414.1017 |   2412.3099 |   2412.1577 |   2412.5677 |   2412.7695 |   2412.0934 |   2412.5709 |   2412.7112 |   2412.1859 |   2416.8256 |   2417.1755 |   2416.8931 |   2416.8251 |    2417.0964 |    2417.1948 |    2417.1183 |    2416.6363 |    2415.4187 |    2414.9135 |    2414.6559 |    2415.3384 |    2414.8197 |    2415.3429 |    2414.6643 |    2415.3255 |    2415.3834 |    2415.3779 |    2415.4641 |    2415.8470 |    2415.3780 |    2415.5549 |    2414.9811 |    2415.8520 |    2409.6048 |    2409.0114 |    2409.0796 |    2408.6592 |    2409.0976 |    2409.6536 |    2409.6441 |    2408.7711 |    2406.1365 |    2406.6243 |    2406.6123 |    2406.2266 |    2406.5966 |    2405.4678 |    2405.6651 |    2405.9595 |    2423.0380 |    2423.1459 |    2423.0964 |    2422.1756 |    2423.2586 |    2423.0167 |    2422.4296 |    2422.3096 |    2425.7387 |    2424.9584 |    2425.7621 |    2425.7200 |    2424.9421 |    2425.4903 |    2424.5395 |    2425.5227 |    2419.0312 |    2420.1926 |    2419.2455 |    2419.1145 |    2418.9471 |    2419.7910 |    2419.0719 |    2419.3968 |    2409.5880 |    2409.7950 |    2409.6055 |    2409.7622 |    2409.7561 |    2409.7377 |    2409.7770 |    2409.3449 |    2415.9043 |    2416.2323 |    2416.2432 |    2416.1810 |    2415.3335 |    2415.9721 |    2416.2245 |    2415.3452 |    2414.9905 |    2415.1506 |    2414.7630 |    2414.8785 |    2415.0236 |    2415.1544 |    2414.9444 |    2414.9607 |    2423.3239 |    2422.3661 |    2423.2842 |    2423.2394 |    2422.8912 |    2422.3578 |    2423.1013 |    2423.0426 |    2408.2454 |    2407.6353 |    2407.6015 |    2407.6213 |    2407.6217 |    2408.0423 |    2408.0824 |    2408.2702 |    2410.2259 |    2409.5813 |    2409.7579 |    2409.3514 |    2409.8605 |    2409.5259 |    2409.7607 |    2410.2302 |    2429.6838 |    2429.5443 |    2429.3807 |    2429.6324 |    2429.5784 |    2429.6399 |    2429.4424 |    2429.2864 |    2414.5249 |    2414.8011 |    2414.8816 |    2415.0949 |    2414.4703 |    2414.7734 |    2414.6410 |    2414.5739 |    2429.5893 |    2428.7673 |    2429.4317 |    2429.7812 |    2429.5338 |    2429.8085 |    2428.7954 |    2429.8240 |    2408.2795 |    2408.0511 |    2407.6113 |    2407.5899 |    2408.2413 |    2408.4622 |    2408.4720 |    2407.7820 |    2414.6962 |    2414.7685 |    2414.8307 |    2415.1636 |    2414.9013 |    2414.7845 |    2415.0983 |    2414.9752 |    2419.2217 |    2418.4240 |    2418.8731 |    2417.7236 |    2418.5301 |    2418.8166 |    2418.1946 |    2418.9604 |
|          CPI         |     0.3836 |     0.3839 |     0.3838 |     0.3840 |     0.3841 |     0.3839 |     0.3838 |     0.3838 |     0.3827 |     0.3836 |      0.3826 |      0.3827 |      0.3826 |      0.3826 |      0.3835 |      0.3826 |      0.3854 |      0.3854 |      0.3853 |      0.3854 |      0.3853 |      0.3853 |      0.3853 |      0.3853 |      0.3841 |      0.3841 |      0.3841 |      0.3840 |      0.3840 |      0.3841 |      0.3840 |      0.3840 |      0.3826 |      0.3825 |      0.3826 |      0.3825 |      0.3825 |      0.3826 |      0.3825 |      0.3826 |      0.3834 |      0.3833 |      0.3834 |      0.3837 |      0.3833 |      0.3833 |      0.3833 |      0.3833 |      0.3833 |      0.3833 |      0.3833 |      0.3842 |      0.3832 |      0.3834 |      0.3842 |      0.3842 |      0.3831 |      0.3831 |      0.3832 |      0.3832 |      0.3831 |      0.3831 |      0.3831 |      0.3832 |      0.3830 |      0.3829 |      0.3829 |      0.3829 |      0.3829 |      0.3828 |      0.3829 |      0.3829 |      0.3836 |      0.3835 |      0.3834 |      0.3835 |      0.3834 |      0.3835 |      0.3835 |      0.3835 |      0.3840 |      0.3841 |      0.3840 |      0.3841 |      0.3841 |      0.3840 |      0.3839 |      0.3839 |      0.3836 |      0.3838 |      0.3838 |      0.3837 |      0.3837 |      0.3837 |      0.3836 |      0.3837 |      0.3844 |      0.3845 |      0.3845 |      0.3844 |       0.3845 |       0.3845 |       0.3845 |       0.3845 |       0.3842 |       0.3842 |       0.3842 |       0.3842 |       0.3842 |       0.3843 |       0.3841 |       0.3842 |       0.3842 |       0.3843 |       0.3843 |       0.3843 |       0.3844 |       0.3843 |       0.3843 |       0.3843 |       0.3833 |       0.3834 |       0.3833 |       0.3833 |       0.3833 |       0.3833 |       0.3832 |       0.3832 |       0.3825 |       0.3825 |       0.3824 |       0.3824 |       0.3824 |       0.3824 |       0.3824 |       0.3824 |       0.3848 |       0.3849 |       0.3849 |       0.3848 |       0.3848 |       0.3849 |       0.3848 |       0.3849 |       0.3853 |       0.3853 |       0.3853 |       0.3853 |       0.3852 |       0.3853 |       0.3852 |       0.3852 |       0.3847 |       0.3845 |       0.3846 |       0.3848 |       0.3846 |       0.3846 |       0.3846 |       0.3844 |       0.3830 |       0.3830 |       0.3830 |       0.3830 |       0.3830 |       0.3830 |       0.3830 |       0.3830 |       0.3838 |       0.3839 |       0.3839 |       0.3839 |       0.3839 |       0.3838 |       0.3838 |       0.3838 |       0.3837 |       0.3837 |       0.3838 |       0.3837 |       0.3837 |       0.3837 |       0.3837 |       0.3838 |       0.3848 |       0.3849 |       0.3848 |       0.3848 |       0.3848 |       0.3849 |       0.3849 |       0.3849 |       0.3827 |       0.3827 |       0.3828 |       0.3828 |       0.3828 |       0.3828 |       0.3827 |       0.3827 |       0.3829 |       0.3830 |       0.3829 |       0.3830 |       0.3829 |       0.3829 |       0.3829 |       0.3829 |       0.3860 |       0.3860 |       0.3860 |       0.3860 |       0.3859 |       0.3860 |       0.3860 |       0.3859 |       0.3838 |       0.3838 |       0.3838 |       0.3837 |       0.3837 |       0.3838 |       0.3837 |       0.3837 |       0.3860 |       0.3869 |       0.3860 |       0.3860 |       0.3859 |       0.3860 |       0.3868 |       0.3860 |       0.3828 |       0.3828 |       0.3829 |       0.3828 |       0.3828 |       0.3827 |       0.3827 |       0.3828 |       0.3837 |       0.3838 |       0.3838 |       0.3838 |       0.3837 |       0.3837 |       0.3838 |       0.3837 |       0.3843 |       0.3844 |       0.3843 |       0.3846 |       0.3843 |       0.3843 |       0.3851 |       0.3843 |
|     SP [MFLOP/s]     |  5002.3177 |  5000.8442 |  5000.8878 |  4999.1125 |  4997.8938 |  5001.0043 |  5001.0072 |  5002.3061 |  5001.3828 |  4988.8520 |   5001.3275 |   5000.2532 |   5001.4906 |   5002.3090 |   4988.8635 |   5001.4818 |   5000.9111 |   5001.1644 |   5002.5508 |   5001.4381 |   5002.6062 |   5002.2915 |   5002.6411 |   5002.5479 |   5000.2066 |   5001.3217 |   5000.9693 |   5002.3993 |   5002.6324 |   5001.3624 |   5002.4110 |   5002.5304 |   5002.6469 |   5002.6440 |   5002.0323 |   5002.0381 |   5002.4139 |   5001.4003 |   5002.5537 |   5001.3974 |   5002.6469 |   5002.6469 |   5002.3207 |   4996.8006 |   5002.6324 |   5002.6411 |   5002.3935 |   5002.3410 |   5001.4440 |   5002.6382 |   5000.8878 |   4988.8462 |   5002.3294 |   5000.0437 |   4988.6347 |   4988.8462 |   5002.4051 |   5002.3265 |   5002.0468 |   5002.5479 |   5002.2449 |   5002.6353 |   5001.9565 |   5000.9810 |   5000.1426 |   5001.1178 |   5001.5080 |   5001.6129 |   5000.9926 |   5002.3148 |   5000.9577 |   5001.6070 |   5000.9315 |   5000.9548 |   5002.6499 |   5002.2537 |   5002.6411 |   5001.0101 |   5001.0101 |   5001.0072 |   5002.3032 |   5000.8995 |   5001.9012 |   5000.9257 |   5000.9228 |   5002.5508 |   5002.3877 |   5002.6265 |   5002.6353 |   5000.9693 |   5000.8936 |   5002.3643 |   5000.9082 |   5000.9548 |   5002.3003 |   5001.6070 |   5002.4110 |   5001.5750 |   5001.6100 |   5002.5595 |    5001.3741 |    5001.5255 |    5001.2896 |    5001.4498 |    5001.5663 |    5001.4818 |    5001.3071 |    5001.2256 |    5001.0043 |    5000.1630 |    5001.9478 |    5000.9053 |    5001.2925 |    5002.5566 |    5002.0497 |    5002.6528 |    5001.2722 |    5002.3906 |    5002.3381 |    5002.6499 |    5002.6411 |    5000.9897 |    5001.2605 |    5001.2285 |    5002.0643 |    5002.3847 |    5002.6411 |    5002.3236 |    5001.0014 |    5000.2561 |    5001.3188 |    5001.9944 |    5001.1411 |    5002.0556 |    5002.0614 |    5001.2401 |    5002.4809 |    5000.8558 |    5000.9577 |    5001.5080 |    5002.4576 |    5000.8558 |    5001.8779 |    5000.8500 |    5001.4527 |    5000.2649 |    5001.6740 |    5001.3071 |    5002.4430 |    5001.2168 |    5002.4343 |    5001.5313 |    4999.4122 |    5002.1138 |    5000.1659 |    4997.4838 |    4999.1707 |    5000.1659 |    4999.4529 |    5002.3760 |    5001.4935 |    5001.2751 |    5001.4527 |    5001.3770 |    5001.3945 |    5001.6682 |    5001.4148 |    5001.6682 |    5002.6644 |    5001.3770 |    5000.2328 |    5001.3420 |    5000.2328 |    5002.3294 |    5001.3479 |    5001.4265 |    5002.5712 |    5002.5654 |    5000.9082 |    5002.4255 |    5002.3294 |    5002.4255 |    5000.9111 |    5000.9839 |    5002.4314 |    5001.5051 |    5002.4197 |    5002.6615 |    5002.3469 |    5000.9169 |    5000.8471 |    5001.6711 |    5002.5391 |    5001.4935 |    5000.9140 |    5000.8238 |    5000.9868 |    5000.9781 |    5000.9140 |    5002.5770 |    5002.6324 |    5001.0130 |    5002.3207 |    5001.0276 |    5002.3236 |    5002.6499 |    5002.3207 |    5002.6499 |    5001.3217 |    5001.6216 |    5000.8820 |    5002.0439 |    5002.6382 |    5001.6158 |    5000.9228 |    5002.3789 |    5000.7917 |    5001.3508 |    5001.0188 |    5002.4168 |    5002.0643 |    5001.0334 |    5001.3217 |    5002.4168 |    5001.6682 |    4988.8722 |    5001.6187 |    5001.5284 |    5002.4226 |    5001.3450 |    4989.4460 |    5001.5109 |    5000.8995 |    5001.9857 |    5000.0582 |    5001.9595 |    5000.9199 |    5002.0352 |    5002.4110 |    5000.8616 |    5001.8750 |    5001.2401 |    5000.2649 |    5001.5837 |    5001.5925 |    5002.0468 |    5001.5022 |    5002.2886 |    5002.6557 |    5001.0276 |    5002.4197 |    4998.0712 |    5001.0014 |    5002.3061 |    4990.6084 |    5002.5683 |
+----------------------+------------+------------+------------+------------+------------+------------+------------+------------+------------+------------+-------------+-------------+-------------+-------------+-------------+-------------+-------------+-------------+-------------+-------------+-------------+-------------+-------------+-------------+-------------+-------------+-------------+-------------+-------------+-------------+-------------+-------------+-------------+-------------+-------------+-------------+-------------+-------------+-------------+-------------+-------------+-------------+-------------+-------------+-------------+-------------+-------------+-------------+-------------+-------------+-------------+-------------+-------------+-------------+-------------+-------------+-------------+-------------+-------------+-------------+-------------+-------------+-------------+-------------+-------------+-------------+-------------+-------------+-------------+-------------+-------------+-------------+-------------+-------------+-------------+-------------+-------------+-------------+-------------+-------------+-------------+-------------+-------------+-------------+-------------+-------------+-------------+-------------+-------------+-------------+-------------+-------------+-------------+-------------+-------------+-------------+-------------+-------------+-------------+-------------+--------------+--------------+--------------+--------------+--------------+--------------+--------------+--------------+--------------+--------------+--------------+--------------+--------------+--------------+--------------+--------------+--------------+--------------+--------------+--------------+--------------+--------------+--------------+--------------+--------------+--------------+--------------+--------------+--------------+--------------+--------------+--------------+--------------+--------------+--------------+--------------+--------------+--------------+--------------+--------------+--------------+--------------+--------------+--------------+--------------+--------------+--------------+--------------+--------------+--------------+--------------+--------------+--------------+--------------+--------------+--------------+--------------+--------------+--------------+--------------+--------------+--------------+--------------+--------------+--------------+--------------+--------------+--------------+--------------+--------------+--------------+--------------+--------------+--------------+--------------+--------------+--------------+--------------+--------------+--------------+--------------+--------------+--------------+--------------+--------------+--------------+--------------+--------------+--------------+--------------+--------------+--------------+--------------+--------------+--------------+--------------+--------------+--------------+--------------+--------------+--------------+--------------+--------------+--------------+--------------+--------------+--------------+--------------+--------------+--------------+--------------+--------------+--------------+--------------+--------------+--------------+--------------+--------------+--------------+--------------+--------------+--------------+--------------+--------------+--------------+--------------+--------------+--------------+--------------+--------------+--------------+--------------+--------------+--------------+--------------+--------------+--------------+--------------+--------------+--------------+--------------+--------------+--------------+--------------+--------------+--------------+--------------+--------------+--------------+--------------+--------------+--------------+--------------+--------------+--------------+--------------+
+---------------------------+--------------+-----------+-----------+-----------+
|           Metric          |      Sum     |    Min    |    Max    |    Avg    |
+---------------------------+--------------+-----------+-----------+-----------+
|  Runtime (RDTSC) [s] STAT |     439.7011 |    1.7171 |    1.7219 |    1.7176 |
| Runtime unhalted [s] STAT |     394.7605 |    1.5347 |    1.5523 |    1.5420 |
|      Clock [MHz] STAT     |  618087.3260 | 2403.1448 | 2429.8240 | 2414.4036 |
|          CPI STAT         |      98.2746 |    0.3824 |    0.3869 |    0.3839 |
|     SP [MFLOP/s] STAT     | 1.280304e+06 | 4988.6347 | 5002.6644 | 5001.1893 |
+---------------------------+--------------+-----------+-----------+-----------+
